id,text,label_l1,label_l2,scenario,source,complexity
7699,"Привет, запись к терапевту на вечер",booking,new_appointment,booking_flow,augmented,complex
3406,передний зуб немного болит 🦷,anamnesis,symptom,anamnesis_flow,augmented,simple
6166,МОЖЕТБ ЫТЬ,conversational,unclear,clarification_flow,augmented,simple
10840,Посоветуюсь пожалуйста,conversational,unclear,clarification_flow,augmented,simple
6069,Благодарю вас 😢,conversational,gratitude,conversation_flow,augmented,simple
3753,Добрый вечер 👍,conversational,greeting,conversation_flow,augmented,simple
6206,протезирование у Волкова прошло замечательно,feedback,positive_quality,feedback_flow,variation,simple
6465,"Привет, хочу протезирование",anamnesis,services,anamnesis_flow,augmented,complex
4457,Перезвоюн 🙏,conversational,unclear,clarification_flow,augmented,simple
4019,"Привет, после снимок у Кузнецовой стало хуже!",feedback,negative_quality,escalation_flow,augmented,complex
812,НОВИКОВА ОТНЁССЯ НЕВНИМАТЕЛЬНО 👍,feedback,negative_staff,escalation_flow,augmented,simple
6274,"Скажите, иванова очень внимательный",feedback,positive_staff,feedback_flow,augmented,complex
441,элайнеры у Петровой прошло замечательно,feedback,positive_quality,feedback_flow,variation,simple
881,а можно по-другому заранее спасибо,faq,followup,faq_flow,augmented,simple
214,Сколько нельзя заниматься спортом после лечение каналов 🦷,faq,visit_prep,faq_flow,augmented,medium
3800,Верните деньги,feedback,negative_general,escalation_flow,template,simple
4972,Подумаю!,conversational,unclear,clarification_flow,augmented,simple
589,Спасибо за отличную работу.,feedback,positive_general,feedback_flow,augmented,simple
11180,Прикусил язык пожалуйста,anamnesis,complaint,anamnesis_flow,augmented,simple
1049,"Скажите, удобно записаться через сайт",feedback,positive_service,feedback_flow,augmented,complex
6445,лечение кариеса у Иванова прошло замечательно,feedback,positive_quality,feedback_flow,variation,medium
3858,Коронка мешает...,feedback,negative_quality,escalation_flow,augmented,simple
687,Врач Смирновой не объяснил,feedback,negative_staff,escalation_flow,variation,simple
3954,Ладно спасибо,conversational,confirmation,conversation_flow,augmented,simple
11051,Благдоарю за работу,feedback,positive_general,feedback_flow,augmented,simple
4308,Подумаю 👍,conversational,unclear,clarification_flow,augmented,simple
9103,"Привет, понятно",conversational,confirmation,conversation_flow,augmented,complex
8841,После реставрацию всё отлично,feedback,positive_quality,feedback_flow,variation,simple
830,Приятно удилвён качеством,feedback,positive_general,feedback_flow,augmented,simple
10121,Хочу оставить жалобу на Колзовой,feedback,negative_general,escalation_flow,augmented,simple
5813,У меня острая боль со вчера?!,anamnesis,symptom,anamnesis_flow,augmented,medium
670,как проходит лечение каналов пожалуйста,faq,procedure,faq_flow,augmented,simple
10602,"Не смогу прийти, занят на работе заранее спасибо",booking,cancel,booking_flow,augmented,complex
9533,"Привет, отмена записи",booking,cancel,booking_flow,augmented,complex
2802,"ПОДСКАЖИТЕ, ХОЧУ ОТБЕЛИВАНИЕ",anamnesis,services,anamnesis_flow,augmented,complex
8739,я вам перезвоню 🙏,conversational,unclear,clarification_flow,augmented,simple
1553,"Здравствуйте, сколько длится удаление спасибо",faq,procedure,faq_flow,augmented,complex
2424,"Привет, после пломбирование у Кузнецовой стало хуже",feedback,negative_quality,escalation_flow,augmented,complex
2493,Интересуют виниры 😊 😢,anamnesis,services,anamnesis_flow,augmented,simple
4438,"Добрый день, быстро записали на на следующей неделе",feedback,positive_service,feedback_flow,augmented,complex
1842,"Подскажите, до свидаиня!",conversational,farewell,conversation_flow,augmented,complex
8050,Хороош.,conversational,confirmation,conversation_flow,augmented,simple
298,Отмена записи спасибо спасибо,booking,cancel,booking_flow,augmented,simple
452,СКОЛЬКО СТОИТ ОСМОТР 😊,faq,price,faq_flow,augmented,simple
9551,"Подскажите, до свидания 🙏",conversational,farewell,conversation_flow,augmented,complex
7946,Можно на сегодня 😢,booking,new_appointment,booking_flow,augmented,simple
5912,Болит передний зуб уже две недели.,anamnesis,symptom,anamnesis_flow,augmented,medium
6971,Запись к пародонтологу на сегодня,booking,new_appointment,booking_flow,variation,simple
392,Петровой был груб 👍,feedback,negative_staff,escalation_flow,augmented,simple
9510,Сколько нельзя курить после пломбирование?,faq,visit_prep,faq_flow,variation,simple
11565,раозчарован,feedback,negative_general,escalation_flow,augmented,simple
5096,Нашёл свою килнику 😢,feedback,positive_general,feedback_flow,augmented,simple
8676,"Добрый день, хочу оставить жалобу на Морозовой!",feedback,negative_general,escalation_flow,augmented,complex
178,Вежливое боращение!!,feedback,positive_staff,feedback_flow,augmented,simple
5862,врач всё подробно рассказал 👍,feedback,positive_staff,feedback_flow,augmented,simple
6599,Сколько нельзя есть после КТ пожалуйста,faq,visit_prep,faq_flow,augmented,medium
6359,"Скажите, пульсирующая боль, что делать 🙏",anamnesis,symptom,anamnesis_flow,augmented,complex
9242,ПланируюК Т,anamnesis,services,anamnesis_flow,augmented,simple
1102,Какая цена на брекеты?,faq,price,faq_flow,variation,simple
1777,до свиданяи!,conversational,farewell,conversation_flow,augmented,simple
11668,Кузнецовой очень внимательный!,feedback,positive_staff,feedback_flow,augmented,simple
1507,Удачи поажлуйста,conversational,farewell,conversation_flow,augmented,simple
9452,Сколько стоит?,faq,price,faq_flow,template,simple
4008,удобно что работаете сегодня 👍,feedback,positive_service,feedback_flow,augmented,simple
10653,"Скажите, до скольк иработаете?",faq,clinic_info,faq_flow,augmented,complex
8535,"Подскажите, согласен?!",conversational,confirmation,conversation_flow,augmented,complex
2585,КЛИНИКА НА ВЫСОТЕ?!,feedback,positive_general,feedback_flow,augmented,simple
8192,"Жду уже два дня, никто не подходит?!",feedback,negative_service,escalation_flow,augmented,complex
10390,"Добрый день, уберите мою запись 😢",booking,cancel,booking_flow,augmented,complex
8164,"Добрый день, всего доброго",conversational,farewell,conversation_flow,augmented,complex
1230,Сколько нельзя курить после снимок пожалуйста,faq,visit_prep,faq_flow,augmented,medium
3130,семёрка сильно болит,anamnesis,symptom,anamnesis_flow,variation,simple
4521,"Не смогу прийти, форс-мажор 👍",booking,cancel,booking_flow,augmented,complex
8831,осмотр у Кузнецовой прошло замечательно.,feedback,positive_quality,feedback_flow,augmented,simple
5306,У меня чувствительность день,anamnesis,symptom,anamnesis_flow,variation,simple
8604,Сколько длится виниры 😢,faq,procedure,faq_flow,augmented,simple
1134,Есть наркоз 😢 спасибо,faq,clinic_info,faq_flow,augmented,simple
1658,Кузнецовой был груб,feedback,negative_staff,escalation_flow,variation,simple
4406,Наверное?,conversational,unclear,clarification_flow,augmented,simple
5011,"Подскажите, сколько нельзя есть после КТ пожалуйста",faq,visit_prep,faq_flow,augmented,complex
4935,"Добрый день, хочу оставитЬ жалобу на Новикова",feedback,negative_general,escalation_flow,augmented,complex
10849,Мне не перезвонили?!,feedback,negative_service,escalation_flow,augmented,simple
11208,"Подскажите, у меня запах изо рта с утра",anamnesis,symptom,anamnesis_flow,augmented,complex
333,"Привет, хорошего дня",conversational,farewell,conversation_flow,augmented,complex
2876,После лечение кариеса у Козловой стало хуже спасибо,feedback,negative_quality,escalation_flow,augmented,medium
5504,"скажите, приду к вам ещё",feedback,positive_general,feedback_flow,augmented,complex
3065,десна болит сильно!!,anamnesis,symptom,anamnesis_flow,augmented,simple
3489,беспокоит острая боль 😢,anamnesis,symptom,anamnesis_flow,augmented,simple
7721,"Здравствуйте, хороший специлаист",feedback,positive_staff,feedback_flow,augmented,complex
1801,Новикова ыбл груб,feedback,negative_staff,escalation_flow,augmented,simple
11417,"Скажите, спасибо большое.",conversational,gratitude,conversation_flow,augmented,complex
11493,Доброе утро спасибо 😢,conversational,greeting,conversation_flow,augmented,simple
9859,"Привет, принято",conversational,confirmation,conversation_flow,augmented,complex
3680,Сколько длится осмотр?,faq,procedure,faq_flow,variation,simple
9310,лечение кариеса это больно 👍,faq,procedure,faq_flow,augmented,simple
3714,Виниры выглядят великолепно,feedback,positive_quality,feedback_flow,template,simple
3158,Как подготовиться к КТ...,faq,visit_prep,faq_flow,augmented,simple
629,Быстро записали на четверг...,feedback,positive_service,feedback_flow,augmented,simple
5631,Сколько нельзя курить после чистку!!,faq,visit_prep,faq_flow,augmented,simple
1083,"Здравствуйте, лучшие стоматологи",feedback,positive_general,feedback_flow,augmented,complex
7181,Сколько держится?,faq,procedure,faq_flow,template,simple
10006,Перенос записи,booking,reschedule,booking_flow,template,simple
9461,"Скажите, отмените запись",booking,cancel,booking_flow,augmented,complex
7066,передний зуб болит сильно 😢,anamnesis,symptom,anamnesis_flow,augmented,simple
3283,Ок!!,conversational,confirmation,conversation_flow,augmented,simple
3511,Болит передний зуб уже с утра,anamnesis,symptom,anamnesis_flow,variation,medium
2291,Перезапишите на 14:00?,booking,reschedule,booking_flow,augmented,simple
9756,Непрофессиональное отношение...,feedback,negative_staff,escalation_flow,augmented,simple
9357,Интересуетр еставрацию,anamnesis,services,anamnesis_flow,augmented,simple
4031,Клиника на высоте пожалуйста,feedback,positive_general,feedback_flow,augmented,simple
4167,"Привет, быстро записали на четверг",feedback,positive_service,feedback_flow,augmented,complex
5048,"Здравствуйте, что будут делать?",faq,procedure,faq_flow,augmented,complex
2063,Есть микроскоп?,faq,clinic_info,faq_flow,variation,simple
3882,Очеьн благодарен,conversational,gratitude,conversation_flow,augmented,simple
4220,Можно перенести на четверг 😊,booking,reschedule,booking_flow,augmented,simple
10349,"Скажите, сидорова очень внимательный",feedback,positive_staff,feedback_flow,augmented,complex
2979,Нужно лечение кариеса 🙏,anamnesis,services,anamnesis_flow,augmented,simple
1628,Не знаю пожалуйста,conversational,unclear,clarification_flow,augmented,simple
9369,Отлично работает онлайн-зпаись,feedback,positive_service,feedback_flow,augmented,simple
1441,"Скажите, перенесите на следующую неделю",booking,reschedule,booking_flow,augmented,complex
9824,Благодарю 🙏,conversational,gratitude,conversation_flow,augmented,simple
1237,А если не поможет 🦷,faq,followup,faq_flow,augmented,simple
9831,Невежливо ответили 👍,feedback,negative_staff,escalation_flow,augmented,simple
8906,"Подскажите, треснул зуб",anamnesis,complaint,anamnesis_flow,augmented,complex
5025,"отмените запись, форс-мажор пожалуйста",booking,cancel,booking_flow,augmented,complex
3203,Запись к детскому стоматологу на послезавтра спасибо,booking,new_appointment,booking_flow,augmented,medium
5785,Запись к терапевту на в ближайшее время,booking,new_appointment,booking_flow,variation,medium
5604,Здравствуйте заранее спасибо пожалуйста,conversational,greeting,conversation_flow,augmented,simple
10827,"Подскажите, хочу оставить жалобу на Волкова",feedback,negative_general,escalation_flow,augmented,complex
784,Невежливое обслуживание,feedback,negative_staff,escalation_flow,template,simple
3094,После имплантацию у Кузнецовой стало хуже,feedback,negative_quality,escalation_flow,variation,medium
11310,Запись к ортопеду на вторник,booking,new_appointment,booking_flow,variation,simple
1684,Сколько нельзя пить после протезирование 😢,faq,visit_prep,faq_flow,augmented,medium
7451,Не сейчас 🙏,conversational,unclear,clarification_flow,augmented,simple
2420,перенос записи пожалуйста,booking,reschedule,booking_flow,augmented,simple
710,"откололся зуб, что делать!",anamnesis,complaint,anamnesis_flow,augmented,complex
1293,"Подскажите, подскажите, большое спасибо",conversational,gratitude,conversation_flow,augmented,complex
4620,После отбеливание у Иванова стало хуже пожалуйста.,feedback,negative_quality,escalation_flow,augmented,medium
2700,Очень удобная запись,feedback,positive_service,feedback_flow,template,simple
6557,Элайнер треснул?!,anamnesis,complaint,anamnesis_flow,augmented,simple
7481,Как проходит элайнеры,faq,procedure,faq_flow,augmented,simple
8884,Спасибо за помощь 😊 спасибо,conversational,gratitude,conversation_flow,augmented,simple
7753,Что посоветуете 😊,faq,followup,faq_flow,augmented,simple
7529,А ТЧО ЛУЧШЕ?,faq,followup,faq_flow,augmented,simple
11999,"спасибо, вёс понятно",conversational,gratitude,conversation_flow,augmented,complex
1145,протезирование это больно,faq,procedure,faq_flow,augmented,simple
4022,Сколько длится коронку пожалуйста.,faq,procedure,faq_flow,augmented,simple
2011,"Добрый день, что нельзя после реставрацию!!",faq,visit_prep,faq_flow,augmented,complex
1925,Во сколько открываетесь 😊,faq,clinic_info,faq_flow,augmented,simple
7402,"Заболел, не приду спасибо",booking,cancel,booking_flow,augmented,complex
10243,"Скажите, зуб потемнел",anamnesis,complaint,anamnesis_flow,augmented,complex
6049,Сидорова отнёсся невнимательно,feedback,negative_staff,escalation_flow,variation,simple
2798,"Здравствуйте, интересуют виниры",anamnesis,services,anamnesis_flow,augmented,complex
6911,Консультация платная 🙏,faq,price,faq_flow,augmented,simple
10911,до встречи 😢,conversational,farewell,conversation_flow,augmented,simple
2187,Нужно к ортодонту,booking,new_appointment,booking_flow,template,simple
2347,Врач Волкова не объяснил?,feedback,negative_staff,escalation_flow,augmented,simple
1312,Сколько нельзя пить после осмотр?,faq,visit_prep,faq_flow,variation,simple
1115,Запись к детскому стоматологу на на этой неделе 😊,booking,new_appointment,booking_flow,augmented,medium
11959,После пломбирование всё отлично,feedback,positive_quality,feedback_flow,variation,simple
1775,До скорого 🦷 пожалуйста,conversational,farewell,conversation_flow,augmented,simple
5369,Хочу поговорить с руководством заранее спасибо,feedback,negative_general,escalation_flow,augmented,medium
773,Стоимость удаления заранее спасибо,faq,price,faq_flow,augmented,simple
3864,"Привет, сколько длится кт?",faq,procedure,faq_flow,augmented,complex
1302,"Привет, до Свидания!",conversational,farewell,conversation_flow,augmented,complex
10131,Не удлеили внимания,feedback,negative_staff,escalation_flow,augmented,simple
6991,Планирую лечение кариеса пожалуйста,anamnesis,services,anamnesis_flow,augmented,simple
8518,"Добрый день, есть детский кабинет заранее спасибо",faq,clinic_info,faq_flow,augmented,complex
10766,ВРАЧ КУЗНЕЦОВОЙ НЕ ОБЪЯСНИЛ СПАСИБО,feedback,negative_staff,escalation_flow,augmented,simple
6832,ВСЕГО ХОРОШЕГО 🦷,conversational,farewell,conversation_flow,augmented,simple
1219,Приняли вовремя?,feedback,positive_service,feedback_flow,augmented,simple
4786,Хорошо...,conversational,confirmation,conversation_flow,augmented,simple
1373,реставрацию у Лебедевой прошло замечательно заранее спасибо,feedback,positive_quality,feedback_flow,augmented,medium
9055,После профгигиену у Сидорова стало хуже,feedback,negative_quality,escalation_flow,variation,medium
6141,Спасибо за помощь...,conversational,gratitude,conversation_flow,augmented,simple
8003,почём читску?,faq,price,faq_flow,augmented,simple
2681,Выпала пломба?!,anamnesis,complaint,anamnesis_flow,augmented,simple
7336,сидорова отнёсся невнимательно 😢,feedback,negative_staff,escalation_flow,augmented,simple
8491,консультацию не помогло,feedback,negative_quality,escalation_flow,variation,simple
5020,Внимательное отношение к пациентам,feedback,positive_staff,feedback_flow,template,simple
7247,Хочу отменить запись!,booking,cancel,booking_flow,augmented,simple
5019,Как связаться заранее спасибо,faq,clinic_info,faq_flow,augmented,simple
10743,Легко дозвониться...,feedback,positive_service,feedback_flow,augmented,simple
9532,"Здравствуйте, это правда необходимо?",faq,followup,faq_flow,augmented,complex
10053,имплантацию не помогло,feedback,negative_quality,escalation_flow,variation,simple
4586,"Добрый день, какие ещё варианты?",faq,followup,faq_flow,augmented,complex
11554,Нужна художественная реставрация,anamnesis,services,anamnesis_flow,template,simple
10992,ВРАЧ ПЕТРОВОЙ ВСЁ ПОДРОБНО ОБЪЯСНИЛ!,feedback,positive_staff,feedback_flow,augmented,simple
10337,Какая цена на осмотр?,faq,price,faq_flow,variation,simple
10493,Приветствую.,conversational,greeting,conversation_flow,augmented,simple
7908,принимаете карту пожалуйста,faq,clinic_info,faq_flow,augmented,simple
3529,"Скажите, нужна художественная реставрация",anamnesis,services,anamnesis_flow,augmented,complex
2622,"Жду уже давон, никто не подходит 😊",feedback,negative_service,escalation_flow,augmented,complex
6929,Хочу к эндодонтисту,booking,new_appointment,booking_flow,variation,simple
10533,"Привет, подскажите, угу",conversational,confirmation,conversation_flow,augmented,complex
11878,"Здравствуйте, большое спасибо",conversational,gratitude,conversation_flow,augmented,complex
8837,"Здравствуйте, здравствуйте",conversational,greeting,conversation_flow,augmented,complex
5362,"Здравствуйте, замечательная медсестра",feedback,positive_staff,feedback_flow,augmented,complex
4922,имплантацию это больно спасибо,faq,procedure,faq_flow,augmented,simple
263,"Отмените, пожалуйста пожалуйста",booking,cancel,booking_flow,augmented,complex
8438,"Здравствуйте, перенесите на пятницу",booking,reschedule,booking_flow,augmented,complex
10736,Грубо обошлись.,feedback,negative_staff,escalation_flow,augmented,simple
8330,"Скажите, стоимость коронки?",faq,price,faq_flow,augmented,complex
5584,Работаете в четверг 🙏,faq,clinic_info,faq_flow,augmented,simple
11723,Окей 😊,conversational,confirmation,conversation_flow,augmented,simple
7923,Работаетев  сегодня?,faq,clinic_info,faq_flow,augmented,simple
4326,Не работает онлайн-запись 😢,feedback,negative_service,escalation_flow,augmented,simple
10587,брекеты у Морозовой прошло замечательно,feedback,positive_quality,feedback_flow,variation,simple
4836,А если не поможет 😊,faq,followup,faq_flow,augmented,simple
4970,Да 👍,conversational,confirmation,conversation_flow,augmented,simple
10000,ПЛОМБА ВЫПАЛА ЧЕРЕЗ НЕДЛЕЮ,feedback,negative_quality,escalation_flow,augmented,simple
8528,Что вы рекомендуете 🦷,faq,followup,faq_flow,augmented,simple
11786,Протез сломался заранее спасибо!!,anamnesis,complaint,anamnesis_flow,augmented,simple
11324,У меня треснул зуб пожалуйста,anamnesis,complaint,anamnesis_flow,augmented,simple
8201,ЧТО ЕНЛЬЗЯ ПОСЛЕ ЭЛАЙНЕРЫ?,faq,visit_prep,faq_flow,augmented,simple
3558,осмотр у Смирновой прошло замечательно,feedback,positive_quality,feedback_flow,variation,simple
6820,Хочу оставить жалобу на Козловой спасибо,feedback,negative_general,escalation_flow,augmented,medium
8939,Отмена приЁма 😊,booking,cancel,booking_flow,augmented,simple
8616,После коронку у Кузнецовой стало хуже,feedback,negative_quality,escalation_flow,variation,medium
11386,Есть микроскоп 👍,faq,clinic_info,faq_flow,augmented,simple
1928,"Скажите, спасибо, до свидания",conversational,gratitude,conversation_flow,augmented,complex
11291,Запись к терапевту на воскресенье,booking,new_appointment,booking_flow,variation,simple
7411,Что нельзя после брекеты 😢,faq,visit_prep,faq_flow,augmented,simple
6017,Хочу оставить жалобу на Волкова заранее спасибо,feedback,negative_general,escalation_flow,augmented,medium
2738,Очередь огромная заранее спасибо,feedback,negative_service,escalation_flow,augmented,simple
1133,Болит коренной зуб уже день,anamnesis,symptom,anamnesis_flow,variation,simple
10142,"Скажите, спасибо за информацию",conversational,gratitude,conversation_flow,augmented,complex
9378,Всем рекомендую 🙏,feedback,positive_general,feedback_flow,augmented,simple
6528,"Скажите, не знаю!",conversational,unclear,clarification_flow,augmented,complex
1196,"привет, посоветуюсь",conversational,unclear,clarification_flow,augmented,complex
387,"Не смоуг прийти, не смогу",booking,cancel,booking_flow,augmented,complex
1638,Сколько длится элайнеры 👍...,faq,procedure,faq_flow,augmented,simple
5845,"Здравствуйте, какая цена на протезирование спасибо",faq,price,faq_flow,augmented,complex
6093,Хочу оставить жалобу на Новикова...,feedback,negative_general,escalation_flow,augmented,simple
8721,отилчная организация работы,feedback,positive_service,feedback_flow,augmented,simple
11489,"Подскажите, здрасте",conversational,greeting,conversation_flow,augmented,complex
845,Мне нахамили пожалуйста,feedback,negative_staff,escalation_flow,augmented,simple
11610,"Добрый день, отличное соотношение цена-качество 👍",feedback,positive_general,feedback_flow,augmented,complex
10316,Здрасте 😢,conversational,greeting,conversation_flow,augmented,simple
5685,После КТ у Кузнецовой стало хуже,feedback,negative_quality,escalation_flow,variation,medium
9554,Стоимость коронки?,faq,price,faq_flow,template,simple
6937,Прощайте...,conversational,farewell,conversation_flow,augmented,simple
5347,Ждал с утра 🦷 пожалуйста,feedback,negative_service,escalation_flow,augmented,simple
1761,Что если неп оможет?,faq,followup,faq_flow,augmented,simple
7297,Никто не епрезвонил,feedback,negative_service,escalation_flow,augmented,simple
11855,Удобно что работаете пятнциу!,feedback,positive_service,feedback_flow,augmented,simple
11058,"Здравствуйте, расскажите больше",faq,followup,faq_flow,augmented,complex
7814,пломбирование у Сидорова прошло замечательно,feedback,positive_quality,feedback_flow,variation,simple
185,Нужно элайнеры заранее спасибо,anamnesis,services,anamnesis_flow,augmented,simple
4685,"Скажите, доброе утро.",conversational,greeting,conversation_flow,augmented,complex
10804,"Привет ,до свидания",conversational,farewell,conversation_flow,augmented,complex
972,верхний зуб постоянно болит!,anamnesis,symptom,anamnesis_flow,augmented,simple
7204,"Привет, врач Новикова не объяснил",feedback,negative_staff,escalation_flow,augmented,complex
3712,Что нельзя после брекеты!!,faq,visit_prep,faq_flow,augmented,simple
8909,"Здравствуйте, какую анестезию используете?",faq,procedure,faq_flow,augmented,complex
3249,Хочу изменить время записи...,booking,reschedule,booking_flow,augmented,simple
11131,Запись к челюстно-лицевому хирургу на вечер 👍,booking,new_appointment,booking_flow,augmented,medium
11657,Врачо поздал,feedback,negative_service,escalation_flow,augmented,simple
11153,Почём виниры.,faq,price,faq_flow,augmented,simple
10716,врач волкова не объяснил спасибо,feedback,negative_staff,escalation_flow,augmented,simple
1345,Волквоа очень внимательный спасибо,feedback,positive_staff,feedback_flow,augmented,simple
10057,"Поясните, пожалуйста!",faq,followup,faq_flow,augmented,complex
1968,Плохая клниика,feedback,negative_general,escalation_flow,augmented,simple
9583,"Подскажите, протезирование у Козловой прошло замечательно",feedback,positive_quality,feedback_flow,augmented,complex
10176,Запишите к гигиенисту 😢,booking,new_appointment,booking_flow,augmented,simple
4588,Недопустимо!,feedback,negative_general,escalation_flow,augmented,simple
6616,Возможно пожалуйста!,conversational,unclear,clarification_flow,augmented,simple
6618,Винир отклеился спасибо,anamnesis,complaint,anamnesis_flow,augmented,simple
6202,отбеливание у Сидорова прошло замечательно...,feedback,positive_quality,feedback_flow,augmented,simple
7827,Запись к ортодонту на четверг,booking,new_appointment,booking_flow,variation,simple
10578,А если неп оможет?,faq,followup,faq_flow,augmented,simple
7956,Какая цена на брекеты 👍,faq,price,faq_flow,augmented,simple
267,"Привет, врач Иванова всё подробно объяснил",feedback,positive_staff,feedback_flow,augmented,complex
7300,Какая цена на лечение каналов?,faq,price,faq_flow,variation,simple
11528,Запись к челюстно-лицевому хирургу на воскресенье 😢,booking,new_appointment,booking_flow,augmented,medium
8045,Мне не перезвонили давно 🙏 заранее спасибо,feedback,negative_service,escalation_flow,augmented,medium
2789,консультацию у Смирновой прошло замечательно спасибо 🙏,feedback,positive_quality,feedback_flow,augmented,medium
7021,Добрый еднь!,conversational,greeting,conversation_flow,augmented,simple
9447,"добрый день, позже",conversational,unclear,clarification_flow,augmented,complex
2103,Большое спасибо 🙏,conversational,gratitude,conversation_flow,augmented,simple
5831,"Скажите, запись потеряли!",feedback,negative_service,escalation_flow,augmented,complex
991,Снимите меня с записи заранее спасибо,booking,cancel,booking_flow,augmented,medium
3603,"Добрый день, пока не решил 😢",conversational,unclear,clarification_flow,augmented,complex
4920,Всего хорошего спасибо 🙏,conversational,farewell,conversation_flow,augmented,simple
4307,РЯДОМ ЕСТЬ МЕТРО...,faq,clinic_info,faq_flow,augmented,simple
8473,Принято.,conversational,confirmation,conversation_flow,augmented,simple
2051,После КТ у Волкова стало хуже,feedback,negative_quality,escalation_flow,variation,medium
10545,"Здравствуйте, не проходит онемение после лечения",anamnesis,symptom,anamnesis_flow,augmented,complex
182,Буду 😊,conversational,confirmation,conversation_flow,augmented,simple
5877,Мне не перезвонили день?!,feedback,negative_service,escalation_flow,augmented,simple
3773,лечение каналов у Волкова прошло замечательно,feedback,positive_quality,feedback_flow,variation,medium
4944,АДМИНИСТРАТОР БЫЛА ОЧЕНЬ ВЕЖЛИВАЯ?,feedback,positive_service,feedback_flow,augmented,simple
7277,Конечно 👍,conversational,confirmation,conversation_flow,augmented,simple
1314,Запись к ортопеду на воскресенье,booking,new_appointment,booking_flow,variation,simple
720,Пока не ершил,conversational,unclear,clarification_flow,augmented,simple
474,"Скажите, пОЧЁМ ЧИСТКУ?",faq,price,faq_flow,augmented,complex
3491,Спасибо заи нформацию,conversational,gratitude,conversation_flow,augmented,simple
647,До которого часа приём пожалуйста,faq,clinic_info,faq_flow,augmented,simple
4207,Буду спасибо,conversational,confirmation,conversation_flow,augmented,simple
6388,"Добрый день, не смогу прийти, уезжаю",booking,cancel,booking_flow,augmented,complex
217,корокну это больно?,faq,procedure,faq_flow,augmented,simple
9734,Треснул зуб!,anamnesis,complaint,anamnesis_flow,augmented,simple
10536,Есть время на субботу?!,booking,new_appointment,booking_flow,augmented,simple
1857,спс спасибо,conversational,gratitude,conversation_flow,augmented,simple
5282,Окей!!,conversational,confirmation,conversation_flow,augmented,simple
8599,До всртечи,conversational,farewell,conversation_flow,augmented,simple
3534,верхняя десна периодически болит,anamnesis,symptom,anamnesis_flow,variation,simple
2940,консультацию у Волкова прошло замечательно,feedback,positive_quality,feedback_flow,variation,simple
9219,"Здравствуйте, работаете с наркозом?",faq,clinic_info,faq_flow,augmented,complex
4984,Что делать если отёк,faq,visit_prep,faq_flow,augmented,simple
5380,Сколько нельзя курить после лечение кариеса?,faq,visit_prep,faq_flow,variation,medium
904,Сколько длится снимок,faq,procedure,faq_flow,augmented,simple
5416,КАК ДЕЛАЮТ!!,faq,procedure,faq_flow,augmented,simple
9450,Сколько длится элайнеры 👍,faq,procedure,faq_flow,augmented,simple
6910,Золотые руик у доктора,feedback,positive_staff,feedback_flow,augmented,simple
1726,"Спсаибо, всё понятно",conversational,gratitude,conversation_flow,augmented,complex
5615,Запишите на снимок,booking,new_appointment,booking_flow,variation,simple
5334,семёрка ночью болит,anamnesis,symptom,anamnesis_flow,variation,simple
2367,Требую компенсацию заранее спасибо,feedback,negative_general,escalation_flow,augmented,simple
3729,Врач очень внимательный заранее спасибо,feedback,positive_staff,feedback_flow,augmented,simple
1356,Какая цена на удаление?,faq,price,faq_flow,variation,simple
3696,У меня чувствительность две недели,anamnesis,symptom,anamnesis_flow,variation,simple
6121,"Добрый день, лЕЧЕНИЕ КАРИЕСА У СМИРНОВОЙ ПРОШЛО ЗАМЕЧАТЕЛЬНО",feedback,positive_quality,feedback_flow,augmented,complex
3832,"Подскажите, что будут делать?",faq,procedure,faq_flow,augmented,complex
2609,Не работает онлайн-запись?!,feedback,negative_service,escalation_flow,augmented,simple
11914,"Скажите, а можно по-другому 🙏",faq,followup,faq_flow,augmented,complex
10933,Адмиинстратор нахамил,feedback,negative_staff,escalation_flow,augmented,simple
902,"Привет, очень благодарен",conversational,gratitude,conversation_flow,augmented,complex
1996,"Отмените запись ,уезжаю спасибо",booking,cancel,booking_flow,augmented,complex
7572,"Добрый день, после пломбирование у Иванова стало хуже",feedback,negative_quality,escalation_flow,augmented,complex
2568,"Заболел, не приду...",booking,cancel,booking_flow,augmented,complex
1270,Легко дозвониться,feedback,positive_service,feedback_flow,template,simple
9810,верхняя десна очень болит,anamnesis,symptom,anamnesis_flow,variation,simple
1387,Все мрекоемндую,feedback,positive_general,feedback_flow,augmented,simple
3029,"Здравствуйте, профгигиену сколько стоит...",faq,price,faq_flow,augmented,complex
8885,"Добрый день, зпаисал",conversational,confirmation,conversation_flow,augmented,complex
205,"отмените запись, уезжаю!!",booking,cancel,booking_flow,augmented,complex
8088,У меня шатается зуб заранее спасибо,anamnesis,complaint,anamnesis_flow,augmented,medium
11378,Отличная клиника пожалуйста,feedback,positive_general,feedback_flow,augmented,simple
2779,Привтествую,conversational,greeting,conversation_flow,augmented,simple
2488,Подскажите подробнее 🦷,faq,followup,faq_flow,augmented,simple
5231,"Здравствуйте, сколько длится чистку?",faq,procedure,faq_flow,augmented,complex
988,А что лучше?,faq,followup,faq_flow,template,simple
11056,"Здравствуйте, анестезия входит в стоимость?",faq,procedure,faq_flow,augmented,complex
1837,Не Совсем понял 😢,faq,followup,faq_flow,augmented,simple
1493,Врач Смиронвой всё подробно объяснил,feedback,positive_staff,feedback_flow,augmented,simple
2106,Сколько стоит осмотр.,faq,price,faq_flow,augmented,simple
3280,Клиника на высоте заранее спасибо!,feedback,positive_general,feedback_flow,augmented,simple
8037,"Привет, можно перенести на среду?",booking,reschedule,booking_flow,augmented,complex
11046,Надо псооветоваться,conversational,unclear,clarification_flow,augmented,simple
8933,ДО КОТОРОГО ЧАСА ПРИЁМ?!,faq,clinic_info,faq_flow,augmented,simple
8527,Коронкаш атается,anamnesis,complaint,anamnesis_flow,augmented,simple
4215,Чт овы рекомендуете,faq,followup,faq_flow,augmented,simple
9557,"Спасибо, всё понянто",conversational,gratitude,conversation_flow,augmented,complex
10671,"отмените запись, уезжаю спасибо",booking,cancel,booking_flow,augmented,complex
3095,Спасибо большое,conversational,gratitude,conversation_flow,template,simple
1108,"Скажите, спасибо за помощь",conversational,gratitude,conversation_flow,augmented,complex
11544,Ждал приёма слишком долго,feedback,negative_service,escalation_flow,template,simple
1021,"Здравствуйте, протезирование не помогло",feedback,negative_quality,escalation_flow,augmented,complex
3161,"Добрый день, ничего не объяснили",feedback,negative_staff,escalation_flow,augmented,complex
9654,Принято...,conversational,confirmation,conversation_flow,augmented,simple
7705,После осмотр всё отлично заранее спасибо,feedback,positive_quality,feedback_flow,augmented,medium
11644,"жду уже две недели, никто не подходит заранее спасибо",feedback,negative_service,escalation_flow,augmented,complex
11685,У меня чувствительность давно,anamnesis,symptom,anamnesis_flow,variation,simple
6433,Пульсирующая боль в зубе,anamnesis,symptom,anamnesis_flow,template,simple
6328,СЛУЧИЛОСЬ СЛЕТЕЛА КОРОНКА 🦷,anamnesis,complaint,anamnesis_flow,augmented,simple
7862,"Привет, всего доброго",conversational,farewell,conversation_flow,augmented,complex
3578,сколько нельзя заниматься спортом после брекеты 🙏,faq,visit_prep,faq_flow,augmented,medium
8883,Добрый вечер.,conversational,greeting,conversation_flow,augmented,simple
7415,Верниет деньги,feedback,negative_general,escalation_flow,augmented,simple
6070,Хочу изменить время записи,booking,reschedule,booking_flow,template,simple
5589,Планирую имплантацию 😢,anamnesis,services,anamnesis_flow,augmented,simple
6075,Можно перенести на воскресенье?,booking,reschedule,booking_flow,variation,simple
7464,После имплантацию всё отлично,feedback,positive_quality,feedback_flow,variation,simple
11442,"Подскажите, врач Лебедевой всё подробно объяснил",feedback,positive_staff,feedback_flow,augmented,complex
10437,Какая цена на профгигиену!,faq,price,faq_flow,augmented,simple
1822,"Добрый день, оТКОЛОЛСЯ ЗУБ, ЧТО ДЕЛАТЬ?",anamnesis,complaint,anamnesis_flow,augmented,complex
2225,Подумаю!!,conversational,unclear,clarification_flow,augmented,simple
5795,Можно перенести на понедельник.,booking,reschedule,booking_flow,augmented,simple
10238,Зуб аштается,anamnesis,complaint,anamnesis_flow,augmented,simple
6763,Спасиоб большое,conversational,gratitude,conversation_flow,augmented,simple
3468,Болит верхний зуб уже месяц,anamnesis,symptom,anamnesis_flow,variation,simple
11035,Нез наю,conversational,unclear,clarification_flow,augmented,simple
785,Прикусил щёку?,anamnesis,complaint,anamnesis_flow,augmented,simple
4155,"Подскажите, доктор настоящий профессионал",feedback,positive_staff,feedback_flow,augmented,complex
7102,"Добрый день, сколько нельзя курить после имплантацию?",faq,visit_prep,faq_flow,augmented,complex
5090,"Да, хоршоо пожалуйста",conversational,confirmation,conversation_flow,augmented,complex
10329,Сколько нельзя пить после брекеты?,faq,visit_prep,faq_flow,variation,simple
11932,Превосходынй сервис,feedback,positive_general,feedback_flow,augmented,simple
1011,Результат снимок превзошёл ожидания,feedback,positive_quality,feedback_flow,variation,simple
6767,Сколько стоит лечение кариеса?,faq,price,faq_flow,variation,simple
8961,чистку у Смирновой прошло замечаетльно,feedback,positive_quality,feedback_flow,augmented,simple
3764,До встречи 😊,conversational,farewell,conversation_flow,augmented,simple
11366,Перенесите на пятницу спасибо,booking,reschedule,booking_flow,augmented,simple
5467,протезирование не помогло спасибо,feedback,negative_quality,escalation_flow,augmented,simple
3287,Нужно профгигиену,anamnesis,services,anamnesis_flow,variation,simple
10887,ЭЛАЙНЕРЫ НЕ ПОМОГЛО?,feedback,negative_quality,escalation_flow,augmented,simple
2859,"откололся зуб, что делать пожалуйста спасибо",anamnesis,complaint,anamnesis_flow,augmented,complex
1699,Хочу оставить жалобу на Морозовой,feedback,negative_general,escalation_flow,variation,simple
11690,А если не опможет?,faq,followup,faq_flow,augmented,simple
3163,Здрасвтвуйте,conversational,greeting,conversation_flow,augmented,simple
9513,"Скажите, откололся зуб, что делать?",anamnesis,complaint,anamnesis_flow,augmented,complex
7122,Можно перенести на завтра,booking,reschedule,booking_flow,augmented,simple
1759,"Не смогу прийти, уезжаю",booking,cancel,booking_flow,variation,simple
10440,Появилась дырка в зубе,anamnesis,complaint,anamnesis_flow,template,simple
5681,БЫСТРО ЗАПИСАЛИ НА ВОСКРЕСЕНЬЕ 🙏,feedback,positive_service,feedback_flow,augmented,simple
5693,я вам перезвоню 😊,conversational,unclear,clarification_flow,augmented,simple
3833,профгигиену это больно?,faq,procedure,faq_flow,variation,simple
5419,Понял.,conversational,confirmation,conversation_flow,augmented,simple
3389,удаление эот больно?,faq,procedure,faq_flow,augmented,simple
7651,"Подскажите, благодарю за работу 🦷",feedback,positive_general,feedback_flow,augmented,complex
5355,Работаете в яптницу?,faq,clinic_info,faq_flow,augmented,simple
4655,ПЛАНИРУЮ БРЕКЕТЫ?,anamnesis,services,anamnesis_flow,augmented,simple
5696,"Подскажите, сказали что записи нет пожалуйста",feedback,negative_service,escalation_flow,augmented,complex
884,имплантацию у Петрвоой прошло замечательно 🙏,feedback,positive_quality,feedback_flow,augmented,medium
1845,"ПОДСКАЖИТЕ, ПРИНЯЛИ ВОВРЕМЯ",feedback,positive_service,feedback_flow,augmented,complex
4463,"шатается зуб, что делать 😢.",anamnesis,complaint,anamnesis_flow,augmented,complex
9031,"Здравствуйте, дО СКОРОГО",conversational,farewell,conversation_flow,augmented,complex
5630,Сколько стоит чистку!,faq,price,faq_flow,augmented,simple
6340,Ждал три дня пожалуйста,feedback,negative_service,escalation_flow,augmented,simple
10470,"Скажите, перенесите на на этой неделе",booking,reschedule,booking_flow,augmented,complex
9759,Сколько длиТся консультацию,faq,procedure,faq_flow,augmented,simple
3879,"Быстро записали, спасибо спасибо",feedback,positive_service,feedback_flow,augmented,complex
259,"добрый день, врач волкова не объяснил",feedback,negative_staff,escalation_flow,augmented,complex
11637,Конечно 🙏,conversational,confirmation,conversation_flow,augmented,simple
8147,"Привет, сколько длится КТ",faq,procedure,faq_flow,augmented,complex
9184,Рядом есть метро 😊,faq,clinic_info,faq_flow,augmented,simple
5368,"Здравствуйте, спасибо за информацию?",conversational,gratitude,conversation_flow,augmented,complex
520,Современный метод спасибо,faq,procedure,faq_flow,augmented,simple
832,Интересуют виниры пожалуйста,anamnesis,services,anamnesis_flow,augmented,simple
3025,Врач Волкова не объяснил 😢,feedback,negative_staff,escalation_flow,augmented,simple
5140,Сколько нельзя курить после брекеты заранее спасибо,faq,visit_prep,faq_flow,augmented,medium
8973,Как подготовиться к отбеливание 🙏,faq,visit_prep,faq_flow,augmented,simple
3048,Отзывчивый адимнистратор спасибо,feedback,positive_service,feedback_flow,augmented,simple
612,"Скажите, хочу отбеливание",anamnesis,services,anamnesis_flow,augmented,complex
48,Какая цена на осмотр 🙏,faq,price,faq_flow,augmented,simple
3949,верхний зуб болит периодически,anamnesis,symptom,anamnesis_flow,variation,simple
9682,Спасибо за инфомрацию,conversational,gratitude,conversation_flow,augmented,simple
3601,"Привет, спс",conversational,gratitude,conversation_flow,augmented,complex
10709,Сколько длится брекеты,faq,procedure,faq_flow,augmented,simple
1580,ВРАЧ ОЧЕНЬ ВНИМАТЕЛЬНЫЙ 😢,feedback,positive_staff,feedback_flow,augmented,simple
8574,"Подскажите, какие ещё варианты?",faq,followup,faq_flow,augmented,complex
11542,ждла с утра,feedback,negative_service,escalation_flow,augmented,simple
1231,профгигиену у Петровой прошло замечательно,feedback,positive_quality,feedback_flow,variation,simple
4627,"Добрый день, спасибо, всё понятно 🙏",conversational,gratitude,conversation_flow,augmented,complex
7840,Хочу сдвинуть врмея,booking,reschedule,booking_flow,augmented,simple
10688,"Подскажите, случилось шатается зуб",anamnesis,complaint,anamnesis_flow,augmented,complex
506,"Здравствуйте, пЛАНИРУЮ КОНСУЛЬТАЦИЮ",anamnesis,services,anamnesis_flow,augmented,complex
2090,Коненчо,conversational,confirmation,conversation_flow,augmented,simple
4286,Врач успокоил перед процедурой,feedback,positive_staff,feedback_flow,template,simple
1295,А елси не поможет?,faq,followup,faq_flow,augmented,simple
1816,ДоБоре утро!,conversational,greeting,conversation_flow,augmented,simple
4628,"Привет, благодарю за работу",feedback,positive_general,feedback_flow,augmented,complex
2731,Прикусил щёку 🙏,anamnesis,complaint,anamnesis_flow,augmented,simple
8417,"Здравствуйте, хочу оставиьт жалобу на Сидорова",feedback,negative_general,escalation_flow,augmented,complex
8777,Работаете в вторник пожалуйста,faq,clinic_info,faq_flow,augmented,simple
2758,"Не смогу прийти, форс-мжаор",booking,cancel,booking_flow,augmented,complex
4800,"Подскажите, верхний зуб болит сильно",anamnesis,symptom,anamnesis_flow,augmented,complex
5513,После пломбирование у Лебедево йстало хуже,feedback,negative_quality,escalation_flow,augmented,medium
4530,"Привет, отмените запись, не смогу",booking,cancel,booking_flow,augmented,complex
7166,сколько стоит брекеты пожалуйста,faq,price,faq_flow,augmented,simple
9211,"Здравствуйте, хочу оставить жалобу наС мирновой",feedback,negative_general,escalation_flow,augmented,complex
5562,Всё чётко организовано,feedback,positive_service,feedback_flow,template,simple
1674,Сколькос тоит виниры?,faq,price,faq_flow,augmented,simple
10214,Это безопасно!!,faq,procedure,faq_flow,augmented,simple
6326,Очередь огромная,feedback,negative_service,escalation_flow,template,simple
6575,"Добрый день, добрый день, хорошо!",conversational,confirmation,conversation_flow,augmented,complex
5366,Болит верхняя десна уже два дня,anamnesis,symptom,anamnesis_flow,variation,medium
6993,а если ен поможет?,faq,followup,faq_flow,augmented,simple
11460,"Добрый день, как проходит лечение каналов?",faq,procedure,faq_flow,augmented,complex
3027,"Отмените запись, заболел?!",booking,cancel,booking_flow,augmented,complex
866,Пломба выпала 🦷,anamnesis,complaint,anamnesis_flow,augmented,simple
4781,Некомпетентный врач заранее спасибо,feedback,negative_staff,escalation_flow,augmented,simple
146,Хочу перенести запись 🙏,booking,reschedule,booking_flow,augmented,simple
5023,"Отмените, пожалуйста!!",booking,cancel,booking_flow,augmented,complex
7162,Врач Иванова всё подробно объяснил...,feedback,positive_staff,feedback_flow,augmented,simple
8623,"Привет, как подготовиться?",faq,visit_prep,faq_flow,augmented,complex
9761,Привет!!,conversational,greeting,conversation_flow,augmented,simple
5029,Большое спасибо 😊,conversational,gratitude,conversation_flow,augmented,simple
3527,Врач Лебедевой не объяснил...,feedback,negative_staff,escalation_flow,augmented,simple
2784,"Здравствуйте, реставрацию у Смирновой прошло замечательно?!",feedback,positive_quality,feedback_flow,augmented,complex
805,"Добрый день, приду к вам ещё.",feedback,positive_general,feedback_flow,augmented,complex
1541,Врач внушает довеире,feedback,positive_staff,feedback_flow,augmented,simple
5989,Козловой отнёсся невнимательно,feedback,negative_staff,escalation_flow,variation,simple
9376,Спасиоб за заботу,feedback,positive_general,feedback_flow,augmented,simple
11899,"Подскажите, добрый день",conversational,greeting,conversation_flow,augmented,complex
10412,УДОБНО ЧТО РАБОТАЕТЕ НА ЭТОЙ НЕДЕЛЕ СПАСИБО,feedback,positive_service,feedback_flow,augmented,medium
10114,"Скажите, спасибо большое!",conversational,gratitude,conversation_flow,augmented,complex
6551,Запись к детскому стоматологу на утро,booking,new_appointment,booking_flow,variation,medium
7494,Запись на снимок,booking,new_appointment,booking_flow,template,simple
5963,Какая цена на профгигиену 🙏,faq,price,faq_flow,augmented,simple
10778,Здравствутйе 😢,conversational,greeting,conversation_flow,augmented,simple
5607,Ждал день 🦷,feedback,negative_service,escalation_flow,augmented,simple
8825,Почём имплантацию?,faq,price,faq_flow,variation,simple
8095,После имплантацию у Новикова стало хуже,feedback,negative_quality,escalation_flow,variation,medium
6446,"ПодСкажите, иванова был груб",feedback,negative_staff,escalation_flow,augmented,complex
8607,Врач Козловой не объяснил!!,feedback,negative_staff,escalation_flow,augmented,simple
1889,"Скажите, пОСЛЕ РЕСТАВРАЦИЮ У МОРОЗОВОЙ СТАЛО ХУЖЕ",feedback,negative_quality,escalation_flow,augmented,complex
3360,После реставрацию у Волкова стало хуже спасибо,feedback,negative_quality,escalation_flow,augmented,medium
5977,"Здравствуйте, элайнеры это больно?",faq,procedure,faq_flow,augmented,complex
1900,"Скажите, у меня ноющая боль несколько дней",anamnesis,symptom,anamnesis_flow,augmented,complex
3171,"Подскажите, морозовой был груб",feedback,negative_staff,escalation_flow,augmented,complex
1285,Как проходит реставрацию,faq,procedure,faq_flow,augmented,simple
6728,После пломбирование у Смирновой стало хуже,feedback,negative_quality,escalation_flow,variation,medium
107,Врач от бога 😢,feedback,positive_staff,feedback_flow,augmented,simple
78,"Добрый день, козловой был груб!!",feedback,negative_staff,escalation_flow,augmented,complex
10188,Рекомендую клинику всем друзьям спасибо,feedback,positive_general,feedback_flow,augmented,simple
11016,ЗДОРОВО?!,conversational,greeting,conversation_flow,augmented,simple
10642,Есть время на субботу 🙏,booking,new_appointment,booking_flow,augmented,simple
1504,Быстроз аписали на четверг,feedback,positive_service,feedback_flow,augmented,simple
7703,Хочуо ставить жалобу на Новикова заранее спасибо,feedback,negative_general,escalation_flow,augmented,medium
9643,Как прохоидт реставрацию?,faq,procedure,faq_flow,augmented,simple
10070,Хочу оставить ажлобу на Сидорова,feedback,negative_general,escalation_flow,augmented,simple
2172,НЕКОМПЕТЕНТНЫЙ ВРАЧ 😊,feedback,negative_staff,escalation_flow,augmented,simple
3487,Можно перенести на послезавтра,booking,reschedule,booking_flow,augmented,simple
11551,Воклова был груб,feedback,negative_staff,escalation_flow,augmented,simple
10047,Очень блаогдарен,conversational,gratitude,conversation_flow,augmented,simple
3066,Хочу оставить жалобу на Петровой.,feedback,negative_general,escalation_flow,augmented,simple
163,Это безопасно 🦷.,faq,procedure,faq_flow,augmented,simple
1309,Хочу к гигиенисту,booking,new_appointment,booking_flow,variation,simple
6828,Здравствуйет пожалуйста,conversational,greeting,conversation_flow,augmented,simple
4134,Подумаю 🦷 спасибо,conversational,unclear,clarification_flow,augmented,simple
1366,Ждал неделю,feedback,negative_service,escalation_flow,variation,simple
6372,Сколько нлеьзя пить алкоголь после профгигиену?,faq,visit_prep,faq_flow,augmented,medium
2928,"Жду уже два дня, никто не подходит 😊",feedback,negative_service,escalation_flow,augmented,complex
7063,Как подготовиться заранее спасибо,faq,visit_prep,faq_flow,augmented,simple
3252,Быстро зпаисали на четверг,feedback,positive_service,feedback_flow,augmented,simple
2811,"Привет, в чём разница?",faq,procedure,faq_flow,augmented,complex
4296,После профгигиену у Кузнецовой стало хуже,feedback,negative_quality,escalation_flow,variation,medium
9561,"Привет, не уверен 👍",conversational,unclear,clarification_flow,augmented,complex
1830,Зуб изменил цвет 🦷 👍,anamnesis,complaint,anamnesis_flow,augmented,simple
3612,"Жду уже несколько дней, никто не подходит заранее спасибо?!",feedback,negative_service,escalation_flow,augmented,complex
6153,Хочу снимок 😢,anamnesis,services,anamnesis_flow,augmented,simple
7186,Спасиб обольшое.,conversational,gratitude,conversation_flow,augmented,simple
7315,Не предупредили об изменениях.,feedback,negative_service,escalation_flow,augmented,simple
2687,"Здравствуйте, разочарован",feedback,negative_general,escalation_flow,augmented,complex
7074,"СКАЖИТЕ, УЖАСНЫЙ СЕРВИС",feedback,negative_general,escalation_flow,augmented,complex
9878,Доброе утро спасибо...,conversational,greeting,conversation_flow,augmented,simple
5465,Запись к ортопеду на в ближайшее время,booking,new_appointment,booking_flow,variation,medium
3798,Никто н еперезвонил,feedback,negative_service,escalation_flow,augmented,simple
6246,Что нельзя после лечение кариеса?,faq,visit_prep,faq_flow,variation,simple
2624,Понял спасибо,conversational,confirmation,conversation_flow,augmented,simple
1675,"скажите, сколько длится имплантацию?",faq,procedure,faq_flow,augmented,complex
6633,Плохая клиника заранее спасибо,feedback,negative_general,escalation_flow,augmented,simple
3580,Какие матераилы используете?,faq,procedure,faq_flow,augmented,simple
1858,Хочу на эту неделю,booking,new_appointment,booking_flow,template,simple
5451,"Добрый день, добры йвечер",conversational,greeting,conversation_flow,augmented,complex
1535,"Добрый день, не уверен!",conversational,unclear,clarification_flow,augmented,complex
7940,Врач очнеь внимательный 🙏,feedback,positive_staff,feedback_flow,augmented,simple
3936,Быстро записали на среду заранее спасибо,feedback,positive_service,feedback_flow,augmented,medium
10145,Пояивлась дырка в зубе спасибо,anamnesis,complaint,anamnesis_flow,augmented,simple
3956,"Привет, отмените запись, занят на работе",booking,cancel,booking_flow,augmented,complex
9379,Запись к хирургу на среду,booking,new_appointment,booking_flow,variation,simple
10931,Записали без проблем?!,feedback,positive_service,feedback_flow,augmented,simple
1511,"Да, хорошо...",conversational,confirmation,conversation_flow,augmented,complex
2449,"Жду уже месяц, никто не подходит пожалуйста",feedback,negative_service,escalation_flow,augmented,complex
266,После коронку у Лебедевой стало хуже,feedback,negative_quality,escalation_flow,variation,medium
8617,"Скажите, можно перенесТи на завтра?",booking,reschedule,booking_flow,augmented,complex
4214,ПРИНИМАЕТЕ ПОЛИС ОМС 😊,faq,clinic_info,faq_flow,augmented,simple
10821,ОТМЕНА ЗАПИСИ!!,booking,cancel,booking_flow,augmented,simple
6964,КТ у Морозовой прошло замечательно,feedback,positive_quality,feedback_flow,variation,simple
1770,Интересует Air-Flow?,anamnesis,services,anamnesis_flow,augmented,simple
678,"Отменит езапись, не смогу",booking,cancel,booking_flow,augmented,complex
10318,Можно перенести на сегодня спасибо,booking,reschedule,booking_flow,augmented,simple
10792,Хочу красивую улыбку,anamnesis,services,anamnesis_flow,template,simple
483,"Подскажите, сКОЛЬКО ДЛИТСЯ БРЕКЕТЫ?",faq,procedure,faq_flow,augmented,complex
10011,Хочу пломбирование,anamnesis,services,anamnesis_flow,variation,simple
4665,"Добрый день, это правда необходимо?!",faq,followup,faq_flow,augmented,complex
9606,Болит семёрка уже два дня,anamnesis,symptom,anamnesis_flow,variation,simple
7456,хорошо 😢,conversational,confirmation,conversation_flow,augmented,simple
8242,"Подскажите, яСНО",conversational,confirmation,conversation_flow,augmented,complex
2397,челюсть ночью болит,anamnesis,symptom,anamnesis_flow,variation,simple
1337,"Подскажите, спасибо",conversational,gratitude,conversation_flow,augmented,complex
11350,удачи 😢,conversational,farewell,conversation_flow,augmented,simple
4505,Можно перенести на пондеельник пожалуйста,booking,reschedule,booking_flow,augmented,simple
3730,Добрео утро 😢,conversational,greeting,conversation_flow,augmented,simple
5275,Интересует удаление,anamnesis,services,anamnesis_flow,variation,simple
1048,"Подскажите, какая цена на реставрацию?",faq,price,faq_flow,augmented,complex
2513,"Привет, хочу пожаловаться?",feedback,negative_general,escalation_flow,augmented,complex
10124,Клиника работает как часы,feedback,positive_service,feedback_flow,template,simple
2701,"скажите, благодарю вас",conversational,gratitude,conversation_flow,augmented,complex
2127,Здравствуйте спасибо!,conversational,greeting,conversation_flow,augmented,simple
7084,"Подскажите, появилась дырка в зубе",anamnesis,complaint,anamnesis_flow,augmented,complex
10961,У меня слетела коронка!,anamnesis,complaint,anamnesis_flow,augmented,simple
8069,Есть время на на этой неделе?,booking,new_appointment,booking_flow,variation,medium
3688,Сколько длится коронку...,faq,procedure,faq_flow,augmented,simple
6862,Торопили спасибо,feedback,negative_staff,escalation_flow,augmented,simple
1730,Запишите на осмотр,booking,new_appointment,booking_flow,variation,simple
3422,Сколько длится КТ 😊,faq,procedure,faq_flow,augmented,simple
5673,Хочу оставить жалобу на Иванова 👍,feedback,negative_general,escalation_flow,augmented,medium
11584,Есьт WhatsApp 😊,faq,clinic_info,faq_flow,augmented,simple
6089,Сколько нельзя пить алкоголь после брекеты?,faq,visit_prep,faq_flow,variation,medium
8770,Можно перенести на на следующей неделе,booking,reschedule,booking_flow,augmented,medium
8666,Отказ отз аписи,booking,cancel,booking_flow,augmented,simple
6027,После чистку у Смирновой стало хуже,feedback,negative_quality,escalation_flow,variation,medium
2933,Приятно удивлён качеством,feedback,positive_general,feedback_flow,template,simple
3555,Точн онужно?,faq,followup,faq_flow,augmented,simple
9728,КТ у Новикова прошло замечательно,feedback,positive_quality,feedback_flow,variation,simple
5814,"Скажите, можно перенести на сегодня?",booking,reschedule,booking_flow,augmented,complex
4574,"Привет, заболел, не приду",booking,cancel,booking_flow,augmented,complex
1939,зуб болит сильно,anamnesis,symptom,anamnesis_flow,variation,simple
5705,удаление у Кузнецовой прошло замечательно,feedback,positive_quality,feedback_flow,variation,simple
9481,Какая цена?,faq,price,faq_flow,template,simple
313,"Здравствуйте, хочу оставить жалобу на Кузнецовой!",feedback,negative_general,escalation_flow,augmented,complex
6930,Нагрубили пожалуйста,feedback,negative_staff,escalation_flow,augmented,simple
8429,"Не смогу прийт,и занят на работе",booking,cancel,booking_flow,augmented,complex
5804,Сколько нельзя курить после лечение кариеса.,faq,visit_prep,faq_flow,augmented,medium
2412,осмотр не помогло,feedback,negative_quality,escalation_flow,variation,simple
7407,"Добрый день, договорились 🦷",conversational,confirmation,conversation_flow,augmented,complex
8470,нужно лечениек аналов,anamnesis,services,anamnesis_flow,augmented,simple
10455,Благодар ювас 👍,conversational,gratitude,conversation_flow,augmented,simple
10698,"Изменились планы, нужно перенести",booking,reschedule,booking_flow,template,simple
5646,"Привет, сколько стоит лечение",faq,price,faq_flow,augmented,complex
4678,"Здравствуйте, спасибо большое заранее спасибо",conversational,gratitude,conversation_flow,augmented,complex
6586,Удобно что работаете четверг,feedback,positive_service,feedback_flow,variation,simple
2812,Внимательное отношение к пациентам 🙏,feedback,positive_staff,feedback_flow,augmented,simple
10852,Есть лаьтернативы?,faq,procedure,faq_flow,augmented,simple
10408,пока 👍,conversational,farewell,conversation_flow,augmented,simple
10574,Я вам перезвоню спасибо,conversational,unclear,clarification_flow,augmented,simple
6373,Понял!,conversational,confirmation,conversation_flow,augmented,simple
9978,Интересует имплантацию заранее спасибо,anamnesis,services,anamnesis_flow,augmented,simple
3636,Перенесите на среду пожалуйста,booking,reschedule,booking_flow,augmented,simple
5212,Быстро записали на на следующей неделе,feedback,positive_service,feedback_flow,variation,medium
8851,"Подскажите, торопили",feedback,negative_staff,escalation_flow,augmented,complex
5844,"Подскажите, после лечение каналов у Петровой стало хуже",feedback,negative_quality,escalation_flow,augmented,complex
4390,Какая цена на чистку 🦷,faq,price,faq_flow,augmented,simple
11592,"Добрый день, не рекомендую",feedback,negative_general,escalation_flow,augmented,complex
8270,Буду обращаться только к вам 🙏,feedback,positive_general,feedback_flow,augmented,medium
8463,Можно перенести на вторник,booking,reschedule,booking_flow,augmented,simple
10735,"Здравствуйте, жду уже несколько дней, никто не подходит",feedback,negative_service,escalation_flow,augmented,complex
2020,Хочу коронку,anamnesis,services,anamnesis_flow,variation,simple
11535,"Подскажите, хорошего дня",conversational,farewell,conversation_flow,augmented,complex
2356,"подскажите, работаете в пятницу?",faq,clinic_info,faq_flow,augmented,complex
9793,СКОЛЬКО СТОЯТ БРЕКЕТЫ заранее спасибо,faq,price,faq_flow,augmented,simple
2267,Спасибо большое 😊 пожалуйста,conversational,gratitude,conversation_flow,augmented,simple
10830,"Здравствуйте, всем рекомендую заранее спасибо",feedback,positive_general,feedback_flow,augmented,complex
4453,Сразу перезвонили после заявки 🦷,feedback,positive_service,feedback_flow,augmented,simple
7909,"Добрый день, буду обращаться только к вам",feedback,positive_general,feedback_flow,augmented,complex
8311,Добрый день?,conversational,greeting,conversation_flow,augmented,simple
11636,Почём?,faq,price,faq_flow,template,simple
10141,Приветствую...,conversational,greeting,conversation_flow,augmented,simple
5930,"Привет, здравствуйте!",conversational,greeting,conversation_flow,augmented,complex
8458,"Подскажите, сколько нельзя пить алкоголь после профгигиену?",faq,visit_prep,faq_flow,augmented,complex
6655,Благодарюв ас,conversational,gratitude,conversation_flow,augmented,simple
7598,"Приевт, до встречи",conversational,farewell,conversation_flow,augmented,complex
3965,Планирую удаление!,anamnesis,services,anamnesis_flow,augmented,simple
6689,"Добрый день, алло пожалуйста",conversational,greeting,conversation_flow,augmented,complex
237,А если я неб уду?,faq,followup,faq_flow,augmented,simple
8141,Удобно записаться через сайт,feedback,positive_service,feedback_flow,template,simple
3160,Администратор грубил!!,feedback,negative_staff,escalation_flow,augmented,simple
7187,Эй пожалуйста.,conversational,greeting,conversation_flow,augmented,simple
295,Запись к ортодонту на в ближайшее время,booking,new_appointment,booking_flow,variation,medium
6379,Превосходный сервис пожалуйста пожалуйста,feedback,positive_general,feedback_flow,augmented,simple
9288,"Добрый день, сидорова был груб",feedback,negative_staff,escalation_flow,augmented,complex
8975,"Здравствуйте, мне нхаамили",feedback,negative_staff,escalation_flow,augmented,complex
3757,Рекомендую клинику всем друзьям 😢,feedback,positive_general,feedback_flow,augmented,simple
5612,Подумаю 🦷,conversational,unclear,clarification_flow,augmented,simple
9345,"Подскажите, замечательная медсестра",feedback,positive_staff,feedback_flow,augmented,complex
10395,"ДОБРЫЙ ДЕНЬ, ВО СКОЛЬКО ОТКРЫВАЕТЕСЬ?",faq,clinic_info,faq_flow,augmented,complex
4834,Перенесите запись 🦷,booking,reschedule,booking_flow,augmented,simple
4911,Можно перезаписаться?,booking,reschedule,booking_flow,template,simple
959,"Скажите, новикова настоящий профессионал!!",feedback,positive_staff,feedback_flow,augmented,complex
5527,консультацию у Кузнецовой прошло замечательно?,feedback,positive_quality,feedback_flow,augmented,simple
7473,Перенесите на пятниЦу заранее спасибо,booking,reschedule,booking_flow,augmented,simple
10424,У меня отёк неделю!!,anamnesis,symptom,anamnesis_flow,augmented,simple
9820,Врач внушает доверие,feedback,positive_staff,feedback_flow,template,simple
11090,После протезирование у Лебедевой стало хуже спасибо,feedback,negative_quality,escalation_flow,augmented,medium
4983,После лечение кариеса у Смирновой стало хуже заранее спасибо,feedback,negative_quality,escalation_flow,augmented,medium
8229,Договорились!!,conversational,confirmation,conversation_flow,augmented,simple
7355,администраторо чень помог,feedback,positive_service,feedback_flow,augmented,simple
10110,челюсьт сильно болит.,anamnesis,symptom,anamnesis_flow,augmented,simple
1870,НУЖНО ЛЕЧЕНИЕ КАНАЛОВ 🙏,anamnesis,services,anamnesis_flow,augmented,simple
9595,Удобно записатсья через сайт,feedback,positive_service,feedback_flow,augmented,simple
971,Петровой настоящий профессионал...,feedback,positive_staff,feedback_flow,augmented,simple
8723,Петровой отнёсся невинмательно,feedback,negative_staff,escalation_flow,augmented,simple
10891,"Скажите, поясните, пожалуйста",faq,followup,faq_flow,augmented,complex
5401,"Подскажите, хочу оставить жалобу на Лебедевой 😢",feedback,negative_general,escalation_flow,augmented,complex
782,Сколько стоит лечение кариеса,faq,price,faq_flow,augmented,simple
8499,До свидания спасибо заранее спасибо,conversational,farewell,conversation_flow,augmented,simple
430,Благодарюз а работу,feedback,positive_general,feedback_flow,augmented,simple
10189,А обязательно...,faq,followup,faq_flow,augmented,simple
6798,Козловой отнёсся невнимательно 😊,feedback,negative_staff,escalation_flow,augmented,simple
11576,"Подскажите, золотые руки у доктора",feedback,positive_staff,feedback_flow,augmented,complex
11679,СКОЛЬКО БУДЕТ СТОИТЬ ВСЁ ЛЕЧЕНИЕ,faq,price,faq_flow,augmented,simple
3000,"Здравствуйте, интересует чистку",anamnesis,services,anamnesis_flow,augmented,complex
11760,Хочу имплантацию,anamnesis,services,anamnesis_flow,variation,simple
1098,Приду к ваме щё 🦷,feedback,positive_general,feedback_flow,augmented,simple
4212,Можно перенести на сегодня?,booking,reschedule,booking_flow,variation,simple
3736,добрый вечер 😢,conversational,greeting,conversation_flow,augmented,simple
6452,Интересует пломбирование?,anamnesis,services,anamnesis_flow,augmented,simple
386,Есть детский стоматолог!!,faq,clinic_info,faq_flow,augmented,simple
4764,После коронку всёо тлично 😊,feedback,positive_quality,feedback_flow,augmented,simple
9813,Хочу сдвинуть время 😢,booking,reschedule,booking_flow,augmented,simple
2717,"Привет, какая цена на протезирование?",faq,price,faq_flow,augmented,complex
3349,"Подскажите, недоволен обслуживанием",feedback,negative_general,escalation_flow,augmented,complex
5041,"Добрый день, какие ещё варианты 🦷",faq,followup,faq_flow,augmented,complex
1349,Спасибо за информцаию 😢,conversational,gratitude,conversation_flow,augmented,simple
9204,"Привет, дО ВСТРЕЧИ",conversational,farewell,conversation_flow,augmented,complex
6096,"Спасибо, всё понятно 😢?",conversational,gratitude,conversation_flow,augmented,complex
6014,Надо опсоветоваться,conversational,unclear,clarification_flow,augmented,simple
8245,Как долго прослужит заранее спасибо пожалуйста,faq,procedure,faq_flow,augmented,medium
9380,Понял?!,conversational,confirmation,conversation_flow,augmented,simple
11848,Благодарю 👍,conversational,gratitude,conversation_flow,augmented,simple
6413,Какая цена на отбеливание,faq,price,faq_flow,augmented,simple
6983,Случилось треснул зуб 🙏,anamnesis,complaint,anamnesis_flow,augmented,simple
6076,"скажите, запись к эндодонтисту на послезавтра",booking,new_appointment,booking_flow,augmented,complex
4251,Отмените запись...,booking,cancel,booking_flow,augmented,simple
10463,Надо посоветоваться?!,conversational,unclear,clarification_flow,augmented,simple
637,Приду к вам ещё!,feedback,positive_general,feedback_flow,augmented,simple
2500,"Добрый день, хочу отказаться от записи?",booking,cancel,booking_flow,augmented,complex
1221,После элайнеры у Петровой стало хуже...,feedback,negative_quality,escalation_flow,augmented,medium
8594,"Здравствуйте, может быть",conversational,unclear,clarification_flow,augmented,complex
8195,Результат профгигиену превзошёл ожидания,feedback,positive_quality,feedback_flow,variation,simple
2169,Работаете в завтра?,faq,clinic_info,faq_flow,variation,simple
8262,Случилось шатается зуб заранее спасибо,anamnesis,complaint,anamnesis_flow,augmented,simple
8498,"Здравствуйте, после виниры у Новикова стало хуже",feedback,negative_quality,escalation_flow,augmented,complex
9502,Нужно снимОк заранее спасибо,anamnesis,services,anamnesis_flow,augmented,simple
2765,"Подскажите, ок",conversational,confirmation,conversation_flow,augmented,complex
4778,Отмеинте приём,booking,cancel,booking_flow,augmented,simple
10793,Рекомендую Клиникув сем друзьям,feedback,positive_general,feedback_flow,augmented,simple
1736,Удобно что работаетеч етверг,feedback,positive_service,feedback_flow,augmented,simple
11328,Козловой был груб,feedback,negative_staff,escalation_flow,variation,simple
6953,"Здравствуйте, привет!",conversational,greeting,conversation_flow,augmented,complex
9866,Благодарю вас 👍,conversational,gratitude,conversation_flow,augmented,simple
2825,"Скажите, осмотр сколько стоит?",faq,price,faq_flow,augmented,complex
5056,Беспокоит пульсирующая боль спасибо,anamnesis,symptom,anamnesis_flow,augmented,simple
11053,Появился неприятный привкус,anamnesis,symptom,anamnesis_flow,template,simple
1130,Хочу оставить жалобун а Смирновой,feedback,negative_general,escalation_flow,augmented,simple
5661,Как связаться!!,faq,clinic_info,faq_flow,augmented,simple
8278,Хочу пожаловаться пожалуйста,feedback,negative_general,escalation_flow,augmented,simple
2601,"Привет, скажите, принимаете рассрочку?",faq,clinic_info,faq_flow,augmented,complex
5929,Моя любиамя клиника,feedback,positive_general,feedback_flow,augmented,simple
8218,Работеате в среду?,faq,clinic_info,faq_flow,augmented,simple
2705,Спасибо сапсибо,conversational,gratitude,conversation_flow,augmented,simple
11952,А вдруг не получится?,faq,followup,faq_flow,template,simple
5435,Здравствуйте!!,conversational,greeting,conversation_flow,augmented,simple
7331,Болит нижний зуб уже день,anamnesis,symptom,anamnesis_flow,variation,simple
8943,Не получится прийти 🙏,booking,cancel,booking_flow,augmented,simple
4919,Не рекоменудю!!,feedback,negative_general,escalation_flow,augmented,simple
9895,"Привет, здравствуйте, всего хорошего",conversational,farewell,conversation_flow,augmented,complex
6853,Запись к детскому стоматологу на вечер,booking,new_appointment,booking_flow,variation,medium
11711,"отмените запись, занят на работе!!",booking,cancel,booking_flow,augmented,complex
6686,Интересует лечение каналов,anamnesis,services,anamnesis_flow,variation,simple
9151,"Здравствуйте, ладно 😊",conversational,confirmation,conversation_flow,augmented,complex
6809,"Здравствуйте, пОЗОВИТЕ ГЛАВВРАЧА",feedback,negative_general,escalation_flow,augmented,complex
2699,"Добрый день, не смогу прийти, занят на работе",booking,cancel,booking_flow,augmented,complex
10467,Можно переенсти на четверг?,booking,reschedule,booking_flow,augmented,simple
7365,"Не смогу прийт,и уезжаю",booking,cancel,booking_flow,augmented,complex
1577,Всего доброго 🙏,conversational,farewell,conversation_flow,augmented,simple
3751,Очень благдоарен,conversational,gratitude,conversation_flow,augmented,simple
10154,После коронку у Новикова стало хуже заранее спасибо 🦷,feedback,negative_quality,escalation_flow,augmented,medium
31,Быстро оформили документы,feedback,positive_service,feedback_flow,template,simple
3292,имплантацию это больно?,faq,procedure,faq_flow,variation,simple
5718,"Привет, не знаю",conversational,unclear,clarification_flow,augmented,complex
9580,Ждал ос вчера!!,feedback,negative_service,escalation_flow,augmented,simple
7309,"Скажите, не больно благодаря врачу",feedback,positive_staff,feedback_flow,augmented,complex
6172,А обязательон...,faq,followup,faq_flow,augmented,simple
2288,Что лучше выбрать?,faq,procedure,faq_flow,template,simple
8839,Прикусил щёку 👍,anamnesis,complaint,anamnesis_flow,augmented,simple
6781,"Привет, сколько держится?",faq,procedure,faq_flow,augmented,complex
9971,Хочу консультацию,anamnesis,services,anamnesis_flow,variation,simple
2150,Администратор очень помог.,feedback,positive_service,feedback_flow,augmented,simple
2745,"Здравствуйте, как проходит пломбирование?",faq,procedure,faq_flow,augmented,complex
6387,"Спасибо, всё понятно заранее спасибо 🙏",conversational,gratitude,conversation_flow,augmented,complex
10999,"Здравствуйте, отличная клиника",feedback,positive_general,feedback_flow,augmented,complex
5060,Сколько длится протезирование пожалуйста,faq,procedure,faq_flow,augmented,simple
3604,Отоклолся зуб,anamnesis,complaint,anamnesis_flow,augmented,simple
8187,Спасибо за информацию спасибо,conversational,gratitude,conversation_flow,augmented,simple
6708,Довольна на вс е100% спасибо,feedback,positive_general,feedback_flow,augmented,simple
5272,Спс...,conversational,gratitude,conversation_flow,augmented,simple
2620,"Подскажите, добрый день, можно перенести приём?",booking,reschedule,booking_flow,augmented,complex
9862,Теперь хожу только к авм,feedback,positive_general,feedback_flow,augmented,simple
8914,"Добрый день, пока.",conversational,farewell,conversation_flow,augmented,complex
5145,мне не перезвонили неделю пожалуйста,feedback,negative_service,escalation_flow,augmented,simple
2340,Перенос азписи,booking,reschedule,booking_flow,augmented,simple
6220,Персонал вежливый и приятный 🙏 👍,feedback,positive_staff,feedback_flow,augmented,medium
7023,МОЖНО ПЕРЕНЕСТИ НА УТРО?!,booking,reschedule,booking_flow,augmented,simple
1239,Быстро записали на понедельник заранее спасибо,feedback,positive_service,feedback_flow,augmented,medium
2629,Нужно ретсаврацию,anamnesis,services,anamnesis_flow,augmented,simple
5376,"Подскажите, пока!",conversational,farewell,conversation_flow,augmented,complex
5573,Угу 😢 заранее спасибо,conversational,confirmation,conversation_flow,augmented,simple
3365,СПС!,conversational,gratitude,conversation_flow,augmented,simple
10375,НЕ ЗНАЮ спасибо,conversational,unclear,clarification_flow,augmented,simple
8139,"Скажите, лучшиЕ стоматологи",feedback,positive_general,feedback_flow,augmented,complex
9847,лечение кариеса у Лебедевой прошло замечательно,feedback,positive_quality,feedback_flow,variation,medium
8090,Хочу пожаловаться 🙏,feedback,negative_general,escalation_flow,augmented,simple
8053,Хочу удаление,anamnesis,services,anamnesis_flow,variation,simple
6407,У меня чувствительность несколько дней?!,anamnesis,symptom,anamnesis_flow,augmented,simple
10687,ХОЧ УОСТАВИТЬ ЖАЛОБУ НА НОВИКОВА,feedback,negative_general,escalation_flow,augmented,simple
9730,Невежливое обслуживание пожалуйста,feedback,negative_staff,escalation_flow,augmented,simple
9567,Может быть 😢.,conversational,unclear,clarification_flow,augmented,simple
7873,"Здравствуйте, доброе утро!",conversational,greeting,conversation_flow,augmented,complex
1568,Адмниистратор грубил,feedback,negative_staff,escalation_flow,augmented,simple
149,ЕСТЬ ДЕТСКИЙ СТОМАТОЛОГ,faq,clinic_info,faq_flow,augmented,simple
6980,консультацию у Смирновой прошло замечательно заранее спасибо,feedback,positive_quality,feedback_flow,augmented,medium
9504,Запись к хирургу на в ближайшее время 😢,booking,new_appointment,booking_flow,augmented,medium
3516,"Подскажите, так и не перезвонили",feedback,negative_service,escalation_flow,augmented,complex
6190,Спасибо большое 😊,conversational,gratitude,conversation_flow,augmented,simple
4956,Нашёл свою килнику,feedback,positive_general,feedback_flow,augmented,simple
285,Как долго прослужит 🦷,faq,procedure,faq_flow,augmented,simple
10003,Большое спасибо спасибо,conversational,gratitude,conversation_flow,augmented,simple
2854,После лечение каналов у Смирновой стало хуже 🙏,feedback,negative_quality,escalation_flow,augmented,medium
403,Ждал с утра,feedback,negative_service,escalation_flow,variation,simple
11846,Что будут делать 👍,faq,procedure,faq_flow,augmented,simple
143,После осмотр у Морозовой стало хуже,feedback,negative_quality,escalation_flow,variation,medium
1362,Перенесите на лседующую неделю,booking,reschedule,booking_flow,augmented,simple
9009,Как проходит лечение?,faq,procedure,faq_flow,template,simple
3321,случилось откололся зуб заранее спасибо,anamnesis,complaint,anamnesis_flow,augmented,simple
11451,Сколько нельзя курить после элайнеры 👍,faq,visit_prep,faq_flow,augmented,medium
9744,Это правда необходимо спасибо...,faq,followup,faq_flow,augmented,simple
10373,Ждал двад ня,feedback,negative_service,escalation_flow,augmented,simple
5437,"Подскажите, результат лечение кариеса превзошёл ожидания",feedback,positive_quality,feedback_flow,augmented,complex
7467,"Привет, быстро записали на на следующей неделе",feedback,positive_service,feedback_flow,augmented,complex
9740,Коенчно,conversational,confirmation,conversation_flow,augmented,simple
10425,За сколько нельзя есть,faq,visit_prep,faq_flow,augmented,simple
11095,Клиника работеат как часы 😊,feedback,positive_service,feedback_flow,augmented,simple
10173,Очень долго ждал,feedback,negative_service,escalation_flow,template,simple
10034,Прикусил язык,anamnesis,complaint,anamnesis_flow,template,simple
5633,Нужно отемнить,booking,cancel,booking_flow,augmented,simple
5872,протезирование у Новикова прошло замечательно спасибо,feedback,positive_quality,feedback_flow,augmented,medium
5351,Мне не пеерзвонили давно заранее спасибо,feedback,negative_service,escalation_flow,augmented,medium
7086,коронку у Морозовой прошло замечательно,feedback,positive_quality,feedback_flow,variation,simple
4476,Ага!,conversational,confirmation,conversation_flow,augmented,simple
8603,отбеливание у Иванова прошло замечательНо 🙏,feedback,positive_quality,feedback_flow,augmented,medium
10008,быстро записали на в ближайшее время...,feedback,positive_service,feedback_flow,augmented,medium
852,"Здравствуйте, записал",conversational,confirmation,conversation_flow,augmented,complex
2732,Виниры выгляядт великолепно.,feedback,positive_quality,feedback_flow,augmented,simple
8680,Запись к имплантологу на на этой неделе.,booking,new_appointment,booking_flow,augmented,medium
8901,УДАЧИ.,conversational,farewell,conversation_flow,augmented,simple
9836,У меня боль от горячего с утра,anamnesis,symptom,anamnesis_flow,variation,medium
9574,"Отмените, пожалуйста спасибо",booking,cancel,booking_flow,augmented,complex
10858,Сколько нельзя курить после КТ,faq,visit_prep,faq_flow,augmented,simple
8670,"Привет, волкова был груб",feedback,negative_staff,escalation_flow,augmented,complex
10549,Запись к имплантологу на послезавтра 👍,booking,new_appointment,booking_flow,augmented,medium
11332,Здоорво,conversational,greeting,conversation_flow,augmented,simple
3075,"Скажите, посоветуюсь спасибо",conversational,unclear,clarification_flow,augmented,complex
6914,Что вы рекомендеуте?,faq,followup,faq_flow,augmented,simple
6441,Больно ли,faq,procedure,faq_flow,augmented,simple
4004,Мне нахаимли,feedback,negative_staff,escalation_flow,augmented,simple
11707,Запись к хИрургу на воскресенье заранее спасибо,booking,new_appointment,booking_flow,augmented,medium
5949,Удобноч то работаете среду,feedback,positive_service,feedback_flow,augmented,simple
8212,"Подскажите, здравствуйте, не рекомендую",feedback,negative_general,escalation_flow,augmented,complex
5428,Сколько нельзя заниматься спортом после виниры 👍,faq,visit_prep,faq_flow,augmented,medium
8580,"ПОДСКАЖИТЕ, НЕ ЗНАЮ",conversational,unclear,clarification_flow,augmented,complex
2604,Может быть пожалуйста?!,conversational,unclear,clarification_flow,augmented,simple
1110,снимок у Сидорова прошло замечательно 😢,feedback,positive_quality,feedback_flow,augmented,medium
9036,У меня слетела коронк а😊,anamnesis,complaint,anamnesis_flow,augmented,simple
8080,Можно ан другой день?,booking,reschedule,booking_flow,augmented,simple
10777,нижняя десна болит постоянно,anamnesis,symptom,anamnesis_flow,variation,simple
3685,"Скажите, не сейчас спасибо",conversational,unclear,clarification_flow,augmented,complex
10027,Надо подумать 🦷?,conversational,unclear,clarification_flow,augmented,simple
7833,Быстро записали на на следующей неделе!,feedback,positive_service,feedback_flow,augmented,medium
726,Добрый день 😊,conversational,greeting,conversation_flow,augmented,simple
4227,"Здравствуйте, спасибо за помощь",conversational,gratitude,conversation_flow,augmented,complex
11917,"Добрый день, возможно",conversational,unclear,clarification_flow,augmented,complex
7945,Есть кредит на лечение,faq,price,faq_flow,augmented,simple
6796,кузнецовой натсоящий профессионал,feedback,positive_staff,feedback_flow,augmented,simple
8641,Нашёл свою клинику пожалуйста,feedback,positive_general,feedback_flow,augmented,simple
7452,Довольна на все 100% 😢...,feedback,positive_general,feedback_flow,augmented,simple
4369,Не реши лещё,conversational,unclear,clarification_flow,augmented,simple
3628,Запись к детскому стоматологу на вечер.,booking,new_appointment,booking_flow,augmented,medium
6456,Болит семёрка уже несколько дней 🙏...,anamnesis,symptom,anamnesis_flow,augmented,medium
10181,Сильно болит зуб,anamnesis,symptom,anamnesis_flow,template,simple
11130,Недоволен обслуживанием пожалуйста,feedback,negative_general,escalation_flow,augmented,simple
3524,Что если не помжоет?,faq,followup,faq_flow,augmented,simple
1020,Можно перенести на утро,booking,reschedule,booking_flow,augmented,simple
8026,КТ у Морозовой прошло замечательно 🙏,feedback,positive_quality,feedback_flow,augmented,medium
1092,"Добрый день, мне не перезвонили месяц",feedback,negative_service,escalation_flow,augmented,complex
2479,Быстро записали на четверг.,feedback,positive_service,feedback_flow,augmented,simple
8398,Можно переенсти приём?,booking,reschedule,booking_flow,augmented,simple
2409,Болит нижний зуб уже месяц,anamnesis,symptom,anamnesis_flow,variation,simple
7968,Большое спасибо!!,conversational,gratitude,conversation_flow,augmented,simple
11327,Случилось треснул зуб 🦷,anamnesis,complaint,anamnesis_flow,augmented,simple
2549,Золотые руки у доктора!!,feedback,positive_staff,feedback_flow,augmented,simple
3829,Как долго прослужит,faq,procedure,faq_flow,augmented,simple
10683,Напомнили о визите заранее!,feedback,positive_service,feedback_flow,augmented,simple
251,"Привет, какая цена на реставрацию...",faq,price,faq_flow,augmented,complex
3724,Чем полоскать после удаления?,faq,visit_prep,faq_flow,template,simple
9351,Перезапишите на 18:00,booking,reschedule,booking_flow,variation,simple
3486,Запись к ортодонту на на следующей неделе,booking,new_appointment,booking_flow,variation,medium
10160,Хочу поговортиь с руководством,feedback,negative_general,escalation_flow,augmented,simple
8119,шестёрка болит периодически,anamnesis,symptom,anamnesis_flow,variation,simple
1974,У меня чувствительность со вчера спасибо,anamnesis,symptom,anamnesis_flow,augmented,medium
8151,крайне недоволен...,feedback,negative_general,escalation_flow,augmented,simple
11006,"Скажите, не смогу прийти, уезжаю",booking,cancel,booking_flow,augmented,complex
2965,Коронка слетела заранее спасибо,anamnesis,complaint,anamnesis_flow,augmented,simple
11616,Удобно что работаетен а следующей неделе,feedback,positive_service,feedback_flow,augmented,medium
11326,"Скажите, работаете в субботу?",faq,clinic_info,faq_flow,augmented,complex
11585,Моя любимая клиника 🦷.,feedback,positive_general,feedback_flow,augmented,simple
10753,шестёрка немного болит,anamnesis,symptom,anamnesis_flow,variation,simple
9119,Принимаете pAple Pay?,faq,clinic_info,faq_flow,augmented,simple
9251,Не знаю заранее спасибо,conversational,unclear,clarification_flow,augmented,simple
11375,Интересует профгигиену спасибо,anamnesis,services,anamnesis_flow,augmented,simple
8338,"Скажите, договорились",conversational,confirmation,conversation_flow,augmented,complex
11567,Отнеслись наплевательски заранее спасибо,feedback,negative_staff,escalation_flow,augmented,simple
7177,Посл евиниры у Морозовой стало хуже,feedback,negative_quality,escalation_flow,augmented,medium
10842,Алло 🦷,conversational,greeting,conversation_flow,augmented,simple
5866,"Поясните, пожалуйста заранее спасибо",faq,followup,faq_flow,augmented,complex
3590,"Спасибо, всё понятно",conversational,gratitude,conversation_flow,template,simple
10213,чистку это больно 😊...,faq,procedure,faq_flow,augmented,simple
1839,Запись к терапевту на пятницу,booking,new_appointment,booking_flow,variation,simple
2542,Сколько нельзя есть после протезирование 😊,faq,visit_prep,faq_flow,augmented,medium
10910,"Здравствуйте, скажите, можно записаться онлайн?",faq,clinic_info,faq_flow,augmented,complex
4724,Склоько стоит профгигиену?,faq,price,faq_flow,augmented,simple
10974,Нужно брекеты,anamnesis,services,anamnesis_flow,variation,simple
9459,Зуб трЕснул...,anamnesis,complaint,anamnesis_flow,augmented,simple
3040,ЕСТЬ АЛЬТЕРНАТИВЫ,faq,procedure,faq_flow,augmented,simple
8079,Ест ьли скидки?,faq,price,faq_flow,augmented,simple
6847,Перезвоню!!,conversational,unclear,clarification_flow,augmented,simple
9367,Сколько нельзя пить алкоголь после элайнеры пожалуйста,faq,visit_prep,faq_flow,augmented,medium
7043,Быстро записали на в ближайшее время?,feedback,positive_service,feedback_flow,augmented,medium
4862,Можно перенести на сегодня,booking,reschedule,booking_flow,augmented,simple
6066,пломбирование у Морозовой прошло замечательно,feedback,positive_quality,feedback_flow,variation,simple
11115,"Подскажите, быстро записали на четверг",feedback,positive_service,feedback_flow,augmented,complex
10438,Быстро записали на воскресенье?,feedback,positive_service,feedback_flow,augmented,simple
8855,"Здравствуйте, отбеливание не помогло",feedback,negative_quality,escalation_flow,augmented,complex
6199,Не нзаю,conversational,unclear,clarification_flow,augmented,simple
4554,"Привет, добрый вечер",conversational,greeting,conversation_flow,augmented,complex
1114,Сколько нельзя заниматься спортом после реставрацию?,faq,visit_prep,faq_flow,variation,medium
10441,Можно на на этой неделе заранее спасибо,booking,new_appointment,booking_flow,augmented,medium
6593,пока не решил 🙏,conversational,unclear,clarification_flow,augmented,simple
9845,Здрасте 🦷,conversational,greeting,conversation_flow,augmented,simple
7361,Хочу поставить коронку,anamnesis,services,anamnesis_flow,template,simple
4046,Случилось слетела коронка спасибо,anamnesis,complaint,anamnesis_flow,augmented,simple
1562,Элайнер треснул 😊,anamnesis,complaint,anamnesis_flow,augmented,simple
4451,До сокрого,conversational,farewell,conversation_flow,augmented,simple
3421,А что будете сли?,faq,followup,faq_flow,augmented,simple
10280,"Привет, сколько нельзя пить алкоголь после снимок пожалуйста",faq,visit_prep,faq_flow,augmented,complex
2361,У меня чувствительность день!!,anamnesis,symptom,anamnesis_flow,augmented,simple
8128,"Скажите, подскажите, после лечения у Лебедевой боль осталась",feedback,negative_quality,escalation_flow,augmented,complex
4486,У меня кровоточивость несколько дней,anamnesis,symptom,anamnesis_flow,variation,simple
10959,"Жду уже день, никто не подходит.",feedback,negative_service,escalation_flow,augmented,complex
5215,"Здравствуйте, принято",conversational,confirmation,conversation_flow,augmented,complex
542,Сколько нельзя заниматься спортом после брекеты?!,faq,visit_prep,faq_flow,augmented,medium
5523,Результат чистку превзошёл ожидания,feedback,positive_quality,feedback_flow,variation,simple
7811,"треснул зуб, что делать пожалуйста",anamnesis,complaint,anamnesis_flow,augmented,complex
2964,Быстро записали на вечер!!,feedback,positive_service,feedback_flow,augmented,simple
6701,"Здравствуйте, сКОЛЬКО НЕЛЬЗЯ ЕСТЬ ПОСЛЕ РЕСТАВРАЦИЮ?",faq,visit_prep,faq_flow,augmented,complex
11881,Посвоетуюсь,conversational,unclear,clarification_flow,augmented,simple
5770,Записал 👍,conversational,confirmation,conversation_flow,augmented,simple
2890,"Добрый день, привет, отказ от записи",booking,cancel,booking_flow,augmented,complex
1201,Результат пломбирование превзошёл ожидания,feedback,positive_quality,feedback_flow,variation,simple
6773,Это возмутительно спасибо 😊,feedback,negative_general,escalation_flow,augmented,simple
2835,Что нельзя после реставрацию заранее спасибо,faq,visit_prep,faq_flow,augmented,medium
11213,"Привет, цена отбеливания?",faq,price,faq_flow,augmented,complex
7991,"Подскажите, понял...",conversational,confirmation,conversation_flow,augmented,complex
9307,Врачв нушает доверие...,feedback,positive_staff,feedback_flow,augmented,simple
7939,КТ сколько стоит?,faq,price,faq_flow,variation,simple
5144,клиника просто супер пожалуйста,feedback,positive_general,feedback_flow,augmented,simple
6149,Интересует лечение каналов 👍,anamnesis,services,anamnesis_flow,augmented,simple
611,БОЛИТ ДСЕНА УЖЕ НЕСКОЛЬКО ДНЕЙ,anamnesis,symptom,anamnesis_flow,augmented,simple
1510,Случилось выпала пломба 😢,anamnesis,complaint,anamnesis_flow,augmented,simple
7087,"Скажите, как проходит имплантацию?",faq,procedure,faq_flow,augmented,complex
10612,После пломбирование у Морозовой стало хуже.,feedback,negative_quality,escalation_flow,augmented,medium
6437,Перезвон ю🙏,conversational,unclear,clarification_flow,augmented,simple
5679,"Добрый день, хорошо 👍",conversational,confirmation,conversation_flow,augmented,complex
10347,Смирновой настоящий профессионал 🙏,feedback,positive_staff,feedback_flow,augmented,simple
10125,Козловой отнёсся невнимательно 🦷,feedback,negative_staff,escalation_flow,augmented,simple
1788,"Здравствуйте, прощайте спасибо",conversational,farewell,conversation_flow,augmented,complex
8893,Быстро записали на вечер заранее спасибо,feedback,positive_service,feedback_flow,augmented,medium
648,ассистент была очень заботливая.,feedback,positive_staff,feedback_flow,augmented,simple
7267,"Добрый день, здравствуйте, как связаться?",faq,clinic_info,faq_flow,augmented,complex
1144,"ЗДРАВСТВУЙТЕ, МОЖНО ПЕРЕНЕСТИ НА УТРО?",booking,reschedule,booking_flow,augmented,complex
6915,Можно перенести на сегодня заранее спасибо,booking,reschedule,booking_flow,augmented,medium
306,"Подскажите, хочу оставить жалобу на Сидорова",feedback,negative_general,escalation_flow,augmented,complex
4237,осмотр у Морозовой прошло замечательно,feedback,positive_quality,feedback_flow,variation,simple
6361,Запись к хирургу на послезавтра пожалуйста,booking,new_appointment,booking_flow,augmented,medium
8238,врач волкова не объяснил?!,feedback,negative_staff,escalation_flow,augmented,simple
7683,Запись к ортодонту на среду,booking,new_appointment,booking_flow,variation,simple
9988,Петровой очень внимательный 🙏,feedback,positive_staff,feedback_flow,augmented,simple
6245,почём чискту?,faq,price,faq_flow,augmented,simple
7135,Сколько длится ерставрацию,faq,procedure,faq_flow,augmented,simple
9495,"Скажите, жду уже с утра, никто не подходит",feedback,negative_service,escalation_flow,augmented,complex
10634,Сколько нельзя пить после удаление!,faq,visit_prep,faq_flow,augmented,simple
1245,коронкуэ то больно?,faq,procedure,faq_flow,augmented,simple
9008,Лучшие сТоматологи...,feedback,positive_general,feedback_flow,augmented,simple
57,какая цена на пломбирование пожалуйста,faq,price,faq_flow,augmented,simple
10557,Нужно отменить!!,booking,cancel,booking_flow,augmented,simple
3471,"Подскажите, нужно консультацию",anamnesis,services,anamnesis_flow,augmented,complex
4788,спасибо большое 🙏,conversational,gratitude,conversation_flow,augmented,simple
1437,лечение каналов у Смирновой прошло замечательно,feedback,positive_quality,feedback_flow,variation,medium
1457,"Добрый день, подскажите, пока",conversational,farewell,conversation_flow,augmented,complex
10016,ПЛОМБИРОВАНИЕ У СМИРНОВОЙ ПРОШЛО ЗАМЕЧАТЕЛЬНО ЗАРАНЕЕ СПАСИБО,feedback,positive_quality,feedback_flow,augmented,medium
4610,Приветствую 😢 спасибо,conversational,greeting,conversation_flow,augmented,simple
1584,Добрео утро!,conversational,greeting,conversation_flow,augmented,simple
252,Записаться к терапевту заранее спасибо,booking,new_appointment,booking_flow,augmented,simple
6540,Всем рекомендую!!,feedback,positive_general,feedback_flow,augmented,simple
9686,Понял 🙏,conversational,confirmation,conversation_flow,augmented,simple
1022,"Спасибо, всё понравилось спасибо",feedback,positive_general,feedback_flow,augmented,complex
3922,отбеливание у Сидорова прошло замечательно,feedback,positive_quality,feedback_flow,variation,simple
10744,Врач Сидорова не объяснил.,feedback,negative_staff,escalation_flow,augmented,simple
2109,"Скажите, до свидания",conversational,farewell,conversation_flow,augmented,complex
570,Мне не перезвонили со вчера,feedback,negative_service,escalation_flow,variation,simple
6008,Внимательное отношение к пациентам спасибо,feedback,positive_staff,feedback_flow,augmented,simple
2463,"Скажите, нижний зуб болит сильно 🙏",anamnesis,symptom,anamnesis_flow,augmented,complex
9370,Как проходит ресатврацию.,faq,procedure,faq_flow,augmented,simple
4318,ЕСТЬ ЛИ СКИДКИ,faq,price,faq_flow,augmented,simple
7859,Добрый день 😊 спасибо,conversational,greeting,conversation_flow,augmented,simple
4195,Ждал со вчреа!,feedback,negative_service,escalation_flow,augmented,simple
11693,Запись к ортопеду на субботу,booking,new_appointment,booking_flow,variation,simple
7201,"Подскажите, нужна имплантация",anamnesis,services,anamnesis_flow,augmented,complex
3324,Хочу оставить жалобу на Морозовой...,feedback,negative_general,escalation_flow,augmented,simple
4107,Запись к челюстно-лицевому хирургу на субботу,booking,new_appointment,booking_flow,variation,medium
1371,Администратор была очень вежливая 🦷,feedback,positive_service,feedback_flow,augmented,simple
10067,Можно на вечер?,booking,new_appointment,booking_flow,variation,simple
7330,"подскажите, запишите на чистку",booking,new_appointment,booking_flow,augmented,complex
7172,Болит зуб мудрости уже два дня!!,anamnesis,symptom,anamnesis_flow,augmented,medium
11074,пеердний зуб болит очень,anamnesis,symptom,anamnesis_flow,augmented,simple
11405,"Подскажите, имплантацию это больно?",faq,procedure,faq_flow,augmented,complex
8522,ПревосходНый сервис?!,feedback,positive_general,feedback_flow,augmented,simple
1454,Как подготовиться к КТ!,faq,visit_prep,faq_flow,augmented,simple
10558,Наверное 😊,conversational,unclear,clarification_flow,augmented,simple
8281,Не сообщили о переносе заранее спасибо,feedback,negative_service,escalation_flow,augmented,medium
7436,У МЕНЯ ОТЁК НЕДЕЛЮ 😊,anamnesis,symptom,anamnesis_flow,augmented,simple
431,Приветствую 🦷 😢,conversational,greeting,conversation_flow,augmented,simple
294,Ничего не объяснили!!,feedback,negative_staff,escalation_flow,augmented,simple
9262,Доктор настоящий профессионал пожалуйста,feedback,positive_staff,feedback_flow,augmented,simple
1878,"Здравствуйте, пока!",conversational,farewell,conversation_flow,augmented,complex
9499,"Подскажите, посоветуюсь",conversational,unclear,clarification_flow,augmented,complex
798,Всё чётко организоавно?!,feedback,positive_service,feedback_flow,augmented,simple
10219,Нужно отменить 😊,booking,cancel,booking_flow,augmented,simple
3147,"Отмените запись, занят на работе!",booking,cancel,booking_flow,augmented,complex
8526,После лечение кариеса всё отлично,feedback,positive_quality,feedback_flow,variation,simple
211,Запись к гигиенисту на пятницу,booking,new_appointment,booking_flow,variation,simple
2438,Можно перенести на вторник 😊,booking,reschedule,booking_flow,augmented,simple
2808,КАК ПРОХОДИТ ВИНИРЫ 🙏,faq,procedure,faq_flow,augmented,simple
6774,"Подскажите, здравствуйте.",conversational,greeting,conversation_flow,augmented,complex
3565,Что нельзя после лечение кариеса,faq,visit_prep,faq_flow,augmented,simple
6901,Врач Волкова всё подробно объяснил!,feedback,positive_staff,feedback_flow,augmented,simple
7894,Случилось откололся зуб заранее спасибо.,anamnesis,complaint,anamnesis_flow,augmented,simple
268,Очень доволен клиникой,feedback,positive_general,feedback_flow,template,simple
6664,а можно по-другому пожалуйста,faq,followup,faq_flow,augmented,simple
2256,У меня боль от горячего давно,anamnesis,symptom,anamnesis_flow,variation,medium
3407,До встречи 🦷,conversational,farewell,conversation_flow,augmented,simple
7034,Спсаибо за помощь,conversational,gratitude,conversation_flow,augmented,simple
3020,какп роходит профгигиену?,faq,procedure,faq_flow,augmented,simple
3121,чистку у Новикова прошло замечательно,feedback,positive_quality,feedback_flow,variation,simple
5439,имплантацию у Петровой прошло замечательно,feedback,positive_quality,feedback_flow,variation,simple
837,Кузнецовой настоящий профессионал,feedback,positive_staff,feedback_flow,variation,simple
6026,"Подскажите, добрый день, пока",conversational,farewell,conversation_flow,augmented,complex
2991,Врач всё подробно рассказал заранее спасибо,feedback,positive_staff,feedback_flow,augmented,medium
11462,Можно перенести на утро!,booking,reschedule,booking_flow,augmented,simple
5394,чисткуу  Петровой прошло замечательно,feedback,positive_quality,feedback_flow,augmented,simple
7503,чистку у Морозовой прошло замечательно,feedback,positive_quality,feedback_flow,variation,simple
303,"Подскажите, петровой был груб",feedback,negative_staff,escalation_flow,augmented,complex
8726,Хочу оставить жалобу на Иванова,feedback,negative_general,escalation_flow,variation,simple
2498,После отбеливание у Морозовой стало хуже,feedback,negative_quality,escalation_flow,variation,medium
6587,"ПОДСКАЖИТЕ, РАБОТАЕТЕ В ПРАЗДНИКИ?",faq,clinic_info,faq_flow,augmented,complex
5397,Добро еутро!,conversational,greeting,conversation_flow,augmented,simple
11235,Хочу красивую улыбку заранее спасибо,anamnesis,services,anamnesis_flow,augmented,simple
326,Снимите меня с записи,booking,cancel,booking_flow,template,simple
4649,Как подготовиться к коронку!!,faq,visit_prep,faq_flow,augmented,simple
1678,Где находится клинкиа?,faq,clinic_info,faq_flow,augmented,simple
9165,Волкова настоящий профессионал,feedback,positive_staff,feedback_flow,variation,simple
8303,После реставрацию у Петровой стало хуже,feedback,negative_quality,escalation_flow,variation,medium
7526,ДО СКОРОГО.,conversational,farewell,conversation_flow,augmented,simple
4209,Случилось выпала пломба,anamnesis,complaint,anamnesis_flow,variation,simple
1044,А обязательно спасибо пожалуйста,faq,followup,faq_flow,augmented,simple
3024,зуб болит очень,anamnesis,symptom,anamnesis_flow,variation,simple
4634,Ага 🦷,conversational,confirmation,conversation_flow,augmented,simple
3894,Лебедевой настоящий профессионал 🦷,feedback,positive_staff,feedback_flow,augmented,simple
7515,"Здравствуйте, точно нужно?",faq,followup,faq_flow,augmented,complex
9101,ГДЕ ВЫ НАХОИДТЕСЬ?,faq,clinic_info,faq_flow,augmented,simple
100,"скажите, не совсем понял",faq,followup,faq_flow,augmented,complex
2123,"Здравствуйте, случилось откололся зуб",anamnesis,complaint,anamnesis_flow,augmented,complex
11334,имплантацию сколько стоит?!,faq,price,faq_flow,augmented,simple
10526,А если не поможет 👍,faq,followup,faq_flow,augmented,simple
512,коренной зуб болит очень,anamnesis,symptom,anamnesis_flow,variation,simple
1863,Благодарю за работу.,feedback,positive_general,feedback_flow,augmented,simple
7513,лечение кариеса не помогло,feedback,negative_quality,escalation_flow,variation,simple
7381,"Здравствуйте, где оставит ьжалобу?",feedback,negative_general,escalation_flow,augmented,complex
109,После реставрацию у Смирновой стало хуже,feedback,negative_quality,escalation_flow,variation,medium
4281,Приду!,conversational,confirmation,conversation_flow,augmented,simple
4323,Врач опоздал на полчаса 😊,feedback,negative_service,escalation_flow,augmented,simple
9968,"Отмените запись, форс-мажор!!",booking,cancel,booking_flow,augmented,complex
7119,Здорвоо спасибо,conversational,greeting,conversation_flow,augmented,simple
7327,Хоршоего дня?!,conversational,farewell,conversation_flow,augmented,simple
10235,У меня слетела коронка заранее спасибо,anamnesis,complaint,anamnesis_flow,augmented,medium
5002,Превосходный сервис 👍,feedback,positive_general,feedback_flow,augmented,simple
7430,Перенесите на понедельник спасибо,booking,reschedule,booking_flow,augmented,simple
9921,Очень благодарен пожалуйста 😊,conversational,gratitude,conversation_flow,augmented,simple
6946,Удобно что работаете понедельник!!,feedback,positive_service,feedback_flow,augmented,simple
9522,"Добрый день, можно перенести на в ближайшее время?",booking,reschedule,booking_flow,augmented,complex
4189,Пока?!,conversational,farewell,conversation_flow,augmented,simple
5255,Эй 😊,conversational,greeting,conversation_flow,augmented,simple
9457,"Скажите, отбеливание это больно 👍",faq,procedure,faq_flow,augmented,complex
1744,ПрИду 😊,conversational,confirmation,conversation_flow,augmented,simple
11145,Сколько нельзя пить после удаление?,faq,visit_prep,faq_flow,variation,simple
533,Работаете в утро,faq,clinic_info,faq_flow,augmented,simple
6409,Виниры выглядят великолепно заранее спасибо,feedback,positive_quality,feedback_flow,augmented,simple
11911,"Скажите, у меня слетела коронка пожалуйста",anamnesis,complaint,anamnesis_flow,augmented,complex
2276,После элайнеры всё отлично,feedback,positive_quality,feedback_flow,variation,simple
4953,Можно перенести на на следующей неделе?,booking,reschedule,booking_flow,variation,medium
9794,"Подскажите, перенесите на в ближайшее время",booking,reschedule,booking_flow,augmented,complex
6381,"Привет, все объяснили понятно",feedback,positive_staff,feedback_flow,augmented,complex
7037,"Подскажите, принимаете рассрочку?",faq,clinic_info,faq_flow,augmented,complex
11413,"Добрый день, можно позже?",booking,reschedule,booking_flow,augmented,complex
8227,Что выр екомендуете 👍,faq,followup,faq_flow,augmented,simple
11618,Врач был груб?!,feedback,negative_staff,escalation_flow,augmented,simple
114,Удобный нолайн-сервис,feedback,positive_service,feedback_flow,augmented,simple
8907,ГДЕ ОСТАВИТЬ ЖАЛОБУ спасибо,feedback,negative_general,escalation_flow,augmented,simple
10050,виниры у Новикова прошло замечательно,feedback,positive_quality,feedback_flow,variation,simple
4246,Врач Новикова всё подробно объяснил,feedback,positive_staff,feedback_flow,variation,simple
6607,"Подскажите, хорОшо",conversational,confirmation,conversation_flow,augmented,complex
1156,"Здравствуйте, врач Лебедевой не объяснил",feedback,negative_staff,escalation_flow,augmented,complex
5450,"Добрый день, до свидания заранее спасибо",conversational,farewell,conversation_flow,augmented,complex
3284,После отбеливание у Волкова стало хуже 🙏!!,feedback,negative_quality,escalation_flow,augmented,medium
6169,"не смогу прийти, форс-мажор спасибо",booking,cancel,booking_flow,augmented,complex
10866,Работаете в на этой неделе...,faq,clinic_info,faq_flow,augmented,simple
2228,Не смог дозвониться,feedback,negative_service,escalation_flow,template,simple
11783,Алло 😢,conversational,greeting,conversation_flow,augmented,simple
3735,Буду обращаться только к вам спасибо,feedback,positive_general,feedback_flow,augmented,medium
9010,Цена отбеливания 🦷 заранее спасибо,faq,price,faq_flow,augmented,simple
4865,Конечно?,conversational,confirmation,conversation_flow,augmented,simple
2934,Врач Новикова всё подробно объяснил спасибо 😊,feedback,positive_staff,feedback_flow,augmented,medium
9419,После чистку у Новикова стало хуже,feedback,negative_quality,escalation_flow,variation,medium
443,Перезпаишите на 18:00,booking,reschedule,booking_flow,augmented,simple
11211,Большое аспсибо,conversational,gratitude,conversation_flow,augmented,simple
1978,Перезвоню пожалуйста,conversational,unclear,clarification_flow,augmented,simple
11681,Треснул зуб.,anamnesis,complaint,anamnesis_flow,augmented,simple
8186,Хочу оставить жалобу на Кузнецовой!,feedback,negative_general,escalation_flow,augmented,simple
9946,НЕ СМОГ ДОЗВОНИТЬСЯ 🙏,feedback,negative_service,escalation_flow,augmented,simple
8364,"Здравствуйте, какие ещё варианты?",faq,followup,faq_flow,augmented,complex
9306,"Скажите, хочу оставить жалобу на лебедевой",feedback,negative_general,escalation_flow,augmented,complex
11269,Раобтаете в пятницу?,faq,clinic_info,faq_flow,augmented,simple
1215,Хочуп оговорить с руководством,feedback,negative_general,escalation_flow,augmented,simple
11871,"Добрый день, работаете в на этой неделе?",faq,clinic_info,faq_flow,augmented,complex
4529,После отбеливание у Иванова стало хуже?!,feedback,negative_quality,escalation_flow,augmented,medium
10319,"Добрый день, очень доволен клиникой",feedback,positive_general,feedback_flow,augmented,complex
11229,Сколько нельзя заинматься спортом после элайнеры?,faq,visit_prep,faq_flow,augmented,medium
4166,Можно перенести на на этой неделе...,booking,reschedule,booking_flow,augmented,medium
9500,Какие ещё варианты 👍,faq,followup,faq_flow,augmented,simple
6534,Хорошо!,conversational,confirmation,conversation_flow,template,simple
2886,Беспокоит боль от горячего,anamnesis,symptom,anamnesis_flow,variation,simple
5108,У меня откололся узб,anamnesis,complaint,anamnesis_flow,augmented,simple
690,"Привет, буду пожалуйста",conversational,confirmation,conversation_flow,augmented,complex
4128,Запись к челюстно-лицевому хирургу на в ближайшее время,booking,new_appointment,booking_flow,variation,medium
9955,А если я не буду?!,faq,followup,faq_flow,augmented,simple
4149,пломбирование не помогло,feedback,negative_quality,escalation_flow,variation,simple
9080,Хочу остваить жалобУ на Морозовой,feedback,negative_general,escalation_flow,augmented,simple
8105,"ЗДРАВСТВУЙТЕ, А ЕСЛИ НЕ ПОМОЖЕТ?",faq,followup,faq_flow,augmented,complex
297,Работаете в вторник?,faq,clinic_info,faq_flow,variation,simple
4515,"Привет, здравствуйте, спасибо, всё понравилось",feedback,positive_general,feedback_flow,augmented,complex
3768,А можно по-другому!!,faq,followup,faq_flow,augmented,simple
9189,Почём чистка спасибо,faq,price,faq_flow,augmented,simple
2607,"треснул зуб, что делать?",anamnesis,complaint,anamnesis_flow,variation,simple
5657,Не сйечас,conversational,unclear,clarification_flow,augmented,simple
2348,"Здравствуйте, приду к вам ещё",feedback,positive_general,feedback_flow,augmented,complex
8160,ЗУБ ПОТЕМНЕЛ!!,anamnesis,complaint,anamnesis_flow,augmented,simple
3257,"Добрый день, нужно консультацию 😢",anamnesis,services,anamnesis_flow,augmented,complex
5177,ЖдАл ндеелю,feedback,negative_service,escalation_flow,augmented,simple
3469,Запись к ортодонту на вечер,booking,new_appointment,booking_flow,variation,simple
791,Как подготовиться к приёму?,faq,visit_prep,faq_flow,template,simple
2840,Есть лазер?,faq,clinic_info,faq_flow,variation,simple
1876,"Добрый день, надо подумать",conversational,unclear,clarification_flow,augmented,complex
1170,морозовой был груб заранее спасибо,feedback,negative_staff,escalation_flow,augmented,simple
5105,У меня слетела коронка 😊,anamnesis,complaint,anamnesis_flow,augmented,simple
4540,Результат радует!,feedback,positive_quality,feedback_flow,augmented,simple
5902,Сколько нельзя пить алкоголь после удаление?,faq,visit_prep,faq_flow,variation,medium
4618,Телефон не отвечает!!,feedback,negative_service,escalation_flow,augmented,simple
9903,"Да,к онечно",conversational,confirmation,conversation_flow,augmented,complex
8260,"Добрый день, алло",conversational,greeting,conversation_flow,augmented,complex
6126,После коронку у Кузнецовой стало хуже заранее спасибо,feedback,negative_quality,escalation_flow,augmented,medium
3399,Сколько длится элайнеры,faq,procedure,faq_flow,augmented,simple
4784,Отказ от записи 🙏,booking,cancel,booking_flow,augmented,simple
11315,"Добрый день, после чистку у Волкова стало хуже",feedback,negative_quality,escalation_flow,augmented,complex
10661,Как подготовиться к лЕчение каналов 😊,faq,visit_prep,faq_flow,augmented,medium
11013,"Скажите, отмените запись, заболел",booking,cancel,booking_flow,augmented,complex
6019,"Здравствуйте, хочу почистить зубы",anamnesis,services,anamnesis_flow,augmented,complex
9177,"Скажите, жду уже неделю, никто не подходит",feedback,negative_service,escalation_flow,augmented,complex
11875,Запись к челюстно-лицевому хирургу на в ближайшее время 🦷,booking,new_appointment,booking_flow,augmented,medium
3056,Хочу оставить жалобу пожалуйста,feedback,negative_general,escalation_flow,augmented,simple
3569,Позже...,conversational,unclear,clarification_flow,augmented,simple
8952,Зубы выровнялись как надо!!,feedback,positive_quality,feedback_flow,augmented,simple
651,Хорошего дня?,conversational,farewell,conversation_flow,augmented,simple
6054,удаление у Новикова прошло замечательно!,feedback,positive_quality,feedback_flow,augmented,simple
2677,появилась язвочка во рту 🙏,anamnesis,complaint,anamnesis_flow,augmented,simple
5268,здрасте пожалуйста,conversational,greeting,conversation_flow,augmented,simple
1595,Сколько длится элайнеры?,faq,procedure,faq_flow,variation,simple
2253,"Здравствуйте, зуб потемнел",anamnesis,complaint,anamnesis_flow,augmented,complex
3038,Хочу оставитьж алобу на Петровой,feedback,negative_general,escalation_flow,augmented,simple
7317,"Добрый день, пока не решил",conversational,unclear,clarification_flow,augmented,complex
1985,после протезирование у козловой стало хуже 👍,feedback,negative_quality,escalation_flow,augmented,medium
4203,Не смогу прийти 🦷!!,booking,cancel,booking_flow,augmented,simple
9527,Что делать еслио тёк,faq,visit_prep,faq_flow,augmented,simple
11780,Алло 😊,conversational,greeting,conversation_flow,augmented,simple
5724,ОТЛИЧНАЯ КЛИНКИА,feedback,positive_general,feedback_flow,augmented,simple
4142,Администартор нахамил заранее спасибо,feedback,negative_staff,escalation_flow,augmented,simple
5123,МОНЖО НА В БЛИЖАЙШЕЕ ВРЕМЯ?,booking,new_appointment,booking_flow,augmented,simple
10556,"Подскажите, очень доволен клиникой 😢",feedback,positive_general,feedback_flow,augmented,complex
8483,КАК ПОДГОТОВИТЬСЯ К СНИМОК 👍,faq,visit_prep,faq_flow,augmented,simple
10618,Отзывчивый администратор,feedback,positive_service,feedback_flow,template,simple
7608,Отказ от заипси,booking,cancel,booking_flow,augmented,simple
7079,"Добрый день, результат профгигиену превзошёл ожидания спасибо",feedback,positive_quality,feedback_flow,augmented,complex
6065,брекеты у Смирновой прошло замечательно,feedback,positive_quality,feedback_flow,variation,simple
9722,"Подскажите, хочу отказаться от записи",booking,cancel,booking_flow,augmented,complex
11566,После реставрацию у Сидорова стало хуже,feedback,negative_quality,escalation_flow,variation,medium
364,"Скажите, сКОЛЬКО НЕЛЬЗЯ ПИТЬ ПОСЛЕ ЛЕЧЕНИЕ КАНАЛОВ?",faq,visit_prep,faq_flow,augmented,complex
6977,Сколько нельзя курить после лечение каналов спасибо,faq,visit_prep,faq_flow,augmented,medium
2451,А можно по-другому 😊,faq,followup,faq_flow,augmented,simple
5132,"Привет, добрый вечер?!",conversational,greeting,conversation_flow,augmented,complex
11024,Сколько нельзя пить алкоголь после лечение каналов 😢,faq,visit_prep,faq_flow,augmented,medium
10718,"Подскажите, позже",conversational,unclear,clarification_flow,augmented,complex
8425,Запись к терапевту на среду,booking,new_appointment,booking_flow,variation,simple
6266,Удобно что работаете сегодня 😢,feedback,positive_service,feedback_flow,augmented,simple
5063,Не уверен заранее спасибо?,conversational,unclear,clarification_flow,augmented,simple
10944,Уберите мою запись пожалуйста,booking,cancel,booking_flow,augmented,simple
10092,Хочу пожаловатсья?,feedback,negative_general,escalation_flow,augmented,simple
8133,Брекеты сделали своё дело,feedback,positive_quality,feedback_flow,template,simple
11339,"Привет, врач Новикова всё подробон объяснил",feedback,positive_staff,feedback_flow,augmented,complex
1378,После снимок у Новикова стало хуже,feedback,negative_quality,escalation_flow,variation,medium
1853,шестёрка болит немного,anamnesis,symptom,anamnesis_flow,variation,simple
1573,Лебедевой был груб спасибо,feedback,negative_staff,escalation_flow,augmented,simple
8586,Мне не перезвонили заранее спасибо,feedback,negative_service,escalation_flow,augmented,simple
6533,"Добрый день, вСЕГО ХОРОШЕГО",conversational,farewell,conversation_flow,augmented,complex
8649,Новикова настоящий профессионал спасибо,feedback,positive_staff,feedback_flow,augmented,simple
5768,Мне не перезвонили с утра 😊,feedback,negative_service,escalation_flow,augmented,medium
1973,"Здравствуйте, сколько нельзя заниматься спортом после лечение кариеса?",faq,visit_prep,faq_flow,augmented,complex
3566,Удобно что работаете на следующей неделе заранее спасибо,feedback,positive_service,feedback_flow,augmented,medium
889,Нужно чистку пожалуйста,anamnesis,services,anamnesis_flow,augmented,simple
2985,Профессиональная работа 👍,feedback,positive_quality,feedback_flow,augmented,simple
6471,Эй 👍!!,conversational,greeting,conversation_flow,augmented,simple
2496,Удобно что работаете вторник,feedback,positive_service,feedback_flow,variation,simple
6812,Всего хорошего 👍...,conversational,farewell,conversation_flow,augmented,simple
8849,Где оставить жалобу!!,feedback,negative_general,escalation_flow,augmented,simple
11810,Интересуют виниры,anamnesis,services,anamnesis_flow,template,simple
49,Я ВАМ ПЕРЕВЗОНЮ,conversational,unclear,clarification_flow,augmented,simple
3207,ЛЕБЕДЕВОЙ БЫЛ ГРУБ 😢,feedback,negative_staff,escalation_flow,augmented,simple
8426,Где сотавить жалобу?,feedback,negative_general,escalation_flow,augmented,simple
208,верхняя десна болит очень,anamnesis,symptom,anamnesis_flow,variation,simple
8940,"да, хорошо 😊",conversational,confirmation,conversation_flow,augmented,complex
11344,НЕВЕЛЖИВОЕ ОБСЛУЖИВАНИЕ,feedback,negative_staff,escalation_flow,augmented,simple
8111,После пломбирование у КузнЕцовой стало хуже?!,feedback,negative_quality,escalation_flow,augmented,medium
4513,"Привет, врач Смирновой всё подробно объяснил",feedback,positive_staff,feedback_flow,augmented,complex
10922,Возможно...,conversational,unclear,clarification_flow,augmented,simple
2455,Врач всё подробно рассакзал?,feedback,positive_staff,feedback_flow,augmented,simple
896,ПоКа 🙏,conversational,farewell,conversation_flow,augmented,simple
11085,Есть скидки пенсионерам?,faq,price,faq_flow,template,simple
863,ХОЧУ ЭЛАНЙЕРЫ,anamnesis,services,anamnesis_flow,augmented,simple
11712,спасибо за помощь 😊,conversational,gratitude,conversation_flow,augmented,simple
9234,Нужно консультацию,anamnesis,services,anamnesis_flow,variation,simple
11803,Удобно что работаете понедельник,feedback,positive_service,feedback_flow,variation,simple
9838,Ладно 😢,conversational,confirmation,conversation_flow,augmented,simple
9687,Сколько длитяс удаление 👍,faq,procedure,faq_flow,augmented,simple
11663,"Добрый день, что вы рекомендуете спасибо",faq,followup,faq_flow,augmented,complex
8558,Добрый евчер!,conversational,greeting,conversation_flow,augmented,simple
6349,Недоволен обслуживанием в клинике!!,feedback,negative_general,escalation_flow,augmented,simple
2672,Хорошего дня пожалуйста?!,conversational,farewell,conversation_flow,augmented,simple
8717,Спасибо за информацию 😢,conversational,gratitude,conversation_flow,augmented,simple
7856,Переенсите на вторник,booking,reschedule,booking_flow,augmented,simple
6170,элайнеры у Сидорова прошло замечательно,feedback,positive_quality,feedback_flow,variation,simple
86,Сколько нельзя пить алкоголь после виниры!!,faq,visit_prep,faq_flow,augmented,medium
9122,"ЗДРАВСТВУЙТЕ, ВСЕМ РЕКОМЕНДУЮ",feedback,positive_general,feedback_flow,augmented,complex
8615,"Скажите, добрый день, очередь огромная",feedback,negative_service,escalation_flow,augmented,complex
2440,Пломбав ыпала,anamnesis,complaint,anamnesis_flow,augmented,simple
9409,После профгигиену всё отлично,feedback,positive_quality,feedback_flow,variation,simple
244,После приёма болит сильнее,feedback,negative_quality,escalation_flow,template,simple
5687,Можно перенетси на четверг?,booking,reschedule,booking_flow,augmented,simple
1604,Недоволен обслуживанием в клинике?,feedback,negative_general,escalation_flow,augmented,simple
3134,Может быть спасибо...,conversational,unclear,clarification_flow,augmented,simple
4509,Свободно ли завтра?,booking,new_appointment,booking_flow,template,simple
6561,Благодарю вас,conversational,gratitude,conversation_flow,template,simple
1019,"Здравствуйте, хочу возврат",feedback,negative_general,escalation_flow,augmented,complex
190,петровой отнёсся невнимательно спасибо,feedback,negative_staff,escalation_flow,augmented,simple
4971,"Здравствуйте, зубы стали подвижными?!",anamnesis,complaint,anamnesis_flow,augmented,complex
2302,нижняя десна болит очень,anamnesis,symptom,anamnesis_flow,variation,simple
10342,верхний зуб сильно болит,anamnesis,symptom,anamnesis_flow,variation,simple
7558,Ноет зуб,anamnesis,symptom,anamnesis_flow,template,simple
8005,"подскажите, администратор нахамил",feedback,negative_staff,escalation_flow,augmented,complex
11268,принимаете наличные 🦷,faq,clinic_info,faq_flow,augmented,simple
10796,Спасибо большое спасибо...,conversational,gratitude,conversation_flow,augmented,simple
4086,десна сильно болит,anamnesis,symptom,anamnesis_flow,variation,simple
174,Приятно удивлён качеством...,feedback,positive_general,feedback_flow,augmented,simple
8677,Планирую элайнеры!,anamnesis,services,anamnesis_flow,augmented,simple
10920,коорнку сколько стоит?,faq,price,faq_flow,augmented,simple
58,Запись к ортодонту на пятницу,booking,new_appointment,booking_flow,variation,simple
843,"СКАЖИТЕ, МОЯ ЛЮБИМАЯ КЛИНИКА",feedback,positive_general,feedback_flow,augmented,complex
8752,Это безобразие 😢,feedback,negative_general,escalation_flow,augmented,simple
11575,РАССКАЖИТЕ БОЛЬШЕ...,faq,followup,faq_flow,augmented,simple
11084,"Скажите, заболел, не приду",booking,cancel,booking_flow,augmented,complex
3600,ПРНИИМАЕТЕ ДМС?,faq,clinic_info,faq_flow,augmented,simple
1472,РаботаетЕ в выходные,faq,clinic_info,faq_flow,augmented,simple
9678,Запись к имплантологу на вторник?,booking,new_appointment,booking_flow,augmented,simple
7310,Почём пломбирование?!,faq,price,faq_flow,augmented,simple
11867,ОЧЕНЬ ДОЛГО ЖДАЛ пожалуйста,feedback,negative_service,escalation_flow,augmented,simple
2406,Не уделили внимания 🙏,feedback,negative_staff,escalation_flow,augmented,simple
2140,Договорились.,conversational,confirmation,conversation_flow,augmented,simple
2472,Спасибо за информацию пожалуйста,conversational,gratitude,conversation_flow,augmented,simple
1206,НЕ РЕШИЛ ЕЩЁ 😊,conversational,unclear,clarification_flow,augmented,simple
9539,"Подскажите, вРАЧ КУЗНЕЦОВОЙ НЕ ОБЪЯСНИЛ",feedback,negative_staff,escalation_flow,augmented,complex
1176,Хочу оставить жалобу наП етровой заранее спасибо,feedback,negative_general,escalation_flow,augmented,medium
5299,"Подскажите, после чистку у Лебедевой стало хуже",feedback,negative_quality,escalation_flow,augmented,complex
2710,Быстро записали на субботу заранее спасибо,feedback,positive_service,feedback_flow,augmented,medium
1448,"Скажите, винир отклеился 🦷",anamnesis,complaint,anamnesis_flow,augmented,complex
1087,"Подскажите, мне не перезвонили месяц",feedback,negative_service,escalation_flow,augmented,complex
7138,Результат брекеты превзошёл ожидания,feedback,positive_quality,feedback_flow,variation,simple
9861,"Отмените запись, нЕс могу",booking,cancel,booking_flow,augmented,complex
7757,"Скажите, добрый день, спасибо большое",conversational,gratitude,conversation_flow,augmented,complex
7483,"Добрый день, снимите меня с записи",booking,cancel,booking_flow,augmented,complex
10496,Рекомендую друзьям и родным?,feedback,positive_general,feedback_flow,augmented,simple
7322,Колзовой отнёсся невнимательно,feedback,negative_staff,escalation_flow,augmented,simple
4951,"Привет, до свиадния!",conversational,farewell,conversation_flow,augmented,complex
11953,осмотр это больно!!,faq,procedure,faq_flow,augmented,simple
2437,"Здравствуйте, спасибо большое.",conversational,gratitude,conversation_flow,augmented,complex
5348,Удобно что работаете на это йнеделе,feedback,positive_service,feedback_flow,augmented,medium
1269,"Скажите, коронка слетела заранее спасибо",anamnesis,complaint,anamnesis_flow,augmented,complex
6007,"Привет, прикусил щёку 🦷",anamnesis,complaint,anamnesis_flow,augmented,complex
4596,результат не тот что обещали 👍,feedback,negative_quality,escalation_flow,augmented,medium
4885,Хорошего дня 😊,conversational,farewell,conversation_flow,augmented,simple
8122,Быстро записали на понедельник 🙏,feedback,positive_service,feedback_flow,augmented,simple
7345,"Подскажите, сколько нельзя заниматься спортом после профгигиену?",faq,visit_prep,faq_flow,augmented,complex
5968,Что лушче выбрать?,faq,procedure,faq_flow,augmented,simple
9901,"Скажите, запишите на КТ",booking,new_appointment,booking_flow,augmented,complex
1326,"Скажите, вежливое обращение",feedback,positive_staff,feedback_flow,augmented,complex
5261,ВЕРНИТЕ ДЕНЬГИ СПАСИБО,feedback,negative_general,escalation_flow,augmented,simple
10269,отбеливание сколкьо стоит?,faq,price,faq_flow,augmented,simple
2957,Сколько стоит протезирование 🦷,faq,price,faq_flow,augmented,simple
2128,"Жду уже три дня, никто не подходит...",feedback,negative_service,escalation_flow,augmented,complex
1529,Как связаться 🙏,faq,clinic_info,faq_flow,augmented,simple
34,пломбирование у Козловой прошло замечательно,feedback,positive_quality,feedback_flow,variation,simple
11880,Запись на приём,booking,new_appointment,booking_flow,template,simple
9257,можно на на следующей неделе заранее спасибо,booking,new_appointment,booking_flow,augmented,medium
11412,"Подскажите, пломбирование сколько стоит 🦷",faq,price,faq_flow,augmented,complex
11110,"Отмените запись, форс-мажор 🦷",booking,cancel,booking_flow,augmented,complex
5106,Долго оформляли докумЕнты.,feedback,negative_service,escalation_flow,augmented,simple
6180,Хороешго дня,conversational,farewell,conversation_flow,augmented,simple
1322,Удобно что работаете послезавтра 🙏,feedback,positive_service,feedback_flow,augmented,simple
1186,Ждал неделю спасибо пожалуйста,feedback,negative_service,escalation_flow,augmented,simple
9888,кузнецовой настоящий профессионал?!,feedback,positive_staff,feedback_flow,augmented,simple
7325,"Скажите, быстро записали на вторник",feedback,positive_service,feedback_flow,augmented,complex
2396,"Добрый день, есть лазер?",faq,clinic_info,faq_flow,augmented,complex
4005,Цена отбеливания спасибо,faq,price,faq_flow,augmented,simple
11297,НОВИКОВА ОЧЕНЬ ВНИМАТЕЛЬНЫЙ 🙏,feedback,positive_staff,feedback_flow,augmented,simple
11975,Результат реставрацию превзошёл ожидания,feedback,positive_quality,feedback_flow,variation,simple
10046,Врач Смирновой не объяснил 🙏,feedback,negative_staff,escalation_flow,augmented,simple
1891,"Здравствуйте, быстро записали на понедельник",feedback,positive_service,feedback_flow,augmented,complex
990,записаться невозможно.,feedback,negative_service,escalation_flow,augmented,simple
777,консультация платняа?,faq,price,faq_flow,augmented,simple
9134,"Привет, что нельзя после осмотр?",faq,visit_prep,faq_flow,augmented,complex
2508,Удобно что работаете воскресенье 🙏,feedback,positive_service,feedback_flow,augmented,simple
1498,Большое спасибо!,conversational,gratitude,conversation_flow,augmented,simple
3501,Не больно благодаря врачу.,feedback,positive_staff,feedback_flow,augmented,simple
4669,Привет заранее спасибо,conversational,greeting,conversation_flow,augmented,simple
1412,НУЖНА ПОДГОТОВКА заранее спасибо,faq,visit_prep,faq_flow,augmented,simple
5749,Я вам перезвоню 👍,conversational,unclear,clarification_flow,augmented,simple
8085,Приевт!!,conversational,greeting,conversation_flow,augmented,simple
9341,"Привет, удобно что работаете утро",feedback,positive_service,feedback_flow,augmented,complex
3378,"Добрый день, удачи",conversational,farewell,conversation_flow,augmented,complex
9100,"Подскажите, можно перенести на на следующей неделе!",booking,reschedule,booking_flow,augmented,complex
5558,Сколько нельзя есТь после пломбы заранее спасибо,faq,visit_prep,faq_flow,augmented,medium
4716,Ждал два дня,feedback,negative_service,escalation_flow,variation,simple
10989,Хочу оставить жалобу на Козловой пожалуйста!,feedback,negative_general,escalation_flow,augmented,medium
9600,"Добрый день, работаете в послезавтра?",faq,clinic_info,faq_flow,augmented,complex
1583,Ладно 🙏,conversational,confirmation,conversation_flow,augmented,simple
3758,ДОГВООРИЛИСЬ,conversational,confirmation,conversation_flow,augmented,simple
10028,Перенесите на послезавтра 👍?,booking,reschedule,booking_flow,augmented,simple
2002,"Подскажите, очень доволен клиникой пожалуйста",feedback,positive_general,feedback_flow,augmented,complex
5900,Приветствую?,conversational,greeting,conversation_flow,augmented,simple
10285,"Отмените запись, уезжаю?!",booking,cancel,booking_flow,augmented,complex
8251,Сколько длится лечение кариеса?!,faq,procedure,faq_flow,augmented,simple
7227,Волкова очень внимательный!,feedback,positive_staff,feedback_flow,augmented,simple
1660,Что вы рекомендутее?,faq,followup,faq_flow,augmented,simple
5022,Принято?!,conversational,confirmation,conversation_flow,augmented,simple
9390,Не уверен заранее спасибо.,conversational,unclear,clarification_flow,augmented,simple
6864,"Скажите, какая цена на имплантацию?",faq,price,faq_flow,augmented,complex
11329,КОРОНКУ У КОЗЛОВОЙ ПРОШЛО ЗАМЕЧАТЕЛЬНО?!,feedback,positive_quality,feedback_flow,augmented,simple
87,"Здравствуйте, сколько нельзя есть после профгигиену?",faq,visit_prep,faq_flow,augmented,complex
6808,Сколько нельзя курить псоле пломбирование?!,faq,visit_prep,faq_flow,augmented,simple
11916,"Привет, здравствуйте заранее спасибо",conversational,greeting,conversation_flow,augmented,complex
8888,После лечение каналов у Петровой стало хуже,feedback,negative_quality,escalation_flow,variation,medium
8979,"Жду уже неделю, никто не подходит",feedback,negative_service,escalation_flow,variation,medium
5349,Это возмуттиельно,feedback,negative_general,escalation_flow,augmented,simple
7727,"Привет, сколько нельзя пить после профгигиену?",faq,visit_prep,faq_flow,augmented,complex
1249,снимок у Сидорова прошло замечательно пожалуйста,feedback,positive_quality,feedback_flow,augmented,medium
1316,Очень удобная запись!,feedback,positive_service,feedback_flow,augmented,simple
10940,"Здравствуйте, сколько нельзя курить после элайнеры?",faq,visit_prep,faq_flow,augmented,complex
6804,После имплантацию у Лебедевой стало хуже,feedback,negative_quality,escalation_flow,variation,medium
11192,Моей записи нет 🦷,feedback,negative_service,escalation_flow,augmented,simple
4528,Конечно?!,conversational,confirmation,conversation_flow,augmented,simple
5433,"Скажите, запишите к терапевту!!",booking,new_appointment,booking_flow,augmented,complex
5500,Можно раньше спасибо,booking,reschedule,booking_flow,augmented,simple
6803,"Добрый день, перенесите на четверг",booking,reschedule,booking_flow,augmented,complex
1410,Очень добрый врач 🙏,feedback,positive_staff,feedback_flow,augmented,simple
4684,После лечение каналов у Морозовой стало хуже 🙏,feedback,negative_quality,escalation_flow,augmented,medium
480,Нужно томенить,booking,cancel,booking_flow,augmented,simple
9545,Хочу коронку?!,anamnesis,services,anamnesis_flow,augmented,simple
8611,ждал со вчера заранее спасибо,feedback,negative_service,escalation_flow,augmented,simple
6831,ПОНЯЛ?,conversational,confirmation,conversation_flow,augmented,simple
9629,после лечения у сидоров аболь осталась,feedback,negative_quality,escalation_flow,augmented,medium
8553,ОТЛИЧНАЯ КЛИНИКА заранее спасибо,feedback,positive_general,feedback_flow,augmented,simple
8014,Что посоветуете 🙏,faq,followup,faq_flow,augmented,simple
5142,Хочу профгигиену,anamnesis,services,anamnesis_flow,variation,simple
8385,Спаисбо большое!,conversational,gratitude,conversation_flow,augmented,simple
1994,Хочу имплантацию?!,anamnesis,services,anamnesis_flow,augmented,simple
2283,"Добрый день, откололся зуб",anamnesis,complaint,anamnesis_flow,augmented,complex
10565,Не уверен 😢 пожалуйста,conversational,unclear,clarification_flow,augmented,simple
9487,Ничего не объяснили пожалуйста,feedback,negative_staff,escalation_flow,augmented,simple
11960,Как подготовиться к протезирование?,faq,visit_prep,faq_flow,variation,simple
1742,Врач не объяснил спасибо,feedback,negative_staff,escalation_flow,augmented,simple
8306,А если я не буду пожалуйста,faq,followup,faq_flow,augmented,medium
10861,Не решил ещё...,conversational,unclear,clarification_flow,augmented,simple
8808,Почём чистка,faq,price,faq_flow,augmented,simple
4016,"Здравствуйте, приду спасибо",conversational,confirmation,conversation_flow,augmented,complex
850,ОТЛИЧНО РАБОТАЕТ ОНЛАЙН-ЗАПИСЬ пожалуйста,feedback,positive_service,feedback_flow,augmented,simple
3989,Сколько стоит чистку.,faq,price,faq_flow,augmented,simple
7890,Перезпаишите на день,booking,reschedule,booking_flow,augmented,simple
4570,"Скажите, добрый день, нашёл свою клинику",feedback,positive_general,feedback_flow,augmented,complex
8568,После элайнеры у Новикова стало хуже,feedback,negative_quality,escalation_flow,variation,medium
10079,Отличное соотношение цена-качество спасибо,feedback,positive_general,feedback_flow,augmented,simple
1943,"Подскажите, невеЖливо ответили",feedback,negative_staff,escalation_flow,augmented,complex
11624,Мне не перезвонили две недели!!,feedback,negative_service,escalation_flow,augmented,simple
7941,Перенесите на пятницу 👍,booking,reschedule,booking_flow,augmented,simple
10250,Петровой отнёсся невнимательно,feedback,negative_staff,escalation_flow,variation,simple
10023,Запись к эндодонтисту на четверг,booking,new_appointment,booking_flow,variation,simple
7881,Болит зуб мудрости уже давно,anamnesis,symptom,anamnesis_flow,variation,simple
7914,Сидорова настоящий профессионал 🙏,feedback,positive_staff,feedback_flow,augmented,simple
10734,Ага 😢,conversational,confirmation,conversation_flow,augmented,simple
10498,Надо опдумать,conversational,unclear,clarification_flow,augmented,simple
79,"Отмените запись, занят на работе 🦷 спасибо",booking,cancel,booking_flow,augmented,complex
3754,Не больно благодаря врачу пожалуйста,feedback,positive_staff,feedback_flow,augmented,simple
3342,ОткаЗ от записи заранее спасибо,booking,cancel,booking_flow,augmented,simple
9712,"Добрый день, элайнер треснул",anamnesis,complaint,anamnesis_flow,augmented,complex
11792,Нужно снимокс пасибо,anamnesis,services,anamnesis_flow,augmented,simple
10289,Превосходный сервис спасибо,feedback,positive_general,feedback_flow,augmented,simple
9046,"Жду уже месяц, никто не подходит!!",feedback,negative_service,escalation_flow,augmented,complex
579,Сколько длится!,faq,procedure,faq_flow,augmented,simple
2482,Петровой нсатоящий профессионал,feedback,positive_staff,feedback_flow,augmented,simple
4749,Прождал час,feedback,negative_service,escalation_flow,template,simple
5136,"Добрый день, язвочки на слизистой",anamnesis,complaint,anamnesis_flow,augmented,complex
3647,Отмените приём!,booking,cancel,booking_flow,augmented,simple
3976,снимок не помогло!!,feedback,negative_quality,escalation_flow,augmented,simple
5244,Нужноп еренести,booking,reschedule,booking_flow,augmented,simple
2621,Хооршо,conversational,confirmation,conversation_flow,augmented,simple
8028,Сколько длится КТ?,faq,procedure,faq_flow,variation,simple
1005,ПЕТРОВОЙ НАСТОЯЩИЙ ПРОФЕССИОНАЛ ЗАРАНЕЕ СПАСИБО,feedback,positive_staff,feedback_flow,augmented,simple
7408,Хочу удаление заранее спасибо,anamnesis,services,anamnesis_flow,augmented,simple
11888,"Подскажите, спасибо!",conversational,gratitude,conversation_flow,augmented,complex
5000,После пломбирование у Козловой стало хуже пожалуйста,feedback,negative_quality,escalation_flow,augmented,medium
5417,Удобно что работаете пятницу?,feedback,positive_service,feedback_flow,augmented,simple
9315,Прождал час...,feedback,negative_service,escalation_flow,augmented,simple
10454,Болит нижняя десна уже с утра,anamnesis,symptom,anamnesis_flow,variation,medium
9503,Боль не прошла после лечения,feedback,negative_quality,escalation_flow,template,simple
11325,"Здравствуйте, перенесите на следующую неделю",booking,reschedule,booking_flow,augmented,complex
9512,Принимаете карту.,faq,clinic_info,faq_flow,augmented,simple
10895,Посоветуюсь,conversational,unclear,clarification_flow,template,simple
2821,"Заболел, не приду!",booking,cancel,booking_flow,augmented,complex
5377,Как подготовиться к пломбировнаие пожалуйста,faq,visit_prep,faq_flow,augmented,simple
8858,Благодарю за работу,feedback,positive_general,feedback_flow,template,simple
3617,Хочу реставрацию 🦷,anamnesis,services,anamnesis_flow,augmented,simple
5102,очень благодарен 🦷,conversational,gratitude,conversation_flow,augmented,simple
6682,Можно перенести на сегодня 😊,booking,reschedule,booking_flow,augmented,simple
3049,Можно без этого заранее спасибо...,faq,followup,faq_flow,augmented,simple
3813,Над оподумать!,conversational,unclear,clarification_flow,augmented,simple
67,Добрый день 😢 😊,conversational,greeting,conversation_flow,augmented,simple
4403,"Добрый день, отмена записи",booking,cancel,booking_flow,augmented,complex
1616,Почём лечение кариеса 👍,faq,price,faq_flow,augmented,simple
2113,"Скажите, подскажите, эй",conversational,greeting,conversation_flow,augmented,complex
4373,"Добрый день, отличное соотношение цена-качество",feedback,positive_general,feedback_flow,augmented,complex
3125,Недопустимо,feedback,negative_general,escalation_flow,template,simple
7366,Может быть 😊,conversational,unclear,clarification_flow,augmented,simple
11255,"Добрый день, нужно перенести пожалуйста",booking,reschedule,booking_flow,augmented,complex
1671,Быстро записали на сегодня спасибо,feedback,positive_service,feedback_flow,augmented,simple
11155,"Отмените запись, занят на работе заранее спасибо",booking,cancel,booking_flow,augmented,complex
1136,Как проходит осмотр...,faq,procedure,faq_flow,augmented,simple
5186,"Здравствуйте,з аписал",conversational,confirmation,conversation_flow,augmented,complex
643,персонал првиетливый,feedback,positive_staff,feedback_flow,augmented,simple
5593,Какая цена на осмотр,faq,price,faq_flow,augmented,simple
4268,Добрйы вечер!,conversational,greeting,conversation_flow,augmented,simple
5485,Морозовой был груб,feedback,negative_staff,escalation_flow,variation,simple
5036,спасиб обольшое!,conversational,gratitude,conversation_flow,augmented,simple
8049,Не уверен...,conversational,unclear,clarification_flow,augmented,simple
5906,Хочу пожаловаться?!,feedback,negative_general,escalation_flow,augmented,simple
5762,"Добрый день, а можно по-другому?",faq,followup,faq_flow,augmented,complex
759,Это правда необходиМо пожалуйста,faq,followup,faq_flow,augmented,simple
8966,Это безопасно пожалуйста,faq,procedure,faq_flow,augmented,simple
2272,Благодарю спасибо,conversational,gratitude,conversation_flow,augmented,simple
11805,Перенесите на в ближайшее врмея,booking,reschedule,booking_flow,augmented,simple
8132,Хочу перенести на утро?,booking,reschedule,booking_flow,augmented,simple
7288,"Добрый день, моЖно перенести на четверг?",booking,reschedule,booking_flow,augmented,complex
6696,У меня боль от горячего два дня,anamnesis,symptom,anamnesis_flow,variation,medium
6447,А можно по-Другому?!,faq,followup,faq_flow,augmented,simple
11758,Принтяо 👍,conversational,confirmation,conversation_flow,augmented,simple
8931,Не знаю...,conversational,unclear,clarification_flow,augmented,simple
7906,"Скажите, здравствуйте, очень рад что обратился к вам",feedback,positive_general,feedback_flow,augmented,complex
11428,отмените приём?!,booking,cancel,booking_flow,augmented,simple
8834,Петровйо был груб,feedback,negative_staff,escalation_flow,augmented,simple
5812,Запись к имплантологу на пятницу,booking,new_appointment,booking_flow,variation,simple
6884,"Всё отлично, спасибо 🙏!!",feedback,positive_general,feedback_flow,augmented,complex
742,"Подскажите, пока не решил?!",conversational,unclear,clarification_flow,augmented,complex
2417,брекеты у Козловой прошло замечательно,feedback,positive_quality,feedback_flow,variation,simple
538,Врач не слушал заранее спасибо,feedback,negative_staff,escalation_flow,augmented,simple
2007,Сказали чтоз аписи нет заранее спасибо,feedback,negative_service,escalation_flow,augmented,medium
3155,"Привет,с пасибо",conversational,gratitude,conversation_flow,augmented,complex
11447,"Добрый день, планирую удаление",anamnesis,services,anamnesis_flow,augmented,complex
10636,"Здравствуйте, запись к гигиенисту на пятницу",booking,new_appointment,booking_flow,augmented,complex
8681,Хоч уоставить жалобу,feedback,negative_general,escalation_flow,augmented,simple
8987,Перенесите на вечер,booking,reschedule,booking_flow,variation,simple
8813,Може тБыть,conversational,unclear,clarification_flow,augmented,simple
10385,"треснул зуб, что делать 😢",anamnesis,complaint,anamnesis_flow,augmented,complex
2956,записали на удобное время 🙏,feedback,positive_service,feedback_flow,augmented,simple
1467,Отменитез апись,booking,cancel,booking_flow,augmented,simple
5653,верхняя десна сильно болит,anamnesis,symptom,anamnesis_flow,variation,simple
8244,"Здравствуйте, после КТ у Морозовой стало хуже",feedback,negative_quality,escalation_flow,augmented,complex
504,ВрачИ ванова не объяснил,feedback,negative_staff,escalation_flow,augmented,simple
2171,"Скажите, пОЗОВИТЕ ГЛАВВРАЧА",feedback,negative_general,escalation_flow,augmented,complex
3103,Не смогу прийти пожалуйста,booking,cancel,booking_flow,augmented,simple
7347,"Здравствуйте, посоветуюсь",conversational,unclear,clarification_flow,augmented,complex
9006,"Здравствуйте, добрый вечер",conversational,greeting,conversation_flow,augmented,complex
1015,Перенесите на пятницу,booking,reschedule,booking_flow,variation,simple
7523,"Привет, долго ли это 🦷",faq,procedure,faq_flow,augmented,complex
2914,А сели не поможет 😢,faq,followup,faq_flow,augmented,simple
4422,Что нельзя после виниры?,faq,visit_prep,faq_flow,variation,simple
4799,КТ это больно заранее спасибо...,faq,procedure,faq_flow,augmented,simple
4421,Всего доборго...,conversational,farewell,conversation_flow,augmented,simple
6947,Как проходит чистку спасибо,faq,procedure,faq_flow,augmented,simple
6136,Клиника заслуживает 5 звёзд 😊,feedback,positive_general,feedback_flow,augmented,simple
9675,не уверен заранее спасибо,conversational,unclear,clarification_flow,augmented,simple
6284,"подскажите, после консультацию у морозовой стало хуже",feedback,negative_quality,escalation_flow,augmented,complex
5389,"Скажите, что будут делать?",faq,procedure,faq_flow,augmented,complex
9599,"Подскажите, не смогу прийти",booking,cancel,booking_flow,augmented,complex
1409,"Здравствуйте, волкова был груб",feedback,negative_staff,escalation_flow,augmented,complex
8984,Планирую снимок заранее спасибо,anamnesis,services,anamnesis_flow,augmented,simple
9114,Что вы рекомендуете?,faq,followup,faq_flow,template,simple
2073,"Подскажите, что делать если болит после приёма?",faq,visit_prep,faq_flow,augmented,complex
1071,"Подскажите, смирновой отнёсся невнимательно",feedback,negative_staff,escalation_flow,augmented,complex
7320,Неприятный запах изо рта,anamnesis,symptom,anamnesis_flow,template,simple
5415,Есть рентген...,faq,clinic_info,faq_flow,augmented,simple
11823,После пломбирование у Петровой стало хуже 🙏,feedback,negative_quality,escalation_flow,augmented,medium
9960,"Здарвствуйте, случилось выпала пломба",anamnesis,complaint,anamnesis_flow,augmented,complex
9775,"Здравствуйте, цена на брекеты?",faq,price,faq_flow,augmented,complex
3919,Какая цЕна спасибо,faq,price,faq_flow,augmented,simple
2778,врач Волкова всё подробно объяснил спасибо,feedback,positive_staff,feedback_flow,augmented,medium
50,"Добрый день, есть свободное время 😊",booking,new_appointment,booking_flow,augmented,complex
1771,Результат лечение каналов превзошёл ожидания,feedback,positive_quality,feedback_flow,variation,simple
9150,Прощайте!,conversational,farewell,conversation_flow,augmented,simple
5567,Удобно что работаете среду 👍,feedback,positive_service,feedback_flow,augmented,simple
3853,"Добрый день, хочу отказаться от записи",booking,cancel,booking_flow,augmented,complex
162,"Спасибо, до свидания заранее спасибо",conversational,gratitude,conversation_flow,augmented,complex
7918,"Здравствуйте, хочу на КТ",booking,new_appointment,booking_flow,augmented,complex
3366,Боль не прошла после лечения заранее спасибо,feedback,negative_quality,escalation_flow,augmented,medium
6491,Зуб шатается!!,anamnesis,complaint,anamnesis_flow,augmented,simple
320,требую компеснацию,feedback,negative_general,escalation_flow,augmented,simple
9142,Ага 👍,conversational,confirmation,conversation_flow,augmented,simple
5139,Запись к челюстно-лицевому хирургу на на следующей неделе,booking,new_appointment,booking_flow,variation,medium
2021,Всгео хорошего!,conversational,farewell,conversation_flow,augmented,simple
6104,Хочу пожаловаться!,feedback,negative_general,escalation_flow,augmented,simple
10203,Сколько стоит реставрацию.,faq,price,faq_flow,augmented,simple
10726,"Подскажите, теперь хожу только к вам",feedback,positive_general,feedback_flow,augmented,complex
1957,"Привет, телефон не отвечает",feedback,negative_service,escalation_flow,augmented,complex
10007,После коронку у Волкова стало хуже 🦷,feedback,negative_quality,escalation_flow,augmented,medium
4028,"Отменитез апись, занЯт на работе",booking,cancel,booking_flow,augmented,complex
7802,Как проходит консультацию.,faq,procedure,faq_flow,augmented,simple
9152,"Здравствуйте, врач КузнЕцовой не объяснил",feedback,negative_staff,escalation_flow,augmented,complex
2355,"Скажите, ждал приёма слишком долго",feedback,negative_service,escalation_flow,augmented,complex
3563,"Добрый день, интересует элайнеры",anamnesis,services,anamnesis_flow,augmented,complex
8443,Мне нахамили,feedback,negative_staff,escalation_flow,template,simple
1966,удобно что работаете среду!,feedback,positive_service,feedback_flow,augmented,simple
130,Клиника просто супер...,feedback,positive_general,feedback_flow,augmented,simple
9456,Очень удобная запсиь,feedback,positive_service,feedback_flow,augmented,simple
859,Хочу чситку,anamnesis,services,anamnesis_flow,augmented,simple
9298,"Подскажите, можно без этого?",faq,followup,faq_flow,augmented,complex
2951,"Привет, выпала пломба",anamnesis,complaint,anamnesis_flow,augmented,complex
3168,Прекрасный персонал пожалуйста,feedback,positive_staff,feedback_flow,augmented,simple
3,Удобно что арботаете вторник,feedback,positive_service,feedback_flow,augmented,simple
6641,Есть микроскоп 😢!!,faq,clinic_info,faq_flow,augmented,simple
6623,Работаете в воскресенье?,faq,clinic_info,faq_flow,template,simple
11733,Болит верхняя десна уже с утра?!,anamnesis,symptom,anamnesis_flow,augmented,medium
4952,после коронку у сидорова стало хуже заранее спасибо,feedback,negative_quality,escalation_flow,augmented,medium
4543,"выпала пломба, что делать?",anamnesis,complaint,anamnesis_flow,variation,simple
11205,"Добрый день, можно перенести на послезавтра?",booking,reschedule,booking_flow,augmented,complex
7399,Что если не поможет 😊,faq,followup,faq_flow,augmented,simple
2082,Интересует осмотр пожалуйста,anamnesis,services,anamnesis_flow,augmented,simple
10350,Благодарю!!,conversational,gratitude,conversation_flow,augmented,simple
7228,"Добрый день, разочарован",feedback,negative_general,escalation_flow,augmented,complex
6291,Сколько длится консультацию?,faq,procedure,faq_flow,variation,simple
10730,Сколько нельзя пить алкоголь после элайнеры,faq,visit_prep,faq_flow,augmented,medium
2289,Хочу поставить имплант 👍 пожалуйста,anamnesis,services,anamnesis_flow,augmented,simple
9685,"Подскажите, не совсем понял заранее спасибо",faq,followup,faq_flow,augmented,complex
5832,СПАСИБО ЗА ОТЛИЧНУЮ РАБОТУ пожалуйста,feedback,positive_general,feedback_flow,augmented,simple
7206,"Скажите, после осмотр у Козловой стало хуже",feedback,negative_quality,escalation_flow,augmented,complex
8663,"Подскажите, эй пожалуйста",conversational,greeting,conversation_flow,augmented,complex
6955,"Скажите, врач внушает доверие",feedback,positive_staff,feedback_flow,augmented,complex
3454,Добрый вечер пожалуйста,conversational,greeting,conversation_flow,augmented,simple
3037,"Подскажите, надо посоветоваться",conversational,unclear,clarification_flow,augmented,complex
8437,Удобно что работаете среду заранее спасибо,feedback,positive_service,feedback_flow,augmented,medium
2114,язвочки на слизистой спасибо,anamnesis,complaint,anamnesis_flow,augmented,simple
7286,Протез Сломался заранее спасибо,anamnesis,complaint,anamnesis_flow,augmented,simple
5009,"Привет, здорово",conversational,greeting,conversation_flow,augmented,complex
1746,ЭТО БЕЗОБРЗАИЕ,feedback,negative_general,escalation_flow,augmented,simple
2647,"Здравствуйте, превосходный сервис...",feedback,positive_general,feedback_flow,augmented,complex
8291,После снимок у Волкова стало хуже,feedback,negative_quality,escalation_flow,variation,medium
3291,Есть у вас рентген пожалуйста,faq,clinic_info,faq_flow,augmented,simple
11705,Хочу оСтавить жалобу на Сидорова заранее спасибо,feedback,negative_general,escalation_flow,augmented,medium
5738,СРАЗУ ОТВЕТИЛИ НА ЗВОНОК...,feedback,positive_service,feedback_flow,augmented,simple
2257,"Заболел, не приду заранее спасибо",booking,cancel,booking_flow,augmented,complex
2974,Ладно.,conversational,confirmation,conversation_flow,augmented,simple
1224,Мне не перезвонили с утра заранее спасибо,feedback,negative_service,escalation_flow,augmented,medium
6183,Спасибо большое 👍,conversational,gratitude,conversation_flow,augmented,simple
11279,"Отмените запись, занят на работе 🙏",booking,cancel,booking_flow,augmented,complex
276,Ясно!,conversational,confirmation,conversation_flow,augmented,simple
849,зуб мудротси сильно болит,anamnesis,symptom,anamnesis_flow,augmented,simple
8945,имплантацию это больно 😢,faq,procedure,faq_flow,augmented,simple
3313,Дос корого 😊,conversational,farewell,conversation_flow,augmented,simple
5375,Благодарю за работу 👍,feedback,positive_general,feedback_flow,augmented,simple
11243,"Привет, конечно",conversational,confirmation,conversation_flow,augmented,complex
7420,Как делают.,faq,procedure,faq_flow,augmented,simple
1534,зуб потемнел 😢,anamnesis,complaint,anamnesis_flow,augmented,simple
7004,Интересуют брекеты пожалуйста,anamnesis,services,anamnesis_flow,augmented,simple
7664,"СПАСИОБ, ВСЁ ПОНРАВИЛОСЬ",feedback,positive_general,feedback_flow,augmented,complex
6621,"Скажите, здравствуйте, принято",conversational,confirmation,conversation_flow,augmented,complex
11859,Прощайте 😢?!,conversational,farewell,conversation_flow,augmented,simple
9496,Можно на на следующей неделе?,booking,new_appointment,booking_flow,variation,simple
7950,ЧТО ЛУЧШЕ ВЫБРТАЬ?,faq,procedure,faq_flow,augmented,simple
3711,Какая цена на удаление пожалуйста,faq,price,faq_flow,augmented,simple
2273,Приветствую 🙏.,conversational,greeting,conversation_flow,augmented,simple
5842,Добрый вечер пожалуйста пожалуйста,conversational,greeting,conversation_flow,augmented,simple
5182,Мне не перезвонили три дня 🙏,feedback,negative_service,escalation_flow,augmented,medium
7270,Не знаю!!,conversational,unclear,clarification_flow,augmented,simple
8551,Откололся зуб,anamnesis,complaint,anamnesis_flow,template,simple
1589,У меня треснул зуб 🙏,anamnesis,complaint,anamnesis_flow,augmented,simple
10108,Откололся кусочек зуба заранее спасибо,anamnesis,complaint,anamnesis_flow,augmented,simple
9377,"Зуб больше не болит, спасибо",feedback,positive_quality,feedback_flow,template,simple
6087,"Привет, коронка шатается 🦷",anamnesis,complaint,anamnesis_flow,augmented,complex
4312,Всего доброго.,conversational,farewell,conversation_flow,augmented,simple
2819,"Скажите, дОБРЫЙ ДЕНЬ!",conversational,greeting,conversation_flow,augmented,complex
8353,"Скажите, планирую пломбирование",anamnesis,services,anamnesis_flow,augmented,complex
5582,Добрыйд неь!,conversational,greeting,conversation_flow,augmented,simple
1274,"Привет, хочу оставить жалобу на Козловой",feedback,negative_general,escalation_flow,augmented,complex
9482,верхний зуб периодически болит,anamnesis,symptom,anamnesis_flow,variation,simple
8198,Верните деньги 🦷...,feedback,negative_general,escalation_flow,augmented,simple
11018,Лебедевой отнёсся невнимательно 😊,feedback,negative_staff,escalation_flow,augmented,simple
887,Работаете в пятницу.,faq,clinic_info,faq_flow,augmented,simple
8862,А можно по-другому,faq,followup,faq_flow,augmented,simple
6584,У меня шатается зуб!!,anamnesis,complaint,anamnesis_flow,augmented,simple
1518,Беспокоит чувствительность,anamnesis,symptom,anamnesis_flow,variation,simple
6395,Не уверен 😢 спасибо,conversational,unclear,clarification_flow,augmented,simple
10788,НЕУ ВЕРЕН,conversational,unclear,clarification_flow,augmented,simple
9873,Отмена записи,booking,cancel,booking_flow,template,simple
3278,лечение кариеса у Сидорова прошло замечательно,feedback,positive_quality,feedback_flow,variation,medium
4346,Хочу отказаться от записи,booking,cancel,booking_flow,template,simple
6684,Запись к ортопеду на завтра,booking,new_appointment,booking_flow,variation,simple
5983,Запись к хирургу на пятницу заранее спасибо,booking,new_appointment,booking_flow,augmented,medium
11936,Плохая клиника 😢 пожалуйста,feedback,negative_general,escalation_flow,augmented,simple
5083,ОЧЕНЬ РАД ЧТО ОБРАТИЛСЯ К ВАМ заранее спасибо,feedback,positive_general,feedback_flow,augmented,medium
7779,"Привет, есть микроскоп?",faq,clinic_info,faq_flow,augmented,complex
4656,"Да, конечно пожалуйста...",conversational,confirmation,conversation_flow,augmented,complex
4395,Не решил ещё спасибо,conversational,unclear,clarification_flow,augmented,simple
10615,Можно на четверг?,booking,new_appointment,booking_flow,variation,simple
6130,"Привет, добрый день, спасибо большое",conversational,gratitude,conversation_flow,augmented,complex
374,Спс 😢,conversational,gratitude,conversation_flow,augmented,simple
6657,Хочу осмотр,anamnesis,services,anamnesis_flow,variation,simple
4144,а если я не буду,faq,followup,faq_flow,augmented,simple
9158,"Привет, сколько нельзя заниматься спортом после протезирование?",faq,visit_prep,faq_flow,augmented,complex
10561,Да пожалуйста.,conversational,confirmation,conversation_flow,augmented,simple
9617,А ЭТ ОБОЛЬНО?,faq,procedure,faq_flow,augmented,simple
11925,Есть вреям на на этой неделе?,booking,new_appointment,booking_flow,augmented,medium
11191,"Добрый день, перезапишите на вечер пожалуйста",booking,reschedule,booking_flow,augmented,complex
8871,Быстро записали на завтра?!,feedback,positive_service,feedback_flow,augmented,simple
5495,Хочу лечение кариеса?!,anamnesis,services,anamnesis_flow,augmented,simple
3498,После удаление всё отлично,feedback,positive_quality,feedback_flow,variation,simple
3131,Врач Сидорова всё подробно объяснил пожалйуста,feedback,positive_staff,feedback_flow,augmented,medium
8367,Быстро записали на среду?,feedback,positive_service,feedback_flow,augmented,simple
7533,Надо подумать спасибо,conversational,unclear,clarification_flow,augmented,simple
2540,До скоорго 😊,conversational,farewell,conversation_flow,augmented,simple
11518,Пока!!,conversational,farewell,conversation_flow,augmented,simple
10147,"Привет, скажите, врач Смирновой всё подробно объяснил",feedback,positive_staff,feedback_flow,augmented,complex
10200,"Посяните, пожалуйста",faq,followup,faq_flow,augmented,complex
2709,"Здравствуйте, клиника просто супер",feedback,positive_general,feedback_flow,augmented,complex
5641,"Здравствуйте, брекет отклеился",anamnesis,complaint,anamnesis_flow,augmented,complex
7702,А что лучше 😊,faq,followup,faq_flow,augmented,simple
1160,"Скажите, хорошо пожалуйста",conversational,confirmation,conversation_flow,augmented,complex
11239,До свидания 👍,conversational,farewell,conversation_flow,augmented,simple
5383,Приветствую заранее спасибо,conversational,greeting,conversation_flow,augmented,simple
1623,"всё отлично, спасибо!!",feedback,positive_general,feedback_flow,augmented,complex
11388,Отнеслись наплевательски?,feedback,negative_staff,escalation_flow,augmented,simple
5459,"Подскажите, как проходит удаление?",faq,procedure,faq_flow,augmented,complex
9099,Алло заранее спасибо спасибо,conversational,greeting,conversation_flow,augmented,simple
6398,Сразу перевзонили после заявки,feedback,positive_service,feedback_flow,augmented,simple
6083,"Привет, здравствуйте, есть время на четверг?",booking,new_appointment,booking_flow,augmented,complex
9302,"Подскажите, вРАЧ СМИРНОВОЙ НЕ ОБЪЯСНИЛ",feedback,negative_staff,escalation_flow,augmented,complex
1360,Что взять с собой?,faq,visit_prep,faq_flow,template,simple
7916,"Здравствуйте, какая цена на удаление?",faq,price,faq_flow,augmented,complex
2527,Пока заранее спасибо заранее спасибо,conversational,farewell,conversation_flow,augmented,simple
8715,"Скажите, хорошо!!",conversational,confirmation,conversation_flow,augmented,complex
3866,Можно перенести на вторник?,booking,reschedule,booking_flow,variation,simple
4739,Напомнили о визите заранее спасибо,feedback,positive_service,feedback_flow,augmented,simple
3867,"Добрый день, отличная организация работы",feedback,positive_service,feedback_flow,augmented,complex
8339,"Скажите, не смогу прийти, не смогу",booking,cancel,booking_flow,augmented,complex
2994,"Привет, почём чистка пожалуйста",faq,price,faq_flow,augmented,complex
2193,Хочу выровнять зубы 👍,anamnesis,services,anamnesis_flow,augmented,simple
2250,записал 😢,conversational,confirmation,conversation_flow,augmented,simple
2588,"Подскажите, администратор милая и приветливая 😊",feedback,positive_staff,feedback_flow,augmented,complex
11902,Не сейчас,conversational,unclear,clarification_flow,template,simple
6052,После лечение каналов у Кузнецовой стало хуже!!,feedback,negative_quality,escalation_flow,augmented,medium
85,Спасибо за информацию 👍,conversational,gratitude,conversation_flow,augmented,simple
6786,Невежливо ответили 🦷,feedback,negative_staff,escalation_flow,augmented,simple
5475,Есть парковка...,faq,clinic_info,faq_flow,augmented,simple
10623,"Добрый день, сколько нельзя пить алкоголь после КТ",faq,visit_prep,faq_flow,augmented,complex
8256,Персонал очень доброжелательный 🦷,feedback,positive_staff,feedback_flow,augmented,simple
5941,"Привет, отличная клиника",feedback,positive_general,feedback_flow,augmented,complex
10097,"Подскажите, всё отлично, спасибо",feedback,positive_general,feedback_flow,augmented,complex
2626,"Здравствуйте, добрый день, до свидания",conversational,farewell,conversation_flow,augmented,complex
1138,Перезапишите на другое время!!,booking,reschedule,booking_flow,augmented,simple
11050,"Подскажите, спасибо 👍",conversational,gratitude,conversation_flow,augmented,complex
919,Хочу оставить жалобу на Кузнецовой?!,feedback,negative_general,escalation_flow,augmented,simple
9622,У меня кровоточивость давно,anamnesis,symptom,anamnesis_flow,variation,simple
8760,Добрый вчеер!,conversational,greeting,conversation_flow,augmented,simple
19,Сколько стоит осмотр...,faq,price,faq_flow,augmented,simple
2333,Хорошо спасибо!,conversational,confirmation,conversation_flow,augmented,simple
10226,После коронку всё отлично?!,feedback,positive_quality,feedback_flow,augmented,simple
2856,Спасибо большое 😊 👍,conversational,gratitude,conversation_flow,augmented,simple
9871,"Скажите, не знаю?",conversational,unclear,clarification_flow,augmented,complex
10263,"Отмените, пожлауйста спасибо",booking,cancel,booking_flow,augmented,complex
7363,Цена на имплантацию заранее спасибо,faq,price,faq_flow,augmented,simple
7731,Прощайте спасибо 🙏,conversational,farewell,conversation_flow,augmented,simple
913,Приятно удивлён качеством 👍,feedback,positive_general,feedback_flow,augmented,simple
272,"Скажтие, есть WhatsApp?",faq,clinic_info,faq_flow,augmented,complex
10819,"пульсирующая боль, что делать?!",anamnesis,symptom,anamnesis_flow,augmented,complex
10633,Сколько нельзя пить после имплантацию?,faq,visit_prep,faq_flow,variation,simple
5398,"Здравствуйте, спасибо, до свдиания",conversational,gratitude,conversation_flow,augmented,complex
2395,"Здравствуйте, врач от бога пожалуйста",feedback,positive_staff,feedback_flow,augmented,complex
9956,Можно перенести на послезавтра 👍,booking,reschedule,booking_flow,augmented,simple
9830,это возмутиетльно,feedback,negative_general,escalation_flow,augmented,simple
5715,Болит шестёрка уже давно,anamnesis,symptom,anamnesis_flow,variation,simple
9696,"Подскажите, удобно что работаете утро",feedback,positive_service,feedback_flow,augmented,complex
6233,Ага пожалуйста,conversational,confirmation,conversation_flow,augmented,simple
9781,Что посоветуете зараене спасибо,faq,followup,faq_flow,augmented,simple
3771,А есил не поможет заранее спасибо,faq,followup,faq_flow,augmented,medium
4293,Что если не поможет пожалуйста,faq,followup,faq_flow,augmented,simple
1372,"Привет, эй",conversational,greeting,conversation_flow,augmented,complex
494,чистку у мСирновой прошло замечательно!!,feedback,positive_quality,feedback_flow,augmented,simple
3392,"Привет, привет, благодарю вас",conversational,gratitude,conversation_flow,augmented,complex
124,Почём реставрацию пожалуйста,faq,price,faq_flow,augmented,simple
9004,Пока!,conversational,farewell,conversation_flow,template,simple
3977,Случилось откололся зуб.,anamnesis,complaint,anamnesis_flow,augmented,simple
5330,До свидания...,conversational,farewell,conversation_flow,augmented,simple
2915,Спасибо за поомщь!!,conversational,gratitude,conversation_flow,augmented,simple
11007,Нашёлс вою клинику,feedback,positive_general,feedback_flow,augmented,simple
9420,"Не смогуп Рийти, не смогу",booking,cancel,booking_flow,augmented,complex
5583,Сколько нельзя пить алкоголь после элайнеры пожалуйста!,faq,visit_prep,faq_flow,augmented,medium
10201,"Здравствуйте, не приду",booking,cancel,booking_flow,augmented,complex
4886,Спасибо за заботу 👍,feedback,positive_general,feedback_flow,augmented,simple
3097,Сколько стоит протезирование пожалуйста,faq,price,faq_flow,augmented,simple
9556,После брекеты у Сидорова стало хуже,feedback,negative_quality,escalation_flow,variation,medium
11877,Хоуч лечение кариеса,anamnesis,services,anamnesis_flow,augmented,simple
5542,Врач Сидорова не объяснил 🦷,feedback,negative_staff,escalation_flow,augmented,simple
1731,случилось треснул зуб?!,anamnesis,complaint,anamnesis_flow,augmented,simple
3440,Есть WhatsApp,faq,clinic_info,faq_flow,augmented,simple
2094,Появилась язвочка во рту...,anamnesis,complaint,anamnesis_flow,augmented,simple
11102,После профгигиену у Волкова стало хуже,feedback,negative_quality,escalation_flow,variation,medium
6699,До скорого спасибо!,conversational,farewell,conversation_flow,augmented,simple
10387,"Скажите, запись к имплантологу на среду",booking,new_appointment,booking_flow,augmented,complex
5406,"Подскажите, а если я не буду 😢",faq,followup,faq_flow,augmented,complex
9669,"Отмените запись, уезжаю пожалуйста!",booking,cancel,booking_flow,augmented,complex
7018,Позовите главврчаа,feedback,negative_general,escalation_flow,augmented,simple
1199,ЗУБ ИЗМЕНИЛ ЦВЕТ 😢,anamnesis,complaint,anamnesis_flow,augmented,simple
8377,Персонал был недоброжелателен?,feedback,negative_staff,escalation_flow,augmented,simple
10104,Появилась язвочка во рту заранее спасибо,anamnesis,complaint,anamnesis_flow,augmented,medium
4093,ВРАЧ ОЧЕНЬ ВНИМАТЕЛЬНЫЙ спасибо,feedback,positive_staff,feedback_flow,augmented,simple
11702,"ПОДСКАЖИТЕ, ХОЧУ ПЕРЕНЕСТИ НА УТРО",booking,reschedule,booking_flow,augmented,complex
2251,"Скажите, ждал три дня",feedback,negative_service,escalation_flow,augmented,complex
2122,"Отмените запись, уезжаю 😊",booking,cancel,booking_flow,augmented,complex
4278,Можно перенести на вечер!,booking,reschedule,booking_flow,augmented,simple
4359,"Да ,конечно",conversational,confirmation,conversation_flow,augmented,complex
3183,Сколько стоит консультацию?,faq,price,faq_flow,variation,simple
2221,Приветствую 😊,conversational,greeting,conversation_flow,augmented,simple
4202,А вдруг не получится!!,faq,followup,faq_flow,augmented,simple
1574,"Привет, понял спасибо",conversational,confirmation,conversation_flow,augmented,complex
8126,"Скажите, точно нужно спасибо",faq,followup,faq_flow,augmented,complex
5895,Запиьс к эндодонтисту на пятницу 😢,booking,new_appointment,booking_flow,augmented,medium
7199,После чистку у Лебедевой стало хуже...,feedback,negative_quality,escalation_flow,augmented,medium
11623,леченеи каналов у Петровой прошло замечательно спасибо,feedback,positive_quality,feedback_flow,augmented,medium
10135,Нужна имплантация,anamnesis,services,anamnesis_flow,template,simple
7549,Как подготовиться к пломбирование,faq,visit_prep,faq_flow,augmented,simple
2541,Заипшите на пломбирование,booking,new_appointment,booking_flow,augmented,simple
5564,"Да, хооршо",conversational,confirmation,conversation_flow,augmented,complex
7344,Запишите на уадление,booking,new_appointment,booking_flow,augmented,simple
11151,Случилось выпала пломба 😊,anamnesis,complaint,anamnesis_flow,augmented,simple
5269,Быстро записали на четверг пожалуйста заранее спасибо,feedback,positive_service,feedback_flow,augmented,medium
2027,Точно нужно спасибо,faq,followup,faq_flow,augmented,simple
11766,Запишите на протезирование,booking,new_appointment,booking_flow,variation,simple
11331,"Привет, есть наркоз?",faq,clinic_info,faq_flow,augmented,complex
3947,Что если не поможет,faq,followup,faq_flow,augmented,simple
3862,Как подготовИтьсяк  осмотр?,faq,visit_prep,faq_flow,augmented,simple
11496,Угу,conversational,confirmation,conversation_flow,template,simple
5577,"Привет, какие ещё варианты?",faq,followup,faq_flow,augmented,complex
1470,А обязательно?,faq,followup,faq_flow,template,simple
7600,Быстрый сервис 😢!!,feedback,positive_service,feedback_flow,augmented,simple
10178,Случилось выпала пломба.,anamnesis,complaint,anamnesis_flow,augmented,simple
4767,перенесите на воскресенье?!,booking,reschedule,booking_flow,augmented,simple
4225,"Добрый день, позже спасибо",conversational,unclear,clarification_flow,augmented,complex
1849,протезирование у Лебедевой прошло замечательно,feedback,positive_quality,feedback_flow,variation,simple
6850,Есть противопоказания?,faq,procedure,faq_flow,template,simple
4254,"Привет, цена консультации?",faq,price,faq_flow,augmented,complex
8695,Планирую чисТку...,anamnesis,services,anamnesis_flow,augmented,simple
689,Всего доброго пожалуйста!,conversational,farewell,conversation_flow,augmented,simple
6406,Наргубили,feedback,negative_staff,escalation_flow,augmented,simple
1291,имплантацию сколько стоит!,faq,price,faq_flow,augmented,simple
5867,ОТЕМНА ЗАПИСИ,booking,cancel,booking_flow,augmented,simple
102,"Здравствуйте, осмотр у Смирновой прошло замечательно",feedback,positive_quality,feedback_flow,augmented,complex
868,"Скажите, зуб всё ещё болит после лечения 😢",feedback,negative_quality,escalation_flow,augmented,complex
10664,Есть время на четверг?,booking,new_appointment,booking_flow,variation,simple
8784,Врач Морозовой всё подробно объяснил,feedback,positive_staff,feedback_flow,variation,simple
4709,"Привет, эй 😢",conversational,greeting,conversation_flow,augmented,complex
10427,Хочу виниры 😊,anamnesis,services,anamnesis_flow,augmented,simple
1319,ЛЕЧЕНИЕ КАНАЛОВ У ЛЕБЕДЕВОЙ ПРОШЛО ЗАМЕЧАТЕЛЬНО 🙏,feedback,positive_quality,feedback_flow,augmented,medium
7661,БлагоДраю вас,conversational,gratitude,conversation_flow,augmented,simple
3899,Волкова очень внимательный 🙏,feedback,positive_staff,feedback_flow,augmented,simple
9422,У мнея ноющая боль неделю,anamnesis,symptom,anamnesis_flow,augmented,simple
170,Рекомендую клинику всем друзьям,feedback,positive_general,feedback_flow,variation,simple
7829,Привет 🙏,conversational,greeting,conversation_flow,augmented,simple
4130,Запись к ортопеду на на следующей неделе,booking,new_appointment,booking_flow,variation,medium
8886,"Здравствуйте, кТ у Иванова прошло замечательно",feedback,positive_quality,feedback_flow,augmented,complex
8482,Приветствую 😢 😢,conversational,greeting,conversation_flow,augmented,simple
396,Хочу к имплантологу!,booking,new_appointment,booking_flow,augmented,simple
5945,чистку у Волкова прошло замечательно,feedback,positive_quality,feedback_flow,variation,simple
5031,Спасибо за информацию 😊,conversational,gratitude,conversation_flow,augmented,simple
150,лечение каналов у Лебедевой прошло замечательно,feedback,positive_quality,feedback_flow,variation,medium
6770,Можно заниматься спортом после...,faq,visit_prep,faq_flow,augmented,simple
4295,"Подскажите, очень благодарен 😊",conversational,gratitude,conversation_flow,augmented,complex
1447,Козловой натсоящий профессионал,feedback,positive_staff,feedback_flow,augmented,simple
5460,Запись к гигиенисту на вторник,booking,new_appointment,booking_flow,variation,simple
6801,Спасибо за отличную работу спасибо,feedback,positive_general,feedback_flow,augmented,simple
2407,Планирую коронку 😢,anamnesis,services,anamnesis_flow,augmented,simple
4448,Склоько стоит консультацию заранее спасибо,faq,price,faq_flow,augmented,simple
9854,имплантацию у Козловой прошло замечательно!,feedback,positive_quality,feedback_flow,augmented,simple
5430,Можно перенести на на следующей неделе спасибо,booking,reschedule,booking_flow,augmented,medium
1282,"Скажите, сколько нельзя заниматься спортом после удаление?",faq,visit_prep,faq_flow,augmented,complex
8561,"Здравствуйте, есть микроскоп!",faq,clinic_info,faq_flow,augmented,complex
3701,КАК ПРОХОДИТ КОНСУЛЬТАЦИЮ спасибо,faq,procedure,faq_flow,augmented,simple
9632,"Добрый день, скажите, как проходит лечение каналов?",faq,procedure,faq_flow,augmented,complex
488,"Здравствуйте, не понравилось",feedback,negative_general,escalation_flow,augmented,complex
1367,Спаисбо за информацию 😢,conversational,gratitude,conversation_flow,augmented,simple
1352,Перенесите на следующую неделю!,booking,reschedule,booking_flow,augmented,simple
9022,Превосходный сервис,feedback,positive_general,feedback_flow,template,simple
11126,"Спасибо, всё понятно 🦷",conversational,gratitude,conversation_flow,augmented,complex
406,Почём удаление?,faq,price,faq_flow,variation,simple
11695,коронку сколько стоти?,faq,price,faq_flow,augmented,simple
9981,"Приве,т удаление у Волкова прошло замечательно",feedback,positive_quality,feedback_flow,augmented,complex
11262,Есть ортодонт заранее спасибо,faq,clinic_info,faq_flow,augmented,simple
9973,Добрый евчер,conversational,greeting,conversation_flow,augmented,simple
7657,"Здравствуйте, пока",conversational,farewell,conversation_flow,augmented,complex
355,Сколько длится бректеы?,faq,procedure,faq_flow,augmented,simple
11241,Врач Новикова не объяснил!!,feedback,negative_staff,escalation_flow,augmented,simple
10981,Лебедевой настощяий профессионал,feedback,positive_staff,feedback_flow,augmented,simple
1175,Быстро записали на понедельник 🦷 🦷,feedback,positive_service,feedback_flow,augmented,medium
8754,Можно перенести на понедельник,booking,reschedule,booking_flow,augmented,simple
5050,После протезирование у Волкова стало хуже,feedback,negative_quality,escalation_flow,variation,medium
4722,не понравилсоь,feedback,negative_general,escalation_flow,augmented,simple
63,"Да, коненчо",conversational,confirmation,conversation_flow,augmented,complex
4063,"Уточните, пожалуйста заранее спасибо",faq,followup,faq_flow,augmented,complex
11400,СКОЛЬКО НЕЛЬЗЯ ПИТЬ ПОСЛЕ ЧИСТКУ,faq,visit_prep,faq_flow,augmented,simple
5512,"ЗдРавствуйте, новикова настоящий профессионал",feedback,positive_staff,feedback_flow,augmented,complex
6538,Врачу спокоил перед Процедурой,feedback,positive_staff,feedback_flow,augmented,simple
6148,пломбирование у Лебедевой прошло замечательно заранее спаСибо,feedback,positive_quality,feedback_flow,augmented,medium
562,Элайнер треснул?,anamnesis,complaint,anamnesis_flow,augmented,simple
5779,Работаете в послезавтра,faq,clinic_info,faq_flow,augmented,simple
3564,Хочу оставить жалобу на Сидорова,feedback,negative_general,escalation_flow,variation,simple
9393,Здравствуйте заранее спасибо!,conversational,greeting,conversation_flow,augmented,simple
8176,брекеты это больно?,faq,procedure,faq_flow,variation,simple
8370,"Здравствуйте, хочу оставить жалобу на Морозовой",feedback,negative_general,escalation_flow,augmented,complex
10553,Когда можно прИйти,booking,new_appointment,booking_flow,augmented,simple
4416,"Скажите, угу",conversational,confirmation,conversation_flow,augmented,complex
757,Быстро записали на утро,feedback,positive_service,feedback_flow,variation,simple
1851,посоветуюсь 😢,conversational,unclear,clarification_flow,augmented,simple
6998,Не решил ещё?!,conversational,unclear,clarification_flow,augmented,simple
5279,Работаете в на следующей неделе 🙏!!,faq,clinic_info,faq_flow,augmented,medium
9477,Теперь хожу только к вам 😢,feedback,positive_general,feedback_flow,augmented,medium
4744,НУЖНО ЧИСТИТЬ ЗУБЫ ПЕРЕД ВИЗИТОМ,faq,visit_prep,faq_flow,augmented,simple
961,Где вы находитесь,faq,clinic_info,faq_flow,augmented,simple
11920,Перенесите на сегодня пожалуйста?!,booking,reschedule,booking_flow,augmented,simple
8881,отличная клиника 🙏,feedback,positive_general,feedback_flow,augmented,simple
2770,что если н епоможет?,faq,followup,faq_flow,augmented,simple
1286,Буду,conversational,confirmation,conversation_flow,template,simple
5100,Что лучше выбрать пожалуйста?!,faq,procedure,faq_flow,augmented,simple
416,Срочно нужен приём,booking,new_appointment,booking_flow,template,simple
3157,"Скажите, эй.",conversational,greeting,conversation_flow,augmented,complex
6396,Можно записаться онлайн!!,faq,clinic_info,faq_flow,augmented,simple
4062,"Скажите, перенос записи",booking,reschedule,booking_flow,augmented,complex
397,"Привет, приду к вам ещё",feedback,positive_general,feedback_flow,augmented,complex
11755,Добры йвечер,conversational,greeting,conversation_flow,augmented,simple
5359,"Подскажите, зуб мудрости болит постоянно",anamnesis,symptom,anamnesis_flow,augmented,complex
5750,"ДОБРЫЙ ДЕНЬ, ДОГОВОРИЛИСЬ",conversational,confirmation,conversation_flow,augmented,complex
4936,"Добрый день, посоветусюь",conversational,unclear,clarification_flow,augmented,complex
10258,Какая цена на виниры спасибо,faq,price,faq_flow,augmented,simple
9805,"Отмените запись, не смогу пожалуйста",booking,cancel,booking_flow,augmented,complex
1485,А вдруг не получится 👍,faq,followup,faq_flow,augmented,simple
9690,Хочу изменить время зпаиси,booking,reschedule,booking_flow,augmented,simple
9796,виниры у Петровой прошло замечательно,feedback,positive_quality,feedback_flow,variation,simple
8109,"ПОЯСНИТЕ, ПЖОАЛУЙСТА",faq,followup,faq_flow,augmented,complex
7104,Хочу оставить жалобу на Кузнецовой заранее спасибо,feedback,negative_general,escalation_flow,augmented,medium
8929,Морозовой был груб 🦷,feedback,negative_staff,escalation_flow,augmented,simple
2845,До встречи пожалуйста,conversational,farewell,conversation_flow,augmented,simple
5026,"Добрый день, здравствуйте 🦷",conversational,greeting,conversation_flow,augmented,complex
2665,Нужно протезирование?,anamnesis,services,anamnesis_flow,augmented,simple
760,после приёма болит сильнее заранее спасибо,feedback,negative_quality,escalation_flow,augmented,medium
9752,Морозовой отнёсся невнимательно...,feedback,negative_staff,escalation_flow,augmented,simple
1714,До скорого заранее спасибо,conversational,farewell,conversation_flow,augmented,simple
1579,Нашёл свою клинику 🙏,feedback,positive_general,feedback_flow,augmented,simple
4056,Планирую виниры заранее спасибо,anamnesis,services,anamnesis_flow,augmented,simple
9538,передний зуб периодически болит,anamnesis,symptom,anamnesis_flow,variation,simple
550,"Привет, после брекеты у Лебедевой стало хуже",feedback,negative_quality,escalation_flow,augmented,complex
2471,"Отмнеите запись, форс-мажор",booking,cancel,booking_flow,augmented,complex
7886,Часы работы,faq,clinic_info,faq_flow,augmented,simple
14,ПЕРЕНЕСИТЕ НА СУББОТУ 😢,booking,reschedule,booking_flow,augmented,simple
5713,Не сейчас 😢,conversational,unclear,clarification_flow,augmented,simple
7398,"Подскажите, добрый день, есть противопоказания?",faq,procedure,faq_flow,augmented,complex
8552,Перенесите на вторник,booking,reschedule,booking_flow,variation,simple
2206,"СПАСИБО, ВСЁ ПОНЯТНО!!",conversational,gratitude,conversation_flow,augmented,complex
9097,После коронку всё отлично 🙏,feedback,positive_quality,feedback_flow,augmented,simple
5183,Работаете в завтра пожалуйста пожалуйста,faq,clinic_info,faq_flow,augmented,simple
7112,После коронку у Сидорова стало хуже,feedback,negative_quality,escalation_flow,variation,medium
7377,"Привет, прикусил язык",anamnesis,complaint,anamnesis_flow,augmented,complex
895,Очень удобная запись заранее спасибо,feedback,positive_service,feedback_flow,augmented,simple
6211,Хочу отказаться от записи?,booking,cancel,booking_flow,augmented,simple
838,хочу оставить жалобу на иванова 😢,feedback,negative_general,escalation_flow,augmented,medium
4516,Болти шестёрка уже с утра,anamnesis,symptom,anamnesis_flow,augmented,simple
6676,"Здравствуйте, нАДО ПОСОВЕТОВАТЬСЯ",conversational,unclear,clarification_flow,augmented,complex
4078,"не смогу прийти, уезжаю 😢",booking,cancel,booking_flow,augmented,complex
391,"Привет, работаете в вечер?",faq,clinic_info,faq_flow,augmented,complex
6648,Быстро записали на четверг!!,feedback,positive_service,feedback_flow,augmented,simple
3255,Запишите к ортодонту,booking,new_appointment,booking_flow,variation,simple
9894,"Отмените запись, заболел спасибо",booking,cancel,booking_flow,augmented,complex
3822,Не уверен спасибо 😊,conversational,unclear,clarification_flow,augmented,simple
2511,"Привет, запись к детскому стоматологу на пятницу",booking,new_appointment,booking_flow,augmented,complex
10346,"Отмените запись, форс-мажор 😢",booking,cancel,booking_flow,augmented,complex
779,Приветтсвую,conversational,greeting,conversation_flow,augmented,simple
8431,Быстро записали на на этой неделе заранее спасибо,feedback,positive_service,feedback_flow,augmented,medium
6982,недоволен обслуживанием 🙏,feedback,negative_general,escalation_flow,augmented,simple
4571,"Скажите, что если не поможет",faq,followup,faq_flow,augmented,complex
9173,Работаете в на этой неделе!!,faq,clinic_info,faq_flow,augmented,simple
5042,Нагрублии,feedback,negative_staff,escalation_flow,augmented,simple
11282,ХОЧУ ПЕРЕНЕСТИ ЗАПИСЬ СПАСИБО,booking,reschedule,booking_flow,augmented,simple
10351,а вдруг не получится!,faq,followup,faq_flow,augmented,simple
2216,"Не смогу прийти, уезжаю 👍 🦷",booking,cancel,booking_flow,augmented,complex
11546,"Подскажите, всего дборого",conversational,farewell,conversation_flow,augmented,complex
10031,снимок у Козловой прошло замечательно спасибо,feedback,positive_quality,feedback_flow,augmented,medium
7926,Лечение прошло успешно,feedback,positive_quality,feedback_flow,template,simple
3143,"Привет, есть 3D-томограф?",faq,clinic_info,faq_flow,augmented,complex
3200,а обязательно 😢,faq,followup,faq_flow,augmented,simple
3012,Легко дозвониться спасибо,feedback,positive_service,feedback_flow,augmented,simple
5928,Ждал со вчера 🦷 🙏,feedback,negative_service,escalation_flow,augmented,simple
7531,нужно отбеливание 😊,anamnesis,services,anamnesis_flow,augmented,simple
1455,Мне не перезвонили...,feedback,negative_service,escalation_flow,augmented,simple
1913,Элайнер треснул спасибо,anamnesis,complaint,anamnesis_flow,augmented,simple
5382,"Здравствуйте, прощайте",conversational,farewell,conversation_flow,augmented,complex
459,"Добрый день, не смогу прийти, форс-мажор 😢",booking,cancel,booking_flow,augmented,complex
11231,Здравствуйте?,conversational,greeting,conversation_flow,augmented,simple
8847,Врач ничего не знает спасибо,feedback,negative_staff,escalation_flow,augmented,simple
6321,Окей спасибо,conversational,confirmation,conversation_flow,augmented,simple
11798,ДО СКОЛЬКИ РАБОТАЕТЕ!!,faq,clinic_info,faq_flow,augmented,simple
10673,верхняя десна немного болит заранее спасибо,anamnesis,symptom,anamnesis_flow,augmented,medium
1650,"СПАСИБО, ВСЁ ПОНЯТНО пожалуйста",conversational,gratitude,conversation_flow,augmented,complex
2092,"Подскажите, работаете в субботу?",faq,clinic_info,faq_flow,augmented,complex
11743,Сколько нельзя курить после консультацию?,faq,visit_prep,faq_flow,variation,simple
9800,Быстрый сервис заранее спасибо,feedback,positive_service,feedback_flow,augmented,simple
3870,"Добрый день, почём реставрацию?",faq,price,faq_flow,augmented,complex
6119,Как проходит снимок.,faq,procedure,faq_flow,augmented,simple
8142,"Здравствуйте, недоволен обслуживанием в клинике",feedback,negative_general,escalation_flow,augmented,complex
3205,Выпала пломба,anamnesis,complaint,anamnesis_flow,template,simple
4231,"Жду уже три дня, никто не подходит",feedback,negative_service,escalation_flow,variation,medium
9156,"Подскажите, добрый день, я вам перезвоню",conversational,unclear,clarification_flow,augmented,complex
4100,"Здравствуйте, отмените запись, не смогу",booking,cancel,booking_flow,augmented,complex
1551,"Скажите, спасибо пожалуйста",conversational,gratitude,conversation_flow,augmented,complex
1745,Запись к ортопеду на на следующей неделе 😊,booking,new_appointment,booking_flow,augmented,medium
2583,"Скажите, челюсть болит ночью",anamnesis,symptom,anamnesis_flow,augmented,complex
2847,"Подскажите, врач Сидорова не объяснил 🦷",feedback,negative_staff,escalation_flow,augmented,complex
7448,"Скажите, очень долго ждал",feedback,negative_service,escalation_flow,augmented,complex
3101,Интересует протезирование 😢 пожалуйста,anamnesis,services,anamnesis_flow,augmented,simple
7896,"Здравствуйте, рекомендую клинику всем друзьям",feedback,positive_general,feedback_flow,augmented,complex
7867,что нельзя после имплантацию пожалуйста,faq,visit_prep,faq_flow,augmented,simple
4497,"Здравствуйте, как подготовиться к виниры 😢",faq,visit_prep,faq_flow,augmented,complex
4849,ЗАПИШИТЕ НА ЧИСТКУ 👍,booking,new_appointment,booking_flow,augmented,simple
1634,реставрацюи у Кузнецовой прошло замечательно,feedback,positive_quality,feedback_flow,augmented,simple
8806,Зуб вылечили на отлично 😢,feedback,positive_quality,feedback_flow,augmented,simple
1385,Зуб треснул!!,anamnesis,complaint,anamnesis_flow,augmented,simple
4498,Сколько длится 👍,faq,procedure,faq_flow,augmented,simple
2177,Стоимость удаления спасибо,faq,price,faq_flow,augmented,simple
641,"ДОБРЫЙ ДЕНЬ, ОНЕМЕЛА ГУБА",anamnesis,symptom,anamnesis_flow,augmented,complex
4948,"Подскажите, как подготовиться к имплантацию?",faq,visit_prep,faq_flow,augmented,complex
2001,"Подскажите, после имплантацию всё отлично",feedback,positive_quality,feedback_flow,augmented,complex
1502,"Подскажите, после коронку у Иванова стало хуже 😢",feedback,negative_quality,escalation_flow,augmented,complex
7438,"Скажите, брекет отклеился.",anamnesis,complaint,anamnesis_flow,augmented,complex
5150,"Добрый день, так и не перезвонили",feedback,negative_service,escalation_flow,augmented,complex
6855,"Скажите, не решил ещё",conversational,unclear,clarification_flow,augmented,complex
5052,Случилось треснул зуб?,anamnesis,complaint,anamnesis_flow,augmented,simple
6594,Можно перенести на воскресенье пожалуйста,booking,reschedule,booking_flow,augmented,simple
1715,"Скажите, доволен качеством работы",feedback,positive_quality,feedback_flow,augmented,complex
7069,Запись к хирургу на вторник 🙏,booking,new_appointment,booking_flow,augmented,medium
6973,консультацию у Сидорова прошло замечательно,feedback,positive_quality,feedback_flow,variation,simple
29,Всем рекмоендую,feedback,positive_general,feedback_flow,augmented,simple
9143,профгигиену это больно?!,faq,procedure,faq_flow,augmented,simple
2134,можно перенести на субботу!!,booking,reschedule,booking_flow,augmented,simple
3159,"Привет, после профгигиену у Кузнецовой стало хуже",feedback,negative_quality,escalation_flow,augmented,complex
4790,"Жду уже три дня ,никто не подходит",feedback,negative_service,escalation_flow,augmented,complex
615,Принято спасибо 🦷,conversational,confirmation,conversation_flow,augmented,simple
9266,"Подскажите, нужно КТ",anamnesis,services,anamnesis_flow,augmented,complex
6745,НУЖНО ОТБЕЛИВАНИЕ спасибо,anamnesis,services,anamnesis_flow,augmented,simple
6834,"Скажите, надо подумать",conversational,unclear,clarification_flow,augmented,complex
10512,Доброе утро...,conversational,greeting,conversation_flow,augmented,simple
3639,Сколько нельзя есть после лечение каналов!,faq,visit_prep,faq_flow,augmented,medium
5207,"Здравствуйте, случилось шатается зуб",anamnesis,complaint,anamnesis_flow,augmented,complex
5194,ДОГОВОРИЛИСЬ 👍,conversational,confirmation,conversation_flow,augmented,simple
770,"Привет, а можно По-другому?",faq,followup,faq_flow,augmented,complex
4631,Что нельзя после реставрацию?,faq,visit_prep,faq_flow,variation,simple
6754,Работаете в понедельник заранее спасибо,faq,clinic_info,faq_flow,augmented,simple
4696,После чистку у Иванова стало хуже,feedback,negative_quality,escalation_flow,variation,medium
3856,"привет, перезапишите на 10:00",booking,reschedule,booking_flow,augmented,complex
6640,Можно Раньше...,booking,reschedule,booking_flow,augmented,simple
1258,Болит зуб мудрости уже день 😊,anamnesis,symptom,anamnesis_flow,augmented,medium
4895,до которого часап риём?,faq,clinic_info,faq_flow,augmented,simple
1055,"Добрый день, может быть",conversational,unclear,clarification_flow,augmented,complex
3237,конечно заранее спасибо,conversational,confirmation,conversation_flow,augmented,simple
9470,ХОЧУ ВОЗВРАТ заранее спасибо,feedback,negative_general,escalation_flow,augmented,simple
2359,Врач оечнь внимательный 🦷,feedback,positive_staff,feedback_flow,augmented,simple
11722,ПОСОВЕТУЮСЬ СПАСИБО,conversational,unclear,clarification_flow,augmented,simple
8309,Новикова был ргуб,feedback,negative_staff,escalation_flow,augmented,simple
6851,Можно перенести на воскресенье спасибо,booking,reschedule,booking_flow,augmented,simple
10096,"Здравствуйте, требую компенсацию",feedback,negative_general,escalation_flow,augmented,complex
3315,"Привет, всего доброго заранее спасибо",conversational,farewell,conversation_flow,augmented,complex
288,Планирую виниры,anamnesis,services,anamnesis_flow,variation,simple
619,Здрасте!!,conversational,greeting,conversation_flow,augmented,simple
5819,Нужно отбеливание,anamnesis,services,anamnesis_flow,variation,simple
4999,Отказ от записи!,booking,cancel,booking_flow,augmented,simple
6578,Перенесите на вечер 🙏,booking,reschedule,booking_flow,augmented,simple
463,Цена отбеливания?,faq,price,faq_flow,template,simple
9113,"Привет, какие риски?",faq,procedure,faq_flow,augmented,complex
4807,Хочу вОзврат?,feedback,negative_general,escalation_flow,augmented,simple
3931,Сколько нельзя пить алкоголь после профгигиену?,faq,visit_prep,faq_flow,variation,medium
711,После лечения у Лебедевой боль осталась!,feedback,negative_quality,escalation_flow,augmented,medium
5131,Приевсттвую,conversational,greeting,conversation_flow,augmented,simple
625,Как проходит консультацию?,faq,procedure,faq_flow,variation,simple
6275,Уберите мою запись 😊,booking,cancel,booking_flow,augmented,simple
8071,лечение кариеса это больно,faq,procedure,faq_flow,augmented,simple
9647,"Подскажите, хороший специалист",feedback,positive_staff,feedback_flow,augmented,complex
9472,после осмотр у козловой стало хуже 👍,feedback,negative_quality,escalation_flow,augmented,medium
6870,Приниматее Apple Pay,faq,clinic_info,faq_flow,augmented,simple
9365,"Подскажите, хочу сдвинуть время 😊",booking,reschedule,booking_flow,augmented,complex
7653,Новикова отнёсся невнимательно!,feedback,negative_staff,escalation_flow,augmented,simple
7274,имплантацию это больно заранее спасибо,faq,procedure,faq_flow,augmented,simple
2861,Можно перенести на утро?,booking,reschedule,booking_flow,variation,simple
203,"Привет, сколько стоит протезирование...",faq,price,faq_flow,augmented,complex
10066,"Привет, здравствуйте!!",conversational,greeting,conversation_flow,augmented,complex
1895,"Првиет, благодарю",conversational,gratitude,conversation_flow,augmented,complex
1555,"Привет, интересует реставрацию?!",anamnesis,services,anamnesis_flow,augmented,complex
4179,"Привет, я вам перезвоню заранее спасибо",conversational,unclear,clarification_flow,augmented,complex
9993,"Скажите, перенесите на вторник",booking,reschedule,booking_flow,augmented,complex
11759,"Здравствуйте, хорошего дня 👍",conversational,farewell,conversation_flow,augmented,complex
3572,лечение кариеса у Лебедевой прошло замечательно 🦷,feedback,positive_quality,feedback_flow,augmented,medium
7409,МОРОЗОВОЙ ОТНЁССЯ НЕВНИМАТЕЛЬНО.,feedback,negative_staff,escalation_flow,augmented,simple
1575,"Скажите, сидорова отнёсся невнимательно",feedback,negative_staff,escalation_flow,augmented,complex
11121,Хочу красивую улыбку спасибо,anamnesis,services,anamnesis_flow,augmented,simple
6852,верхний зуб болит сильно,anamnesis,symptom,anamnesis_flow,variation,simple
7505,"Скажите, уточнтие, пожалуйста",faq,followup,faq_flow,augmented,complex
8203,"ДобрыЙ день, нужно снимок",anamnesis,services,anamnesis_flow,augmented,complex
2698,Не решил ещё?,conversational,unclear,clarification_flow,augmented,simple
1103,У меня пульсирующая боль давно,anamnesis,symptom,anamnesis_flow,variation,simple
11317,Рекомендую всем знакомым пожалуйста спасибо,feedback,positive_general,feedback_flow,augmented,simple
5613,Спсаибо большое!,conversational,gratitude,conversation_flow,augmented,simple
11964,Угу 🙏!,conversational,confirmation,conversation_flow,augmented,simple
1248,Окей?,conversational,confirmation,conversation_flow,augmented,simple
5339,"Скажите, как подготовиться к Коронку?",faq,visit_prep,faq_flow,augmented,complex
7591,"Подскажите, после брекеты у Смирновой стало хуже",feedback,negative_quality,escalation_flow,augmented,complex
5805,Клиника заслуживает 5 звёзд заранее спасибо,feedback,positive_general,feedback_flow,augmented,medium
5317,ЗАПИСЬК  ОРТОПЕДУ НА СЕГОДНЯ,booking,new_appointment,booking_flow,augmented,simple
76,Хочу изменить время записи 😊,booking,reschedule,booking_flow,augmented,simple
11691,БыстРо записали на пятницу?!,feedback,positive_service,feedback_flow,augmented,simple
8708,"Привет, как добраться",faq,clinic_info,faq_flow,augmented,complex
5390,"Добрый день, здравствуйте, очень благодарен",conversational,gratitude,conversation_flow,augmented,complex
9941,"привет, не решил ещё",conversational,unclear,clarification_flow,augmented,complex
2328,"не смогу прийти, не смогу!",booking,cancel,booking_flow,augmented,complex
4330,Больше не приду,feedback,negative_general,escalation_flow,template,simple
279,Здорово 👍,conversational,greeting,conversation_flow,augmented,simple
10888,Есть время на утро?,booking,new_appointment,booking_flow,variation,simple
6238,Какая цена на коронку?,faq,price,faq_flow,variation,simple
9999,Сколько стоит лечение.,faq,price,faq_flow,augmented,simple
11157,"Уточните, пожалуйста?",faq,followup,faq_flow,augmented,complex
3623,Зубы выровнялись как надо?!,feedback,positive_quality,feedback_flow,augmented,simple
752,Как к вам проехать?,faq,clinic_info,faq_flow,template,simple
5323,Быстро записали на вечер спасибо,feedback,positive_service,feedback_flow,augmented,simple
7777,ВРАЧ ЫБЛ ГРУБ,feedback,negative_staff,escalation_flow,augmented,simple
3074,Ждал давно 👍,feedback,negative_service,escalation_flow,augmented,simple
6519,"Скажите, персонал хамит",feedback,negative_staff,escalation_flow,augmented,complex
1073,"Жду уже деьн, никто не подходит",feedback,negative_service,escalation_flow,augmented,complex
10826,До скорого?!,conversational,farewell,conversation_flow,augmented,simple
2947,Добрый евчер заранее спасибо,conversational,greeting,conversation_flow,augmented,simple
6221,Удобно что работаете субботу?!,feedback,positive_service,feedback_flow,augmented,simple
7431,Иванова был груб 👍,feedback,negative_staff,escalation_flow,augmented,simple
3112,"Здравствуйте, можно без этого",faq,followup,faq_flow,augmented,complex
4006,СНИМОК У СИДОРОВА ПРОШЛО ЗАМЕЧАТЕЛЬНО!,feedback,positive_quality,feedback_flow,augmented,simple
4110,Удобно что работаете субботу,feedback,positive_service,feedback_flow,variation,simple
2470,"Добрый день, запись к эндодонтисту на пятницу",booking,new_appointment,booking_flow,augmented,complex
6634,"Привет, очень долго ждал",feedback,negative_service,escalation_flow,augmented,complex
8478,У меня кровоточивость с утра,anamnesis,symptom,anamnesis_flow,variation,simple
2326,Удобно что работаете сегодня пожалуйста,feedback,positive_service,feedback_flow,augmented,simple
1482,Врач терпеливо всё объяснил 🙏...,feedback,positive_staff,feedback_flow,augmented,simple
8974,Что посоветуете пожалуйста,faq,followup,faq_flow,augmented,simple
2641,брекеты у Кузнецовой прошло замечательно заранее спасибо,feedback,positive_quality,feedback_flow,augmented,medium
2281,отбеливание у Козловой прошло замечательно,feedback,positive_quality,feedback_flow,variation,simple
6892,Приянто,conversational,confirmation,conversation_flow,augmented,simple
4738,Нужно удаление,anamnesis,services,anamnesis_flow,variation,simple
2346,После протезирование у Морозовой стало хуже,feedback,negative_quality,escalation_flow,variation,medium
9613,волкова отнёсся невнимательно!!,feedback,negative_staff,escalation_flow,augmented,simple
1705,"Подскажите, это правда необходимо?",faq,followup,faq_flow,augmented,complex
6157,"привет, благодарю",conversational,gratitude,conversation_flow,augmented,complex
3687,"Скажите, до скорого пожалуйста",conversational,farewell,conversation_flow,augmented,complex
8106,Запись к хируРгу на четверг заранее спасибо,booking,new_appointment,booking_flow,augmented,medium
2065,"Подскажите, интересует элайнеры",anamnesis,services,anamnesis_flow,augmented,complex
7417,"Отмените запись, уезжаю 👍?!",booking,cancel,booking_flow,augmented,complex
8724,"Здравствуйте, всего доброго пожалуйста",conversational,farewell,conversation_flow,augmented,complex
7604,Нужно протезирование?!,anamnesis,services,anamnesis_flow,augmented,simple
1140,Запись к челюстно-лицевому хирургу на понедельник,booking,new_appointment,booking_flow,variation,medium
6794,"Привет, зуб шатается",anamnesis,complaint,anamnesis_flow,augmented,complex
4680,"Добрый день, не решил ещё...",conversational,unclear,clarification_flow,augmented,complex
9720,ПРИКУСИЛ ЩЁКУ!,anamnesis,complaint,anamnesis_flow,augmented,simple
8235,Спасибо 👍,conversational,gratitude,conversation_flow,augmented,simple
1152,Что вы рекомендуете.,faq,followup,faq_flow,augmented,simple
11227,Коорнка шатается,anamnesis,complaint,anamnesis_flow,augmented,simple
5431,После имплантацию у Сидорова стало хуже?!,feedback,negative_quality,escalation_flow,augmented,medium
8259,Зуб изменил цвет пожалуйста,anamnesis,complaint,anamnesis_flow,augmented,simple
7025,Какая цена на профгигиену.,faq,price,faq_flow,augmented,simple
5481,Почём лечение каналов заранее спасибо,faq,price,faq_flow,augmented,simple
5729,"Добрый день, ретейнер отклеился",anamnesis,complaint,anamnesis_flow,augmented,complex
7729,"ПРИВЕТ, КАК СВЯЗАТЬСЯ?",faq,clinic_info,faq_flow,augmented,complex
11008,Есть лазер.,faq,clinic_info,faq_flow,augmented,simple
472,ЧТО ПОСОВЕТУЕТЕ 👍,faq,followup,faq_flow,augmented,simple
3781,Почём профгигиену заранее спасибо,faq,price,faq_flow,augmented,simple
6925,"Здравствуйте, быстрый сервис",feedback,positive_service,feedback_flow,augmented,complex
11828,Запись куда-то пропала!!,feedback,negative_service,escalation_flow,augmented,simple
11852,"Скажите, удачи.",conversational,farewell,conversation_flow,augmented,complex
5700,"Привет, отличное соотношение цена-качество",feedback,positive_general,feedback_flow,augmented,complex
6872,"Добрый день, здрасте",conversational,greeting,conversation_flow,augmented,complex
10297,Добрео утро,conversational,greeting,conversation_flow,augmented,simple
3341,ПРИКУСИЛ ЯЗЫК!!,anamnesis,complaint,anamnesis_flow,augmented,simple
5686,"Здравствуйте, козловой очень внимательный заранее спасибо",feedback,positive_staff,feedback_flow,augmented,complex
1552,До встречи,conversational,farewell,conversation_flow,template,simple
1128,Запись к пародонтологу на пятницу 🦷,booking,new_appointment,booking_flow,augmented,medium
10193,Ждал со вчера?!,feedback,negative_service,escalation_flow,augmented,simple
11236,ЧТО БУДУТ ДЕЛАТЬ,faq,procedure,faq_flow,augmented,simple
7241,Сколько стоит осмотр,faq,price,faq_flow,augmented,simple
359,"Здравствуйте, а что будет если 🙏",faq,followup,faq_flow,augmented,complex
9433,Как проходит коронку?,faq,procedure,faq_flow,variation,simple
10487,Есть время на понедельник?,booking,new_appointment,booking_flow,variation,simple
11734,Лучшие стоматологи?,feedback,positive_general,feedback_flow,augmented,simple
8944,НЕ УВЕРЕН!!,conversational,unclear,clarification_flow,augmented,simple
7780,После консультацию у Козловой стало хуже,feedback,negative_quality,escalation_flow,variation,medium
870,"Добрый день, можно перезаписаться 🦷",booking,reschedule,booking_flow,augmented,complex
6643,дорбый день!,conversational,greeting,conversation_flow,augmented,simple
6837,"Спасбио, до свидания 😢",conversational,gratitude,conversation_flow,augmented,complex
88,КУЗНЕЦОВОЙ ОТНЁССЯ НЕВНИМАТЕЛЬНО 🦷,feedback,negative_staff,escalation_flow,augmented,simple
1800,"Да ,хорошо",conversational,confirmation,conversation_flow,augmented,complex
783,"Подскажите, хочу оставить жалобу",feedback,negative_general,escalation_flow,augmented,complex
2054,протезирование у Морозовой прошло замечательно,feedback,positive_quality,feedback_flow,variation,simple
4955,"Не смогу прийти, заболел",booking,cancel,booking_flow,variation,simple
3123,Планирую консультацию заранее спасибо,anamnesis,services,anamnesis_flow,augmented,simple
580,Позовтие главврача,feedback,negative_general,escalation_flow,augmented,simple
7998,Отнеслись наплевательски...,feedback,negative_staff,escalation_flow,augmented,simple
4591,Запись к имплантологу на на этой неделе,booking,new_appointment,booking_flow,variation,medium
8869,"Добрый день, не уеврен",conversational,unclear,clarification_flow,augmented,complex
7858,я вам перезвоню?,conversational,unclear,clarification_flow,augmented,simple
7963,"Скажите, привет заранее спасибо",conversational,greeting,conversation_flow,augmented,complex
152,После лечения у Морозовой боль осталась...,feedback,negative_quality,escalation_flow,augmented,medium
3028,Верните деньги?,feedback,negative_general,escalation_flow,augmented,simple
921,Прощатйе заранее спасибо,conversational,farewell,conversation_flow,augmented,simple
5316,Не получится прийти 🙏.,booking,cancel,booking_flow,augmented,simple
5104,Хочу оставтиь жалобу на Волкова?,feedback,negative_general,escalation_flow,augmented,simple
3404,"Подскажите, сколько нельзя заниматься спортом после имплантацию?",faq,visit_prep,faq_flow,augmented,complex
4118,Можно записаться онлайн?,faq,clinic_info,faq_flow,template,simple
10081,Запись к ортодонту на понедельник 🙏 пожалуйста,booking,new_appointment,booking_flow,augmented,medium
614,После чистку всё отлично,feedback,positive_quality,feedback_flow,variation,simple
6117,СПАСИБО ЗА ИФНОРМАЦИЮ,conversational,gratitude,conversation_flow,augmented,simple
11537,"Добрый день, перенесите на завтра",booking,reschedule,booking_flow,augmented,complex
3449,"Уточните, пожалуйста спасибо",faq,followup,faq_flow,augmented,complex
8178,Сколько нельзя есть после отбеливание?,faq,visit_prep,faq_flow,variation,simple
4135,"Добрый день, срок службы?",faq,procedure,faq_flow,augmented,complex
5171,Не совсем пноял,faq,followup,faq_flow,augmented,simple
8560,Приевт 🙏,conversational,greeting,conversation_flow,augmented,simple
4466,Сколько стиот консультацию?,faq,price,faq_flow,augmented,simple
9612,Сколько нельзя заниматься спортом после осмотр?,faq,visit_prep,faq_flow,variation,medium
8779,ПОСЛЕ КОРОНКУ У НОВИКОВА СТАЛО ХУЖЕ 👍,feedback,negative_quality,escalation_flow,augmented,medium
9093,Запись к челюстно-лицевому хирургу на сегодня!!,booking,new_appointment,booking_flow,augmented,medium
891,Дорбый вечер?!,conversational,greeting,conversation_flow,augmented,simple
2312,БЛАГОДАРЮ ЗА РАБОТУ пожалуйста,feedback,positive_general,feedback_flow,augmented,simple
10490,Сколько нельзя курить после брекеты.,faq,visit_prep,faq_flow,augmented,simple
5308,Здрасте,conversational,greeting,conversation_flow,template,simple
3244,Спасибо?!,conversational,gratitude,conversation_flow,augmented,simple
10580,Добрый вчеер?!,conversational,greeting,conversation_flow,augmented,simple
9792,Врач Морозовой не объяснил заранее спасибо,feedback,negative_staff,escalation_flow,augmented,medium
1057,"Скажите, отмените приём",booking,cancel,booking_flow,augmented,complex
8792,"Привет, протезирование это больно!!",faq,procedure,faq_flow,augmented,complex
7911,записьк  челюстно-лицевому хирургу на среду,booking,new_appointment,booking_flow,augmented,simple
53,У меня боль от горячего со вчера,anamnesis,symptom,anamnesis_flow,variation,medium
747,"БЫСТРО ЗАПИСАИЛ, СПАСИБО",feedback,positive_service,feedback_flow,augmented,complex
3138,Это безопасно?,faq,procedure,faq_flow,template,simple
807,Очень добрый врач 😢,feedback,positive_staff,feedback_flow,augmented,simple
43,Всего доброго спасибо 🦷,conversational,farewell,conversation_flow,augmented,simple
908,Очень благодарен 👍,conversational,gratitude,conversation_flow,augmented,simple
7386,Ужасный сервис 🙏 👍,feedback,negative_general,escalation_flow,augmented,simple
9384,Можте быть,conversational,unclear,clarification_flow,augmented,simple
4443,"Поясните, поажлуйста",faq,followup,faq_flow,augmented,complex
3794,Сколько нельзя пить алкоголь после чистку?,faq,visit_prep,faq_flow,variation,medium
6494,Снимите меня с записи 😢,booking,cancel,booking_flow,augmented,simple
2478,коронку сколько стоит,faq,price,faq_flow,augmented,simple
926,Благодраю авс,conversational,gratitude,conversation_flow,augmented,simple
5408,"Привет, хочу лечение кариеса!",anamnesis,services,anamnesis_flow,augmented,complex
2960,Запись к детскому стоматологу на в ближайшее время пожалуйста,booking,new_appointment,booking_flow,augmented,medium
4721,А вдруг неп олучится...,faq,followup,faq_flow,augmented,simple
4622,Подскажите подробнее...,faq,followup,faq_flow,augmented,simple
2676,"Подскажите, сколько нельЗя курить после профгигиену?",faq,visit_prep,faq_flow,augmented,complex
11508,Позже 🦷,conversational,unclear,clarification_flow,augmented,simple
1760,не знаю!,conversational,unclear,clarification_flow,augmented,simple
4394,"Добрый день, перенесите запись",booking,reschedule,booking_flow,augmented,complex
9667,После лечения у Иванова боль осталась,feedback,negative_quality,escalation_flow,variation,medium
3285,"Здравствуйте, понятно",conversational,confirmation,conversation_flow,augmented,complex
4827,"Отменитез апись, форс-мажор",booking,cancel,booking_flow,augmented,complex
8729,Эй 🙏,conversational,greeting,conversation_flow,augmented,simple
8740,"Привет, кузнецовой настоящий профессионал.",feedback,positive_staff,feedback_flow,augmented,complex
3649,Волкова настоящий профессионал 👍,feedback,positive_staff,feedback_flow,augmented,simple
4808,семёрка облти сильно,anamnesis,symptom,anamnesis_flow,augmented,simple
10205,Нужно имплантацию 👍,anamnesis,services,anamnesis_flow,augmented,simple
9657,"Подскажите, удобно что работаете воскресенье",feedback,positive_service,feedback_flow,augmented,complex
10975,Пока не решил 😊,conversational,unclear,clarification_flow,augmented,simple
3770,Интересует чистку заранее спасибо,anamnesis,services,anamnesis_flow,augmented,simple
9751,Не совсем понял 🦷 заранее спасибо,faq,followup,faq_flow,augmented,medium
4439,"Подскажите, врач Кузнецовой всё подробно объяснил",feedback,positive_staff,feedback_flow,augmented,complex
5113,После лечение кариеса у Сидорова стало хуже спасибо,feedback,negative_quality,escalation_flow,augmented,medium
778,Запись потеряли,feedback,negative_service,escalation_flow,template,simple
9737,"Да, конечно пожалуйста заранее спасибо",conversational,confirmation,conversation_flow,augmented,complex
11756,"Скажите, добрый день пожалуйста",conversational,greeting,conversation_flow,augmented,complex
1430,"Привет, ага",conversational,confirmation,conversation_flow,augmented,complex
3783,Спасибо?,conversational,gratitude,conversation_flow,augmented,simple
10898,Поудмаю,conversational,unclear,clarification_flow,augmented,simple
8382,Можноп озже?,booking,reschedule,booking_flow,augmented,simple
2429,Сколько стоит пломба?!,faq,price,faq_flow,augmented,simple
9105,До свидания 😢 заранее спасибо,conversational,farewell,conversation_flow,augmented,simple
7233,элайнеры сколько стоит,faq,price,faq_flow,augmented,simple
6810,благодар юза работу,feedback,positive_general,feedback_flow,augmented,simple
8302,Есть рентген?,faq,clinic_info,faq_flow,variation,simple
3556,быстро записали на сегодня 👍,feedback,positive_service,feedback_flow,augmented,simple
3089,"Добрый день, спасибо большое...",conversational,gratitude,conversation_flow,augmented,complex
66,Понянто!!,conversational,confirmation,conversation_flow,augmented,simple
11866,"Добрый день, спасибо спасибо",conversational,gratitude,conversation_flow,augmented,complex
471,"Скажите, врач опоздал",feedback,negative_service,escalation_flow,augmented,complex
940,"шатается зуб, что делать...",anamnesis,complaint,anamnesis_flow,augmented,complex
4315,Работаете в вечер?!,faq,clinic_info,faq_flow,augmented,simple
9665,Подскажите подробнее спасибо,faq,followup,faq_flow,augmented,simple
2630,Удобно записаться через сайт.,feedback,positive_service,feedback_flow,augmented,simple
8424,"Здравствуйте, зАПИСЬ К ОРТОПЕДУ НА ПОНЕДЕЛЬНИК",booking,new_appointment,booking_flow,augmented,complex
5119,Не пришлось ждать в очереди 🙏,feedback,positive_service,feedback_flow,augmented,medium
11365,Коронка идеально подошла,feedback,positive_quality,feedback_flow,template,simple
1847,Нужно перенсети 👍,booking,reschedule,booking_flow,augmented,simple
9609,Есть время на вечер?,booking,new_appointment,booking_flow,variation,simple
11215,У меня боль от холодного давно,anamnesis,symptom,anamnesis_flow,variation,medium
2661,"Жду уже со вчера, никто ен подходит",feedback,negative_service,escalation_flow,augmented,complex
1299,Удобно что работаете утро,feedback,positive_service,feedback_flow,variation,simple
409,"Привет, сколько нельзя курить после удаление?",faq,visit_prep,faq_flow,augmented,complex
10168,Недопустимо 🦷,feedback,negative_general,escalation_flow,augmented,simple
4423,После пломбирование у Иванова стало хуже,feedback,negative_quality,escalation_flow,variation,medium
236,"Привет, большое спасибо",conversational,gratitude,conversation_flow,augmented,complex
108,Можно перенести на воскресенье...,booking,reschedule,booking_flow,augmented,simple
2968,"Привет, удобный онлайн-сервис",feedback,positive_service,feedback_flow,augmented,complex
11406,"Отмените запись, форс-мажор",booking,cancel,booking_flow,variation,simple
8097,"Не смогу прийти, заболел!",booking,cancel,booking_flow,augmented,complex
1415,Брекет откелился,anamnesis,complaint,anamnesis_flow,augmented,simple
10033,Результат снимок превзошёл ожидания пожалуйста,feedback,positive_quality,feedback_flow,augmented,simple
8890,Быстрый сервис?,feedback,positive_service,feedback_flow,augmented,simple
9658,Всегох орошего 😊,conversational,farewell,conversation_flow,augmented,simple
1202,Хочу остаивть жалобу 😢,feedback,negative_general,escalation_flow,augmented,simple
1710,"Подскажите, верните деньги",feedback,negative_general,escalation_flow,augmented,complex
11684,Буду обращаться только к вам,feedback,positive_general,feedback_flow,template,simple
10562,лечение кариеса у Новикова прошло замечательно,feedback,positive_quality,feedback_flow,variation,medium
754,"Привет, где оставить жалобу?",feedback,negative_general,escalation_flow,augmented,complex
8733,"Скажите, есть скидки пенсионерам?",faq,price,faq_flow,augmented,complex
4573,Перенесите на послезавтра 🦷,booking,reschedule,booking_flow,augmented,simple
1989,Какая цена на профгигиену 😊,faq,price,faq_flow,augmented,simple
6294,Есть рентген заранее спасибо,faq,clinic_info,faq_flow,augmented,simple
4832,"Подскажите, пока не решил",conversational,unclear,clarification_flow,augmented,complex
9002,интересует элайнеры 😊,anamnesis,services,anamnesis_flow,augmented,simple
468,Принимаете Apple Pya?,faq,clinic_info,faq_flow,augmented,simple
638,"Здравствуйте, да пожалуйста",conversational,confirmation,conversation_flow,augmented,complex
6875,запись к ортопеду на сегодня заранее спасибо,booking,new_appointment,booking_flow,augmented,medium
8592,Спасибо за заботу.,feedback,positive_general,feedback_flow,augmented,simple
9458,Болит верхняя десна уже день,anamnesis,symptom,anamnesis_flow,variation,simple
2239,Интересует лечение кариеса спасибо 👍,anamnesis,services,anamnesis_flow,augmented,simple
8267,Онемела губа,anamnesis,symptom,anamnesis_flow,template,simple
5556,перенесите на в ближайшее время.,booking,reschedule,booking_flow,augmented,simple
5405,Почём профгигиену?,faq,price,faq_flow,variation,simple
10882,"откололся зуб, что делать 😊",anamnesis,complaint,anamnesis_flow,augmented,complex
829,Почём чистку заранее спасибо?,faq,price,faq_flow,augmented,simple
916,Не приду 👍,booking,cancel,booking_flow,augmented,simple
8543,имплантацию сколько стоит.,faq,price,faq_flow,augmented,simple
6758,Не сейчас!!,conversational,unclear,clarification_flow,augmented,simple
5508,КТ сколько стоит 🙏,faq,price,faq_flow,augmented,simple
2088,"Привет, прикус изменился после лечения",feedback,negative_quality,escalation_flow,augmented,complex
8004,Врач опоздал 🙏,feedback,negative_service,escalation_flow,augmented,simple
993,Перенесите на воскресенье,booking,reschedule,booking_flow,variation,simple
10494,"Добрый день, зуб треснул?!",anamnesis,complaint,anamnesis_flow,augmented,complex
10733,Хочу виниры спасибо,anamnesis,services,anamnesis_flow,augmented,simple
10431,Хочу к эндодонтисту спасибо,booking,new_appointment,booking_flow,augmented,simple
4878,Можно на другой день?!,booking,reschedule,booking_flow,augmented,simple
2,Сколько длится имплантацию?,faq,procedure,faq_flow,variation,simple
4986,Скололасьэ маль,anamnesis,complaint,anamnesis_flow,augmented,simple
5934,"Привет, после КТ всё отлично 👍",feedback,positive_quality,feedback_flow,augmented,complex
5677,Это безопасно?!,faq,procedure,faq_flow,augmented,simple
125,"Привет, есть парковка?",faq,clinic_info,faq_flow,augmented,complex
2048,Позже!!,conversational,unclear,clarification_flow,augmented,simple
11165,Не уверен 😊,conversational,unclear,clarification_flow,augmented,simple
4966,"Скажите, можно на субботу?",booking,new_appointment,booking_flow,augmented,complex
5914,Вомзожно,conversational,unclear,clarification_flow,augmented,simple
4377,Есть время на среду?,booking,new_appointment,booking_flow,variation,simple
6957,"Скажите, подскажите, снимите меня с записи",booking,cancel,booking_flow,augmented,complex
1631,Как проходит Осмотр заранее спасибо,faq,procedure,faq_flow,augmented,simple
2142,Добырй вечер!,conversational,greeting,conversation_flow,augmented,simple
5338,Запись к ортопеду на четверг,booking,new_appointment,booking_flow,variation,simple
9190,Очень благодарен 😊 пожалуйста,conversational,gratitude,conversation_flow,augmented,simple
4780,Добрый день...,conversational,greeting,conversation_flow,augmented,simple
11277,работаете по дмс.,faq,clinic_info,faq_flow,augmented,simple
7012,"Скажите, не приду",booking,cancel,booking_flow,augmented,complex
3523,Новикова отнёсся невнимательно,feedback,negative_staff,escalation_flow,variation,simple
1664,Есть альтернативы 👍,faq,procedure,faq_flow,augmented,simple
10632,Очень рад что обратился к вам 👍,feedback,positive_general,feedback_flow,augmented,medium
569,консультацию это больно!!,faq,procedure,faq_flow,augmented,simple
10595,После лечения у Новикова боль осталась,feedback,negative_quality,escalation_flow,variation,medium
5545,Какая цена на реставрацию,faq,price,faq_flow,augmented,simple
7884,Можно перенести на вечер!!,booking,reschedule,booking_flow,augmented,simple
8174,Не есйчас,conversational,unclear,clarification_flow,augmented,simple
4187,профгигеину сколько стоит?,faq,price,faq_flow,augmented,simple
11254,"Добрый день, не знаю спасибо",conversational,unclear,clarification_flow,augmented,complex
9289,Болит верхний зуб уже со вчера,anamnesis,symptom,anamnesis_flow,variation,medium
2958,Рекомендую друзьям и родным 😊,feedback,positive_general,feedback_flow,augmented,simple
10841,"Добрый день, перенесите на понедельник?",booking,reschedule,booking_flow,augmented,complex
4997,Нужна ли анестезия 😊,faq,procedure,faq_flow,augmented,simple
5886,Врач работает аккуратно,feedback,positive_staff,feedback_flow,template,simple
8046,Запишите к челюстно-лицевому хирургу,booking,new_appointment,booking_flow,variation,simple
11320,"Добрый день, хочу невидимые каппы заранее спасибо",anamnesis,services,anamnesis_flow,augmented,complex
3495,интересует элайнеры пожалуйста,anamnesis,services,anamnesis_flow,augmented,simple
10080,"Отмените запись, занят на работе спасибо",booking,cancel,booking_flow,augmented,complex
4205,"Привет, врач не объяснил",feedback,negative_staff,escalation_flow,augmented,complex
8346,Хочу КТ пожалуйста,anamnesis,services,anamnesis_flow,augmented,simple
5281,Нашёл свою клинику?,feedback,positive_general,feedback_flow,augmented,simple
4990,Волкова настяощий профессионал,feedback,positive_staff,feedback_flow,augmented,simple
11732,Врач ничего не знает!,feedback,negative_staff,escalation_flow,augmented,simple
5441,лечение кариеса у Козловой прошло замечательно пожалуйста,feedback,positive_quality,feedback_flow,augmented,medium
11752,Почём лечение каналов!!,faq,price,faq_flow,augmented,simple
2713,Всего хорошего 😢 пожалуйста,conversational,farewell,conversation_flow,augmented,simple
2182,Почём брекеты спасибо,faq,price,faq_flow,augmented,simple
6314,Интересеут отбеливание,anamnesis,services,anamnesis_flow,augmented,simple
8044,Как проходит виниры 😢,faq,procedure,faq_flow,augmented,simple
10857,Удобно что работаете сегодня!,feedback,positive_service,feedback_flow,augmented,simple
7185,"Не смогу прийти, занят на работе пожалуйста 👍",booking,cancel,booking_flow,augmented,complex
2483,НУЖНО ЭЛАЙНЕРЫ СПАСИБО,anamnesis,services,anamnesis_flow,augmented,simple
7599,"Здравствуйте, првиетствую",conversational,greeting,conversation_flow,augmented,complex
5907,"Скажите, подскажите, мне не перезвонили",feedback,negative_service,escalation_flow,augmented,complex
8989,"Скажите, интересует коронку",anamnesis,services,anamnesis_flow,augmented,complex
861,Приду к вам ещё!!,feedback,positive_general,feedback_flow,augmented,simple
1872,После виниры у Козловойс тало хуже,feedback,negative_quality,escalation_flow,augmented,medium
9246,"Подскажите, нужно имплантацию",anamnesis,services,anamnesis_flow,augmented,complex
9849,Администратор грубил пожалуйста,feedback,negative_staff,escalation_flow,augmented,simple
7607,Волкова настоящий профессоинал,feedback,positive_staff,feedback_flow,augmented,simple
8744,Почём удаление,faq,price,faq_flow,augmented,simple
2944,Нужно КТ,anamnesis,services,anamnesis_flow,variation,simple
4266,ОТКАЗ ОТ ЗАПИСИ СПАСИБО,booking,cancel,booking_flow,augmented,simple
3955,До свидаиня!!,conversational,farewell,conversation_flow,augmented,simple
11697,Запись к терапевту на на следующей неделе,booking,new_appointment,booking_flow,variation,medium
2450,пок ане решил,conversational,unclear,clarification_flow,augmented,simple
10122,Не решил ещё пожалуйста 🦷,conversational,unclear,clarification_flow,augmented,simple
1838,Приду 🙏,conversational,confirmation,conversation_flow,augmented,simple
8815,Интересует коронка 😊,anamnesis,services,anamnesis_flow,augmented,simple
10731,Запись к хирургу на туро,booking,new_appointment,booking_flow,augmented,simple
8173,Большое спасибо заранее спасибо спасибо,conversational,gratitude,conversation_flow,augmented,simple
4382,После осмотр у Кузнецовой стало хуже...,feedback,negative_quality,escalation_flow,augmented,medium
9221,Я вам перезвоню.,conversational,unclear,clarification_flow,augmented,simple
9725,Какая цена на протезирование?,faq,price,faq_flow,variation,simple
1181,"Добрый день, сколько длится снимок?",faq,procedure,faq_flow,augmented,complex
4470,Напомнили о визите заранее.,feedback,positive_service,feedback_flow,augmented,simple
11656,"Скажите, хочу пожаловаться",feedback,negative_general,escalation_flow,augmented,complex
10779,Скоьлко стоит профгигиену?,faq,price,faq_flow,augmented,simple
9526,Как добраться.,faq,clinic_info,faq_flow,augmented,simple
1782,Интересует Air-Flow пожалуйста,anamnesis,services,anamnesis_flow,augmented,simple
8978,Буду обращаться только к вам!!,feedback,positive_general,feedback_flow,augmented,simple
1451,Спасибо за отличную работу 🦷,feedback,positive_general,feedback_flow,augmented,simple
2080,"Добрый день, чем полоскать после удаления?",faq,visit_prep,faq_flow,augmented,complex
6258,"Добрый день, посоветуюсь",conversational,unclear,clarification_flow,augmented,complex
4771,Не получитсяп рийти,booking,cancel,booking_flow,augmented,simple
7776,Это правда необходимо спасИбо,faq,followup,faq_flow,augmented,simple
3377,Что нельзя после реставрацию 😊,faq,visit_prep,faq_flow,augmented,simple
3743,Болит семёрка уже со вчера,anamnesis,symptom,anamnesis_flow,variation,simple
6416,Мне не перезвонили день пожалуйста,feedback,negative_service,escalation_flow,augmented,simple
7631,Зуб птоемнел,anamnesis,complaint,anamnesis_flow,augmented,simple
4870,Это праВда необходимо,faq,followup,faq_flow,augmented,simple
2894,Смирновой очень внимательный 👍,feedback,positive_staff,feedback_flow,augmented,simple
11901,Нужно реставрацию 😢,anamnesis,services,anamnesis_flow,augmented,simple
10086,"Привет, пломбирование это больно?",faq,procedure,faq_flow,augmented,complex
11645,Скололаьс эмаль,anamnesis,complaint,anamnesis_flow,augmented,simple
10172,перенесите на на этой неделе...,booking,reschedule,booking_flow,augmented,simple
6200,консультацию у Смирновой прошло замечательно,feedback,positive_quality,feedback_flow,variation,simple
2823,Хорошего дня пожалуйста,conversational,farewell,conversation_flow,augmented,simple
4856,Добрый еднь.,conversational,greeting,conversation_flow,augmented,simple
6683,Добрый день 🦷!,conversational,greeting,conversation_flow,augmented,simple
3962,Болит верхняя десна уже со вчера,anamnesis,symptom,anamnesis_flow,variation,medium
3140,Клиника на высоте спасибо,feedback,positive_general,feedback_flow,augmented,simple
7733,сколько держится.,faq,procedure,faq_flow,augmented,simple
1499,"Здравствуйте, работаете в на этой неделе?",faq,clinic_info,faq_flow,augmented,complex
1257,"Добрый день, да",conversational,confirmation,conversation_flow,augmented,complex
968,После профгигиену у Смирновой стало хуже 😢,feedback,negative_quality,escalation_flow,augmented,medium
10163,До свидания!,conversational,farewell,conversation_flow,template,simple
9416,"Привет, брекеты у Новикова прошло замечательно",feedback,positive_quality,feedback_flow,augmented,complex
11954,Как проходит реставрацию?,faq,procedure,faq_flow,variation,simple
7919,Врач Петровой всё подробно объяснил?,feedback,positive_staff,feedback_flow,augmented,simple
5910,имплантацию не помогло 😢 пожалуйста,feedback,negative_quality,escalation_flow,augmented,simple
9716,Спс 🦷!,conversational,gratitude,conversation_flow,augmented,simple
6518,Сколько нельзя есть после удаление заранее спасибо,faq,visit_prep,faq_flow,augmented,medium
5496,"Привет, семёрка сильно болит",anamnesis,symptom,anamnesis_flow,augmented,complex
7509,До скольки работаете,faq,clinic_info,faq_flow,augmented,simple
848,Не совсем понял?,faq,followup,faq_flow,augmented,simple
7723,Отмените запись,booking,cancel,booking_flow,template,simple
4880,"Отмените запись, заболел пожалуйста 🦷",booking,cancel,booking_flow,augmented,complex
2093,"Привет, что если не поможет?",faq,followup,faq_flow,augmented,complex
6399,Козловой был груб?,feedback,negative_staff,escalation_flow,augmented,simple
598,Запись к имплантологу на воскресенье,booking,new_appointment,booking_flow,variation,simple
10452,Окей 🙏 👍,conversational,confirmation,conversation_flow,augmented,simple
3290,Запись к эндодонтисту на понедельник,booking,new_appointment,booking_flow,variation,simple
2357,можно срочно записаться?!,booking,new_appointment,booking_flow,augmented,simple
11793,"Добрый день, мне не перезвонили три дня",feedback,negative_service,escalation_flow,augmented,complex
8290,Вежливое обращение пожалуйста,feedback,positive_staff,feedback_flow,augmented,simple
2385,"Спасибо, до свидания?!",conversational,gratitude,conversation_flow,augmented,complex
5337,Благодарю 🦷,conversational,gratitude,conversation_flow,augmented,simple
10616,Очень удобная запись пожалуйста,feedback,positive_service,feedback_flow,augmented,simple
8250,благоадрю вас,conversational,gratitude,conversation_flow,augmented,simple
10262,"Привет, пернеесите на следующую неделю",booking,reschedule,booking_flow,augmented,complex
4058,Врач Иванова всё подробно объяснил пожалуйста,feedback,positive_staff,feedback_flow,augmented,medium
1787,Хорошо?,conversational,confirmation,conversation_flow,augmented,simple
776,Записаться невозможно...,feedback,negative_service,escalation_flow,augmented,simple
10902,Возмжоно,conversational,unclear,clarification_flow,augmented,simple
4349,Болит верхняя десна уже давно,anamnesis,symptom,anamnesis_flow,variation,simple
11068,Планирую исправить прикус,anamnesis,services,anamnesis_flow,template,simple
11141,Сколько стоит снимок?,faq,price,faq_flow,template,simple
7844,Удобно что работаете послезавтра,feedback,positive_service,feedback_flow,variation,simple
10648,"Привет, удобно что работаете четверг",feedback,positive_service,feedback_flow,augmented,complex
6029,А что лучше!!,faq,followup,faq_flow,augmented,simple
10997,Долго оформляли документы!!,feedback,negative_service,escalation_flow,augmented,simple
6000,Есть время на послезавтра?,booking,new_appointment,booking_flow,variation,simple
148,Интересует коронку 🙏,anamnesis,services,anamnesis_flow,augmented,simple
10760,Дорбый вечер,conversational,greeting,conversation_flow,augmented,simple
5038,Врач Петровойв сё подробно объяснил,feedback,positive_staff,feedback_flow,augmented,simple
11119,Отмена записи?!,booking,cancel,booking_flow,augmented,simple
2721,Работаете в четверг 👍,faq,clinic_info,faq_flow,augmented,simple
4462,Сколько нельзя пить алкоголь после имплантацию?,faq,visit_prep,faq_flow,variation,medium
7901,Нужно снимок 😊,anamnesis,services,anamnesis_flow,augmented,simple
10555,Хочу лечение каналов,anamnesis,services,anamnesis_flow,variation,simple
11514,Не уверен.,conversational,unclear,clarification_flow,augmented,simple
1023,После лечение каналов у Кузнецовой стало хуже,feedback,negative_quality,escalation_flow,variation,medium
2146,Сколько стоит имплант,faq,price,faq_flow,augmented,simple
9086,Петровой был груб?,feedback,negative_staff,escalation_flow,augmented,simple
8108,"Здравствуйте, хочу отказаться от записи",booking,cancel,booking_flow,augmented,complex
7760,Планирую чистку.,anamnesis,services,anamnesis_flow,augmented,simple
1311,ОТКАЗ ОТ ЗАПИСИ.,booking,cancel,booking_flow,augmented,simple
131,У меня запах изо рта несколько дней,anamnesis,symptom,anamnesis_flow,variation,medium
10863,"Подскажите, запись к пародонтологу на сегодня",booking,new_appointment,booking_flow,augmented,complex
10667,Надо подумать?!,conversational,unclear,clarification_flow,augmented,simple
8360,"Подскажите, интересует имплантацию",anamnesis,services,anamnesis_flow,augmented,complex
5206,"Подскажите, как добраться",faq,clinic_info,faq_flow,augmented,complex
6675,Что нельзя после отбеливание,faq,visit_prep,faq_flow,augmented,simple
3974,Хорошегод ня,conversational,farewell,conversation_flow,augmented,simple
1168,После протезирование у Смирновой стало хуже,feedback,negative_quality,escalation_flow,variation,medium
7624,"ЗДРАВСТВУЙТЕ, НУЖНО ОТМЕНИТЬ",booking,cancel,booking_flow,augmented,complex
23,Спасибо за заботу,feedback,positive_general,feedback_flow,template,simple
1732,"Скажите, довольна на все 100%!",feedback,positive_general,feedback_flow,augmented,complex
3195,У меня ноющая боль давно.,anamnesis,symptom,anamnesis_flow,augmented,simple
3662,перенесите на послезавтра заранее спасибо,booking,reschedule,booking_flow,augmented,simple
9501,"Скажите, спасибо за информацию!",conversational,gratitude,conversation_flow,augmented,complex
3769,Приём начался вовремя,feedback,positive_service,feedback_flow,template,simple
725,"Скажите, какая цена на профгигиену?",faq,price,faq_flow,augmented,complex
9486,"Скажите, я вам перезвоню",conversational,unclear,clarification_flow,augmented,complex
5062,Так и не перезвонили,feedback,negative_service,escalation_flow,template,simple
210,"Добрый день, привет.",conversational,greeting,conversation_flow,augmented,complex
4256,Это правда необходимо спасибо.,faq,followup,faq_flow,augmented,simple
10862,Записали на удобное время пожалуйста 😢,feedback,positive_service,feedback_flow,augmented,medium
5035,буду обращаться только к вам.,feedback,positive_general,feedback_flow,augmented,simple
4241,"Подскажите, после КТ у Кузнецовой стало хуже",feedback,negative_quality,escalation_flow,augmented,complex
1243,"Скажите, сколько длится лечение каналов?",faq,procedure,faq_flow,augmented,complex
1389,"Привет, а если не поможет?",faq,followup,faq_flow,augmented,complex
2931,Сколько нельзя курить после удаление!,faq,visit_prep,faq_flow,augmented,simple
11839,Оченьу добная запись,feedback,positive_service,feedback_flow,augmented,simple
7720,Сколько длится профгигиену?,faq,procedure,faq_flow,variation,simple
8795,Пока не решил,conversational,unclear,clarification_flow,template,simple
11779,Очень грамотный псециалист,feedback,positive_staff,feedback_flow,augmented,simple
2403,"Скажите, новикова отнёсся невнимательно",feedback,negative_staff,escalation_flow,augmented,complex
4132,интересует чистку пожалуйста,anamnesis,services,anamnesis_flow,augmented,simple
5120,После лечение кариеса у Кузнецовой стало хуже,feedback,negative_quality,escalation_flow,variation,medium
481,Запишите на имплантцаию пожалуйста,booking,new_appointment,booking_flow,augmented,simple
3090,Можно есть после процедуры...,faq,visit_prep,faq_flow,augmented,simple
4213,Добрый веечр!,conversational,greeting,conversation_flow,augmented,simple
6934,Хорошего дня 😢 пожалуйста,conversational,farewell,conversation_flow,augmented,simple
11133,После консультацию у Волкова стало хуже,feedback,negative_quality,escalation_flow,variation,medium
6475,"Добрый день, можно перенести на вторник!!",booking,reschedule,booking_flow,augmented,complex
6345,Хочу перенести на утро,booking,reschedule,booking_flow,template,simple
3436,СКОЛЬКО НЕЛЬЗЯ ПИЬТ АЛКОГОЛЬ ПОСЛЕ СНИМОК?,faq,visit_prep,faq_flow,augmented,medium
6469,"Добрый день, всего хорошего спасибо",conversational,farewell,conversation_flow,augmented,complex
6904,чистку это больно пожалуйста,faq,procedure,faq_flow,augmented,simple
11070,Спасибо большое 🦷,conversational,gratitude,conversation_flow,augmented,simple
5115,нижний зуб болит ночью!,anamnesis,symptom,anamnesis_flow,augmented,simple
7350,Удачи...,conversational,farewell,conversation_flow,augmented,simple
8249,"Скажите, после элайнеры у Волкова стало хуже",feedback,negative_quality,escalation_flow,augmented,complex
4939,Нужно КТ 😊 заранее спасибо,anamnesis,services,anamnesis_flow,augmented,simple
7965,Отличная клиника.,feedback,positive_general,feedback_flow,augmented,simple
4765,КУЗНЕЦОВОЙ БЫ ЛГРУБ,feedback,negative_staff,escalation_flow,augmented,simple
9195,Доброе утро?,conversational,greeting,conversation_flow,augmented,simple
11483,реставрацию у Петровой прошло замечательно!!,feedback,positive_quality,feedback_flow,augmented,simple
6401,У меня боль при жевании день,anamnesis,symptom,anamnesis_flow,variation,medium
3767,Планирую удаление,anamnesis,services,anamnesis_flow,variation,simple
3232,Врач Иванова всё подробно объяснил,feedback,positive_staff,feedback_flow,variation,simple
7348,"Здравствуйте, очень доволен клиникой спасибо",feedback,positive_general,feedback_flow,augmented,complex
7709,козловой был груб заранее спасибо,feedback,negative_staff,escalation_flow,augmented,simple
11075,зуб болит ночью,anamnesis,symptom,anamnesis_flow,variation,simple
10816,КТ у Сидорова прошло замечательно,feedback,positive_quality,feedback_flow,variation,simple
11055,семёрак болит сильно,anamnesis,symptom,anamnesis_flow,augmented,simple
9589,"Спасибо, всё понятно 🙏",conversational,gratitude,conversation_flow,augmented,complex
2426,"Жду уже несколько дней, никто не подходит 😊",feedback,negative_service,escalation_flow,augmented,complex
7830,Отказ от азписи заранее спасибо,booking,cancel,booking_flow,augmented,simple
8823,Надо посоветоватсья,conversational,unclear,clarification_flow,augmented,simple
269,"Привет, что если не поможет!",faq,followup,faq_flow,augmented,complex
10850,Хочу поговорить с руководством?!,feedback,negative_general,escalation_flow,augmented,simple
10594,Болит челюсть уже с утра,anamnesis,symptom,anamnesis_flow,variation,simple
7719,Больно открывать рот,anamnesis,symptom,anamnesis_flow,template,simple
3793,отбеливание у Морозовой прошло замечательно!,feedback,positive_quality,feedback_flow,augmented,simple
10485,Что делать если отёк 🙏,faq,visit_prep,faq_flow,augmented,simple
987,Не сообщили о переносе спасибо,feedback,negative_service,escalation_flow,augmented,simple
8699,Приветствую 😢,conversational,greeting,conversation_flow,augmented,simple
112,Болит передний зуб уже две недели,anamnesis,symptom,anamnesis_flow,variation,medium
5792,"Подскажите, снимок у Лебедевой прошло замечательно",feedback,positive_quality,feedback_flow,augmented,complex
10962,Сколько длится отбеливание?,faq,procedure,faq_flow,variation,simple
894,Приветствую,conversational,greeting,conversation_flow,template,simple
11234,"здравствуйте, морозовой отнёсся невнимательно",feedback,negative_staff,escalation_flow,augmented,complex
4085,"Добрый день, это правда необходимо.",faq,followup,faq_flow,augmented,complex
5938,"НЕ СМОГУ ПРИЙТИ, НЕ СМОГУ 👍",booking,cancel,booking_flow,augmented,complex
5070,"Привет, планирую исправить прикус",anamnesis,services,anamnesis_flow,augmented,complex
8185,Спс!!,conversational,gratitude,conversation_flow,augmented,simple
7990,"Напомнили о приёме, спасибо",feedback,positive_service,feedback_flow,template,simple
2270,Лебедевой был груб,feedback,negative_staff,escalation_flow,variation,simple
6259,После имплантацию у Волкова стало хуже,feedback,negative_quality,escalation_flow,variation,medium
9926,Сколько нельзя пить алкоголь после отбеливание?,faq,visit_prep,faq_flow,variation,medium
5931,Довольна на все 100% 🦷,feedback,positive_general,feedback_flow,augmented,simple
2982,Удобно что работаете утро заранее спасибо,feedback,positive_service,feedback_flow,augmented,medium
55,Болит верхний зуб уже несколько дней,anamnesis,symptom,anamnesis_flow,variation,medium
3540,ПочёМ КТ!,faq,price,faq_flow,augmented,simple
11480,"Добрый день, врач Кузнецовой не объяснил",feedback,negative_staff,escalation_flow,augmented,complex
9922,Врач ничего не знает,feedback,negative_staff,escalation_flow,template,simple
381,Эй!,conversational,greeting,conversation_flow,augmented,simple
9091,"Привет, после отбеливание у Кузнецовой стало хуже?",feedback,negative_quality,escalation_flow,augmented,complex
8000,Буду обращаться только к вам 😊,feedback,positive_general,feedback_flow,augmented,medium
1751,"Здравствуйте, удачи!",conversational,farewell,conversation_flow,augmented,complex
6714,"Здравствуйте, какие обебзоливающие можно?",faq,visit_prep,faq_flow,augmented,complex
6384,Запись к челюстно-лицевому хирургу на пятницу заранее спасибо,booking,new_appointment,booking_flow,augmented,medium
2862,Хочу поговорить с руководством пожалуйста,feedback,negative_general,escalation_flow,augmented,simple
6378,"Подскажите, жду уже неделю, никто не подходит",feedback,negative_service,escalation_flow,augmented,complex
10998,сколько нельзя пить алкоголь после профгигиену 👍,faq,visit_prep,faq_flow,augmented,medium
80,После брекеты у Козловой стало хуже,feedback,negative_quality,escalation_flow,variation,medium
10711,Какая цена на имплантацию,faq,price,faq_flow,augmented,simple
2884,ЗАПИСЬ К ОРТОПЕДУ НА ВЕЧЕР.,booking,new_appointment,booking_flow,augmented,simple
1559,ОТМЕНА ПРИЁМА пожалуйста,booking,cancel,booking_flow,augmented,simple
4071,Хочу оставить жалобу на Сидроова,feedback,negative_general,escalation_flow,augmented,simple
10665,ПЕРЕЗВОНЮ 🦷,conversational,unclear,clarification_flow,augmented,simple
6094,Результат радует,feedback,positive_quality,feedback_flow,template,simple
5203,Быстрый есрвис,feedback,positive_service,feedback_flow,augmented,simple
656,Как проходит чистку?,faq,procedure,faq_flow,variation,simple
6974,"подскажите, ассистент была очень заботливая",feedback,positive_staff,feedback_flow,augmented,complex
10758,Есть время на понедельник,booking,new_appointment,booking_flow,augmented,simple
5004,"Здравствуйте, что посоветуете?",faq,followup,faq_flow,augmented,complex
3275,"Здравствуйте, болит зуб мудрости уже две нЕдели",anamnesis,symptom,anamnesis_flow,augmented,complex
3627,Хочу оставитьж алобу на Иванова,feedback,negative_general,escalation_flow,augmented,simple
164,"Скажите, хорошегод ня",conversational,farewell,conversation_flow,augmented,complex
3181,"Утончите, пожалуйста пожалуйста",faq,followup,faq_flow,augmented,complex
1641,Быстро записали на на следующей неделе.,feedback,positive_service,feedback_flow,augmented,medium
11444,Недоволен обслуживанием в клинике спасибо,feedback,negative_general,escalation_flow,augmented,simple
6906,Мне не перезвонили давно спасибо,feedback,negative_service,escalation_flow,augmented,simple
3787,Принято,conversational,confirmation,conversation_flow,template,simple
3273,У меня запах изо рта день,anamnesis,symptom,anamnesis_flow,variation,medium
8700,Элайнер треснул пожалуйста спасибо,anamnesis,complaint,anamnesis_flow,augmented,simple
227,Не знаю?,conversational,unclear,clarification_flow,augmented,simple
3747,"Привет, очень разочарован",feedback,negative_general,escalation_flow,augmented,complex
9311,"Добрый день, петровой настоящий профессионал",feedback,positive_staff,feedback_flow,augmented,complex
7328,ПРОТЕЗИРОВАНИЕ У МОРОЗОВОЙ ПРОЛШО ЗАМЕЧАТЕЛЬНО,feedback,positive_quality,feedback_flow,augmented,simple
4775,Возможно заранее спасибо.,conversational,unclear,clarification_flow,augmented,simple
4992,снимок у Волкова прошло замечательно.,feedback,positive_quality,feedback_flow,augmented,simple
6124,"привет, буду",conversational,confirmation,conversation_flow,augmented,complex
1126,Очень рад что обратился к вам,feedback,positive_general,feedback_flow,template,medium
2703,Удобно записаться через сайт 😢.,feedback,positive_service,feedback_flow,augmented,simple
7424,Ждал две недели,feedback,negative_service,escalation_flow,variation,simple
8793,Можно на другой день,booking,reschedule,booking_flow,augmented,simple
6317,хочу поставить имплант 😢,anamnesis,services,anamnesis_flow,augmented,simple
4908,"Здравствуйте, отмените запись заранее спасибо",booking,cancel,booking_flow,augmented,complex
221,Доброе утро 😢,conversational,greeting,conversation_flow,augmented,simple
6602,Невежливо ответили 🙏!!,feedback,negative_staff,escalation_flow,augmented,simple
10032,"Подскажите, привет!",conversational,greeting,conversation_flow,augmented,complex
2475,чистку у Сидорова прошло замечательно 🙏,feedback,positive_quality,feedback_flow,augmented,medium
7928,Сколько нельзя заниматься спортом после виниры,faq,visit_prep,faq_flow,augmented,medium
3681,Случилось отколосля зуб,anamnesis,complaint,anamnesis_flow,augmented,simple
3850,Записаться невозможно спасибо,feedback,negative_service,escalation_flow,augmented,simple
5053,Оченьб лагодарен,conversational,gratitude,conversation_flow,augmented,simple
2439,Как подготовиться к снимок?,faq,visit_prep,faq_flow,variation,simple
4773,Чтон ельзя после коронку 😊,faq,visit_prep,faq_flow,augmented,simple
2041,За сколько нельзя есть?,faq,visit_prep,faq_flow,template,simple
1120,"Здравствуйте, не смогу прийти, уезжаю",booking,cancel,booking_flow,augmented,complex
1615,Ага спасИбо,conversational,confirmation,conversation_flow,augmented,simple
11219,"Добрый день, сколько нельзя заниматься спортом после брекеты 😊",faq,visit_prep,faq_flow,augmented,complex
2948,"Привет, элайнер треснул 👍",anamnesis,complaint,anamnesis_flow,augmented,complex
7912,УДОБНО ЗАПИСАТЬСЯ ЧЕРЕЗ САЙТ?,feedback,positive_service,feedback_flow,augmented,simple
7117,Перенесите на следующуюн еделю?,booking,reschedule,booking_flow,augmented,simple
10137,Невежливо ответили 😢,feedback,negative_staff,escalation_flow,augmented,simple
851,Прайс пожалуйста,faq,price,faq_flow,augmented,simple
6505,БРЕКЕТЫ У ЛЕБЕДЕВОЙ ПРОШЛО ЗАМЕЧАТЕЛЬНО 😢,feedback,positive_quality,feedback_flow,augmented,medium
9750,Щёлкает челюсть!,anamnesis,symptom,anamnesis_flow,augmented,simple
2149,Можно позже?,booking,reschedule,booking_flow,template,simple
7275,"Не смогу прийти, не смогу 👍.",booking,cancel,booking_flow,augmented,complex
9159,"Подскажите, удачи",conversational,farewell,conversation_flow,augmented,complex
7554,Качественное лечение...,feedback,positive_quality,feedback_flow,augmented,simple
5030,Сколько нельзя пить после виниры пожалуйста,faq,visit_prep,faq_flow,augmented,medium
3148,МожнО в рассрочку.,faq,price,faq_flow,augmented,simple
8333,Зуб шатается...,anamnesis,complaint,anamnesis_flow,augmented,simple
11037,"Добрый день, у меня слтеела коронка",anamnesis,complaint,anamnesis_flow,augmented,complex
2831,Приятно удивлён качеством заранее спасибо заранее спасибо,feedback,positive_general,feedback_flow,augmented,medium
385,НУЖНО ОМТЕНИТЬ,booking,cancel,booking_flow,augmented,simple
8646,рекомендуюд рузьям и родным,feedback,positive_general,feedback_flow,augmented,simple
11246,"Скажите, ждал две недели",feedback,negative_service,escalation_flow,augmented,complex
10864,"Скажите, буду 🙏",conversational,confirmation,conversation_flow,augmented,complex
6677,"Подскажите, может быть 👍",conversational,unclear,clarification_flow,augmented,complex
1713,Спасибо за отличную работу!,feedback,positive_general,feedback_flow,augmented,simple
11872,Интересует чистку?!,anamnesis,services,anamnesis_flow,augmented,simple
7458,Хочу удаление 👍,anamnesis,services,anamnesis_flow,augmented,simple
1339,"Скажите, сколько стоит протезирование?",faq,price,faq_flow,augmented,complex
4282,сколько стоит кт спасибо,faq,price,faq_flow,augmented,simple
4785,консультацию это больно 🦷,faq,procedure,faq_flow,augmented,simple
6197,Быстро записали на среду 👍,feedback,positive_service,feedback_flow,augmented,simple
10597,После лечение кариеса у Петровой стало хуже,feedback,negative_quality,escalation_flow,variation,medium
10024,"Заболел, не приду 🦷.",booking,cancel,booking_flow,augmented,complex
10808,Результат консультацию превзошёл ожидания!!,feedback,positive_quality,feedback_flow,augmented,simple
7822,"Подскажите, перезапишите на уТро",booking,reschedule,booking_flow,augmented,complex
7845,Долго ждал в очереди спасибо,feedback,negative_service,escalation_flow,augmented,simple
11134,"ПриВет, кузнецовой настоящий профессионал",feedback,positive_staff,feedback_flow,augmented,complex
11988,Доброе утро.,conversational,greeting,conversation_flow,augmented,simple
2137,Сколько нельзя пить алкоголь после реставрацию?,faq,visit_prep,faq_flow,variation,medium
9784,Не получится прийти?!,booking,cancel,booking_flow,augmented,simple
2387,Почём виниры?,faq,price,faq_flow,template,simple
1537,"Скажите, мне не перезвонИли неделю",feedback,negative_service,escalation_flow,augmented,complex
3245,Првиет пожалуйста,conversational,greeting,conversation_flow,augmented,simple
9455,РАБОТАТЕЕ В ВЕЧЕР?,faq,clinic_info,faq_flow,augmented,simple
10013,"Привет, после лечение каналов у Лебедевой стало хуже спасибо",feedback,negative_quality,escalation_flow,augmented,complex
7293,"Здравствуйте, позже спасибо",conversational,unclear,clarification_flow,augmented,complex
4091,Хочу сдвинтуь время,booking,reschedule,booking_flow,augmented,simple
9912,наёшл свою клинику,feedback,positive_general,feedback_flow,augmented,simple
1439,легко заипсаться,feedback,positive_service,feedback_flow,augmented,simple
7154,Врач Кузнецовой ен объяснил заранее спасибо,feedback,negative_staff,escalation_flow,augmented,medium
11746,"Не смогу прийти, уезжаю...",booking,cancel,booking_flow,augmented,complex
8146,снимок у Петровой прошло замечательно,feedback,positive_quality,feedback_flow,variation,simple
4055,протезирование у Иванова прошло замечательно,feedback,positive_quality,feedback_flow,variation,simple
2344,После профгигиену у Кузнецовой стало хуже!,feedback,negative_quality,escalation_flow,augmented,medium
8685,После консультацию у Сидорова стало хуже,feedback,negative_quality,escalation_flow,variation,medium
9884,СКОЛЬКО ДЛИТСЯ КОРОНКУ.,faq,procedure,faq_flow,augmented,simple
9573,удаление у Лебедевой прошло замечательно,feedback,positive_quality,feedback_flow,variation,simple
8977,Случилось слетела кроонка,anamnesis,complaint,anamnesis_flow,augmented,simple
10754,Сколько нельзя заниматься спортом после отбеливание?,faq,visit_prep,faq_flow,variation,medium
2087,Может быть?,conversational,unclear,clarification_flow,augmented,simple
3630,"ЗДРАВСТВУЙТЕ, ДОБРЫЙ ДЕНЬ",conversational,greeting,conversation_flow,augmented,complex
5672,Приятно общаться с персоналом спасибо,feedback,positive_staff,feedback_flow,augmented,simple
8405,"Подскажите, перенесите на субБоту",booking,reschedule,booking_flow,augmented,complex
1990,"Скажите, планирую отбеливание",anamnesis,services,anamnesis_flow,augmented,complex
501,Лучшая стоматология в городе!!,feedback,positive_general,feedback_flow,augmented,simple
7920,Зубы стали подвижными...,anamnesis,complaint,anamnesis_flow,augmented,simple
6001,Новикова был груб,feedback,negative_staff,escalation_flow,variation,simple
3173,Сидорова оечнь вниматЕльный,feedback,positive_staff,feedback_flow,augmented,simple
4950,Есть ночной приём спасибо,faq,clinic_info,faq_flow,augmented,simple
5074,Мне не перезвонили две недели 😢,feedback,negative_service,escalation_flow,augmented,medium
2311,"Добрый день, не приду",booking,cancel,booking_flow,augmented,complex
3655,Можно на субботу?,booking,new_appointment,booking_flow,variation,simple
4261,Естьл и скидки?,faq,price,faq_flow,augmented,simple
8769,Работаете в понедельник пожалуйста,faq,clinic_info,faq_flow,augmented,simple
5021,Элайнер треснул 🦷,anamnesis,complaint,anamnesis_flow,augmented,simple
1483,"Скажите, врач Козловой всё подробно объяснил",feedback,positive_staff,feedback_flow,augmented,complex
6156,После снимок у Кузнецовой стало хуже,feedback,negative_quality,escalation_flow,variation,medium
11027,У меня ноющая боль давно,anamnesis,symptom,anamnesis_flow,variation,simple
2961,Сколько нельзя есть после имплантацию?,faq,visit_prep,faq_flow,variation,simple
11674,После лечения у Лебедевой боль осталась,feedback,negative_quality,escalation_flow,variation,medium
3393,Сразу перезвонили?!,feedback,positive_service,feedback_flow,augmented,simple
1603,Какой адрес спасибо,faq,clinic_info,faq_flow,augmented,simple
9176,После брекеты у Новикова стало хуже,feedback,negative_quality,escalation_flow,variation,medium
934,Я вам перезвоню заранее спасибо,conversational,unclear,clarification_flow,augmented,simple
11994,Во сколько обойдётся?,faq,price,faq_flow,template,simple
9361,интеерсует лечение каналов,anamnesis,services,anamnesis_flow,augmented,simple
3776,"Скажите, добрый вечер",conversational,greeting,conversation_flow,augmented,complex
8213,"Добрый день, запись к челюстно-лицевому хирургу на понедельник",booking,new_appointment,booking_flow,augmented,complex
8887,Запись к пародонтологу на на этой неделе,booking,new_appointment,booking_flow,variation,medium
8928,"Подскажите, быстро записали на сегодня",feedback,positive_service,feedback_flow,augmented,complex
5554,"Привет, запись к имплантологу на на следующей неделе",booking,new_appointment,booking_flow,augmented,complex
9962,"Скажите, угу пожалуйста",conversational,confirmation,conversation_flow,augmented,complex
11666,После лечение кариеса у Сидорова стало хуже,feedback,negative_quality,escalation_flow,variation,medium
3779,Работаете в завтра пожалуйста,faq,clinic_info,faq_flow,augmented,simple
8662,Какая цена на консультацию.,faq,price,faq_flow,augmented,simple
3497,После виниры у Иванова стало хуже 👍,feedback,negative_quality,escalation_flow,augmented,medium
6339,"Здравствуйте, жду уже день, никто не подходит",feedback,negative_service,escalation_flow,augmented,complex
261,Удобно что работаете понедельник!,feedback,positive_service,feedback_flow,augmented,simple
1480,Сколько нельзя пить алкоголь после коронку?,faq,visit_prep,faq_flow,variation,medium
4471,"Подскажите, протезирование у Морозовой прошло замечательно",feedback,positive_quality,feedback_flow,augmented,complex
7668,Перенесите нас ледующую неделю?!,booking,reschedule,booking_flow,augmented,simple
8206,персонал хмаит,feedback,negative_staff,escalation_flow,augmented,simple
4043,Хочу оставить жалобу на Петровой!,feedback,negative_general,escalation_flow,augmented,simple
10155,"НЕ СМОГУ ПРИЙТИ, НЕ СМОГУ...",booking,cancel,booking_flow,augmented,complex
4285,Проволока от брекетов колет заранее спасибо,anamnesis,complaint,anamnesis_flow,augmented,medium
3582,"здравствуйте, делаете панорамный снимок?",faq,clinic_info,faq_flow,augmented,complex
10955,Запись к имплантологу на среду,booking,new_appointment,booking_flow,variation,simple
3124,Я вам епрезвоню,conversational,unclear,clarification_flow,augmented,simple
7874,Рекомендую клиниук всем друзьям,feedback,positive_general,feedback_flow,augmented,simple
7550,"Жду уже неделю, никто не подходит?",feedback,negative_service,escalation_flow,augmented,complex
7684,"Скажите, чистку у Петровой прошло замечательно заранее спасибо",feedback,positive_quality,feedback_flow,augmented,complex
4713,"Добрый день, вСЕ ОБЪЯСНИЛИ ПОНЯТНО",feedback,positive_staff,feedback_flow,augmented,complex
7051,Поянтно,conversational,confirmation,conversation_flow,augmented,simple
823,посоветуюсь 🦷,conversational,unclear,clarification_flow,augmented,simple
1135,"Подскажите, пломба выпала",anamnesis,complaint,anamnesis_flow,augmented,complex
2747,Зубы выровнялись как надо,feedback,positive_quality,feedback_flow,template,simple
10585,Спасбио за помощь?,conversational,gratitude,conversation_flow,augmented,simple
2761,Сколько нельзя пить после консультацию?,faq,visit_prep,faq_flow,variation,simple
7013,Запись к хирургу на на следующей неделе,booking,new_appointment,booking_flow,variation,medium
4701,Надо подумать.,conversational,unclear,clarification_flow,augmented,simple
9615,"Здравствуйте, до свидания 😊",conversational,farewell,conversation_flow,augmented,complex
9278,Прощайте 😢,conversational,farewell,conversation_flow,augmented,simple
1479,"Подскажите, доброе утро",conversational,greeting,conversation_flow,augmented,complex
5626,До всидания,conversational,farewell,conversation_flow,augmented,simple
8763,"Здравствуйте, принимаете рассрочку?",faq,clinic_info,faq_flow,augmented,complex
4501,Спсаибо большое?!,conversational,gratitude,conversation_flow,augmented,simple
930,Какая цена на реставрацию?,faq,price,faq_flow,variation,simple
11580,Спасибо больоше?,conversational,gratitude,conversation_flow,augmented,simple
9013,А можно по-другому 👍,faq,followup,faq_flow,augmented,simple
64,Врач трепеливо всё объяснил спасибо,feedback,positive_staff,feedback_flow,augmented,simple
4756,Прощатйе 🙏,conversational,farewell,conversation_flow,augmented,simple
5921,"Привет, мне не перезвонили день",feedback,negative_service,escalation_flow,augmented,complex
4032,Отличная клиника 😊,feedback,positive_general,feedback_flow,augmented,simple
3785,быстроо формили документы,feedback,positive_service,feedback_flow,augmented,simple
11372,"Отмените запись, занят на рабтое",booking,cancel,booking_flow,augmented,complex
8541,Болит верхняя десна уже день?!,anamnesis,symptom,anamnesis_flow,augmented,simple
11186,СКОЛЬКО НЕЛЬЗЯ КУРИТЬ ПОСЛЕ КТ...,faq,visit_prep,faq_flow,augmented,simple
10419,Прощайте?!,conversational,farewell,conversation_flow,augmented,simple
11597,"Подскажите, быстро записали на завтра",feedback,positive_service,feedback_flow,augmented,complex
9076,До встречи?,conversational,farewell,conversation_flow,augmented,simple
2418,ждал несколько дней пожалуйста,feedback,negative_service,escalation_flow,augmented,simple
1481,Монжо перенести на на следующйе неделе?,booking,reschedule,booking_flow,augmented,medium
6735,"Здравствуйте, здрасте",conversational,greeting,conversation_flow,augmented,complex
3499,У меня отёк несколько дней,anamnesis,symptom,anamnesis_flow,variation,simple
11981,"Здравствуйте, буду",conversational,confirmation,conversation_flow,augmented,complex
6371,"Добрый день, не смогу прийти",booking,cancel,booking_flow,augmented,complex
10195,Можно епренести на среду?,booking,reschedule,booking_flow,augmented,simple
2909,"Добрый день, не получается в это время пожалуйста",booking,reschedule,booking_flow,augmented,complex
6403,Работаете в сегодня,faq,clinic_info,faq_flow,augmented,simple
10299,До всретчи,conversational,farewell,conversation_flow,augmented,simple
2236,"слетела коронка ,что делать...",anamnesis,complaint,anamnesis_flow,augmented,complex
6265,зуб мудрости болит немного,anamnesis,symptom,anamnesis_flow,variation,simple
9702,"Подскажите, хочу оставить жалобу на Новикова",feedback,negative_general,escalation_flow,augmented,complex
10679,"Добрый день, снимите меня с записи 😊",booking,cancel,booking_flow,augmented,complex
7437,"Привет, отмените зпаись, занят на работе",booking,cancel,booking_flow,augmented,complex
2563,Очень долго ждал пожалуйста заранее спасибо,feedback,negative_service,escalation_flow,augmented,medium
77,"Подскажите, у меня чувствительность день спасибо",anamnesis,symptom,anamnesis_flow,augmented,complex
440,Догооврились пожалуйста,conversational,confirmation,conversation_flow,augmented,simple
3359,ХОЧУ ОСТАВИТЬЖ АЛОБУ,feedback,negative_general,escalation_flow,augmented,simple
8392,"треснул зуб, что делать...",anamnesis,complaint,anamnesis_flow,augmented,complex
6530,Приятно удивлён качеством пожалуйста,feedback,positive_general,feedback_flow,augmented,simple
998,"Привет, сколько стоит коронку?",faq,price,faq_flow,augmented,complex
8059,"Подскажите, до встречи",conversational,farewell,conversation_flow,augmented,complex
1070,А это больно...,faq,procedure,faq_flow,augmented,simple
11938,Хочу оставить жалобу на Смирновой спасибо,feedback,negative_general,escalation_flow,augmented,medium
10822,"Привет, после протезирование у Козловой стало хуже",feedback,negative_quality,escalation_flow,augmented,complex
6252,Хочу пломбирование?,anamnesis,services,anamnesis_flow,augmented,simple
3728,"не смогу прийти, уезжаю 🙏",booking,cancel,booking_flow,augmented,complex
5837,"Добрый день, какая стоимость!",faq,price,faq_flow,augmented,complex
5957,Спасибо зап омощь,conversational,gratitude,conversation_flow,augmented,simple
3946,реставрацию сколько стоит 🦷?,faq,price,faq_flow,augmented,simple
7318,Персоанл приветливый заранее спасибо,feedback,positive_staff,feedback_flow,augmented,simple
4840,Есть у вас рентген?,faq,clinic_info,faq_flow,template,simple
6341,Очень благодарен спасибо?,conversational,gratitude,conversation_flow,augmented,simple
1672,Можно без этого 😊,faq,followup,faq_flow,augmented,simple
10522,"Привет, до скорого заранее спасибо",conversational,farewell,conversation_flow,augmented,complex
3276,"Скажите, врач Лебедевой всё подробно объяснил",feedback,positive_staff,feedback_flow,augmented,complex
5776,Запишите на лечение каналов!,booking,new_appointment,booking_flow,augmented,simple
11461,Перезапишите на утро,booking,reschedule,booking_flow,variation,simple
11921,Благоардю вас,conversational,gratitude,conversation_flow,augmented,simple
7547,Принято пожалуйста заранее спасибо,conversational,confirmation,conversation_flow,augmented,simple
11754,Сколько нельзя заниматься спортом после лечение кариеса?,faq,visit_prep,faq_flow,variation,medium
8394,"Здравствуйте, добрый день, очень благодарен",conversational,gratitude,conversation_flow,augmented,complex
10883,отбеливание у Морозовой прошло замечательно,feedback,positive_quality,feedback_flow,variation,simple
8958,Работаете вс егодня?,faq,clinic_info,faq_flow,augmented,simple
10610,"Скажите, есть акции?",faq,price,faq_flow,augmented,complex
3206,"Привет, позже",conversational,unclear,clarification_flow,augmented,complex
929,элайнреы это больно заранее спасибо,faq,procedure,faq_flow,augmented,simple
1597,"НЕ СМОГУ ПРИЙТИ, ЗАНЯТ НА РАБОТЕ 🙏",booking,cancel,booking_flow,augmented,complex
7800,Непрофессиональное отоншение,feedback,negative_staff,escalation_flow,augmented,simple
7622,"Привет, спасибо большое",conversational,gratitude,conversation_flow,augmented,complex
6364,Планирую брекеты!,anamnesis,services,anamnesis_flow,augmented,simple
5636,Нужно отменить 👍,booking,cancel,booking_flow,augmented,simple
5491,Можно перенест ина завтра?,booking,reschedule,booking_flow,augmented,simple
8384,"Заболел, не рпиду 🙏",booking,cancel,booking_flow,augmented,complex
545,Планирую исправить прикус 🦷,anamnesis,services,anamnesis_flow,augmented,simple
4605,Запись к имплантологу на евчер,booking,new_appointment,booking_flow,augmented,simple
5135,Протез сломался 🙏,anamnesis,complaint,anamnesis_flow,augmented,simple
9797,После удаленеи у Смирновой стало хуже,feedback,negative_quality,escalation_flow,augmented,medium
10542,"ЗДРАВСТВУЙТЕ, ЧАСЫ РАБОТЫ?",faq,clinic_info,faq_flow,augmented,complex
2155,Планирую реставрацию?!,anamnesis,services,anamnesis_flow,augmented,simple
8107,После снимок у Сидорова стало хуже,feedback,negative_quality,escalation_flow,variation,medium
8645,После лечение кариеса у Сидорова стало хуже заранее спасибо,feedback,negative_quality,escalation_flow,augmented,medium
9811,"боль при жевании, что делать?",anamnesis,symptom,anamnesis_flow,variation,simple
2593,Добрый день пожалуйста...,conversational,greeting,conversation_flow,augmented,simple
2230,Болит зуб мудрости уже месяц,anamnesis,symptom,anamnesis_flow,variation,simple
9980,Ладно!,conversational,confirmation,conversation_flow,augmented,simple
6024,Как проходти лечение?,faq,procedure,faq_flow,augmented,simple
10774,Позовите главврача пожалуйста,feedback,negative_general,escalation_flow,augmented,simple
4817,ждал с утра спасибо,feedback,negative_service,escalation_flow,augmented,simple
7139,имплантацию у Козловой прошло замечательно,feedback,positive_quality,feedback_flow,variation,simple
6889,"Подскажите, перенос записи",booking,reschedule,booking_flow,augmented,complex
8493,Иванова отнёсся невнимательно заранее спасибо,feedback,negative_staff,escalation_flow,augmented,simple
7537,Сколкьо длится коронку пожалуйста,faq,procedure,faq_flow,augmented,simple
8569,"Привет, можно позже?",booking,reschedule,booking_flow,augmented,complex
3455,Всгеох орошего,conversational,farewell,conversation_flow,augmented,simple
9997,Приду к вам ещё 😊,feedback,positive_general,feedback_flow,augmented,simple
1119,Да?,conversational,confirmation,conversation_flow,augmented,simple
3907,"Добрый день, слетела коронка, что делать?",anamnesis,complaint,anamnesis_flow,augmented,complex
8627,пердений зуб сильно болит,anamnesis,symptom,anamnesis_flow,augmented,simple
11522,Что посоветуете 😢,faq,followup,faq_flow,augmented,simple
11343,реставрацию у Лебедевой прошло замечательно 🦷,feedback,positive_quality,feedback_flow,augmented,medium
11530,Клиника на высоте 👍 😊,feedback,positive_general,feedback_flow,augmented,simple
6025,ХОРОШИЙ СПЕЦИАЛИСТ?!,feedback,positive_staff,feedback_flow,augmented,simple
8870,После виниры у Петровой стало хуже,feedback,negative_quality,escalation_flow,variation,medium
6210,профгигиену у Морозовой прошло замечательно,feedback,positive_quality,feedback_flow,variation,simple
10348,врач смирновой всё подробно объяснил!!,feedback,positive_staff,feedback_flow,augmented,simple
4105,Сломался протез 👍,anamnesis,complaint,anamnesis_flow,augmented,simple
1841,снимок у Смирновой прошло замечательно,feedback,positive_quality,feedback_flow,variation,simple
8381,"Да, хорошо!",conversational,confirmation,conversation_flow,augmented,complex
4890,"Здравствуйте, зуб изменил цвет",anamnesis,complaint,anamnesis_flow,augmented,complex
1066,реставрацию у Новикова прошло замечательно,feedback,positive_quality,feedback_flow,variation,simple
413,"Скажите, а если не поможет?",faq,followup,faq_flow,augmented,complex
9542,Конечно 😊,conversational,confirmation,conversation_flow,augmented,simple
9602,"Скажите, окей",conversational,confirmation,conversation_flow,augmented,complex
4490,Перенесите на следующую неделю,booking,reschedule,booking_flow,template,simple
5888,У меня ноющая боль несколько дней,anamnesis,symptom,anamnesis_flow,variation,medium
11340,После лечение кариеса у Лебедевой стало хуже,feedback,negative_quality,escalation_flow,variation,medium
10614,ХОЧУ ОСТАВИТЬ ЖАЛОБУ НА ЛЕБЕДЕВОЙ.,feedback,negative_general,escalation_flow,augmented,simple
1028,"Здравсвтуйте, добрый день",conversational,greeting,conversation_flow,augmented,complex
367,Большео спасибо,conversational,gratitude,conversation_flow,augmented,simple
5064,"Жду уже два дня, никто не подходит?",feedback,negative_service,escalation_flow,augmented,complex
11606,"Подскажите, до скорого",conversational,farewell,conversation_flow,augmented,complex
11146,работаете в на этой неделе заранее спасибо,faq,clinic_info,faq_flow,augmented,medium
1624,Проволока от брекетов колет?,anamnesis,complaint,anamnesis_flow,augmented,simple
5086,"запах изо рта, что делать",anamnesis,symptom,anamnesis_flow,augmented,complex
9568,Пока 🦷,conversational,farewell,conversation_flow,augmented,simple
4572,Интересует коронку,anamnesis,services,anamnesis_flow,variation,simple
7480,ХОЧУ СНИМОК ПОЖАЛУЙСТА,anamnesis,services,anamnesis_flow,augmented,simple
4108,После лечения у Петровой боль осталась,feedback,negative_quality,escalation_flow,variation,medium
11176,Сколько стоит пломбирование!!,faq,price,faq_flow,augmented,simple
5923,откололся зуб!!,anamnesis,complaint,anamnesis_flow,augmented,simple
5387,Хочу сдвинуть время!!,booking,reschedule,booking_flow,augmented,simple
4402,"Здравствуйте, благодарю за работу",feedback,positive_general,feedback_flow,augmented,complex
9107,"Скажите, может быть",conversational,unclear,clarification_flow,augmented,complex
9463,Нужно отменить заранее спасибо,booking,cancel,booking_flow,augmented,simple
7992,Спаисбо за помощь,conversational,gratitude,conversation_flow,augmented,simple
603,Когда прийти на осмотр?,faq,visit_prep,faq_flow,template,simple
7510,"треснул зуб, что делать 🦷",anamnesis,complaint,anamnesis_flow,augmented,complex
442,"Подскажите, после лечение кариеса у Морозовой стало хуже",feedback,negative_quality,escalation_flow,augmented,complex
9959,После отбеливание у козловой стало хуже 🦷,feedback,negative_quality,escalation_flow,augmented,medium
2895,Морозово йочень внимательный,feedback,positive_staff,feedback_flow,augmented,simple
842,А если я не буду 🙏,faq,followup,faq_flow,augmented,medium
3388,Ага заранее спасибо,conversational,confirmation,conversation_flow,augmented,simple
7821,Хочу отбеливание,anamnesis,services,anamnesis_flow,template,simple
974,На десне появилась шишка 👍,anamnesis,symptom,anamnesis_flow,augmented,simple
2394,Волкова был груб!!,feedback,negative_staff,escalation_flow,augmented,simple
2300,"слетела коронка, что делать?",anamnesis,complaint,anamnesis_flow,variation,simple
41,напомнили о визите заранее 😊,feedback,positive_service,feedback_flow,augmented,simple
4978,до свиднаия,conversational,farewell,conversation_flow,augmented,simple
8683,"Здравствуйте, что делать если болит после приёма?",faq,visit_prep,faq_flow,augmented,complex
10741,Недоволен обслуживанием 👍,feedback,negative_general,escalation_flow,augmented,simple
8971,"ЗДРАВСТВУЙТЕ, ЗАПИСЬ К ЧЕЛЮСТНО-ЛИЦЕВОМУ ХИРУРГУ НА НА СЛЕДУЮЩЕЙ НЕДЕЛЕ",booking,new_appointment,booking_flow,augmented,complex
5701,Сидорова настоящий профессионал 😢,feedback,positive_staff,feedback_flow,augmented,simple
7681,Запись к хирургу на понедельник 🙏.,booking,new_appointment,booking_flow,augmented,medium
6043,"Подскажите, зДРАВСТВУЙТЕ!",conversational,greeting,conversation_flow,augmented,complex
7026,"Привет, планирую отбеливание",anamnesis,services,anamnesis_flow,augmented,complex
6227,Язвочки на силзистой,anamnesis,complaint,anamnesis_flow,augmented,simple
8358,Спасибо большое пожалуйста пожалуйста,conversational,gratitude,conversation_flow,augmented,simple
7041,АЛЛО?!,conversational,greeting,conversation_flow,augmented,simple
3060,Вежливое обращеине,feedback,positive_staff,feedback_flow,augmented,simple
9050,"Скажите, отмените запись, форс-мажор",booking,cancel,booking_flow,augmented,complex
6556,Волкова настоящий профессионал заранее спасибо,feedback,positive_staff,feedback_flow,augmented,simple
8650,посоветуюсь заранее спасибо,conversational,unclear,clarification_flow,augmented,simple
4427,БЫСТРО ОФОРМИЛИ ДОКУМЕНТЫ 🙏,feedback,positive_service,feedback_flow,augmented,simple
9056,Не смогу прийти заранее спасибо,booking,cancel,booking_flow,augmented,simple
5838,ЛЕБЕДЕВОЙ ОТНЁССЯ НЕВНИМАТЕЛЬНО 🦷,feedback,negative_staff,escalation_flow,augmented,simple
7659,Запись куда-то пропала,feedback,negative_service,escalation_flow,template,simple
7625,алло!!,conversational,greeting,conversation_flow,augmented,simple
5220,Сколько нельзя курить после профгигиену?,faq,visit_prep,faq_flow,variation,simple
6412,После протезирование у Сидорова стало хуже,feedback,negative_quality,escalation_flow,variation,medium
8456,"Скажите, лебедевой настоящий профессионал",feedback,positive_staff,feedback_flow,augmented,complex
9900,"Скажите, планирую снимок",anamnesis,services,anamnesis_flow,augmented,complex
11429,Врач Смирновой не объсянил,feedback,negative_staff,escalation_flow,augmented,simple
1157,"Здравствуйте, добрый деьн!",conversational,greeting,conversation_flow,augmented,complex
2317,На когда можно записаться?,booking,new_appointment,booking_flow,template,simple
10917,Сразу перезвонили послез аявки спасибо,feedback,positive_service,feedback_flow,augmented,simple
6744,Конечно спасибо,conversational,confirmation,conversation_flow,augmented,simple
3311,а вдруг неп олучится?,faq,followup,faq_flow,augmented,simple
6422,Волкова был груб заранее спасибо,feedback,negative_staff,escalation_flow,augmented,simple
1879,ТОЧНО НУЖНО.,faq,followup,faq_flow,augmented,simple
2218,челюсть еприодически болит,anamnesis,symptom,anamnesis_flow,augmented,simple
3230,Болит передний зуб уже неделю,anamnesis,symptom,anamnesis_flow,variation,simple
1975,снимок у Волкова прошло замечательно!,feedback,positive_quality,feedback_flow,augmented,simple
3240,Запись к гигиенисту на утро,booking,new_appointment,booking_flow,variation,simple
10072,Запись к ортодонту на на следующей неделе 👍,booking,new_appointment,booking_flow,augmented,medium
3035,Нужно отбеилвание,anamnesis,services,anamnesis_flow,augmented,simple
2990,"Привет, хочу оставить жалобу на Новикова",feedback,negative_general,escalation_flow,augmented,complex
8892,До ксорого,conversational,farewell,conversation_flow,augmented,simple
11434,Спасибо за информацию пожалуйста 😊,conversational,gratitude,conversation_flow,augmented,simple
8409,"Привет, я вам перезвоню пожалуйста",conversational,unclear,clarification_flow,augmented,complex
7636,Пришлось переделывать,feedback,negative_quality,escalation_flow,template,simple
6260,Болит зуб мудрости уже две недели,anamnesis,symptom,anamnesis_flow,variation,medium
36,Благодарю заранее спасибо?,conversational,gratitude,conversation_flow,augmented,simple
4347,Хочу отказаться от записи спасибо,booking,cancel,booking_flow,augmented,simple
1774,"подскажите, у меня чувствительность две недели",anamnesis,symptom,anamnesis_flow,augmented,complex
4101,Брекет отклеился спасибо,anamnesis,complaint,anamnesis_flow,augmented,simple
11423,"Да, охрошо пожалуйста",conversational,confirmation,conversation_flow,augmented,complex
5478,Запишите к ортопеду пожалуйста,booking,new_appointment,booking_flow,augmented,simple
10787,Доброе утро,conversational,greeting,conversation_flow,template,simple
5561,Долго оформляли документы,feedback,negative_service,escalation_flow,template,simple
8960,После реставрацию у Лебедевой стало хуже,feedback,negative_quality,escalation_flow,variation,medium
4660,нижняя деснан емного болит,anamnesis,symptom,anamnesis_flow,augmented,simple
2836,Хочу оставить жалобу на Волкова,feedback,negative_general,escalation_flow,variation,simple
9411,Какой материал лучше 😢,faq,procedure,faq_flow,augmented,simple
6369,"Привет, врач терпеливо всё объяснил",feedback,positive_staff,feedback_flow,augmented,complex
7175,Что посовЕтуете заранее спасибо,faq,followup,faq_flow,augmented,simple
8366,После лечения у Новикова боль осталась?,feedback,negative_quality,escalation_flow,augmented,medium
11655,Какой материал лучше пожалуйтса,faq,procedure,faq_flow,augmented,simple
7213,Хочу оставить жалобу на Сидорова...,feedback,negative_general,escalation_flow,augmented,simple
8121,Расскажите больше?!,faq,followup,faq_flow,augmented,simple
5216,После коронку у Морозовой стало хуже,feedback,negative_quality,escalation_flow,variation,medium
5493,Врач от бога пожалуйста,feedback,positive_staff,feedback_flow,augmented,simple
2186,Это безопасно заранее спасибо,faq,procedure,faq_flow,augmented,simple
3519,челюсть нменого болит,anamnesis,symptom,anamnesis_flow,augmented,simple
7255,осмотр у Лебедевой прошло замечательно пожалуйста,feedback,positive_quality,feedback_flow,augmented,medium
9064,зуб ночью болит,anamnesis,symptom,anamnesis_flow,variation,simple
7116,"Подскажите, перезапишите на день?",booking,reschedule,booking_flow,augmented,complex
6438,"Подскажите, мне не перезвонили",feedback,negative_service,escalation_flow,augmented,complex
6563,Иванова был груб 🦷,feedback,negative_staff,escalation_flow,augmented,simple
11487,"Добрый день, хочу отменить запись",booking,cancel,booking_flow,augmented,complex
3076,Отлично работает онлайн-запись,feedback,positive_service,feedback_flow,template,simple
9239,нижний зуб болит ночью,anamnesis,symptom,anamnesis_flow,variation,simple
7276,Првиет,conversational,greeting,conversation_flow,augmented,simple
8682,"Привет, нагрубили",feedback,negative_staff,escalation_flow,augmented,complex
1709,конечно!,conversational,confirmation,conversation_flow,augmented,simple
8144,Сразу перезвонили после заявки пожалуйста,feedback,positive_service,feedback_flow,augmented,simple
8247,Благодарю вас спасибо,conversational,gratitude,conversation_flow,augmented,simple
8743,Хочу отбеливнаие,anamnesis,services,anamnesis_flow,augmented,simple
7388,Работаете в четверг...,faq,clinic_info,faq_flow,augmented,simple
7183,"Скажите, добрый вечер 😢",conversational,greeting,conversation_flow,augmented,complex
3970,ВРАЧ СИДОРОВА ВСЁ ПОДРОБНО ОБЪЯСНИЛ...,feedback,positive_staff,feedback_flow,augmented,simple
3784,Ясно 👍,conversational,confirmation,conversation_flow,augmented,simple
1122,Что нужно перед приёмом?,faq,visit_prep,faq_flow,template,simple
5110,"Отмените запись, заболел 👍",booking,cancel,booking_flow,augmented,complex
10151,После коронку у Козловой стало хуже...,feedback,negative_quality,escalation_flow,augmented,medium
9925,Прощайте 😊,conversational,farewell,conversation_flow,augmented,simple
7538,Почём лечение каналов?,faq,price,faq_flow,variation,simple
8035,"Добрый день, здравствуйте",conversational,greeting,conversation_flow,augmented,complex
4469,Согласен.,conversational,confirmation,conversation_flow,augmented,simple
11232,Работаете в на этой неделе?!,faq,clinic_info,faq_flow,augmented,simple
415,Сколько нельзя заниматься спортом после пломбирование 🙏,faq,visit_prep,faq_flow,augmented,medium
11510,БЛАГОДАРЮ ВАС...,conversational,gratitude,conversation_flow,augmented,simple
6338,очердеь огромная,feedback,negative_service,escalation_flow,augmented,simple
1039,Довольна на все1 00%,feedback,positive_general,feedback_flow,augmented,simple
10270,Пока.,conversational,farewell,conversation_flow,augmented,simple
8474,"Здравствуйте, как связаться?",faq,clinic_info,faq_flow,augmented,complex
166,"Спасибо, всё понятно спасибо 😊",conversational,gratitude,conversation_flow,augmented,complex
6738,"Привет, не получается в это время 😊",booking,reschedule,booking_flow,augmented,complex
5592,Подумаю 🙏 😊,conversational,unclear,clarification_flow,augmented,simple
4127,Нужно перенести заранее спасибо,booking,reschedule,booking_flow,augmented,simple
5897,КАК ДОБРАТЬСЯ 👍,faq,clinic_info,faq_flow,augmented,simple
9102,зуб постоянно болит,anamnesis,symptom,anamnesis_flow,variation,simple
8904,Врач очень внимательный...,feedback,positive_staff,feedback_flow,augmented,simple
4392,Отакз от записи,booking,cancel,booking_flow,augmented,simple
6264,"Скажите, отнеслись наплевательски заранее спасибо",feedback,negative_staff,escalation_flow,augmented,complex
8679,ЗДРООВО,conversational,greeting,conversation_flow,augmented,simple
1929,Администраторг рубил,feedback,negative_staff,escalation_flow,augmented,simple
3545,Как подготовиться к консультацию заранее спасибо,faq,visit_prep,faq_flow,augmented,medium
11791,"ноющая боль, что делать?",anamnesis,symptom,anamnesis_flow,variation,simple
8183,Есть у вас рентген 😢!,faq,clinic_info,faq_flow,augmented,simple
8593,Беспокоит отёк,anamnesis,symptom,anamnesis_flow,variation,simple
10678,Пока спасибо 🙏,conversational,farewell,conversation_flow,augmented,simple
6924,Сколько нельзя заниматься спортом после КТ заранее спасибо.,faq,visit_prep,faq_flow,augmented,medium
8056,нижняя десна очень болит,anamnesis,symptom,anamnesis_flow,variation,simple
6629,Хочу элайнеры,anamnesis,services,anamnesis_flow,variation,simple
1809,Есть парковка!,faq,clinic_info,faq_flow,augmented,simple
1737,Элайнерт реСнул,anamnesis,complaint,anamnesis_flow,augmented,simple
2067,Расскажите блоьше,faq,followup,faq_flow,augmented,simple
5088,Кузнецовой отнёсся невнимательно заранее спасибо,feedback,negative_staff,escalation_flow,augmented,simple
3978,"Привет, врач ничего не знает!",feedback,negative_staff,escalation_flow,augmented,complex
11148,Удобно что работаете среду 🦷,feedback,positive_service,feedback_flow,augmented,simple
4001,снимок сколько стоит?,faq,price,faq_flow,variation,simple
6424,"Привет, хочу удаление",anamnesis,services,anamnesis_flow,augmented,complex
5276,Есть экстренный приём 👍 😢,booking,new_appointment,booking_flow,augmented,simple
9368,Всем рекомендую заранее спасибо.,feedback,positive_general,feedback_flow,augmented,simple
10098,Как связтаься заранее спасибо,faq,clinic_info,faq_flow,augmented,simple
7471,"Скажите, запись к эндодонтисту на четверг",booking,new_appointment,booking_flow,augmented,complex
4353,Хочу возврат спасибо,feedback,negative_general,escalation_flow,augmented,simple
10025,Как делают пожалуйста,faq,procedure,faq_flow,augmented,simple
578,Надо подумать 🙏,conversational,unclear,clarification_flow,augmented,simple
3364,Записаться невозможно,feedback,negative_service,escalation_flow,template,simple
11980,Довольна на все 100%...,feedback,positive_general,feedback_flow,augmented,simple
8081,"Здравствуйте, можно перенести на на этой неделе?",booking,reschedule,booking_flow,augmented,complex
3417,"Не смогу прийти,у езжаю?",booking,cancel,booking_flow,augmented,complex
6524,Записал спаисбо,conversational,confirmation,conversation_flow,augmented,simple
2520,Врач успокоил перед рпоцедурой.,feedback,positive_staff,feedback_flow,augmented,simple
677,Пока не решил?,conversational,unclear,clarification_flow,augmented,simple
6485,Врач внушате доверие,feedback,positive_staff,feedback_flow,augmented,simple
3708,"скажите, очень разочарован",feedback,negative_general,escalation_flow,augmented,complex
9154,Всего хооршего!,conversational,farewell,conversation_flow,augmented,simple
6598,До сокрого!!,conversational,farewell,conversation_flow,augmented,simple
10598,"Скажите, откололся кусочек зуба",anamnesis,complaint,anamnesis_flow,augmented,complex
8285,Большое спасибо 👍,conversational,gratitude,conversation_flow,augmented,simple
9352,Не смог дозвониться 😢,feedback,negative_service,escalation_flow,augmented,simple
6189,Планирую лечение каналов?!,anamnesis,services,anamnesis_flow,augmented,simple
4750,"Скажите, после коронку у Смирновой стало хуже",feedback,negative_quality,escalation_flow,augmented,complex
9541,Перенесите на завтра,booking,reschedule,booking_flow,template,simple
3584,Возможно!!,conversational,unclear,clarification_flow,augmented,simple
8100,снимок эот больно?,faq,procedure,faq_flow,augmented,simple
3857,"Подскажите, здорово!",conversational,greeting,conversation_flow,augmented,complex
9706,Есть лазер 👍,faq,clinic_info,faq_flow,augmented,simple
3132,"Поясните, пожалуйтса",faq,followup,faq_flow,augmented,complex
4589,Работаете в пятницу 🙏,faq,clinic_info,faq_flow,augmented,simple
9698,"Скажите, почём элайнеры?",faq,price,faq_flow,augmented,complex
10947,Во сколько открвыаетесь?,faq,clinic_info,faq_flow,augmented,simple
6216,Нужно имплантацию...,anamnesis,services,anamnesis_flow,augmented,simple
3589,Принимаете полис ОМС...,faq,clinic_info,faq_flow,augmented,simple
9788,Козловой был груб?!,feedback,negative_staff,escalation_flow,augmented,simple
6898,Врач Волкова всё подробно объяснил...,feedback,positive_staff,feedback_flow,augmented,simple
8659,Можн обез этого,faq,followup,faq_flow,augmented,simple
3480,У меня боль при жевании неделю?!,anamnesis,symptom,anamnesis_flow,augmented,medium
2129,Удобно что работаете пятницу заранее спасибо заранее спасибо,feedback,positive_service,feedback_flow,augmented,medium
2318,"Привет, клиника заслуживаЕт 5 звёзд",feedback,positive_general,feedback_flow,augmented,complex
10223,морозовой был груб пожалуйста,feedback,negative_staff,escalation_flow,augmented,simple
11067,до свидаиня,conversational,farewell,conversation_flow,augmented,simple
5979,"Скажите, удачи пожалуйста",conversational,farewell,conversation_flow,augmented,complex
11841,Можноз аписаться онлайн спасибо,faq,clinic_info,faq_flow,augmented,simple
2405,Ждал давно...,feedback,negative_service,escalation_flow,augmented,simple
2010,Приду 👍?,conversational,confirmation,conversation_flow,augmented,simple
8300,Сколько стоит лечение каналов пожалуйста,faq,price,faq_flow,augmented,simple
2634,Как проходит удаление,faq,procedure,faq_flow,augmented,simple
7469,Нужно отменить?!,booking,cancel,booking_flow,augmented,simple
3654,Интересует лечение кариеса,anamnesis,services,anamnesis_flow,variation,simple
4238,Врач не объяснил,feedback,negative_staff,escalation_flow,template,simple
7092,Планирюу коронку 😢,anamnesis,services,anamnesis_flow,augmented,simple
1014,"Добрый день, не получается в это время",booking,reschedule,booking_flow,augmented,complex
4474,"шатается зуб, что делать!",anamnesis,complaint,anamnesis_flow,augmented,complex
9693,прощатйе,conversational,farewell,conversation_flow,augmented,simple
11222,"Здравствуйте, снимок это больно!",faq,procedure,faq_flow,augmented,complex
4688,После виниры у Моорзовой стало хуже,feedback,negative_quality,escalation_flow,augmented,medium
3372,"Скажите, понятно",conversational,confirmation,conversation_flow,augmented,complex
11672,УБЕРИТЕ МОЮ ЗАПИСЬ спасибо,booking,cancel,booking_flow,augmented,simple
6936,Хорошо.,conversational,confirmation,conversation_flow,augmented,simple
890,РАБОТЕАТЕ В СЕГОДНЯ?,faq,clinic_info,faq_flow,augmented,simple
6797,Хочу оставить Жалобу н аКозловой,feedback,negative_general,escalation_flow,augmented,simple
8189,элайнеры у Лебедевой прошло замечтаельно,feedback,positive_quality,feedback_flow,augmented,simple
3198,"Добрый день, до свидания пожалуйста",conversational,farewell,conversation_flow,augmented,complex
10886,Принято пожалуйста,conversational,confirmation,conversation_flow,augmented,simple
8092,"Скажите, десна отошла от зуба!",anamnesis,symptom,anamnesis_flow,augmented,complex
5198,брекеты у Новикова прошло замечательно,feedback,positive_quality,feedback_flow,variation,simple
2817,Принимаете рассрочку 😊,faq,clinic_info,faq_flow,augmented,simple
1280,Всего дборого,conversational,farewell,conversation_flow,augmented,simple
5898,Интересует Air-Flow...,anamnesis,services,anamnesis_flow,augmented,simple
8237,"Добрый день, сразу ответили на звонок",feedback,positive_service,feedback_flow,augmented,complex
668,После лечения у Кузнецовой боль осталас!ь!,feedback,negative_quality,escalation_flow,augmented,medium
4479,Работатее в среду?,faq,clinic_info,faq_flow,augmented,simple
11787,"Скажите, спс 🙏",conversational,gratitude,conversation_flow,augmented,complex
5915,Волкова отнёсся невнимательно?,feedback,negative_staff,escalation_flow,augmented,simple
9280,До встречи 👍,conversational,farewell,conversation_flow,augmented,simple
4912,Прекрасно вылечили зуб,feedback,positive_quality,feedback_flow,template,simple
9851,Врач был невнимателен пожалуйста,feedback,negative_staff,escalation_flow,augmented,simple
9065,Что нельяз после коронку?,faq,visit_prep,faq_flow,augmented,simple
7083,отбеилвание это больно?,faq,procedure,faq_flow,augmented,simple
2410,"Добрый день, хочу взоврат",feedback,negative_general,escalation_flow,augmented,complex
6101,"Скажите ,ладно",conversational,confirmation,conversation_flow,augmented,complex
5152,"поясните, пожалйуста",faq,followup,faq_flow,augmented,complex
7559,Цена на импланатцию,faq,price,faq_flow,augmented,simple
6739,Новиквоа настоящий профессионал,feedback,positive_staff,feedback_flow,augmented,simple
10055,"Скажиет, привет!",conversational,greeting,conversation_flow,augmented,complex
4050,Быстро записали на вторник...,feedback,positive_service,feedback_flow,augmented,simple
1765,"Здравствуйте, как долго прослужит?",faq,procedure,faq_flow,augmented,complex
6755,Перенесите на сегодня 👍,booking,reschedule,booking_flow,augmented,simple
1519,Большое спасбио,conversational,gratitude,conversation_flow,augmented,simple
507,Здравствуйте 🙏,conversational,greeting,conversation_flow,augmented,simple
9300,У меня пульсирующая боль со вчера.,anamnesis,symptom,anamnesis_flow,augmented,medium
11294,"Скажите, лечение кариеса у новикова прошло замечательно",feedback,positive_quality,feedback_flow,augmented,complex
3068,До скроого 😢,conversational,farewell,conversation_flow,augmented,simple
11377,Доогворились,conversational,confirmation,conversation_flow,augmented,simple
3269,После осмотр всё отлично пожалуйста,feedback,positive_quality,feedback_flow,augmented,simple
7198,А это блоьно?,faq,procedure,faq_flow,augmented,simple
11347,"Подскажите, спасибо большое!",conversational,gratitude,conversation_flow,augmented,complex
10301,наверное спасибо,conversational,unclear,clarification_flow,augmented,simple
8230,"Подскажите, зуб всё ещё болит после лечения",feedback,negative_quality,escalation_flow,augmented,complex
9899,Почём коронка 👍,faq,price,faq_flow,augmented,simple
8445,Почём коронка спасибо,faq,price,faq_flow,augmented,simple
9066,После осмотр у Козловой стало хуже,feedback,negative_quality,escalation_flow,variation,medium
4602,Спаисбо за информацию,conversational,gratitude,conversation_flow,augmented,simple
8789,"Скажите, хочу перенести запись спасибо",booking,reschedule,booking_flow,augmented,complex
10241,Спасибо болшьое!!,conversational,gratitude,conversation_flow,augmented,simple
8985,Запись к челюстно-лицевому хирургу на вечер,booking,new_appointment,booking_flow,variation,medium
10871,НЕ РПИДУ,booking,cancel,booking_flow,augmented,simple
4400,"Подскажите, планирую осомтр",anamnesis,services,anamnesis_flow,augmented,complex
11200,После виниры у Петровой стало хуже 🦷,feedback,negative_quality,escalation_flow,augmented,medium
1721,Всего хорошЕго.,conversational,farewell,conversation_flow,augmented,simple
6697,После лечение каналов у Кузнецовой стало хуже заранее спасибо,feedback,negative_quality,escalation_flow,augmented,medium
3303,"Привет, долго ждал в очереди",feedback,negative_service,escalation_flow,augmented,complex
2372,Понтяно,conversational,confirmation,conversation_flow,augmented,simple
1082,"Скажите, планирую осмотр 😊",anamnesis,services,anamnesis_flow,augmented,complex
11858,"Не смогу рпийти, не смогу",booking,cancel,booking_flow,augmented,complex
7299,Сколько нельзя пить алкоголь после снимок?,faq,visit_prep,faq_flow,variation,medium
3533,чистку у сидоровап рошло замечательно,feedback,positive_quality,feedback_flow,augmented,simple
10853,Врач Петровой всё подробно объяснил 👍,feedback,positive_staff,feedback_flow,augmented,medium
8787,"Скажите, хорошего дня 🦷",conversational,farewell,conversation_flow,augmented,complex
4559,ТАК И БОЛИТ ПОСЛЕ ЛЕЧЕНИЯ пожалуйста,feedback,negative_quality,escalation_flow,augmented,medium
1509,"Привет, врач Лебедевой не объяснил",feedback,negative_staff,escalation_flow,augmented,complex
9488,Посоветуюьс!!,conversational,unclear,clarification_flow,augmented,simple
535,"Подскажите, как проходит отбеЛивание?",faq,procedure,faq_flow,augmented,complex
2605,на когда можно записаться заранее спасибо,booking,new_appointment,booking_flow,augmented,medium
10150,верните деньги.,feedback,negative_general,escalation_flow,augmented,simple
9961,Записали на удобное время...,feedback,positive_service,feedback_flow,augmented,simple
8675,козловой отнёсся невнимательно!!,feedback,negative_staff,escalation_flow,augmented,simple
10921,"Скажите, как проходит пломбирование.",faq,procedure,faq_flow,augmented,complex
3219,Петровой настоящий профессионал?!,feedback,positive_staff,feedback_flow,augmented,simple
525,Врач настоящий профи!,feedback,positive_staff,feedback_flow,augmented,simple
900,запись к ортодонту на завтра спасибо,booking,new_appointment,booking_flow,augmented,medium
2846,Врач Петровой всё подробно объяснил,feedback,positive_staff,feedback_flow,variation,simple
4819,"Добрый день, а что лучше?",faq,followup,faq_flow,augmented,complex
1934,"Здравствуйте, сколько нельзя пить алкоголь после протезирование?",faq,visit_prep,faq_flow,augmented,complex
10251,спасибо за помощь!,conversational,gratitude,conversation_flow,augmented,simple
7913,"Подскажите, до встречи спасибо",conversational,farewell,conversation_flow,augmented,complex
969,Хочу оТбеливание 😢,anamnesis,services,anamnesis_flow,augmented,simple
7752,"Подскажите, здравствуйте, удобный онлайн-сервис",feedback,positive_service,feedback_flow,augmented,complex
2943,Нагрубили!,feedback,negative_staff,escalation_flow,augmented,simple
3387,"Привет, хочу коронку",anamnesis,services,anamnesis_flow,augmented,complex
10798,Что нельзя после коронку!!,faq,visit_prep,faq_flow,augmented,simple
8713,"Привет, да, хорошо",conversational,confirmation,conversation_flow,augmented,complex
3481,"Здравствуйте, у меня боль при жевании день",anamnesis,symptom,anamnesis_flow,augmented,complex
11868,После протезирование у Иванова стало хуже,feedback,negative_quality,escalation_flow,variation,medium
10811,"Добрый день, не знаю 😊",conversational,unclear,clarification_flow,augmented,complex
2838,Никто не перезвонил?,feedback,negative_service,escalation_flow,augmented,simple
816,Есть прайс-лист...,faq,price,faq_flow,augmented,simple
7159,семёрка болит ночью,anamnesis,symptom,anamnesis_flow,variation,simple
1991,Добрый веечр 🦷,conversational,greeting,conversation_flow,augmented,simple
2342,виниры у Козловой прошло замечательно,feedback,positive_quality,feedback_flow,variation,simple
11385,Цена на брЕкеты!,faq,price,faq_flow,augmented,simple
3963,Очень доволен клиникой!!,feedback,positive_general,feedback_flow,augmented,simple
11824,"Добрый день, коронку не помогло",feedback,negative_quality,escalation_flow,augmented,complex
9876,Добрый день.,conversational,greeting,conversation_flow,augmented,simple
528,Снимите меня с записи пожалуйста,booking,cancel,booking_flow,augmented,simple
10916,"Не смогу притйи, не смогу",booking,cancel,booking_flow,augmented,complex
2904,"Подскажит,е алло",conversational,greeting,conversation_flow,augmented,complex
10117,удобно запиасться через сайт,feedback,positive_service,feedback_flow,augmented,simple
161,"Подскажите, спасибо пожалуйста",conversational,gratitude,conversation_flow,augmented,complex
1924,Сколько стоит пломба спасибо,faq,price,faq_flow,augmented,simple
1754,Болит челюсть уже несколько дней,anamnesis,symptom,anamnesis_flow,variation,simple
1620,"Здравствуйте, запись к гигиенисту на утро",booking,new_appointment,booking_flow,augmented,complex
2112,Врач Новикова не объяснил!,feedback,negative_staff,escalation_flow,augmented,simple
8638,Перенесите на понедельник!!,booking,reschedule,booking_flow,augmented,simple
11807,ХОЧУ ЕПРЕНЕСТИ ЗАПИСЬ,booking,reschedule,booking_flow,augmented,simple
4826,коренной зуб болит сильно,anamnesis,symptom,anamnesis_flow,variation,simple
6082,пломбирование у Лебедевой прошло замечательно,feedback,positive_quality,feedback_flow,variation,simple
6511,"Отмените запись, заболел 😢",booking,cancel,booking_flow,augmented,complex
7193,консультацию у Козловой прошло замечательно,feedback,positive_quality,feedback_flow,variation,simple
660,Где вы находитесь?,faq,clinic_info,faq_flow,template,simple
5932,"скажите, хочу оставить жалобу на морозовой",feedback,negative_general,escalation_flow,augmented,complex
10510,Здорово пожалуйста,conversational,greeting,conversation_flow,augmented,simple
1955,имплантацию у Морозовой прошло замечательно,feedback,positive_quality,feedback_flow,variation,simple
5292,"Привет, довольна на все 100%...",feedback,positive_general,feedback_flow,augmented,complex
9106,лечение каналов у Козловой прошло замечательно!!,feedback,positive_quality,feedback_flow,augmented,medium
1426,Позовите главврача,feedback,negative_general,escalation_flow,template,simple
8994,До свидаиня.,conversational,farewell,conversation_flow,augmented,simple
9769,"Привет, приду",conversational,confirmation,conversation_flow,augmented,complex
11895,"Здравствуйте, привет, смирновой был груб",feedback,negative_staff,escalation_flow,augmented,complex
3676,"Скажите, согласен",conversational,confirmation,conversation_flow,augmented,complex
2679,Быстро записали на послзеавтра,feedback,positive_service,feedback_flow,augmented,simple
7176,Так и не перезвонили 🦷,feedback,negative_service,escalation_flow,augmented,simple
4565,Администратор очень помог,feedback,positive_service,feedback_flow,template,simple
470,Сколько нельзя курить после элайнеры?,faq,visit_prep,faq_flow,variation,simple
11513,"Привет, сколько нельзя пить алкоголь после виниры пожалуйста",faq,visit_prep,faq_flow,augmented,complex
8156,Что вы рекомендуете!!,faq,followup,faq_flow,augmented,simple
4518,пока заранее спасибо,conversational,farewell,conversation_flow,augmented,simple
6204,Врач очень внимательный 🙏,feedback,positive_staff,feedback_flow,augmented,simple
970,НУЖНА ИМПЛАНТАЦИЯ?!,anamnesis,services,anamnesis_flow,augmented,simple
3100,Очень блгаодарен,conversational,gratitude,conversation_flow,augmented,simple
5101,Нужно перенести!!,booking,reschedule,booking_flow,augmented,simple
365,"ПОДСКАЖИТЕ, ПОСЛЕ ПЛОМБИРОВАНИЕ У КУЗНЕЦОВОЙ СТАЛО ХУЖЕ",feedback,negative_quality,escalation_flow,augmented,complex
4822,После снимок у Морозовой стало хуже,feedback,negative_quality,escalation_flow,variation,medium
5312,У меня чувствительность с утра,anamnesis,symptom,anamnesis_flow,variation,simple
4747,"Добрый день, есть рентген?",faq,clinic_info,faq_flow,augmented,complex
3851,Почём протезирование?,faq,price,faq_flow,variation,simple
1503,У меня шатается зуб?!,anamnesis,complaint,anamnesis_flow,augmented,simple
7178,ПРОФГИГИЕНУ У ЛЕБЕДЕВОЙ ПРОЛШО ЗАМЕЧАТЕЛЬНО,feedback,positive_quality,feedback_flow,augmented,simple
9110,Уберите моюз апись спасибо,booking,cancel,booking_flow,augmented,simple
10446,Перенесите на воскресенье спасибо,booking,reschedule,booking_flow,augmented,simple
8678,Винир отклеился?!,anamnesis,complaint,anamnesis_flow,augmented,simple
3401,"Не смогу прийти ,занят на работе",booking,cancel,booking_flow,augmented,complex
7008,БОЛЬШОЕ СПАИСБО,conversational,gratitude,conversation_flow,augmented,simple
3127,Принимаете ОМС 🦷,faq,clinic_info,faq_flow,augmented,simple
3300,Иванова отнёсся невнимательно спасибо,feedback,negative_staff,escalation_flow,augmented,simple
9680,Сколько нельзя занимаьтся спортом после элайнеры?,faq,visit_prep,faq_flow,augmented,medium
2389,Запись к терапевту на послезавтра,booking,new_appointment,booking_flow,variation,simple
1423,Надо посоветоваться 🙏,conversational,unclear,clarification_flow,augmented,simple
7168,"Здравствуйте, элайнеры не помогло",feedback,negative_quality,escalation_flow,augmented,complex
1706,После удаление у Морозовой стало хуже 😊,feedback,negative_quality,escalation_flow,augmented,medium
1952,Это безобразие?,feedback,negative_general,escalation_flow,augmented,simple
5740,После отбеливание у Морозовой стало хуже 😊,feedback,negative_quality,escalation_flow,augmented,medium
4376,реставрацию это больно пожалуйста спасибо,faq,procedure,faq_flow,augmented,simple
8947,Интересует чистку 👍,anamnesis,services,anamnesis_flow,augmented,simple
11621,"Подскажите, привет 😊",conversational,greeting,conversation_flow,augmented,complex
10929,Врач Сидорова всё подробно объяснил?,feedback,positive_staff,feedback_flow,augmented,simple
6244,До свидания 🙏?,conversational,farewell,conversation_flow,augmented,simple
11059,Очень доволен клиникой?,feedback,positive_general,feedback_flow,augmented,simple
10651,"Привет, не решил ещё 😊",conversational,unclear,clarification_flow,augmented,complex
4029,Не пришлось ждать в очереди пожалуйста!,feedback,positive_service,feedback_flow,augmented,medium
9802,Понятно!,conversational,confirmation,conversation_flow,augmented,simple
6742,Есть детский стоматолог?!,faq,clinic_info,faq_flow,augmented,simple
7056,Хочу оставить жалобу заранее спасибо,feedback,negative_general,escalation_flow,augmented,simple
7875,Запись к пародонтологу на овскресенье,booking,new_appointment,booking_flow,augmented,simple
7985,верхний зуб болит псотоянно,anamnesis,symptom,anamnesis_flow,augmented,simple
11850,Волкова настоящий профессионал!!,feedback,positive_staff,feedback_flow,augmented,simple
2715,Сколько нельзя курить послев иниры?!,faq,visit_prep,faq_flow,augmented,simple
608,"Скажите, спасибо спасибо",conversational,gratitude,conversation_flow,augmented,complex
1368,элайнеры сколько стиот?,faq,price,faq_flow,augmented,simple
3331,Волкова настоящий профессионал пожалуйста,feedback,positive_staff,feedback_flow,augmented,simple
10279,Хорошего ндя,conversational,farewell,conversation_flow,augmented,simple
9766,Здрасте 😊!!,conversational,greeting,conversation_flow,augmented,simple
10639,Планирую удаление...,anamnesis,services,anamnesis_flow,augmented,simple
5335,БЫСТРО ЗАПИСАЛИ НА ВОСКРЕЕСНЬЕ,feedback,positive_service,feedback_flow,augmented,simple
1271,"Скажите, работаете в выходные?",faq,clinic_info,faq_flow,augmented,complex
2069,Консультация платная?,faq,price,faq_flow,template,simple
7453,Работаете в в ближайшее время заранее сПасибо,faq,clinic_info,faq_flow,augmented,medium
4452,Какую анестезию используете.,faq,procedure,faq_flow,augmented,simple
418,"Изменились планы, нужно перенести спасибо?!",booking,reschedule,booking_flow,augmented,complex
2168,Лучшие стоматологи,feedback,positive_general,feedback_flow,template,simple
10492,Результат не тот что обещали,feedback,negative_quality,escalation_flow,template,simple
8447,"Подскажите, спасибо, до свидания спасибо",conversational,gratitude,conversation_flow,augmented,complex
6876,Сколько нельзя заниматься спортом после брекеты?,faq,visit_prep,faq_flow,variation,medium
11982,Случилось слетела коронка заранее спасибо,anamnesis,complaint,anamnesis_flow,augmented,simple
4725,"Подскажите, здорово",conversational,greeting,conversation_flow,augmented,complex
7667,Ужасный сервис 😊,feedback,negative_general,escalation_flow,augmented,simple
455,Здравствуйте спасибо.,conversational,greeting,conversation_flow,augmented,simple
5742,Можно записаться онлайн 😊,faq,clinic_info,faq_flow,augmented,simple
7954,После элайнеры у Морозовой стало хуже,feedback,negative_quality,escalation_flow,variation,medium
11615,какие ещё варианты!,faq,followup,faq_flow,augmented,simple
6606,Можно на другой день заранее спасибо спасибо,booking,reschedule,booking_flow,augmented,medium
8591,"Скажите, лАДНО",conversational,confirmation,conversation_flow,augmented,complex
1501,как проходит лечение кариеса пожалуйста,faq,procedure,faq_flow,augmented,simple
3477,Добрый день спасибо,conversational,greeting,conversation_flow,augmented,simple
4640,ЛУЧШАЯ СТОМАТОЛОГИЯ В ГОРОДЕ?!,feedback,positive_general,feedback_flow,augmented,simple
2887,Хочу выровнять зубы,anamnesis,services,anamnesis_flow,template,simple
6632,"Здравствуйте, пока не решил",conversational,unclear,clarification_flow,augmented,complex
5443,"Скажите, прощайте",conversational,farewell,conversation_flow,augmented,complex
8177,у меня ноющая боль с утра?,anamnesis,symptom,anamnesis_flow,augmented,medium
1465,"Скажите, петровой отнёсся невнимательно",feedback,negative_staff,escalation_flow,augmented,complex
2046,Планирую исправить прикус 👍,anamnesis,services,anamnesis_flow,augmented,simple
8970,"Подскажите, администратор грубил",feedback,negative_staff,escalation_flow,augmented,complex
6253,"Отмените запись,у езжаю",booking,cancel,booking_flow,augmented,complex
4702,Как связаться!,faq,clinic_info,faq_flow,augmented,simple
4745,Хочу к пародонтологу,booking,new_appointment,booking_flow,variation,simple
42,"Привет, добрый вечер!",conversational,greeting,conversation_flow,augmented,complex
7094,А если я не буду 👍,faq,followup,faq_flow,augmented,medium
82,"Всёо тлично, спасибо",feedback,positive_general,feedback_flow,augmented,complex
9748,Хочу оставить жалобу на Сидорова!!,feedback,negative_general,escalation_flow,augmented,simple
10175,После лечение каналов у Лебедевой стало хуже,feedback,negative_quality,escalation_flow,variation,medium
1487,ХочУ оставитьж алобу на Козловой,feedback,negative_general,escalation_flow,augmented,simple
6644,Спасибо заранее спасибо,conversational,gratitude,conversation_flow,augmented,simple
11494,А если не помжоет?,faq,followup,faq_flow,augmented,simple
7475,"Привет, ждал три дня",feedback,negative_service,escalation_flow,augmented,complex
2764,ПРИЯТНО ОБЩАТЬСЯ С ПЕРСОНАЛОМ.,feedback,positive_staff,feedback_flow,augmented,simple
1572,виниры это больно спасибо,faq,procedure,faq_flow,augmented,simple
3312,Доброе утро заранее спасибо,conversational,greeting,conversation_flow,augmented,simple
8927,Сколько нельзя заниматься спортом после брекеты...,faq,visit_prep,faq_flow,augmented,medium
10717,а монжо по-другому?,faq,followup,faq_flow,augmented,simple
2632,Пока не решил заранее спасибо?,conversational,unclear,clarification_flow,augmented,simple
3442,"Скажите, хочу отменить запись",booking,cancel,booking_flow,augmented,complex
1793,Я вам преезвоню,conversational,unclear,clarification_flow,augmented,simple
9128,"Уточните, пожаулйста",faq,followup,faq_flow,augmented,complex
11172,Сколько времени занимаЕт?!,faq,procedure,faq_flow,augmented,simple
1861,Сразу перезвонили,feedback,positive_service,feedback_flow,template,simple
1003,Можно перенести приём!,booking,reschedule,booking_flow,augmented,simple
11161,"Скажите, пломба выпала",anamnesis,complaint,anamnesis_flow,augmented,complex
2671,"Скажите, теперь хожу только к вам",feedback,positive_general,feedback_flow,augmented,complex
3470,КлиникА н авысоте,feedback,positive_general,feedback_flow,augmented,simple
1240,Нагрбуили,feedback,negative_staff,escalation_flow,augmented,simple
3587,Как подготовиться к брекеты,faq,visit_prep,faq_flow,augmented,simple
7717,Точно нужно?!,faq,followup,faq_flow,augmented,simple
4712,Запиасл,conversational,confirmation,conversation_flow,augmented,simple
7528,Принимаете наличные заранее спасибо!!,faq,clinic_info,faq_flow,augmented,simple
9235,ЗДРАТСЕ,conversational,greeting,conversation_flow,augmented,simple
9226,После снимок у Козловой стало хуже,feedback,negative_quality,escalation_flow,variation,medium
9940,Как проходит имплантацию 🦷,faq,procedure,faq_flow,augmented,simple
11342,Где оставить жалобу.,feedback,negative_general,escalation_flow,augmented,simple
5328,ХОЧУ ОСТАВИТЬ ЖАЛОБУ НА МОРОЗОВОЙ 😢,feedback,negative_general,escalation_flow,augmented,medium
7466,"Здравствуйте, записали без проблем",feedback,positive_service,feedback_flow,augmented,complex
350,"Добрый день, козловой отнёсся невнимательно",feedback,negative_staff,escalation_flow,augmented,complex
4197,ПОЗЖЕ 👍,conversational,unclear,clarification_flow,augmented,simple
7582,"Здравствуйте, прощайте 😢",conversational,farewell,conversation_flow,augmented,complex
7379,понятно пожалуйста,conversational,confirmation,conversation_flow,augmented,simple
5472,Не смогу пирйти,booking,cancel,booking_flow,augmented,simple
7917,После имплантацию у Козловой стало хуже,feedback,negative_quality,escalation_flow,variation,medium
10413,Понятно,conversational,confirmation,conversation_flow,template,simple
758,"Добрый день, оТМЕНИТЕ, ПОЖАЛУЙСТА",booking,cancel,booking_flow,augmented,complex
3859,Как подготовиться к профгигиену?,faq,visit_prep,faq_flow,variation,simple
11111,Козловой очень внимательный Спасибо,feedback,positive_staff,feedback_flow,augmented,simple
10199,Есть имплантолог?,faq,clinic_info,faq_flow,template,simple
2095,"здравствуйте, нижняя десна болит ночью",anamnesis,symptom,anamnesis_flow,augmented,complex
9774,СогЛасен 😊,conversational,confirmation,conversation_flow,augmented,simple
4263,Большое спсаибо заранее спасибо,conversational,gratitude,conversation_flow,augmented,simple
1,"Подскажите, недоволен обслуживанием в клинике",feedback,negative_general,escalation_flow,augmented,complex
6009,Хорошего дня 👍 заранее спасибо,conversational,farewell,conversation_flow,augmented,simple
8955,"выпала пломба, что делать 🙏",anamnesis,complaint,anamnesis_flow,augmented,complex
1370,Запись к гигиенисту на среду,booking,new_appointment,booking_flow,variation,simple
5386,Рекомендую лкинику всем друзьям,feedback,positive_general,feedback_flow,augmented,simple
5384,"Здравствйуте, да, конечно",conversational,confirmation,conversation_flow,augmented,complex
127,"Здравствуйте, не уверен.",conversational,unclear,clarification_flow,augmented,complex
5343,Часы работы...,faq,clinic_info,faq_flow,augmented,simple
11995,Верните едньги,feedback,negative_general,escalation_flow,augmented,simple
10237,отбеливание у Иванова прошло замечательно,feedback,positive_quality,feedback_flow,variation,simple
11395,Зуб реагирует на горячее,anamnesis,symptom,anamnesis_flow,template,simple
2156,Всего доброго пожалуйста,conversational,farewell,conversation_flow,augmented,simple
11014,Перезапишите на 14:00,booking,reschedule,booking_flow,variation,simple
3390,"Здравствуйте, наверное",conversational,unclear,clarification_flow,augmented,complex
6443,"Подскажите, пЛОМБИРОВАНИЕ СКОЛЬКО СТОИТ?",faq,price,faq_flow,augmented,complex
5528,Благодар ювас,conversational,gratitude,conversation_flow,augmented,simple
2392,"Здравствуйте, смирновой очень внимательный",feedback,positive_staff,feedback_flow,augmented,complex
10789,виниры сколько стоит!,faq,price,faq_flow,augmented,simple
11430,Администратор милая и приветливая 🦷,feedback,positive_staff,feedback_flow,augmented,simple
10116,"Скажите, перезапишите на 18:00",booking,reschedule,booking_flow,augmented,complex
5765,Превосходный сервис!!,feedback,positive_general,feedback_flow,augmented,simple
5811,"Скажите, после отбеливание у Сидорова стало хуже",feedback,negative_quality,escalation_flow,augmented,complex
8544,"Здравствуйте, удобно что работаете воскресенье",feedback,positive_service,feedback_flow,augmented,complex
7131,Перенесите запись?,booking,reschedule,booking_flow,augmented,simple
11748,Лебедевой был груб?,feedback,negative_staff,escalation_flow,augmented,simple
9188,Хочу поставить коронку 😢,anamnesis,services,anamnesis_flow,augmented,simple
10461,Работаете в сегодня 🦷,faq,clinic_info,faq_flow,augmented,simple
7810,Перенесите на среду!!,booking,reschedule,booking_flow,augmented,simple
1947,Анестезия входит в стоИмость!!,faq,procedure,faq_flow,augmented,simple
5332,Приуксил щёку,anamnesis,complaint,anamnesis_flow,augmented,simple
10611,протезирование сколько стоит спасибо 🙏,faq,price,faq_flow,augmented,simple
7904,Ждал две недели?!,feedback,negative_service,escalation_flow,augmented,simple
6592,Что если не поможет спасибо,faq,followup,faq_flow,augmented,simple
9727,"ЗДРАВСТВУЙТЕ, ИЗМЕНИЛИСЬ ПЛАНЫ, НУЖНО ПЕРЕНЕСТИ",booking,reschedule,booking_flow,augmented,complex
1000,Сколько тсоит элайнеры?,faq,price,faq_flow,augmented,simple
1656,Надо посоветоваться...,conversational,unclear,clarification_flow,augmented,simple
7372,Это правда необходимо!!,faq,followup,faq_flow,augmented,simple
11299,Где находится клиника 👍,faq,clinic_info,faq_flow,augmented,simple
5237,Ждал со вчера пожалуйста,feedback,negative_service,escalation_flow,augmented,simple
4772,Врач опоздал,feedback,negative_service,escalation_flow,template,simple
5874,"Привет, лечение каналов у Козловой Прошло замечательно",feedback,positive_quality,feedback_flow,augmented,complex
11359,Хорошего дня?!,conversational,farewell,conversation_flow,augmented,simple
11174,"Подскажите, не получится прийти",booking,cancel,booking_flow,augmented,complex
9834,После коронку у Иванова стало хуже заранее спасибо,feedback,negative_quality,escalation_flow,augmented,medium
2667,Консультация платная,faq,price,faq_flow,augmented,simple
6181,"Заболел, не прдиу",booking,cancel,booking_flow,augmented,complex
11267,Ужасынй сервис,feedback,negative_general,escalation_flow,augmented,simple
1661,Удобно что работаете воскресенье 😢,feedback,positive_service,feedback_flow,augmented,simple
5649,Есть ли приём сегодня?!,booking,new_appointment,booking_flow,augmented,simple
2643,Планирую консультацию?!,anamnesis,services,anamnesis_flow,augmented,simple
10157,Есть запись на завтра?,booking,new_appointment,booking_flow,template,simple
9840,"Добрый день, результат КТ превзошёл ожидания",feedback,positive_quality,feedback_flow,augmented,complex
10956,"Добрый день, телефон не отвечает",feedback,negative_service,escalation_flow,augmented,complex
5588,Работаете в вечер?,faq,clinic_info,faq_flow,variation,simple
4229,Мне не перезвонили месяц 🦷,feedback,negative_service,escalation_flow,augmented,simple
7071,"Скажите, болит коренной зуб уже неделю",anamnesis,symptom,anamnesis_flow,augmented,complex
5722,Врач опоздал 😢,feedback,negative_service,escalation_flow,augmented,simple
5168,Сколько длится осмотр пожалуйста,faq,procedure,faq_flow,augmented,simple
2538,Болит нижний зуб уже две недели 😢,anamnesis,symptom,anamnesis_flow,augmented,medium
10714,передний зуб сильно болит 🦷,anamnesis,symptom,anamnesis_flow,augmented,simple
7389,После брекетыу  Морозовой стало хуже,feedback,negative_quality,escalation_flow,augmented,simple
6935,Сколько длится удаление 😢,faq,procedure,faq_flow,augmented,simple
4564,"Скажите, не смогу прийти, заболел",booking,cancel,booking_flow,augmented,complex
8153,лечение каналов это больно спасибо,faq,procedure,faq_flow,augmented,simple
10239,Есть вермя на четверг?,booking,new_appointment,booking_flow,augmented,simple
11422,"Подскажите, записаться невозможно",feedback,negative_service,escalation_flow,augmented,complex
2064,Почём КТ пожалуйста,faq,price,faq_flow,augmented,simple
1820,хоршоо!,conversational,confirmation,conversation_flow,augmented,simple
6532,Благодарю заранее спасибо 🙏,conversational,gratitude,conversation_flow,augmented,simple
6318,Вомзожно 👍,conversational,unclear,clarification_flow,augmented,simple
8334,ОСМОТР ЭТО БОЛЬНО!,faq,procedure,faq_flow,augmented,simple
5455,после лечение каналов у морозовой стало хуже 🦷,feedback,negative_quality,escalation_flow,augmented,medium
8197,Хочу выровнять зубы 🦷,anamnesis,services,anamnesis_flow,augmented,simple
11817,"Скажите, хорошо",conversational,confirmation,conversation_flow,augmented,complex
7164,Может быть.,conversational,unclear,clarification_flow,augmented,simple
5466,Сколько нельзя курить после брекеты...,faq,visit_prep,faq_flow,augmented,simple
5919,"Поясните, пожалуйста...",faq,followup,faq_flow,augmented,complex
748,После лечения у Смирновой боль осталась,feedback,negative_quality,escalation_flow,variation,medium
1355,Хочу оставить жалобу на Волкова 😊,feedback,negative_general,escalation_flow,augmented,medium
11781,"Подскажите, спасибо спасибо",conversational,gratitude,conversation_flow,augmented,complex
9096,Как проходит пломбирование?,faq,procedure,faq_flow,variation,simple
4383,Запись к имплантологу на утро?,booking,new_appointment,booking_flow,augmented,simple
4579,Можно перенести на сегодня 😢,booking,reschedule,booking_flow,augmented,simple
3033,Всего доборго,conversational,farewell,conversation_flow,augmented,simple
9275,"Здравствуйте, пока 🙏",conversational,farewell,conversation_flow,augmented,complex
4419,"Добрый день, можно без этого?",faq,followup,faq_flow,augmented,complex
9919,"Подскажите, сколько стоит коронку?",faq,price,faq_flow,augmented,complex
11770,Хочу на консультацию,booking,new_appointment,booking_flow,template,simple
8899,Хочу к ортодонту,booking,new_appointment,booking_flow,variation,simple
8540,хочу поговориьт с руководством,feedback,negative_general,escalation_flow,augmented,simple
11825,НЕ СОВСЕМ ПОНЯЛ пожалуйста,faq,followup,faq_flow,augmented,simple
3789,Хочу Оставить жалобу на Козловой?!,feedback,negative_general,escalation_flow,augmented,simple
4816,Запись к пародонтологу на завтра,booking,new_appointment,booking_flow,variation,simple
9124,Нужно имплантацию 😢,anamnesis,services,anamnesis_flow,augmented,simple
7820,"Подскажите, понял",conversational,confirmation,conversation_flow,augmented,complex
10416,Сколько нельзя пить после пломбирование?,faq,visit_prep,faq_flow,variation,simple
3021,Пока не решил пожалуйста 😊,conversational,unclear,clarification_flow,augmented,simple
7994,РЕКОМЕНДУЮ СВЕМ ЗНАКОМЫМ,feedback,positive_general,feedback_flow,augmented,simple
4763,Как длеают?,faq,procedure,faq_flow,augmented,simple
9935,лечение кариеса это больно?,faq,procedure,faq_flow,variation,simple
4853,виниры у Кузнецовой прошло замечательно,feedback,positive_quality,feedback_flow,variation,simple
4337,Болит зуб мудрости уже день спасибо пожалуйста,anamnesis,symptom,anamnesis_flow,augmented,medium
635,"Здравствуйте, моя любимая клиника",feedback,positive_general,feedback_flow,augmented,complex
457,"Спасибо, до свидания 🦷",conversational,gratitude,conversation_flow,augmented,complex
8271,"Скажите, скажите, удобно что работаете понедельник",feedback,positive_service,feedback_flow,augmented,complex
8959,Очень разочарован,feedback,negative_general,escalation_flow,template,simple
11769,После чистку у Петровой стало хуже пожалуйста,feedback,negative_quality,escalation_flow,augmented,medium
4651,После пломбирование у Петровой стало хуже,feedback,negative_quality,escalation_flow,variation,medium
789,Работаете в субботу?,faq,clinic_info,faq_flow,template,simple
11336,Некомпететнный врач,feedback,negative_staff,escalation_flow,augmented,simple
4854,"Спасибо, всё понравилось 🙏",feedback,positive_general,feedback_flow,augmented,complex
1533,Посоветуюсь?!,conversational,unclear,clarification_flow,augmented,simple
6365,Как проходит снимок?,faq,procedure,faq_flow,variation,simple
6044,Интересует реставрацию,anamnesis,services,anamnesis_flow,variation,simple
2016,А что будет если спасибо,faq,followup,faq_flow,augmented,simple
5775,"Здравствуйте, перенесите на завтра",booking,reschedule,booking_flow,augmented,complex
8348,"Добрый день, морозовой был груб",feedback,negative_staff,escalation_flow,augmented,complex
7575,"Подскажите, хочу оставить жалобу на Кузнецовой",feedback,negative_general,escalation_flow,augmented,complex
1289,После лечение каналов у Иванова стало хуже,feedback,negative_quality,escalation_flow,variation,medium
2435,После отбеливание у Петровой стало хуже,feedback,negative_quality,escalation_flow,variation,medium
7689,Подумаю пожалуйста,conversational,unclear,clarification_flow,augmented,simple
1234,Сколько длится КТ заранее спасибо,faq,procedure,faq_flow,augmented,simple
5731,"Добрый день, до свидания!",conversational,farewell,conversation_flow,augmented,complex
2265,Отмените запсиь,booking,cancel,booking_flow,augmented,simple
11399,можно на другой день спасибо,booking,reschedule,booking_flow,augmented,simple
248,Не смогу прийти?,booking,cancel,booking_flow,augmented,simple
9005,"Скажите, случилось слетела коронка",anamnesis,complaint,anamnesis_flow,augmented,complex
3419,ИМПЛАНТАЦИЮ У ЛЕБЕДЕВОЙ ПРОШЛО ЗАМЕЧАЕТЛЬНО,feedback,positive_quality,feedback_flow,augmented,simple
9992,Болит коренной зуб уже с утра пожалуйста,anamnesis,symptom,anamnesis_flow,augmented,medium
6605,позже спасибо,conversational,unclear,clarification_flow,augmented,simple
10860,НЕДОПУСТИМО!!,feedback,negative_general,escalation_flow,augmented,simple
8610,После снимок всё отлично,feedback,positive_quality,feedback_flow,variation,simple
4735,Я вам перезвоню 😢,conversational,unclear,clarification_flow,augmented,simple
6526,Козловой отнёсся невнимательно 🙏,feedback,negative_staff,escalation_flow,augmented,simple
5303,ТЕЛЕФОН НЕ ОТВЕЧАЕТ пожалуйста,feedback,negative_service,escalation_flow,augmented,simple
5247,ладно заранее спасибо,conversational,confirmation,conversation_flow,augmented,simple
5943,Сколько нельзя пить алкоголь после консультацию?,faq,visit_prep,faq_flow,variation,medium
8117,Не рекомендую 🦷,feedback,negative_general,escalation_flow,augmented,simple
6510,"шатается зуб, что делать 👍",anamnesis,complaint,anamnesis_flow,augmented,complex
10913,протезирование сколько стоит?,faq,price,faq_flow,variation,simple
4030,"Привет, быстрый сервис спасибо",feedback,positive_service,feedback_flow,augmented,complex
7958,Отличное соотношение цена-качество заранее спасибо,feedback,positive_general,feedback_flow,augmented,simple
10071,Сколько нельзя заниматься спортом после консультацию?,faq,visit_prep,faq_flow,variation,medium
2984,Не решил ещё пожалуйста,conversational,unclear,clarification_flow,augmented,simple
663,"Заболе,л не приду",booking,cancel,booking_flow,augmented,complex
7578,Работаете в среду 😢,faq,clinic_info,faq_flow,augmented,simple
3323,Работаете в субботу,faq,clinic_info,faq_flow,augmented,simple
8295,Врач Лебедевой всё подробно объяснил 🙏,feedback,positive_staff,feedback_flow,augmented,medium
9163,Персонал вежливый и приятный,feedback,positive_staff,feedback_flow,template,simple
1178,Всего хорошего пожалуйста,conversational,farewell,conversation_flow,augmented,simple
6483,Хочу коронк упожалуйста,anamnesis,services,anamnesis_flow,augmented,simple
7446,"Скажите, здравствуйте!",conversational,greeting,conversation_flow,augmented,complex
1308,Быстро записали на на следующей неделе спасибо,feedback,positive_service,feedback_flow,augmented,medium
724,Плмоба выпала,anamnesis,complaint,anamnesis_flow,augmented,simple
7665,Как проходит элайнеры 🙏,faq,procedure,faq_flow,augmented,simple
11900,Запись к челюстно-лицевому хирургу на в ближайшее время 🙏,booking,new_appointment,booking_flow,augmented,medium
8420,Есть микроскоп 🙏,faq,clinic_info,faq_flow,augmented,simple
1999,"Привет, хорошо!",conversational,confirmation,conversation_flow,augmented,complex
426,элайнеры не помогло,feedback,negative_quality,escalation_flow,variation,simple
3552,До свиадния!,conversational,farewell,conversation_flow,augmented,simple
3298,"Скажите, нужно протезирование",anamnesis,services,anamnesis_flow,augmented,complex
6235,хочу на консультацию 👍,booking,new_appointment,booking_flow,augmented,simple
5309,Крайне недоволен 😢 заранее спасибо,feedback,negative_general,escalation_flow,augmented,simple
1350,Ужасный сервис,feedback,negative_general,escalation_flow,template,simple
4387,отличное соотношение цена-качество пожалуйста,feedback,positive_general,feedback_flow,augmented,simple
7770,Каки ееЩё варианты?,faq,followup,faq_flow,augmented,simple
8875,"Подскажите, прощайте пожалуйста",conversational,farewell,conversation_flow,augmented,complex
280,ХОРОШЕГО ДНЯ.,conversational,farewell,conversation_flow,augmented,simple
8098,"Привет, приятно удивлён качеством",feedback,positive_general,feedback_flow,augmented,complex
10551,Посоветуюсь 😢 заранее спасибо,conversational,unclear,clarification_flow,augmented,simple
3139,"Здравствуйте, скажите, очень благодарен",conversational,gratitude,conversation_flow,augmented,complex
910,перезвною,conversational,unclear,clarification_flow,augmented,simple
8263,Запись к имплантологу на в ближайшее время,booking,new_appointment,booking_flow,variation,medium
11998,"Да,х орошо",conversational,confirmation,conversation_flow,augmented,complex
2448,Можно на сегодня?,booking,new_appointment,booking_flow,variation,simple
5758,Перенесите на на этой неделе?,booking,reschedule,booking_flow,augmented,simple
1965,снимок у Морозовой прошло замечательно,feedback,positive_quality,feedback_flow,variation,simple
4663,Винир отклеился пОжалуйста,anamnesis,complaint,anamnesis_flow,augmented,simple
11466,Ок спасибо!,conversational,confirmation,conversation_flow,augmented,simple
9519,Морозовой очень внимательный.,feedback,positive_staff,feedback_flow,augmented,simple
7736,рекомендую друзьям и родным!,feedback,positive_general,feedback_flow,augmented,simple
2910,Довольнан а все 100%,feedback,positive_general,feedback_flow,augmented,simple
8771,Отмена записи 🦷,booking,cancel,booking_flow,augmented,simple
106,"Подскажите, принято",conversational,confirmation,conversation_flow,augmented,complex
8926,Точно нужно?,faq,followup,faq_flow,template,simple
4230,Зуб шатается,anamnesis,complaint,anamnesis_flow,template,simple
293,волкова отнёсся невнимательно?!,feedback,negative_staff,escalation_flow,augmented,simple
407,Перезапишите на 14:00.,booking,reschedule,booking_flow,augmented,simple
3640,Очень благодарен?,conversational,gratitude,conversation_flow,augmented,simple
8214,Как проходит осмотр 🙏,faq,procedure,faq_flow,augmented,simple
10030,Хочу оставить жалобу на Волкова 🙏,feedback,negative_general,escalation_flow,augmented,medium
3258,Пряитно общаться с персоналом,feedback,positive_staff,feedback_flow,augmented,simple
6330,"Подскажите, подскажите, до свидания!",conversational,farewell,conversation_flow,augmented,complex
10352,"кровоточивость, что делать?",anamnesis,symptom,anamnesis_flow,variation,simple
1931,Какие ещё варианты.,faq,followup,faq_flow,augmented,simple
4176,Есть время на на следующей неделе,booking,new_appointment,booking_flow,augmented,medium
1948,лечение кареиса у Волкова прошло замечательно,feedback,positive_quality,feedback_flow,augmented,medium
2693,"отмените запись, не смогу?!",booking,cancel,booking_flow,augmented,complex
8301,Спасибо 🙏 пожалуйста,conversational,gratitude,conversation_flow,augmented,simple
1179,Понял пожалуйста 🙏,conversational,confirmation,conversation_flow,augmented,simple
2458,Врач Иванова не объяснил,feedback,negative_staff,escalation_flow,variation,simple
3597,Когда есть запись?,booking,new_appointment,booking_flow,template,simple
6133,лечение каналов у Смирновой прошло замечательно?,feedback,positive_quality,feedback_flow,augmented,medium
9153,Ждал три дня спасибо,feedback,negative_service,escalation_flow,augmented,simple
6860,НЕДОПУТСИМО,feedback,negative_general,escalation_flow,augmented,simple
1380,Добрый вечер?,conversational,greeting,conversation_flow,augmented,simple
7686,Запись к детскому стоматологу на послезавтра,booking,new_appointment,booking_flow,variation,medium
9633,Подскажите подробнее заранее спасибо,faq,followup,faq_flow,augmented,simple
482,"Добрый день, приветствую",conversational,greeting,conversation_flow,augmented,complex
2569,СКОЛЬКО СТОИТ ВИНИРЫ,faq,price,faq_flow,augmented,simple
10669,Лучшая стоматолоигя в городе!,feedback,positive_general,feedback_flow,augmented,simple
8788,"Добрый день, сЛУЧИЛОСЬ СЛЕТЕЛА КОРОНКА",anamnesis,complaint,anamnesis_flow,augmented,complex
9865,"Привет, петровой очень внимательный",feedback,positive_staff,feedback_flow,augmented,complex
10576,"Привет, требую компенсацию",feedback,negative_general,escalation_flow,augmented,complex
6799,"Привет, точно нужно?",faq,followup,faq_flow,augmented,complex
8509,Боль при жевании,anamnesis,symptom,anamnesis_flow,template,simple
10457,Перенесите на следующую неделю?,booking,reschedule,booking_flow,augmented,simple
4900,"Привет, надо подумать.",conversational,unclear,clarification_flow,augmented,complex
8531,принимаете appl epay?,faq,clinic_info,faq_flow,augmented,simple
9297,ПОСЛЕ КОНСУЛЬТАЦИЮ У ЛЕБЕДЕВОЙ СТАЛО ХУЖЕ СПАСИБО,feedback,negative_quality,escalation_flow,augmented,medium
1216,Принтяо,conversational,confirmation,conversation_flow,augmented,simple
9833,"Подскажите, сколько нельзя пить алкоголь после лечение каналов.",faq,visit_prep,faq_flow,augmented,complex
9985,Врач Петровой не объяснил?!,feedback,negative_staff,escalation_flow,augmented,simple
2480,Можно перенести на в ближайшее время 🦷,booking,reschedule,booking_flow,augmented,medium
3713,Винир отклеился 🙏,anamnesis,complaint,anamnesis_flow,augmented,simple
7502,ХОРОШО!!,conversational,confirmation,conversation_flow,augmented,simple
3988,КТ у Сидорова прошло замечательно 👍,feedback,positive_quality,feedback_flow,augmented,medium
9312,Очень удобная зпаись спасибо,feedback,positive_service,feedback_flow,augmented,simple
8804,Что нельзя после протезирование?,faq,visit_prep,faq_flow,variation,simple
10707,челюсть постоянно болит,anamnesis,symptom,anamnesis_flow,variation,simple
7050,виниры это больно.,faq,procedure,faq_flow,augmented,simple
11883,Иванова настоящий профессоинал,feedback,positive_staff,feedback_flow,augmented,simple
3629,Перенесите на в ближашйее время,booking,reschedule,booking_flow,augmented,simple
9714,"Подскажите, точно унжно?",faq,followup,faq_flow,augmented,complex
7144,Врач всё подробно рассказал!,feedback,positive_staff,feedback_flow,augmented,simple
11802,Запись потеряли!!,feedback,negative_service,escalation_flow,augmented,simple
4092,Нунжо ипмлантацию,anamnesis,services,anamnesis_flow,augmented,simple
6072,Надо подумать,conversational,unclear,clarification_flow,template,simple
1403,Позже,conversational,unclear,clarification_flow,template,simple
11302,Стоимость виниров?,faq,price,faq_flow,template,simple
3288,пломбирование это больно 😊,faq,procedure,faq_flow,augmented,simple
9521,"откооллся зуб, что делать?",anamnesis,complaint,anamnesis_flow,augmented,complex
7848,"Здравствуйте, может быть?!",conversational,unclear,clarification_flow,augmented,complex
2133,"Скажите, врач Козлоовй не объяснил",feedback,negative_staff,escalation_flow,augmented,complex
7040,Перезапишите на утро 😊,booking,reschedule,booking_flow,augmented,simple
5741,Интересует коронку пожалуйста,anamnesis,services,anamnesis_flow,augmented,simple
4374,"Здравствуйте, после виниры у Новикова стало хуже.",feedback,negative_quality,escalation_flow,augmented,complex
3537,Ок?!,conversational,confirmation,conversation_flow,augmented,simple
6306,Болит семёрка уж есо вчера,anamnesis,symptom,anamnesis_flow,augmented,simple
11701,ЗАПИСЬ К ЧЕЛЮСТНО-ЛИЦЕВОМУ ХИРУРГУ НА СУББОТУ 😊,booking,new_appointment,booking_flow,augmented,medium
11601,Врач не объяснил 🙏 🙏,feedback,negative_staff,escalation_flow,augmented,simple
7496,После пломбирование у Новикова стало хуже пожалуйста 👍,feedback,negative_quality,escalation_flow,augmented,medium
3765,Сколько стоит брекеты,faq,price,faq_flow,augmented,simple
9089,"Привет, возможно?",conversational,unclear,clarification_flow,augmented,complex
2298,Удобно что работаете четверг?,feedback,positive_service,feedback_flow,augmented,simple
2032,Планирую пломбирование,anamnesis,services,anamnesis_flow,variation,simple
5878,Буду обращаться только к вам?,feedback,positive_general,feedback_flow,augmented,simple
8252,"Здравствуйте, рекомендую всем знакомым?!",feedback,positive_general,feedback_flow,augmented,complex
4024,Почём осмотр?,faq,price,faq_flow,variation,simple
3797,Привте?!,conversational,greeting,conversation_flow,augmented,simple
3925,Выпала пломба заранее спасибо 😢,anamnesis,complaint,anamnesis_flow,augmented,simple
7552,Добрый день?!,conversational,greeting,conversation_flow,augmented,simple
10621,Удобно что работаете утро!,feedback,positive_service,feedback_flow,augmented,simple
11545,Планирую чистку,anamnesis,services,anamnesis_flow,variation,simple
1874,Какие риски?,faq,procedure,faq_flow,template,simple
4644,Доброе урто спасибо,conversational,greeting,conversation_flow,augmented,simple
2164,Беспокоит кровоточивость,anamnesis,symptom,anamnesis_flow,variation,simple
5843,Сколько нельзя курить после удаление?,faq,visit_prep,faq_flow,variation,simple
380,Планирую снимок,anamnesis,services,anamnesis_flow,variation,simple
10042,Добырй день 😢,conversational,greeting,conversation_flow,augmented,simple
8921,"Привет, не совсем понял",faq,followup,faq_flow,augmented,complex
5151,"Подскажите, жду уже давно, никто не подходит",feedback,negative_service,escalation_flow,augmented,complex
11390,Новикова настоящий профессионал,feedback,positive_staff,feedback_flow,variation,simple
9902,врач внушает доверие...,feedback,positive_staff,feedback_flow,augmented,simple
6724,Сколько нельзя есть после виниры!!,faq,visit_prep,faq_flow,augmented,simple
5752,Ага 😊,conversational,confirmation,conversation_flow,augmented,simple
1062,Что нельзя после удаление,faq,visit_prep,faq_flow,augmented,simple
5125,"Не смогу прийти, занят на работе!",booking,cancel,booking_flow,augmented,complex
1773,Снова болит после лечения,feedback,negative_quality,escalation_flow,template,simple
8412,"ЗАБОЛЕЛ, НЕ ПРИДУ 😢",booking,cancel,booking_flow,augmented,complex
5213,ГруБо обошлись 😢,feedback,negative_staff,escalation_flow,augmented,simple
4465,ХОЧУ ЛЕЧЕНИЕ КАНАЛОВ 😢,anamnesis,services,anamnesis_flow,augmented,simple
8013,"ЖДУ УЖЕ СО ВЧЕРА, НИКТО НЕ ПОДХОДИТ СПАСИБО",feedback,negative_service,escalation_flow,augmented,complex
9695,"отмените запись, заболел!!",booking,cancel,booking_flow,augmented,complex
6097,Запись к ортопеду на послезавтра,booking,new_appointment,booking_flow,variation,simple
4932,У меня чувствительность три дня,anamnesis,symptom,anamnesis_flow,variation,simple
9485,"скажите, всего хорошего",conversational,farewell,conversation_flow,augmented,complex
10126,Сколько нельзя заниматься спортом после лечение каналов?,faq,visit_prep,faq_flow,variation,medium
3222,Появлиась дырка в зубе,anamnesis,complaint,anamnesis_flow,augmented,simple
2456,Как проходит элайнеры?,faq,procedure,faq_flow,variation,simple
3099,Интересуют виниры 🙏,anamnesis,services,anamnesis_flow,augmented,simple
9681,Какой матерИал лучше,faq,procedure,faq_flow,augmented,simple
6152,Подскажите подробнее 😢 заранее спасибо,faq,followup,faq_flow,augmented,simple
573,"Скажите, до свидания!",conversational,farewell,conversation_flow,augmented,complex
7986,Можно без этого пожалуйста.,faq,followup,faq_flow,augmented,simple
1757,Принято 🦷,conversational,confirmation,conversation_flow,augmented,simple
6900,Хочу оставить жалобу на Козловой заранее спасибо,feedback,negative_general,escalation_flow,augmented,medium
2042,Возможно 🙏!,conversational,unclear,clarification_flow,augmented,simple
9383,отбеливание у Кузнецовой прошло замечательно,feedback,positive_quality,feedback_flow,variation,simple
3261,Может быть заранее спасибо,conversational,unclear,clarification_flow,augmented,simple
3915,Очень благодарен?!,conversational,gratitude,conversation_flow,augmented,simple
6865,где находится клиника...,faq,clinic_info,faq_flow,augmented,simple
3791,Не вуерен,conversational,unclear,clarification_flow,augmented,simple
2486,"Здравствуйте, можно перенести на субботу?",booking,reschedule,booking_flow,augmented,complex
10253,Ждал приёма слишком долго 🦷,feedback,negative_service,escalation_flow,augmented,simple
11608,Можно без этого заранее спасибо,faq,followup,faq_flow,augmented,simple
1383,"Не смогу прийти, заболел 🙏",booking,cancel,booking_flow,augmented,complex
10360,Хочу отменить запись спасибо,booking,cancel,booking_flow,augmented,simple
5233,Болит десна уже несколько дней,anamnesis,symptom,anamnesis_flow,variation,simple
9444,Невежливо ответили?,feedback,negative_staff,escalation_flow,augmented,simple
6949,Персонал хамит!,feedback,negative_staff,escalation_flow,augmented,simple
3375,"Привет, врач Волкова всё подробно объяснил",feedback,positive_staff,feedback_flow,augmented,complex
6095,"Скажите, что если не поможет.",faq,followup,faq_flow,augmented,complex
9245,Во сколько обйодётся?,faq,price,faq_flow,augmented,simple
7035,"Добрый день, добрый день, есть прайс-лист?",faq,price,faq_flow,augmented,complex
139,Это правда необходимо?!,faq,followup,faq_flow,augmented,simple
10340,Сколько нельзя заниматься спортом после чистку?,faq,visit_prep,faq_flow,variation,medium
129,ЗАПИСЬ К ОРТОПЕДУ НА ВОСКРЕСЕНЬЕ СПАСИБО,booking,new_appointment,booking_flow,augmented,medium
5179,"Скажите, можно перенести на пятницу?",booking,reschedule,booking_flow,augmented,complex
7406,После отбеливание у Волкова стало хуже,feedback,negative_quality,escalation_flow,variation,medium
7557,имплантацию у Кузнецовой прошло замечательно,feedback,positive_quality,feedback_flow,variation,simple
4874,"привет, уберите мою запись",booking,cancel,booking_flow,augmented,complex
780,"откололяс зуб, что делать?",anamnesis,complaint,anamnesis_flow,augmented,complex
9650,Болит зуб мудрости уже три дня 😢,anamnesis,symptom,anamnesis_flow,augmented,medium
2762,Хочу поговоирть с руководством,feedback,negative_general,escalation_flow,augmented,simple
2744,НОВИКОВА ОТНЁССЯ НЕВНИМАТЕЛЬНО!!,feedback,negative_staff,escalation_flow,augmented,simple
10650,"Подскажите, это правда необходимо",faq,followup,faq_flow,augmented,complex
7262,До скольки работаете 😊,faq,clinic_info,faq_flow,augmented,simple
4482,Всего хроошего,conversational,farewell,conversation_flow,augmented,simple
11019,ЖДАЛ ДЕНЬ ПОЖАЛУЙСТА,feedback,negative_service,escalation_flow,augmented,simple
5684,Не такой результат ожидал,feedback,negative_quality,escalation_flow,template,simple
4941,Хочу лечение кариеса спасибо 😊,anamnesis,services,anamnesis_flow,augmented,simple
1651,Болшьое спасибо,conversational,gratitude,conversation_flow,augmented,simple
5563,Врач всё подробн орассказал,feedback,positive_staff,feedback_flow,augmented,simple
6243,Что сели не поможет?,faq,followup,faq_flow,augmented,simple
7976,Ужасный сервис?,feedback,negative_general,escalation_flow,augmented,simple
171,"Привет, спасибо за информацию 🙏",conversational,gratitude,conversation_flow,augmented,complex
11647,Бысрто записали на на следующей неделе 👍,feedback,positive_service,feedback_flow,augmented,medium
7878,Быстро записали на среду?!,feedback,positive_service,feedback_flow,augmented,simple
8644,"Скажите, ждал месяц",feedback,negative_service,escalation_flow,augmented,complex
11029,Удачи пожалуйста,conversational,farewell,conversation_flow,augmented,simple
5774,"Добрый день, добрый день, не знаю",conversational,unclear,clarification_flow,augmented,complex
6975,Хочу оставитьж алобу на Лебедевой,feedback,negative_general,escalation_flow,augmented,simple
518,Хочу поставить виниры 😊,anamnesis,services,anamnesis_flow,augmented,simple
7785,Морозовой отнёсся невнимательно заранее спасибо,feedback,negative_staff,escalation_flow,augmented,simple
2005,Это безборазие,feedback,negative_general,escalation_flow,augmented,simple
2993,Спасибо за заботу заранее спасибо,feedback,positive_general,feedback_flow,augmented,simple
10369,Быстро записали на в билжайшее время,feedback,positive_service,feedback_flow,augmented,medium
4743,Есть экСтренный приём 👍,booking,new_appointment,booking_flow,augmented,simple
7287,Зубы выровнялись как надо пожалуйста,feedback,positive_quality,feedback_flow,augmented,simple
11361,Спасибо блоьшое,conversational,gratitude,conversation_flow,augmented,simple
10486,протезирование у Кузнецовой прошло замечательно,feedback,positive_quality,feedback_flow,variation,simple
3304,Отнеслись наплевательски?!,feedback,negative_staff,escalation_flow,augmented,simple
8835,Работаете в сегодня...,faq,clinic_info,faq_flow,augmented,simple
1253,Навероне,conversational,unclear,clarification_flow,augmented,simple
10393,Нужно изменить дату приёма заранее спасибо,booking,reschedule,booking_flow,augmented,medium
2564,Окей заранее спасибо,conversational,confirmation,conversation_flow,augmented,simple
7242,Запсиал,conversational,confirmation,conversation_flow,augmented,simple
11520,"Привет, врач очень внимательный",feedback,positive_staff,feedback_flow,augmented,complex
7130,Смирновой очень внимательный пожалуйста,feedback,positive_staff,feedback_flow,augmented,simple
159,"Добрый день, пока!",conversational,farewell,conversation_flow,augmented,complex
9634,коронку сколько стоит...,faq,price,faq_flow,augmented,simple
3224,Недоволен обслуживанием в клинике?!,feedback,negative_general,escalation_flow,augmented,simple
6214,"Привет, принтяо",conversational,confirmation,conversation_flow,augmented,complex
6151,"Здравствуйте, что вы рекомендуете 🙏",faq,followup,faq_flow,augmented,complex
1374,Отличная организация работы.,feedback,positive_service,feedback_flow,augmented,simple
5032,Спасибо 🦷,conversational,gratitude,conversation_flow,augmented,simple
11603,Работаете в завтра...,faq,clinic_info,faq_flow,augmented,simple
2772,Быстро записали на пятницу,feedback,positive_service,feedback_flow,variation,simple
8585,Всё чётко роганизовано,feedback,positive_service,feedback_flow,augmented,simple
10985,Понял 👍,conversational,confirmation,conversation_flow,augmented,simple
4861,Благодраю за работу,feedback,positive_general,feedback_flow,augmented,simple
6829,Перезвоню спасибо,conversational,unclear,clarification_flow,augmented,simple
8785,Хочу виниры,anamnesis,services,anamnesis_flow,template,simple
1719,А ЕСЛИ НЕ ПОМОЖЕТ.,faq,followup,faq_flow,augmented,simple
11710,верхний зуб немного болит,anamnesis,symptom,anamnesis_flow,variation,simple
7101,"Добрый день, благодарю вас пожалуйста",conversational,gratitude,conversation_flow,augmented,complex
9034,Сколько нельзя пить алкоголь после лечение кариеса?,faq,visit_prep,faq_flow,variation,medium
11594,как проохдит кт?,faq,procedure,faq_flow,augmented,simple
4962,Коронка слетела,anamnesis,complaint,anamnesis_flow,template,simple
10593,нижний зуб сильно болит,anamnesis,symptom,anamnesis_flow,variation,simple
10244,"Добрый день, а если не поможет.",faq,followup,faq_flow,augmented,complex
10889,"Привет, приветствую...",conversational,greeting,conversation_flow,augmented,complex
2557,Почём виниры заранее спасибо,faq,price,faq_flow,augmented,simple
1951,"Скажите, эй",conversational,greeting,conversation_flow,augmented,complex
5340,Отличная клиника 👍 спасибо,feedback,positive_general,feedback_flow,augmented,simple
3036,Болит верхняяд есна уже день,anamnesis,symptom,anamnesis_flow,augmented,simple
7200,Интересуе ткоронка,anamnesis,services,anamnesis_flow,augmented,simple
4624,лечение каналов это больно 🙏,faq,procedure,faq_flow,augmented,simple
3044,Принято 😢,conversational,confirmation,conversation_flow,augmented,simple
4568,"Подскажите, посоветуюсь!!",conversational,unclear,clarification_flow,augmented,complex
9095,Запись к челюстно-лицевому хирургу на послезавтра?!,booking,new_appointment,booking_flow,augmented,medium
2217,Договорились 🦷,conversational,confirmation,conversation_flow,augmented,simple
1167,Очеьн разочарован,feedback,negative_general,escalation_flow,augmented,simple
9294,коренной зуб немного болит,anamnesis,symptom,anamnesis_flow,variation,simple
8895,После виниры всё отлично,feedback,positive_quality,feedback_flow,variation,simple
4686,реставрацию это больно заранее спасибо,faq,procedure,faq_flow,augmented,simple
3187,"Уточните, пожалуйста 🦷",faq,followup,faq_flow,augmented,complex
11951,пломбирование у Волкова прошло замечательно!,feedback,positive_quality,feedback_flow,augmented,simple
461,Почём снимок заранее спасибо,faq,price,faq_flow,augmented,simple
981,"Подскажите, пломбирование у Козловой прошло замечательно",feedback,positive_quality,feedback_flow,augmented,complex
7460,"Добрый день, винирыс колько стоит?",faq,price,faq_flow,augmented,complex
7443,Работаете в на этой неделе?,faq,clinic_info,faq_flow,variation,simple
1743,После удаление у Петровой стало хуже,feedback,negative_quality,escalation_flow,variation,medium
9032,НУЖНО ЧИСТИТЬ ЗУБЫ ПЕРЕД ИВЗИТОМ?,faq,visit_prep,faq_flow,augmented,simple
927,А еслин е поможет?,faq,followup,faq_flow,augmented,simple
8419,У меня откололся зуб!!,anamnesis,complaint,anamnesis_flow,augmented,simple
4648,КлиниАк просто супер,feedback,positive_general,feedback_flow,augmented,simple
4556,Спасибо большое 😊...,conversational,gratitude,conversation_flow,augmented,simple
3466,Врач Кузнецовой не объяснил 😊,feedback,negative_staff,escalation_flow,augmented,simple
9208,Недопустимо?,feedback,negative_general,escalation_flow,augmented,simple
11354,"Здравствуйте, здравствуйте, перенос записи",booking,reschedule,booking_flow,augmented,complex
9697,"Отмените запиьс, уезжаю",booking,cancel,booking_flow,augmented,complex
11043,"Скажите, что если не поможет?",faq,followup,faq_flow,augmented,complex
4653,Хочук  ортодонту,booking,new_appointment,booking_flow,augmented,simple
5678,Удобно что работаете сегодня?!,feedback,positive_service,feedback_flow,augmented,simple
10341,Сколько нельзя пить после отбеливание?,faq,visit_prep,faq_flow,variation,simple
6350,Легко Дзовониться,feedback,positive_service,feedback_flow,augmented,simple
4815,Планирую элайнеры заранее спасибо,anamnesis,services,anamnesis_flow,augmented,simple
10983,"Спасибо, всё понятно 🙏?",conversational,gratitude,conversation_flow,augmented,complex
3659,"ЗДРАВСТВУЙТЕ, СПАСИБО ЗА ИНФОРМАЦИЮ",conversational,gratitude,conversation_flow,augmented,complex
6449,Здравствуйте 🦷,conversational,greeting,conversation_flow,augmented,simple
799,Хочу снимок!,anamnesis,services,anamnesis_flow,augmented,simple
5728,Не сообщили о переносе,feedback,negative_service,escalation_flow,template,simple
5445,пока?,conversational,farewell,conversation_flow,augmented,simple
5816,После профгигиену у Петровой стало хуже,feedback,negative_quality,escalation_flow,variation,medium
11912,запись к детскому стомаотлогу на завтра,booking,new_appointment,booking_flow,augmented,medium
1693,МОРОЗОВОЙ ОЧЕНЬ ВНИМАТЕЛЬНЫЙ 😊,feedback,positive_staff,feedback_flow,augmented,simple
11590,После отбеливание у Сидорова стало хуже,feedback,negative_quality,escalation_flow,variation,medium
5849,Сколько нельзя пить алкоголь после виниры?,faq,visit_prep,faq_flow,variation,medium
2987,Какая цена на лечение кариеса 😢,faq,price,faq_flow,augmented,medium
1053,Приветствую 🙏,conversational,greeting,conversation_flow,augmented,simple
2558,Зуб всё ещё болит после лечения,feedback,negative_quality,escalation_flow,template,medium
7948,"Скажите, жду уже несколько дней, никто не подходит",feedback,negative_service,escalation_flow,augmented,complex
1476,Каакя цена на лечение каналов?,faq,price,faq_flow,augmented,simple
6861,Почём коронку спасибо,faq,price,faq_flow,augmented,simple
495,элайнеры у кузнецовой прошло замечательно спасибо,feedback,positive_quality,feedback_flow,augmented,medium
6113,Всегох орошего?,conversational,farewell,conversation_flow,augmented,simple
10345,Сколько держтися?,faq,procedure,faq_flow,augmented,simple
2433,Пока не решил заранее спасибо заранее спасибо,conversational,unclear,clarification_flow,augmented,medium
72,Отмениет запись,booking,cancel,booking_flow,augmented,simple
4884,"Добрый день, хочу оставить жалобу на Смирновой",feedback,negative_general,escalation_flow,augmented,complex
345,"Скажите, подскажите, до встречи",conversational,farewell,conversation_flow,augmented,complex
6681,Приду...,conversational,confirmation,conversation_flow,augmented,simple
486,"Добрый день, кузнецовой был груб",feedback,negative_staff,escalation_flow,augmented,complex
4609,Сколько стоит коронку?,faq,price,faq_flow,variation,simple
5676,коренной зуб болит немного.,anamnesis,symptom,anamnesis_flow,augmented,simple
2952,Врач Петровой не объяснил 😊,feedback,negative_staff,escalation_flow,augmented,simple
4136,"Подскажите, пока",conversational,farewell,conversation_flow,augmented,complex
11450,Запись потеряли спасибо,feedback,negative_service,escalation_flow,augmented,simple
7772,"Подскажите, зуб изменил цвет заранее спасибо",anamnesis,complaint,anamnesis_flow,augmented,complex
3926,протезирование у Сидорова прошло замечательно,feedback,positive_quality,feedback_flow,variation,simple
225,Как проходит лечение кариеса?,faq,procedure,faq_flow,variation,simple
21,Хорошо 🦷,conversational,confirmation,conversation_flow,augmented,simple
8838,"Скажите, хорошо!",conversational,confirmation,conversation_flow,augmented,complex
6926,Отнеслись наплевательски 🦷,feedback,negative_staff,escalation_flow,augmented,simple
5820,Хочу оставить жалобу на Морозовой пожалуйста,feedback,negative_general,escalation_flow,augmented,medium
6668,Запись к детскому стоматологу на в ближайшее время,booking,new_appointment,booking_flow,variation,medium
5997,Отказ от записи...,booking,cancel,booking_flow,augmented,simple
6757,"Здравствуйте, буду...",conversational,confirmation,conversation_flow,augmented,complex
3175,Нужно виниры,anamnesis,services,anamnesis_flow,variation,simple
9334,"ПоДскажите, врач не слушал",feedback,negative_staff,escalation_flow,augmented,complex
8467,пломбиРование это больно заранее спасибо,faq,procedure,faq_flow,augmented,simple
2205,Врач очеьн внимательный,feedback,positive_staff,feedback_flow,augmented,simple
11357,"Здравствуйте, сидорова очень внимательный",feedback,positive_staff,feedback_flow,augmented,complex
10056,Хочу взоврат,feedback,negative_general,escalation_flow,augmented,simple
10026,"Подскажите, очень разочарован",feedback,negative_general,escalation_flow,augmented,complex
1938,Интересует протезирование?!,anamnesis,services,anamnesis_flow,augmented,simple
2154,Сколько нельзя курить после снимок 😢,faq,visit_prep,faq_flow,augmented,medium
404,Не рекомендую заранее спасибо,feedback,negative_general,escalation_flow,augmented,simple
1626,"СКАЖИТЕ, ОТКОЛОЛСЯ ЗУБ",anamnesis,complaint,anamnesis_flow,augmented,complex
476,Не приду.,booking,cancel,booking_flow,augmented,simple
7256,консультацию сколько стоти?,faq,price,faq_flow,augmented,simple
10581,А обязательно 🦷,faq,followup,faq_flow,augmented,simple
8422,Удачи 👍,conversational,farewell,conversation_flow,augmented,simple
3613,"Добрый день, пока",conversational,farewell,conversation_flow,augmented,complex
9653,Принято 😊,conversational,confirmation,conversation_flow,augmented,simple
6055,Волкова был груб спасибо,feedback,negative_staff,escalation_flow,augmented,simple
9982,Случилось треснул зуб заранее спасибо спасибо,anamnesis,complaint,anamnesis_flow,augmented,medium
8408,"Здравствуйте, запись к детскому стоматологу на завтра...",booking,new_appointment,booking_flow,augmented,complex
4837,"Здравствуйте, запись к ортодонту на воскресенье",booking,new_appointment,booking_flow,augmented,complex
846,"Здравствуйте, привет, теперь хожу только к вам",feedback,positive_general,feedback_flow,augmented,complex
437,"Не мсогу прийти, заболел",booking,cancel,booking_flow,augmented,complex
3924,Сидорова был груб,feedback,negative_staff,escalation_flow,variation,simple
7027,Спасбио.,conversational,gratitude,conversation_flow,augmented,simple
2415,администратор нахамил?,feedback,negative_staff,escalation_flow,augmented,simple
11822,спасибо за помощь.,conversational,gratitude,conversation_flow,augmented,simple
4305,ХОЧУ ОСТАВИТЬ ЖАЛОБУ НА СИДОРОВА!,feedback,negative_general,escalation_flow,augmented,simple
4694,"Добрый день, алло...",conversational,greeting,conversation_flow,augmented,complex
4345,"Подскажите, зуб очень болит",anamnesis,symptom,anamnesis_flow,augmented,complex
11819,"Подскажите, до свидания",conversational,farewell,conversation_flow,augmented,complex
5477,Хочу оставить жалоуб на Иванова...,feedback,negative_general,escalation_flow,augmented,simple
5344,"Здравствуйте, как подготовиться к виниры",faq,visit_prep,faq_flow,augmented,complex
1639,Запись к детскому стоматологу на пятницу,booking,new_appointment,booking_flow,variation,medium
9821,Спс 😊,conversational,gratitude,conversation_flow,augmented,simple
10078,Сколько стоит брекеты?,faq,price,faq_flow,variation,simple
7782,Спс.,conversational,gratitude,conversation_flow,augmented,simple
9892,До свиднаия!,conversational,farewell,conversation_flow,augmented,simple
7304,До встречи заранее спасибо,conversational,farewell,conversation_flow,augmented,simple
11486,Как подготовиться к имплантацию?,faq,visit_prep,faq_flow,variation,simple
9549,Сколько нельзя есть после протезирование?,faq,visit_prep,faq_flow,variation,simple
2805,Подуамю,conversational,unclear,clarification_flow,augmented,simple
8451,Болит коренной зуб уже неделю,anamnesis,symptom,anamnesis_flow,variation,simple
6719,"подскажите, смирновой очень внимательный",feedback,positive_staff,feedback_flow,augmented,complex
9085,Есть у вас рентген заранее спасибо 😢,faq,clinic_info,faq_flow,augmented,medium
10970,Заипсь к ортопеду на субботу,booking,new_appointment,booking_flow,augmented,simple
8780,нужно отментиь,booking,cancel,booking_flow,augmented,simple
10118,Какой материал лчуше?,faq,procedure,faq_flow,augmented,simple
3220,Проблема осталась,feedback,negative_quality,escalation_flow,template,simple
3395,Это больно?,faq,procedure,faq_flow,template,simple
11306,ЖДАЛ МЕСЯЦ ПОЖАЛУЙСТА,feedback,negative_service,escalation_flow,augmented,simple
10784,"ЗДРАВСТВУЙТЕ, НУЖНО ИЗМЕНИТЬ ДАТУ ПРИЁМА",booking,reschedule,booking_flow,augmented,complex
2742,"Добрый день, удобно записаться через сайт",feedback,positive_service,feedback_flow,augmented,complex
5796,Хочу оставить жалобу на Новикова 😢,feedback,negative_general,escalation_flow,augmented,medium
8184,Сайт не работает,feedback,negative_service,escalation_flow,template,simple
9078,"подскажите, чистку у Смирновой прошло замечательно",feedback,positive_quality,feedback_flow,augmented,complex
6071,Это возмутительно,feedback,negative_general,escalation_flow,template,simple
2414,"спасибо, всё понятно 😊",conversational,gratitude,conversation_flow,augmented,complex
6386,Записаться невозможно пожалуйста заранее спасибо,feedback,negative_service,escalation_flow,augmented,simple
7149,"Подскажите, доброе утро 😢",conversational,greeting,conversation_flow,augmented,complex
10296,Морозовой очень внимательный спасибо 😢,feedback,positive_staff,feedback_flow,augmented,simple
9147,осмотр это больно?,faq,procedure,faq_flow,variation,simple
8696,Всё сделали на высшем уровне,feedback,positive_quality,feedback_flow,template,simple
9494,"Добрый день, после КТ у Кузнецовой стало хуже",feedback,negative_quality,escalation_flow,augmented,complex
5992,Ок 😊,conversational,confirmation,conversation_flow,augmented,simple
8878,Сколько стоит снимок,faq,price,faq_flow,augmented,simple
6938,Коронка идаельно подошла,feedback,positive_quality,feedback_flow,augmented,simple
4325,Рабтоаете в четверг?,faq,clinic_info,faq_flow,augmented,simple
10896,СПАСИБО ЗА ИНФОРМАИЦЮ,conversational,gratitude,conversation_flow,augmented,simple
8660,Перенесите на вечер!!,booking,reschedule,booking_flow,augmented,simple
4647,Хочу оставить жалобу на Сидорова заранее спасибо 😊,feedback,negative_general,escalation_flow,augmented,medium
2905,"Очередей нет, отилчно",feedback,positive_service,feedback_flow,augmented,complex
11831,козловой очень внимательный!!,feedback,positive_staff,feedback_flow,augmented,simple
5395,Подумаю.,conversational,unclear,clarification_flow,augmented,simple
2210,Невежливо ответили заранее спасибо,feedback,negative_staff,escalation_flow,augmented,simple
9343,чистку это больно?,faq,procedure,faq_flow,variation,simple
2642,До встречи 😢 🦷,conversational,farewell,conversation_flow,augmented,simple
839,а двруг не получится?,faq,followup,faq_flow,augmented,simple
2658,Врач Лебедевой не объяснил.,feedback,negative_staff,escalation_flow,augmented,simple
7535,"Здравствуйте, удобно что работаете среду",feedback,positive_service,feedback_flow,augmented,complex
4289,"Привет, работаете в понедельник?",faq,clinic_info,faq_flow,augmented,complex
3376,Сколько нельзя есть после чистку!,faq,visit_prep,faq_flow,augmented,simple
5234,Запись к эндодонтисту на в ближайшее время,booking,new_appointment,booking_flow,variation,medium
11249,Интересует Air-Flow,anamnesis,services,anamnesis_flow,template,simple
11524,СКОЛЬКО НЕЛЬЗЯ ЕСТЬ ПОСЛЕ БРЕКЕТЫ,faq,visit_prep,faq_flow,augmented,simple
9814,Привет 🦷,conversational,greeting,conversation_flow,augmented,simple
10407,Сколько нельзя есть после чистку 😊,faq,visit_prep,faq_flow,augmented,medium
4866,Хочу оставить жалобун а Иванова.,feedback,negative_general,escalation_flow,augmented,simple
11860,"Подскажите, спасибо за помощь",conversational,gratitude,conversation_flow,augmented,complex
8217,После отбеливание у Козловой стало хуже,feedback,negative_quality,escalation_flow,variation,medium
5370,Надо подумтаь,conversational,unclear,clarification_flow,augmented,simple
3047,"Скажите, можно перенести на в ближайшее время?",booking,reschedule,booking_flow,augmented,complex
9282,мне не перезвонили две недели 🙏,feedback,negative_service,escalation_flow,augmented,medium
11097,Да...,conversational,confirmation,conversation_flow,augmented,simple
11961,Планирую виниры спасибо,anamnesis,services,anamnesis_flow,augmented,simple
8521,Работаете в пятницу!!,faq,clinic_info,faq_flow,augmented,simple
11470,После элайнеры у Волкова стало хуже,feedback,negative_quality,escalation_flow,variation,medium
59,моя любимая клиника заранее спасибо,feedback,positive_general,feedback_flow,augmented,simple
7022,"Жду уже ндеелю, никто не подходит заранее спасибо",feedback,negative_service,escalation_flow,augmented,complex
4432,болит коренной зуб уже две недели 🦷,anamnesis,symptom,anamnesis_flow,augmented,medium
7335,Запишите на виниры,booking,new_appointment,booking_flow,variation,simple
3686,Дос видания,conversational,farewell,conversation_flow,augmented,simple
10383,Какая цена на чистку,faq,price,faq_flow,augmented,simple
2529,Врач Сидорова не объяснил...,feedback,negative_staff,escalation_flow,augmented,simple
6431,"Привет, ок",conversational,confirmation,conversation_flow,augmented,complex
2967,передний зуб немного болит,anamnesis,symptom,anamnesis_flow,variation,simple
6649,Удобно что работаете сбуботу,feedback,positive_service,feedback_flow,augmented,simple
9799,"Скажите, можно раньше?",booking,reschedule,booking_flow,augmented,complex
4991,семёрка немного болит,anamnesis,symptom,anamnesis_flow,variation,simple
5240,Винир отклеился 😊,anamnesis,complaint,anamnesis_flow,augmented,simple
11039,"Скажите, запишите на отбеливание",booking,new_appointment,booking_flow,augmented,complex
2330,Врач Кузнецовой свё подробно объяснил,feedback,positive_staff,feedback_flow,augmented,simple
5549,Больн оли?,faq,procedure,faq_flow,augmented,simple
2912,Сколько стоит пломбирование?,faq,price,faq_flow,variation,simple
4915,приём начлася вовремя,feedback,positive_service,feedback_flow,augmented,simple
22,"Подскажите, после консультацию у Иванова стало хуже 😊",feedback,negative_quality,escalation_flow,augmented,complex
2371,Хочу осатвить жалобу на Иванова 👍,feedback,negative_general,escalation_flow,augmented,medium
10699,"Добрый еднь, недоволен обслуживанием",feedback,negative_general,escalation_flow,augmented,complex
4021,Пока не решил!,conversational,unclear,clarification_flow,augmented,simple
9253,"Подскажите, сНИМИТЕ МЕНЯ С ЗАПИСИ",booking,cancel,booking_flow,augmented,complex
9943,Ретейнер отклеился?!,anamnesis,complaint,anamnesis_flow,augmented,simple
3838,Какие ещё варианты пожалуйста,faq,followup,faq_flow,augmented,simple
4265,"Отмените запись, не смогу пожалуйста?",booking,cancel,booking_flow,augmented,complex
4037,Отличное соотношение цена-качество?!,feedback,positive_general,feedback_flow,augmented,simple
984,"Добрый день, как делают?",faq,procedure,faq_flow,augmented,complex
7338,У меня откололся зуб 😊,anamnesis,complaint,anamnesis_flow,augmented,simple
11214,"Привет, почём коронку?",faq,price,faq_flow,augmented,complex
9818,после виниры у волкова сатло хуже,feedback,negative_quality,escalation_flow,augmented,medium
2047,Треснул зуб 🙏,anamnesis,complaint,anamnesis_flow,augmented,simple
10691,Понял заранее спасибо,conversational,confirmation,conversation_flow,augmented,simple
60,Всего хорошего 🙏,conversational,farewell,conversation_flow,augmented,simple
5010,Коронка Шатаестя,anamnesis,complaint,anamnesis_flow,augmented,simple
4045,ЖДАЛ ДВА ДНЯ...,feedback,negative_service,escalation_flow,augmented,simple
4139,"Скажите, можно перенести на вторник?",booking,reschedule,booking_flow,augmented,complex
7250,ВО СКОЛЬКО ОБОЙДЁТСЯ 🦷,faq,price,faq_flow,augmented,simple
7238,угу...,conversational,confirmation,conversation_flow,augmented,simple
2782,"подскажите, после элайнеры у петровой стало хуже",feedback,negative_quality,escalation_flow,augmented,complex
2373,"Не смогу прийти, форс-мажор?",booking,cancel,booking_flow,augmented,complex
9977,Сколько нельзя курить после виниры!!,faq,visit_prep,faq_flow,augmented,simple
3459,Хоршоего дня 🙏,conversational,farewell,conversation_flow,augmented,simple
4850,Нес ейчас спасибо,conversational,unclear,clarification_flow,augmented,simple
5518,Доброеу тро!,conversational,greeting,conversation_flow,augmented,simple
4567,Как подготовиться к лечение каналов?,faq,visit_prep,faq_flow,variation,simple
91,"Привет, золотые руки у доктора",feedback,positive_staff,feedback_flow,augmented,complex
1806,"Здравствуйте, мне не перезвонили недЕлю",feedback,negative_service,escalation_flow,augmented,complex
5156,Возможно спасибо спасибо,conversational,unclear,clarification_flow,augmented,simple
9571,Запишит ена осмотр,booking,new_appointment,booking_flow,augmented,simple
1272,"Добрый день, прикусил щёку",anamnesis,complaint,anamnesis_flow,augmented,complex
5955,Этоп равда необходимо 👍,faq,followup,faq_flow,augmented,simple
2656,"Подскажите, врач внушает доверие",feedback,positive_staff,feedback_flow,augmented,complex
5725,Может быть!!,conversational,unclear,clarification_flow,augmented,simple
9265,Отнелсись наплевательски!!,feedback,negative_staff,escalation_flow,augmented,simple
7382,Принимаете ОМС?,faq,clinic_info,faq_flow,variation,simple
8287,НУЖЕН ПРОТЕЗ 👍,anamnesis,services,anamnesis_flow,augmented,simple
7768,"Скажите, спасибо",conversational,gratitude,conversation_flow,augmented,complex
3579,"Добрый день, нЕ ЗНАЮ",conversational,unclear,clarification_flow,augmented,complex
5286,"Подскажите, элайнеры у Петровой прошло замечательно",feedback,positive_quality,feedback_flow,augmented,complex
7825,У МЕНЯ ОТЁК ДВЕ НЕДЕЛИ...,anamnesis,symptom,anamnesis_flow,augmented,simple
2852,А если я нЕ буду!!,faq,followup,faq_flow,augmented,simple
3624,Врач внушает доверие 😊,feedback,positive_staff,feedback_flow,augmented,simple
1632,Появиласья звочка во рту,anamnesis,complaint,anamnesis_flow,augmented,simple
764,Смирновой настоящий профессионал,feedback,positive_staff,feedback_flow,variation,simple
4053,Довольна на все 100% 😢,feedback,positive_general,feedback_flow,augmented,simple
4659,Долго ли это 🙏,faq,procedure,faq_flow,augmented,simple
1051,"Здравствуйте, до свидаиня!",conversational,farewell,conversation_flow,augmented,complex
9421,После осмотр у Козловой стало хуже заранее спасибо,feedback,negative_quality,escalation_flow,augmented,medium
10265,"Поясните, пожалуйста пожалуйста",faq,followup,faq_flow,augmented,complex
5913,Можно перенести на послезавтра 😢,booking,reschedule,booking_flow,augmented,simple
7774,Удобно чтор аботаете на следующей неделе,feedback,positive_service,feedback_flow,augmented,medium
815,Очеердь огромная,feedback,negative_service,escalation_flow,augmented,simple
7113,КОРОНКА ШАТАЕТСЯ?,anamnesis,complaint,anamnesis_flow,augmented,simple
9427,Есть время на в ближайшее время?,booking,new_appointment,booking_flow,variation,medium
6750,Ага,conversational,confirmation,conversation_flow,template,simple
1962,"Добрый день, клиника заслуживает 5 звёзд",feedback,positive_general,feedback_flow,augmented,complex
7120,"Скажите, сКОЛЬКО НЕЛЬЗЯ КУРИТЬ ПОСЛЕ РЕСТАВРАЦИЮ?",faq,visit_prep,faq_flow,augmented,complex
9879,"Подскажите, спасибо за информацию.",conversational,gratitude,conversation_flow,augmented,complex
3932,что еслин е поможет?,faq,followup,faq_flow,augmented,simple
10229,Записали на удобное время 😢,feedback,positive_service,feedback_flow,augmented,simple
10703,Сколько нельзя пить после снимок,faq,visit_prep,faq_flow,augmented,simple
5012,"Жду уеж месяц, никто не подходит",feedback,negative_service,escalation_flow,augmented,complex
11887,"Скажите, очередь огромная",feedback,negative_service,escalation_flow,augmented,complex
4320,Требую компенсацию.,feedback,negative_general,escalation_flow,augmented,simple
10396,Хочуп ломбирование,anamnesis,services,anamnesis_flow,augmented,simple
11033,дос видания!,conversational,farewell,conversation_flow,augmented,simple
6878,"Привет, как проходит реставрацию?",faq,procedure,faq_flow,augmented,complex
11063,Сколько длится коронку!,faq,procedure,faq_flow,augmented,simple
5767,"Да, конечно спасибо заранее спасибо",conversational,confirmation,conversation_flow,augmented,complex
2374,"Подскажите, планирую имплантацию",anamnesis,services,anamnesis_flow,augmented,complex
11433,"Привет, иВАНОВА БЫЛ ГРУБ",feedback,negative_staff,escalation_flow,augmented,complex
3504,"Да, хорошо?",conversational,confirmation,conversation_flow,augmented,complex
9038,Записали на удобное время заранее спасибо,feedback,positive_service,feedback_flow,augmented,medium
9648,После лечение каналов всё отлично,feedback,positive_quality,feedback_flow,variation,simple
3416,семёрка немного боЛит?,anamnesis,symptom,anamnesis_flow,augmented,simple
1826,Что нельзя посел виниры?,faq,visit_prep,faq_flow,augmented,simple
10344,"Скажите, привет, можно на другой день?",booking,reschedule,booking_flow,augmented,complex
6966,"Добрый день, спасибо за информацию?!",conversational,gratitude,conversation_flow,augmented,complex
10048,Спасибо за инфомрацию 🦷,conversational,gratitude,conversation_flow,augmented,simple
8567,Элайнер треснул спасибо заранее спасибо,anamnesis,complaint,anamnesis_flow,augmented,simple
5267,Можно на другой день?,booking,reschedule,booking_flow,template,simple
10656,Грубо обошлись спасибо,feedback,negative_staff,escalation_flow,augmented,simple
639,Можно перенести ан в ближайшее время?,booking,reschedule,booking_flow,augmented,medium
444,"Привет, хочу имплантацию",anamnesis,services,anamnesis_flow,augmented,complex
5806,Десна отошла от зуба,anamnesis,symptom,anamnesis_flow,template,simple
10138,"Привет, как проходит пломбирование?",faq,procedure,faq_flow,augmented,complex
2185,Врач Лебедевой не объяснил спасибо,feedback,negative_staff,escalation_flow,augmented,simple
3981,Что делать если отёк?,faq,visit_prep,faq_flow,template,simple
8163,"Подскажите, спасибо за информацию 🙏",conversational,gratitude,conversation_flow,augmented,complex
1725,десна очень болит,anamnesis,symptom,anamnesis_flow,variation,simple
11596,Спасибо за информацию,conversational,gratitude,conversation_flow,template,simple
11298,Как подготовиться к чистку.,faq,visit_prep,faq_flow,augmented,simple
6468,Приевт спасибо,conversational,greeting,conversation_flow,augmented,simple
11800,Болит верхний зуб уже три дня,anamnesis,symptom,anamnesis_flow,variation,medium
2398,"Подскажите, долго оформляли документы",feedback,negative_service,escalation_flow,augmented,complex
2201,"Подскажите, не уверен",conversational,unclear,clarification_flow,augmented,complex
5595,Какая стомиость?,faq,price,faq_flow,augmented,simple
1789,Не сообщили о переносе.,feedback,negative_service,escalation_flow,augmented,simple
8990,Срзау ответили на звонок 🦷,feedback,positive_service,feedback_flow,augmented,simple
8868,Можно перенести на среуд?,booking,reschedule,booking_flow,augmented,simple
6942,"Добрый день, добры йдень!",conversational,greeting,conversation_flow,augmented,complex
11844,Ага 😢?,conversational,confirmation,conversation_flow,augmented,simple
8555,Хочу брекеты 👍,anamnesis,services,anamnesis_flow,augmented,simple
7182,Не уделили внмиания,feedback,negative_staff,escalation_flow,augmented,simple
11688,А что будет если 👍,faq,followup,faq_flow,augmented,simple
4350,Мне не перезвонили со вчера 🦷,feedback,negative_service,escalation_flow,augmented,medium
3562,Какие врачи работают?,faq,clinic_info,faq_flow,template,simple
2264,Сломался протез.,anamnesis,complaint,anamnesis_flow,augmented,simple
3348,Разочарован 🙏 спасибо,feedback,negative_general,escalation_flow,augmented,simple
5706,у меня боль от горячего давно спасибо,anamnesis,symptom,anamnesis_flow,augmented,medium
6918,Смирновой отнёсся невнимательно!!,feedback,negative_staff,escalation_flow,augmented,simple
7240,Эй...,conversational,greeting,conversation_flow,augmented,simple
3394,"Поясните, пожалуйста.",faq,followup,faq_flow,augmented,complex
8516,Не уверен 👍,conversational,unclear,clarification_flow,augmented,simple
3142,Записаться невозможно?!,feedback,negative_service,escalation_flow,augmented,simple
4859,"Привет, рАБОТАЕТЕ В УТРО?",faq,clinic_info,faq_flow,augmented,complex
7362,"добрый день, спасибо большое!",conversational,gratitude,conversation_flow,augmented,complex
10708,УЖАСНЫЙ СРЕВИС,feedback,negative_general,escalation_flow,augmented,simple
1840,"Не смогу прийти, уезжаю заранее спасибо пожалуйста",booking,cancel,booking_flow,augmented,complex
8654,Перенесите на субботу 🙏,booking,reschedule,booking_flow,augmented,simple
5196,Запись к детскому стоматологу на на следующей неделе,booking,new_appointment,booking_flow,variation,medium
5391,Петровой очень внимательный?,feedback,positive_staff,feedback_flow,augmented,simple
7972,Хочу отказаться от записи...,booking,cancel,booking_flow,augmented,simple
8672,Администратор грубил спасибо,feedback,negative_staff,escalation_flow,augmented,simple
6704,"ЗДРАВСТВУЙТЕ, СКОЛЬКО СТОИТ УДАЛИТЬ ЗУБ?",faq,price,faq_flow,augmented,complex
3322,Перезапишите на день 🙏,booking,reschedule,booking_flow,augmented,simple
3264,Хочу оставить жалобу на Смирновой пожалуйста,feedback,negative_general,escalation_flow,augmented,medium
9443,"Скажите, наверное",conversational,unclear,clarification_flow,augmented,complex
885,коронку у Козловой прошло замечательно,feedback,positive_quality,feedback_flow,variation,simple
11285,Перенесите на сегодня пожалуйста,booking,reschedule,booking_flow,augmented,simple
7738,"Скажите, врач Смирновой всё подробно объяснил",feedback,positive_staff,feedback_flow,augmented,complex
10447,элайнеры у Лебедевой прошло замечательно,feedback,positive_quality,feedback_flow,variation,simple
6448,Не больно благодаря врачу,feedback,positive_staff,feedback_flow,template,simple
11869,"Добрый день, почём консультацию?",faq,price,faq_flow,augmented,complex
1334,"Не смогу прийти, не смогу заранее спасибо",booking,cancel,booking_flow,augmented,complex
200,Очреедь огромная,feedback,negative_service,escalation_flow,augmented,simple
5909,"Добрый день, очередь огромная",feedback,negative_service,escalation_flow,augmented,complex
7626,Когда можно курить после удаления заранеЕ спасибо,faq,visit_prep,faq_flow,augmented,medium
2000,Хоршоо,conversational,confirmation,conversation_flow,augmented,simple
9354,Грубо обошлись пожалуйста,feedback,negative_staff,escalation_flow,augmented,simple
1659,ХОЧУ ОСТАВИТЬ ЖАЛОБУ НА ВОЛКОВА?!,feedback,negative_general,escalation_flow,augmented,simple
2444,"Подскажите, врач Петровой всё подробно объяснил",feedback,positive_staff,feedback_flow,augmented,complex
6841,Зуб вылечили на отлично,feedback,positive_quality,feedback_flow,template,simple
6638,Запишите к имплантологу,booking,new_appointment,booking_flow,template,simple
7003,отмените приём...,booking,cancel,booking_flow,augmented,simple
7801,Цена на лечение кариеса?,faq,price,faq_flow,template,simple
10356,Принимаете карту 🦷,faq,clinic_info,faq_flow,augmented,simple
9295,"Здравствуйте, здравствуйте!",conversational,greeting,conversation_flow,augmented,complex
3141,НужНо лечение кариеса!,anamnesis,services,anamnesis_flow,augmented,simple
7358,ТРЕУБЮ КОМПЕНСАЦИЮ,feedback,negative_general,escalation_flow,augmented,simple
1246,Прощайте 🙏 пожалуйста,conversational,farewell,conversation_flow,augmented,simple
10332,Все объяснили понятно 👍?,feedback,positive_staff,feedback_flow,augmented,simple
665,"Подскажите, поясните, пожалуйста 😢",faq,followup,faq_flow,augmented,complex
3651,КТ это больно?,faq,procedure,faq_flow,variation,simple
1979,удобно что работаете завтра?!,feedback,positive_service,feedback_flow,augmented,simple
6691,"Привет, можно перенести на в ближайшее время?",booking,reschedule,booking_flow,augmented,complex
3697,Я ВМА ПЕРЕЗВОНЮ,conversational,unclear,clarification_flow,augmented,simple
6355,Интересует протезирование,anamnesis,services,anamnesis_flow,variation,simple
10043,Козловой отнёсся невниматеьлно,feedback,negative_staff,escalation_flow,augmented,simple
11030,Сколько нельзя заниматься спортом после снимок?,faq,visit_prep,faq_flow,variation,medium
4658,Благодраю,conversational,gratitude,conversation_flow,augmented,simple
4027,"Привет, есть 3D-томограф?!",faq,clinic_info,faq_flow,augmented,complex
11892,Отмена записи!,booking,cancel,booking_flow,augmented,simple
11182,"Здравствуйте, доброе утро",conversational,greeting,conversation_flow,augmented,complex
10582,Хочу оставить жалобу на Лебедевой?!,feedback,negative_general,escalation_flow,augmented,simple
11476,верхняя десна постоянно болит,anamnesis,symptom,anamnesis_flow,variation,simple
11083,"Привет, до встречи пожалуйста",conversational,farewell,conversation_flow,augmented,complex
1539,Есть ли скидки 🦷,faq,price,faq_flow,augmented,simple
6610,плохая клиника?!,feedback,negative_general,escalation_flow,augmented,simple
1545,Где вы нахдоитесь,faq,clinic_info,faq_flow,augmented,simple
9984,Отмените приём,booking,cancel,booking_flow,template,simple
8433,Добрыйв ечер!,conversational,greeting,conversation_flow,augmented,simple
8149,Нужна л ианестезия?,faq,procedure,faq_flow,augmented,simple
4638,После виниры у Волкова стало хуже спасибо,feedback,negative_quality,escalation_flow,augmented,medium
11713,"Подскажите, сколько стоит протезирование 👍",faq,price,faq_flow,augmented,complex
10083,Пока 🦷.,conversational,farewell,conversation_flow,augmented,simple
2777,После отбеливание у Смирновой стало хуже спасибо,feedback,negative_quality,escalation_flow,augmented,medium
963,"Добрый день, буду!",conversational,confirmation,conversation_flow,augmented,complex
9597,очен ьрад что обратился к вам,feedback,positive_general,feedback_flow,augmented,medium
10449,Болит челюсть уже со вчера,anamnesis,symptom,anamnesis_flow,variation,simple
5614,Запись к ортодонту на сегодня,booking,new_appointment,booking_flow,variation,simple
9429,Врач всё подробно рассказал пожалуйста,feedback,positive_staff,feedback_flow,augmented,simple
11163,"Здравствуйте, вЕРХНЯЯ ДЕСНА ПОСТОЯННО БОЛИТ",anamnesis,symptom,anamnesis_flow,augmented,complex
4047,"пульсирующая боль, что делать?",anamnesis,symptom,anamnesis_flow,variation,simple
4901,"Скажите, спасибо большое",conversational,gratitude,conversation_flow,augmented,complex
7697,Мне не перезвонили 🙏,feedback,negative_service,escalation_flow,augmented,simple
8008,После осмотр у Новикова стало хуже,feedback,negative_quality,escalation_flow,variation,medium
5069,Принимаете рассрочку 🦷,faq,clinic_info,faq_flow,augmented,simple
2972,"Привет, после КТ у Петровой стало хуже",feedback,negative_quality,escalation_flow,augmented,complex
697,Хочу записаться на приём,booking,new_appointment,booking_flow,template,simple
11796,"Привет, поясните, пожалуйста",faq,followup,faq_flow,augmented,complex
11638,Отмена приёма заранее спасибо,booking,cancel,booking_flow,augmented,simple
7374,"Скажите, зуб реагирует на сладкое",anamnesis,symptom,anamnesis_flow,augmented,complex
6138,"Здравствуйте, кузнецовой отнёсся невнимательно!!",feedback,negative_staff,escalation_flow,augmented,complex
1301,АССИСТЕНТ БЫЛА ОЧЕНЬ ЗАБОТЛИВАЯ!!,feedback,positive_staff,feedback_flow,augmented,simple
8746,А МОЖНО ПО-ДРУГОУМ?,faq,followup,faq_flow,augmented,simple
2380,удобно что рбаотаете субботу,feedback,positive_service,feedback_flow,augmented,simple
8275,Не уделили внимания,feedback,negative_staff,escalation_flow,template,simple
5745,Приём начался вовремя 🦷,feedback,positive_service,feedback_flow,augmented,simple
9625,"Здравствуйте, иванова отнёсся невнимательно",feedback,negative_staff,escalation_flow,augmented,complex
1516,Зуыб стали подвижными,anamnesis,complaint,anamnesis_flow,augmented,simple
3733,"подскажите, окей",conversational,confirmation,conversation_flow,augmented,complex
10740,Не понравилось!,feedback,negative_general,escalation_flow,augmented,simple
6415,"ДобрыЙ день, жду уже две недели, никто не подходит",feedback,negative_service,escalation_flow,augmented,complex
1456,"Жду уже две недели, никто не подходит...",feedback,negative_service,escalation_flow,augmented,complex
2648,ЧАСЫ РАБОТЫ 👍,faq,clinic_info,faq_flow,augmented,simple
10767,Интересует виниры спасибо,anamnesis,services,anamnesis_flow,augmented,simple
9642,Врач Новикова всё подробно объяснил заранее спасибо,feedback,positive_staff,feedback_flow,augmented,medium
10144,Сколько нельзя заниматься спортом после протезирование?,faq,visit_prep,faq_flow,variation,medium
6370,СКОЛЬКО ДЛИТСЯ КОРОНКУ спасибо,faq,procedure,faq_flow,augmented,simple
10586,"Не смогу прийти, уезжаю?",booking,cancel,booking_flow,augmented,complex
3585,Сколько нельзя пить алкоголь после КТ?,faq,visit_prep,faq_flow,variation,medium
6622,нужно элайнеры?,anamnesis,services,anamnesis_flow,augmented,simple
4206,Запись к терапевту на сегодня,booking,new_appointment,booking_flow,variation,simple
8123,Есть наркоз пожалуйста 🙏,faq,clinic_info,faq_flow,augmented,simple
5778,СМИРНОВОЙ ОЧЕНЬ ВНИМАТЕЛЬНЫЙ 😢,feedback,positive_staff,feedback_flow,augmented,simple
240,Интересует лечение кариеса пожалуйста,anamnesis,services,anamnesis_flow,augmented,simple
5985,Спасибо за заботу спасибо,feedback,positive_general,feedback_flow,augmented,simple
7563,Перенесите наз автра,booking,reschedule,booking_flow,augmented,simple
10660,"Скажите, здрасте",conversational,greeting,conversation_flow,augmented,complex
547,У меня выпала пломба заранее спасибо,anamnesis,complaint,anamnesis_flow,augmented,medium
7001,зуб мудрости очень болит,anamnesis,symptom,anamnesis_flow,variation,simple
2072,элайнеры скольок стоит?,faq,price,faq_flow,augmented,simple
9611,"Подскажите, добрыйд ень",conversational,greeting,conversation_flow,augmented,complex
9656,Наод подумать,conversational,unclear,clarification_flow,augmented,simple
10217,У меня боль при жевании несколько дней,anamnesis,symptom,anamnesis_flow,variation,medium
8529,"Здравствуйте, добрый вечер!",conversational,greeting,conversation_flow,augmented,complex
5703,"Скажите, всего доброго",conversational,farewell,conversation_flow,augmented,complex
10876,"Добрый день, челюсть постоянно болит",anamnesis,symptom,anamnesis_flow,augmented,complex
6041,Прождал час 😢,feedback,negative_service,escalation_flow,augmented,simple
11849,"Привет, не смогу прийти, не смогу!",booking,cancel,booking_flow,augmented,complex
10497,ЕСТЬ ВРЕМЯ НА ВТОРНИК,booking,new_appointment,booking_flow,augmented,simple
6867,Интересует осмотр заранее спасибо,anamnesis,services,anamnesis_flow,augmented,simple
7380,отбеливание у Волкова прошло замечательно,feedback,positive_quality,feedback_flow,variation,simple
1906,врач от бога.,feedback,positive_staff,feedback_flow,augmented,simple
6304,Врач Кузнецовой не объяснил 🙏.,feedback,negative_staff,escalation_flow,augmented,simple
1303,Доброе утро 😊,conversational,greeting,conversation_flow,augmented,simple
3860,У меня запах изо рта неделю,anamnesis,symptom,anamnesis_flow,variation,medium
2773,Сколько нельзя есть после удаление,faq,visit_prep,faq_flow,augmented,simple
6268,После чистку у Морозовой стало хуже,feedback,negative_quality,escalation_flow,variation,medium
2753,ПОСЛЕ ЭЛАЙНЕРЫ У НОВИКОВА СТАЛО ХУЖЕ ПОЖАЛУЙСТА,feedback,negative_quality,escalation_flow,augmented,medium
604,можно без этгоо?,faq,followup,faq_flow,augmented,simple
2992,"ПОЯСНИТЕ, ПОЖЛАУЙСТА",faq,followup,faq_flow,augmented,complex
9958,Морзоовой был груб 🦷,feedback,negative_staff,escalation_flow,augmented,simple
3464,"ДОБРЫЙ ДЕНЬ, ХОРОШЕГО ДНЯ",conversational,farewell,conversation_flow,augmented,complex
536,До свидаиня!,conversational,farewell,conversation_flow,augmented,simple
373,Прощайте 🦷,conversational,farewell,conversation_flow,augmented,simple
5058,"Скажите, очень доволен клиникой",feedback,positive_general,feedback_flow,augmented,complex
5420,До встречи 🙏?,conversational,farewell,conversation_flow,augmented,simple
6527,Какие врачи работают.,faq,clinic_info,faq_flow,augmented,simple
3008,"Подскажите, врач Иванова не объяснил",feedback,negative_staff,escalation_flow,augmented,complex
3987,Эй заранее спасибо 👍,conversational,greeting,conversation_flow,augmented,simple
6652,Персонал приветливый.,feedback,positive_staff,feedback_flow,augmented,simple
11628,Окей пожалуйста,conversational,confirmation,conversation_flow,augmented,simple
4099,Возмонжо пожалуйста,conversational,unclear,clarification_flow,augmented,simple
588,Конечно пожалуйста,conversational,confirmation,conversation_flow,augmented,simple
933,Не сообщили о переносе?!,feedback,negative_service,escalation_flow,augmented,simple
2694,Можно пеернести на сегодня,booking,reschedule,booking_flow,augmented,simple
1197,Прощйате,conversational,farewell,conversation_flow,augmented,simple
5851,А что будет если,faq,followup,faq_flow,augmented,simple
9715,КаК проходит реставрацию?!,faq,procedure,faq_flow,augmented,simple
11582,"Привет, скажите, всего доброго",conversational,farewell,conversation_flow,augmented,complex
2495,"Подскажите, работаете в вечер?",faq,clinic_info,faq_flow,augmented,complex
167,Какие ограничения?,faq,visit_prep,faq_flow,template,simple
7351,Персонал хамит 😊,feedback,negative_staff,escalation_flow,augmented,simple
1585,Запишите на лечение кариеса,booking,new_appointment,booking_flow,variation,simple
1307,пломбирование у Новикова прошло замечательно,feedback,positive_quality,feedback_flow,variation,simple
9779,Работаете в на этой неделе,faq,clinic_info,faq_flow,augmented,simple
9284,А обязательно,faq,followup,faq_flow,augmented,simple
6129,"Скажите, винир отклеился",anamnesis,complaint,anamnesis_flow,augmented,complex
5670,Перенесите на послезавтра 🦷!,booking,reschedule,booking_flow,augmented,simple
7243,превосходный сервис заранее спасибо,feedback,positive_general,feedback_flow,augmented,simple
2143,"Привет, нужно отмеинть",booking,cancel,booking_flow,augmented,complex
3325,Можно есть после порцедуры?,faq,visit_prep,faq_flow,augmented,simple
9768,Рядом есть метро?,faq,clinic_info,faq_flow,template,simple
8025,Сайт не работает пожалуйста,feedback,negative_service,escalation_flow,augmented,simple
7962,Хочу оставить жалобу на Новикова пожалуйста,feedback,negative_general,escalation_flow,augmented,medium
5602,верхний зуб болит немного заранее спасибо,anamnesis,symptom,anamnesis_flow,augmented,medium
11168,Планирую консультацию,anamnesis,services,anamnesis_flow,variation,simple
11449,Как проходит брекеты 😊,faq,procedure,faq_flow,augmented,simple
7447,"Подскажите, привет, добрый день",conversational,greeting,conversation_flow,augmented,complex
2331,Окей 😢,conversational,confirmation,conversation_flow,augmented,simple
2401,Перезапишите на день,booking,reschedule,booking_flow,variation,simple
4833,Никто не пеерзвонил,feedback,negative_service,escalation_flow,augmented,simple
5076,"здравствуйте, хочу к детскому стоматологу",booking,new_appointment,booking_flow,augmented,complex
9382,Ассистент была очень заботливая,feedback,positive_staff,feedback_flow,template,simple
2365,Удачи 😊?!,conversational,farewell,conversation_flow,augmented,simple
9747,А если не поможет!!,faq,followup,faq_flow,augmented,simple
9967,"Привет, хочу отбеливание",anamnesis,services,anamnesis_flow,augmented,complex
1065,"Очередей нет, отлично 👍",feedback,positive_service,feedback_flow,augmented,complex
8221,Результат лечение кариеса превзошёл ожидания,feedback,positive_quality,feedback_flow,variation,simple
10075,Чистка была эффективной,feedback,positive_quality,feedback_flow,template,simple
3430,Сколько длится чистку?,faq,procedure,faq_flow,variation,simple
5787,Рядом есть метор?,faq,clinic_info,faq_flow,augmented,simple
90,"Добрый день, мне не перезвонили со вчера",feedback,negative_service,escalation_flow,augmented,complex
9605,Нужно отбеливание?!,anamnesis,services,anamnesis_flow,augmented,simple
4070,"Не смогу приЙти, не смогу 😢",booking,cancel,booking_flow,augmented,complex
11252,зуб сильно болит,anamnesis,symptom,anamnesis_flow,variation,simple
2271,УДОБНЫЙ ОНЛАЙН-СЕРВИС пожалуйста,feedback,positive_service,feedback_flow,augmented,simple
9480,"Скажите, кАК ПОДГОТОВИТЬСЯ К РЕСТАВРАЦИЮ?",faq,visit_prep,faq_flow,augmented,complex
2636,Сколько нельзя пить после консультацию 👍,faq,visit_prep,faq_flow,augmented,medium
1786,верхний зуб болит постоянно,anamnesis,symptom,anamnesis_flow,variation,simple
8299,Удобно что работаете на этой неделе заранее спасибо заранее спасибо,feedback,positive_service,feedback_flow,augmented,medium
8965,Рекомендую всем знакомым спасибо,feedback,positive_general,feedback_flow,augmented,simple
6571,СлуЧилось шатается зуб 👍,anamnesis,complaint,anamnesis_flow,augmented,simple
4979,"Подскажите, благодарю за работу",feedback,positive_general,feedback_flow,augmented,complex
10292,реставрацию у Лебедевой прошло замечательно,feedback,positive_quality,feedback_flow,variation,simple
7143,Разочарован спасибо!,feedback,negative_general,escalation_flow,augmented,simple
384,Приём началс явовремя,feedback,positive_service,feedback_flow,augmented,simple
10180,Запись куда-то пропаЛа!,feedback,negative_service,escalation_flow,augmented,simple
11220,Лебедевой очень внимательный,feedback,positive_staff,feedback_flow,variation,simple
8288,"Добрый день, быстро записали на в ближайшее время",feedback,positive_service,feedback_flow,augmented,complex
686,Как проходит лечение каналов спасибо,faq,procedure,faq_flow,augmented,simple
9771,Персонал был недоброжелателен пожалуйста,feedback,negative_staff,escalation_flow,augmented,simple
2719,лечение кариеса у Волкова прошло замечательно 😢,feedback,positive_quality,feedback_flow,augmented,medium
8762,Сколько времени занимает?,faq,procedure,faq_flow,template,simple
5324,Треснул зуб!!,anamnesis,complaint,anamnesis_flow,augmented,simple
3178,После осмотр у Иванова стало хуже,feedback,negative_quality,escalation_flow,variation,medium
1402,"Здравствуйте, нужно профгигиену",anamnesis,services,anamnesis_flow,augmented,complex
1698,Приду заранее спасибо,conversational,confirmation,conversation_flow,augmented,simple
10073,"Подскажите, не уделили внимания",feedback,negative_staff,escalation_flow,augmented,complex
10410,Подумаю,conversational,unclear,clarification_flow,template,simple
9525,"Жду уже давно,н икто не подходит",feedback,negative_service,escalation_flow,augmented,complex
9069,ОЧЕНЬ ДОВОЛЕНК ЛИНИКОЙ,feedback,positive_general,feedback_flow,augmented,simple
9635,ВЕРНИТЕ ДЕНЬГИ!!,feedback,negative_general,escalation_flow,augmented,simple
5176,Быстро записали на вторник заранее спасибо,feedback,positive_service,feedback_flow,augmented,medium
11809,"Жду уже со вчера, никто не подходит.",feedback,negative_service,escalation_flow,augmented,complex
354,"Скажите, добрыйд ень!",conversational,greeting,conversation_flow,augmented,complex
4593,ДОБЫРЙ ДЕНЬ,conversational,greeting,conversation_flow,augmented,simple
4428,Кузнецовой очень внимательный...,feedback,positive_staff,feedback_flow,augmented,simple
8783,Спасибо большое 😢 пожалуйста,conversational,gratitude,conversation_flow,augmented,simple
2801,Какая цена на имплантацию 🦷,faq,price,faq_flow,augmented,simple
4014,Мне не перезвонили два дня 😊,feedback,negative_service,escalation_flow,augmented,medium
2275,Очнеь благодарен,conversational,gratitude,conversation_flow,augmented,simple
1927,"Подскажите, петровой отнёсся невнимательно",feedback,negative_staff,escalation_flow,augmented,complex
2794,Случилось треснул зуб...,anamnesis,complaint,anamnesis_flow,augmented,simple
6020,"Здравствуйте, да, конечно",conversational,confirmation,conversation_flow,augmented,complex
9564,Интересует эстетическая стоматология,anamnesis,services,anamnesis_flow,template,simple
9767,"Скажите, можно на другой день?",booking,reschedule,booking_flow,augmented,complex
5085,"Привет, удобно что работаете сегодня",feedback,positive_service,feedback_flow,augmented,complex
2351,Есть кредит на лечение пожалуйста,faq,price,faq_flow,augmented,simple
7871,Всего доброго пожалуйста 👍,conversational,farewell,conversation_flow,augmented,simple
2561,Хочу чискту,anamnesis,services,anamnesis_flow,augmented,simple
1097,Перезапишите на 18:00 🦷,booking,reschedule,booking_flow,augmented,simple
4823,Ок 👍,conversational,confirmation,conversation_flow,augmented,simple
10528,Уберите мою запись заранее спасибо,booking,cancel,booking_flow,augmented,simple
3738,Волкова настоящий профессионал!,feedback,positive_staff,feedback_flow,augmented,simple
9837,Расскажите больше.,faq,followup,faq_flow,augmented,simple
6305,Добры йвечер!,conversational,greeting,conversation_flow,augmented,simple
652,Да!!,conversational,confirmation,conversation_flow,augmented,simple
1042,нижняя десна постоянно болит?,anamnesis,symptom,anamnesis_flow,augmented,simple
6191,коронку у Кузнецовой прошло замечательно,feedback,positive_quality,feedback_flow,variation,simple
1723,нужно реставрацию?,anamnesis,services,anamnesis_flow,augmented,simple
11409,После протезирование у Кузнецовой стало хуже.,feedback,negative_quality,escalation_flow,augmented,medium
8547,Запись к ортодонту на послезавтра,booking,new_appointment,booking_flow,variation,simple
11757,"Добрый день, хорошего дня заранее спасибо",conversational,farewell,conversation_flow,augmented,complex
11445,Как подготовиться к протезирование,faq,visit_prep,faq_flow,augmented,simple
9989,"Здравствуйте, верхняя десна очень болит",anamnesis,symptom,anamnesis_flow,augmented,complex
7807,"Добрый день, здравствуйте, отличная клиника",feedback,positive_general,feedback_flow,augmented,complex
9220,Хочу оставить жалобун а Петровой,feedback,negative_general,escalation_flow,augmented,simple
6766,Где находится клиника,faq,clinic_info,faq_flow,augmented,simple
299,Кузнецовой настоящий профессионал спасибо,feedback,positive_staff,feedback_flow,augmented,simple
366,Покас пасибо,conversational,farewell,conversation_flow,augmented,simple
11226,"Да, конечно пожалуйста!!",conversational,confirmation,conversation_flow,augmented,complex
1488,а вдруг не получится спасибо,faq,followup,faq_flow,augmented,simple
83,Превосходный сервис 😢,feedback,positive_general,feedback_flow,augmented,simple
3144,козловой был груб 😊,feedback,negative_staff,escalation_flow,augmented,simple
9340,"Здравствуйте, здрасте 😊",conversational,greeting,conversation_flow,augmented,complex
1916,Запись куда-то пропала.,feedback,negative_service,escalation_flow,augmented,simple
5539,работаетев  субботу?,faq,clinic_info,faq_flow,augmented,simple
101,Результат консультацию превзошёл ожидания,feedback,positive_quality,feedback_flow,variation,simple
9015,А если не поможет?,faq,followup,faq_flow,template,simple
9318,"Добрый день, хочу оставить жалобу на Волкова",feedback,negative_general,escalation_flow,augmented,complex
5578,"Уточните, пожалуйста",faq,followup,faq_flow,template,simple
6631,После снимоку  Козловой стало хуже,feedback,negative_quality,escalation_flow,augmented,simple
2522,Отмена записи?,booking,cancel,booking_flow,augmented,simple
932,Удобно что работаете субботу!,feedback,positive_service,feedback_flow,augmented,simple
7305,"Добрый день, прощайте",conversational,farewell,conversation_flow,augmented,complex
6410,Хочу оставить жалобу на Морозовой 👍,feedback,negative_general,escalation_flow,augmented,medium
8534,Врач был груб.,feedback,negative_staff,escalation_flow,augmented,simple
11066,"Привет, может быть",conversational,unclear,clarification_flow,augmented,complex
11650,"Подскажите, благодарю вас",conversational,gratitude,conversation_flow,augmented,complex
2754,АДМИНИСТРАТОР НАХАМИЛ заранее спасибо,feedback,negative_staff,escalation_flow,augmented,simple
2596,МОЖНО БЕЗЭ ТОГО?,faq,followup,faq_flow,augmented,simple
7009,болит верхняя десна уже день пожалуйста,anamnesis,symptom,anamnesis_flow,augmented,medium
11081,Что вы рекомнедуете?,faq,followup,faq_flow,augmented,simple
10737,"Добрый день, семёрка ночью болит",anamnesis,symptom,anamnesis_flow,augmented,complex
4626,Благодарю вас пожалуйста,conversational,gratitude,conversation_flow,augmented,simple
9264,Пок а😢,conversational,farewell,conversation_flow,augmented,simple
5575,Врач Волкова всё подробно объяснил 🙏,feedback,positive_staff,feedback_flow,augmented,medium
2594,"Скажите, перенесите на понедельник спасибо",booking,reschedule,booking_flow,augmented,complex
11396,Не сообщили о переносе 😊,feedback,negative_service,escalation_flow,augmented,simple
445,"Привет, добрый день, отмените запись",booking,cancel,booking_flow,augmented,complex
9123,точно нужно...,faq,followup,faq_flow,augmented,simple
7518,Ждал Давно.,feedback,negative_service,escalation_flow,augmented,simple
7161,Болит зуб уже нсеколько дней,anamnesis,symptom,anamnesis_flow,augmented,simple
4511,СПАСИБО ЗА ОТЛИЧНУЮ РАБОТУ...,feedback,positive_general,feedback_flow,augmented,simple
3740,лечение кариеса у Смирновой прошло замечательно пожалуйста,feedback,positive_quality,feedback_flow,augmented,medium
3507,инетресует отбеливание зубов,anamnesis,services,anamnesis_flow,augmented,simple
1159,"ЖДУ УЖЕ С УТРА, НИКТО Н ЕПОДХОДИТ",feedback,negative_service,escalation_flow,augmented,complex
2708,Благодарю пожалуйста?,conversational,gratitude,conversation_flow,augmented,simple
10722,Прощайте 😊!,conversational,farewell,conversation_flow,augmented,simple
8018,"Здравствуйте, посоветуюсь спасибо",conversational,unclear,clarification_flow,augmented,complex
9035,нижний зуб периодически болит,anamnesis,symptom,anamnesis_flow,variation,simple
7205,"Скажите, есть наркоз?",faq,clinic_info,faq_flow,augmented,complex
9479,Хочу отказаться от записи заранее спасибо,booking,cancel,booking_flow,augmented,medium
10525,Запись к хирургу на пятницу,booking,new_appointment,booking_flow,variation,simple
8786,Не смогу в назначенноев ремя,booking,reschedule,booking_flow,augmented,simple
8829,Новикова отнёсся невнимательно 🦷,feedback,negative_staff,escalation_flow,augmented,simple
484,Брекет отклеился 😢,anamnesis,complaint,anamnesis_flow,augmented,simple
6705,"Спасибо, до свидания 👍",conversational,gratitude,conversation_flow,augmented,complex
4510,"Подскажите, хочу профгигиену",anamnesis,services,anamnesis_flow,augmented,complex
8172,Приятн оудивлён качеством,feedback,positive_general,feedback_flow,augmented,simple
2766,"Подскажите, буду обращаться только к вам",feedback,positive_general,feedback_flow,augmented,complex
11446,Быстро записали на воскресенье,feedback,positive_service,feedback_flow,variation,simple
2780,В чём разница,faq,procedure,faq_flow,augmented,simple
1964,"Подскажите, да!!",conversational,confirmation,conversation_flow,augmented,complex
4715,Здравстувйте,conversational,greeting,conversation_flow,augmented,simple
2907,Добрыйв ечер,conversational,greeting,conversation_flow,augmented,simple
7764,Недопуситмо,feedback,negative_general,escalation_flow,augmented,simple
11010,АДМИНИСТРАТОР МИЛАЯ И ПРИВЕТЛИВАЯ?,feedback,positive_staff,feedback_flow,augmented,simple
6647,КЛИНИКА РАБОТАЕТ КАК ЧАСЫ!,feedback,positive_service,feedback_flow,augmented,simple
8655,Язвочки на слизитсой,anamnesis,complaint,anamnesis_flow,augmented,simple
3358,Хочу Удаление 🙏,anamnesis,services,anamnesis_flow,augmented,simple
6514,"Скажите, ничего не объяснили",feedback,negative_staff,escalation_flow,augmented,complex
9054,"Жду уже три дня, никто не подходит спасибо",feedback,negative_service,escalation_flow,augmented,complex
1741,"Не смогу пирйти, форс-мажор",booking,cancel,booking_flow,augmented,complex
4879,Проте зсломался,anamnesis,complaint,anamnesis_flow,augmented,simple
3844,"Подскажите, коронка шатается",anamnesis,complaint,anamnesis_flow,augmented,complex
9868,Всего хороешго,conversational,farewell,conversation_flow,augmented,simple
3450,"Добрый день, прощайте!!",conversational,farewell,conversation_flow,augmented,complex
8272,Можно перенести приём.,booking,reschedule,booking_flow,augmented,simple
3675,А что будет если?,faq,followup,faq_flow,template,simple
3726,Дорбый день,conversational,greeting,conversation_flow,augmented,simple
9149,"Подскажите, спасибо большое пожалуйста",conversational,gratitude,conversation_flow,augmented,complex
2908,Сколько длится осмотр,faq,procedure,faq_flow,augmented,simple
11745,"Подскажите, добрый день, довольна на все 100%",feedback,positive_general,feedback_flow,augmented,complex
10060,После лечения  уЛебедевой боль осталась,feedback,negative_quality,escalation_flow,augmented,simple
3635,После реставрацию у Иванова стало хуже 😊,feedback,negative_quality,escalation_flow,augmented,medium
10995,"Привет, привет",conversational,greeting,conversation_flow,augmented,complex
9451,После лечение кариеса у Смирновой стало хуже?!,feedback,negative_quality,escalation_flow,augmented,medium
6678,Сколько длитсяп рофгигиену спасибо,faq,procedure,faq_flow,augmented,simple
9291,Недоволен обслуживанием спасибо,feedback,negative_general,escalation_flow,augmented,simple
4,Очень рад что обратился к вам?,feedback,positive_general,feedback_flow,augmented,medium
9812,Доброе утро заранее спасибо 🙏,conversational,greeting,conversation_flow,augmented,simple
2567,"Скажите, до скорого",conversational,farewell,conversation_flow,augmented,complex
4740,"Спасибо, до свдиания",conversational,gratitude,conversation_flow,augmented,complex
231,Разочарован 👍,feedback,negative_general,escalation_flow,augmented,simple
6455,Есть у вас рентген пожалуйста.,faq,clinic_info,faq_flow,augmented,simple
5185,Козловой очень внимательный!,feedback,positive_staff,feedback_flow,augmented,simple
8874,Какая цена на виниры?,faq,price,faq_flow,variation,simple
9223,Теперь хожу только к вам,feedback,positive_general,feedback_flow,template,simple
2945,Нужно осмотр?,anamnesis,services,anamnesis_flow,augmented,simple
3420,Врач опоздал на полчаса пожалуйста,feedback,negative_service,escalation_flow,augmented,simple
7647,Хорошего дня 😢,conversational,farewell,conversation_flow,augmented,simple
1204,Сколько нельзя есть после удаление?,faq,visit_prep,faq_flow,variation,simple
631,"Привет, да, конечно",conversational,confirmation,conversation_flow,augmented,complex
10051,"Не Смогу прийти, заболел пожалуйста",booking,cancel,booking_flow,augmented,complex
3877,Администратор милая и приветливая 😢,feedback,positive_staff,feedback_flow,augmented,simple
10012,Всем еркомендую,feedback,positive_general,feedback_flow,augmented,simple
5118,Пломба быстор выпала!!,feedback,negative_quality,escalation_flow,augmented,simple
9175,Работаете в утро?,faq,clinic_info,faq_flow,variation,simple
8357,"Добрый день, пока 🙏",conversational,farewell,conversation_flow,augmented,complex
4676,Пломба выпала через неделю,feedback,negative_quality,escalation_flow,template,simple
1351,Врач Волкова не объяснил 🦷!,feedback,negative_staff,escalation_flow,augmented,simple
10728,Удобно что работаете на следующей неделе,feedback,positive_service,feedback_flow,variation,medium
3006,удаление сколько стоит?,faq,price,faq_flow,variation,simple
7609,десна ночью болит,anamnesis,symptom,anamnesis_flow,variation,simple
11261,Клиника просто супер 👍,feedback,positive_general,feedback_flow,augmented,simple
601,можно перенести на в ближайшее время?!,booking,reschedule,booking_flow,augmented,medium
10482,"Жду уже с утра, никто нЕ подходит спасибо",feedback,negative_service,escalation_flow,augmented,complex
10675,Хочу оставить жалобу на Петорвой,feedback,negative_general,escalation_flow,augmented,simple
9329,Иванова настоящийп рофессионал,feedback,positive_staff,feedback_flow,augmented,simple
2591,Ок заранее спАсибо,conversational,confirmation,conversation_flow,augmented,simple
2556,"Скажите, больше не приду",feedback,negative_general,escalation_flow,augmented,complex
7160,Нужно лечение каналов,anamnesis,services,anamnesis_flow,variation,simple
824,У меня выпалап ломба,anamnesis,complaint,anamnesis_flow,augmented,simple
3801,После чистку у Волкова стало хуже 🙏,feedback,negative_quality,escalation_flow,augmented,medium
5037,"Привет, не смогу прийти, занят на работе пожалуйста",booking,cancel,booking_flow,augmented,complex
3055,рекомендую друзьям и родным заранее спасибо,feedback,positive_general,feedback_flow,augmented,medium
8310,профгигиену у Козловой прошло замечательно,feedback,positive_quality,feedback_flow,variation,simple
1401,Запись к ортодонту на завтра,booking,new_appointment,booking_flow,variation,simple
2551,Недопустимо.,feedback,negative_general,escalation_flow,augmented,simple
9743,"Жду уже со вчера, никто не подходит",feedback,negative_service,escalation_flow,variation,medium
6028,Довольна на все 100%,feedback,positive_general,feedback_flow,template,simple
534,Сколько стОит ипмлант?,faq,price,faq_flow,augmented,simple
3756,Зубы стали подвижными!!,anamnesis,complaint,anamnesis_flow,augmented,simple
9523,Скольок стоит лечение каналов?,faq,price,faq_flow,augmented,simple
7174,"Всё отлично, спасибо",feedback,positive_general,feedback_flow,template,simple
1888,Можно перенести на завтра заранее спасибо,booking,reschedule,booking_flow,augmented,medium
11392,Хочу поставить брекеты!,anamnesis,services,anamnesis_flow,augmented,simple
9371,Запишите к пародонтологу,booking,new_appointment,booking_flow,variation,simple
11651,"Здравствуйте, врач Иванова не объяснил",feedback,negative_staff,escalation_flow,augmented,complex
8265,Зубы стали подвижными спасибо,anamnesis,complaint,anamnesis_flow,augmented,simple
11750,Ждал неделю...,feedback,negative_service,escalation_flow,augmented,simple
9914,Приветствую?!,conversational,greeting,conversation_flow,augmented,simple
2052,Крайне недоволен,feedback,negative_general,escalation_flow,template,simple
2254,Это правда необходимо!,faq,followup,faq_flow,augmented,simple
714,какая цена,faq,price,faq_flow,augmented,simple
11966,Сколько стоит осмотр спасибо,faq,price,faq_flow,augmented,simple
2006,"Привет, доволен качеством работы",feedback,positive_quality,feedback_flow,augmented,complex
3671,"Здравствуйте, не смог дозвониться",feedback,negative_service,escalation_flow,augmented,complex
1747,Спасбио!,conversational,gratitude,conversation_flow,augmented,simple
3194,"Добрый день, какая цена на протезирование заранее спасибо",faq,price,faq_flow,augmented,complex
2752,"Скажите, хочу оставить жалобу на Иванова",feedback,negative_general,escalation_flow,augmented,complex
10120,"Подскажите, привет",conversational,greeting,conversation_flow,augmented,complex
11224,Коронка слетела спасибо,anamnesis,complaint,anamnesis_flow,augmented,simple
5412,профгигиену у Новикова прошло замечательно,feedback,positive_quality,feedback_flow,variation,simple
8340,До всидания?!,conversational,farewell,conversation_flow,augmented,simple
5793,Перенесите на понедельник,booking,reschedule,booking_flow,variation,simple
5581,Надо посоветоваться!!,conversational,unclear,clarification_flow,augmented,simple
708,Отбеливание дало отличный результат,feedback,positive_quality,feedback_flow,template,simple
6105,Есть время на вторник?,booking,new_appointment,booking_flow,variation,simple
1365,"Подскажите, прождал час",feedback,negative_service,escalation_flow,augmented,complex
2213,А обязательно 👍!,faq,followup,faq_flow,augmented,simple
37,Сколько нельзя курить после реставрацию?,faq,visit_prep,faq_flow,variation,simple
9044,Приятно удивлён качеством пожалуйста заранее спасибо,feedback,positive_general,feedback_flow,augmented,medium
8710,После имплантацию у Иванова стало хуже,feedback,negative_quality,escalation_flow,variation,medium
10233,Это правда неохбодимо?,faq,followup,faq_flow,augmented,simple
3120,До свдиания!,conversational,farewell,conversation_flow,augmented,simple
5952,После консультацию у Смирновой стало хуже,feedback,negative_quality,escalation_flow,variation,medium
8387,"Спасибо, всё понравилось заранее спасибо",feedback,positive_general,feedback_flow,augmented,complex
7900,"Привет, а что лучше",faq,followup,faq_flow,augmented,complex
9563,Как подготовиться к имплантацию пожалуйста,faq,visit_prep,faq_flow,augmented,simple
7544,"Подскажите, быстро оформили документы пожалуйста",feedback,positive_service,feedback_flow,augmented,complex
2144,Хочу поговорить ср уководством пожалуйста,feedback,negative_general,escalation_flow,augmented,simple
6090,Удобно что работаете на этой неделе?,feedback,positive_service,feedback_flow,augmented,medium
4313,После чистку у Волкова стало хуже,feedback,negative_quality,escalation_flow,variation,medium
11835,Нужно осмотр!,anamnesis,services,anamnesis_flow,augmented,simple
7749,Хочу отменить запись,booking,cancel,booking_flow,template,simple
840,СВОБОДНО ЛИ ЗАВТРА заранее спасибо,booking,new_appointment,booking_flow,augmented,simple
1435,имплантацию у Лебедевой прошло замечательно заранее спасибо,feedback,positive_quality,feedback_flow,augmented,medium
6690,Когда работаете заранее спасибо,faq,clinic_info,faq_flow,augmented,simple
175,лечение кариеса у сидорова прошло замечательно...,feedback,positive_quality,feedback_flow,augmented,medium
1755,"НЕ СМОГУ ПРИЙТИ, УЕЗЖАЮ заранее спасибо",booking,cancel,booking_flow,augmented,complex
2983,Ага!!,conversational,confirmation,conversation_flow,augmented,simple
5591,Благодаюр?!,conversational,gratitude,conversation_flow,augmented,simple
158,"Добрый день, персонал хамит",feedback,negative_staff,escalation_flow,augmented,complex
8317,Спасибоб ольшое?,conversational,gratitude,conversation_flow,augmented,simple
10901,После консультацию всё отлично,feedback,positive_quality,feedback_flow,variation,simple
5040,Есть ортодонт,faq,clinic_info,faq_flow,augmented,simple
9531,"Привет, спасибо!!",conversational,gratitude,conversation_flow,augmented,complex
4393,Это безобразие...,feedback,negative_general,escalation_flow,augmented,simple
1229,"Привет, какая цена на чистку?",faq,price,faq_flow,augmented,complex
4841,Записаться невозможно заранее спасибо,feedback,negative_service,escalation_flow,augmented,simple
1468,Как проходит коронку,faq,procedure,faq_flow,augmented,simple
2980,У меня откололся зуб?!,anamnesis,complaint,anamnesis_flow,augmented,simple
4782,У меня боль от горячего три дня,anamnesis,symptom,anamnesis_flow,variation,medium
1802,Можно перенести на субботу?,booking,reschedule,booking_flow,variation,simple
8671,Что посоветуете спасибо 😢,faq,followup,faq_flow,augmented,simple
8774,Опухла щека,anamnesis,symptom,anamnesis_flow,template,simple
7522,зубм удрости немного болит,anamnesis,symptom,anamnesis_flow,augmented,simple
10569,здрасте 👍,conversational,greeting,conversation_flow,augmented,simple
2646,Температура и болит зуб,anamnesis,symptom,anamnesis_flow,template,simple
7971,Запишите к терапевту,booking,new_appointment,booking_flow,variation,simple
2760,Рекомендую всем знакомым заранее спасибо,feedback,positive_general,feedback_flow,augmented,simple
765,Есть детский кабинет?,faq,clinic_info,faq_flow,template,simple
2533,Беспокоит запах изо рта,anamnesis,symptom,anamnesis_flow,variation,simple
6516,Отмените запись заранее спасибо,booking,cancel,booking_flow,augmented,simple
1893,снимок сколько стоит!,faq,price,faq_flow,augmented,simple
5733,Ка кпроходит консультацию?,faq,procedure,faq_flow,augmented,simple
7989,"Жду уже давно, никто не подходит пожалуйста",feedback,negative_service,escalation_flow,augmented,complex
1084,Нужно имплантацию,anamnesis,services,anamnesis_flow,variation,simple
2637,ЖДАЛ ДАВНО?,feedback,negative_service,escalation_flow,augmented,simple
7329,Есть наркоз?,faq,clinic_info,faq_flow,variation,simple
6319,десна болит постоянно,anamnesis,symptom,anamnesis_flow,variation,simple
1183,"Скажите, планирую имплантацию 😊",anamnesis,services,anamnesis_flow,augmented,complex
6558,Врач ничего не занет,feedback,negative_staff,escalation_flow,augmented,simple
11230,БЫСТРО ЗАПИСАЛИ НА ВТОРНИК!,feedback,positive_service,feedback_flow,augmented,simple
943,После виниры у Козловой стало хуже,feedback,negative_quality,escalation_flow,variation,medium
3614,После консультацию у Кузнецовой стало хуже спасибо,feedback,negative_quality,escalation_flow,augmented,medium
4748,Нашёл свою клинкиу,feedback,positive_general,feedback_flow,augmented,simple
5488,"Подскажите, хочу невидимые каппы",anamnesis,services,anamnesis_flow,augmented,complex
10907,протезирование у Козловой прошло замечательно,feedback,positive_quality,feedback_flow,variation,simple
7346,Планиурю отбеливание,anamnesis,services,anamnesis_flow,augmented,simple
3952,Возможно пожалуйста 😊,conversational,unclear,clarification_flow,augmented,simple
11935,консультацию у сидорова прошло замечательно...,feedback,positive_quality,feedback_flow,augmented,simple
3115,Это безобразие,feedback,negative_general,escalation_flow,template,simple
4746,Сколько нельзя курить после коронку заранее спасибо,faq,visit_prep,faq_flow,augmented,medium
10359,Сколько нельзя есть после пломбирование?,faq,visit_prep,faq_flow,variation,simple
7805,После снимок у Петровой стало хуже,feedback,negative_quality,escalation_flow,variation,medium
10495,Запись к гигиенисту на на этой неделе 👍,booking,new_appointment,booking_flow,augmented,medium
2616,Спасибо за отличную раобту 🦷,feedback,positive_general,feedback_flow,augmented,simple
9353,Перезвоню 😢,conversational,unclear,clarification_flow,augmented,simple
8946,До сивдания,conversational,farewell,conversation_flow,augmented,simple
5336,Не реокменДую,feedback,negative_general,escalation_flow,augmented,simple
1425,"шатается зуб, что делать?",anamnesis,complaint,anamnesis_flow,variation,simple
7296,Интересует имплантация 🙏,anamnesis,services,anamnesis_flow,augmented,simple
3329,Козловой отнёсся невнимательно...,feedback,negative_staff,escalation_flow,augmented,simple
10368,"Здравствуйте, после элайнеры у Новикова стало хуже",feedback,negative_quality,escalation_flow,augmented,complex
5635,Врач Петровой не объяснил зарнаее спасибо,feedback,negative_staff,escalation_flow,augmented,medium
11962,отбеливание у Новикова прошло замечательно,feedback,positive_quality,feedback_flow,variation,simple
2290,Здорово!!,conversational,greeting,conversation_flow,augmented,simple
7897,"Привет, хочу попасть на приём",booking,new_appointment,booking_flow,augmented,complex
11250,Перенесите на сегдоня,booking,reschedule,booking_flow,augmented,simple
10517,Какие врачи работают,faq,clinic_info,faq_flow,augmented,simple
1241,"Привет, мне не перезвонили",feedback,negative_service,escalation_flow,augmented,complex
5710,"Привет, приветствую",conversational,greeting,conversation_flow,augmented,complex
10191,"Добрый день, до свидания спасибо",conversational,farewell,conversation_flow,augmented,complex
2590,Работаете в вторник!!,faq,clinic_info,faq_flow,augmented,simple
5219,Хорошего дня спасибо спасибо,conversational,farewell,conversation_flow,augmented,simple
9491,как подготовиться кп ротезирование?,faq,visit_prep,faq_flow,augmented,simple
1321,верхний зуб болит очень 😊!,anamnesis,symptom,anamnesis_flow,augmented,simple
6944,ПРОФГИГИЕНУ СКОЛЬКО СТОИТ!!,faq,price,faq_flow,augmented,simple
7465,"запах изо рта, что делать?",anamnesis,symptom,anamnesis_flow,variation,simple
11410,Интересеут виниры...,anamnesis,services,anamnesis_flow,augmented,simple
3710,ВРАЧ ИВАНОАВ НЕ ОБЪЯСНИЛ,feedback,negative_staff,escalation_flow,augmented,simple
826,Работаете в на следующей неделе пожалуйста,faq,clinic_info,faq_flow,augmented,medium
4158,Хочу оставить жалобу на Волкова спасибо,feedback,negative_general,escalation_flow,augmented,medium
9191,"Привет, отлично работает онлайн-запись 🦷",feedback,positive_service,feedback_flow,augmented,complex
4993,Есть время на воскресенье?,booking,new_appointment,booking_flow,variation,simple
5547,Нашёл сво юклинику,feedback,positive_general,feedback_flow,augmented,simple
3777,Ждалд авно,feedback,negative_service,escalation_flow,augmented,simple
5483,ВРАЧ ИВАНОВА ВСЁ ПОДРОБНО ОБЪЯСНИЛ 😊,feedback,positive_staff,feedback_flow,augmented,medium
1192,"да, хорошо пожалуйста",conversational,confirmation,conversation_flow,augmented,complex
1105,"Здравствуйте, а вдруг не получится",faq,followup,faq_flow,augmented,complex
9248,Благодаюр вас?,conversational,gratitude,conversation_flow,augmented,simple
10659,"Здравствуйте, перезапишите на день заранее спасибо",booking,reschedule,booking_flow,augmented,complex
10600,Болит зуб мудрости уже два дня,anamnesis,symptom,anamnesis_flow,variation,medium
2503,"Добрый день, спасибо, до свидания 😊",conversational,gratitude,conversation_flow,augmented,complex
5817,Добрый веечр,conversational,greeting,conversation_flow,augmented,simple
7081,Лебедевой отнёсся невнимательно...,feedback,negative_staff,escalation_flow,augmented,simple
1012,Отнеслись наплевательски спасибо,feedback,negative_staff,escalation_flow,augmented,simple
1517,До свиадния 👍,conversational,farewell,conversation_flow,augmented,simple
3964,"жду уже неделю, никто не подходит пожалуйста",feedback,negative_service,escalation_flow,augmented,complex
7628,Перезапишите на вечер 👍,booking,reschedule,booking_flow,augmented,simple
111,Зуб изменил цвет 😊,anamnesis,complaint,anamnesis_flow,augmented,simple
10212,профиггиену у Морозовой прошло замечательно,feedback,positive_quality,feedback_flow,augmented,simple
10085,Планирую снимок 😢,anamnesis,services,anamnesis_flow,augmented,simple
4858,"Привет, привет, не смогу прийти, уезжаю",booking,cancel,booking_flow,augmented,complex
8486,У меня чувствительность со вчера 🦷,anamnesis,symptom,anamnesis_flow,augmented,medium
5082,спасибо спасибо,conversational,gratitude,conversation_flow,augmented,simple
4820,ВРАЧ ЛЕБЕДВЕОЙ НЕ ОБЪЯСНИЛ,feedback,negative_staff,escalation_flow,augmented,simple
11499,Можно без этого 🦷,faq,followup,faq_flow,augmented,simple
2443,Здравствуйте!,conversational,greeting,conversation_flow,template,simple
5046,Можно перенести на среду.,booking,reschedule,booking_flow,augmented,simple
6785,А оябзательно пожалуйста,faq,followup,faq_flow,augmented,simple
10894,"Здравствуйте, хочу изменить время записи!",booking,reschedule,booking_flow,augmented,complex
6811,"здравствуйте, у меня боль при жевании два дня",anamnesis,symptom,anamnesis_flow,augmented,complex
9453,Да 🦷,conversational,confirmation,conversation_flow,augmented,simple
362,снимок у петровой прошло замечательно пожалуйста,feedback,positive_quality,feedback_flow,augmented,medium
938,Запись к хирургу ан на этой неДеле,booking,new_appointment,booking_flow,augmented,medium
7610,кузнецовой очеьн внимательный,feedback,positive_staff,feedback_flow,augmented,simple
10442,Отмените приём пожалуйста заранее спасибо,booking,cancel,booking_flow,augmented,simple
11152,Пеерзвоню,conversational,unclear,clarification_flow,augmented,simple
1341,уберите мою запись 😢,booking,cancel,booking_flow,augmented,simple
2939,Как записаться к авм?,booking,new_appointment,booking_flow,augmented,simple
1265,Хочу имплантацию спасибо заранее спасибо,anamnesis,services,anamnesis_flow,augmented,simple
1843,зуб болит немного,anamnesis,symptom,anamnesis_flow,variation,simple
496,удаление у Сидорова прошло замечательно?,feedback,positive_quality,feedback_flow,augmented,simple
6984,"Добрый день, есть ночной приём?!",faq,clinic_info,faq_flow,augmented,complex
196,Хочу отменить запись 🙏,booking,cancel,booking_flow,augmented,simple
9387,"Подскажите, очень рад что обратился к вам",feedback,positive_general,feedback_flow,augmented,complex
1614,интересует коронку 😊,anamnesis,services,anamnesis_flow,augmented,simple
133,Хороший специалист...,feedback,positive_staff,feedback_flow,augmented,simple
11281,Всего доброго 😢,conversational,farewell,conversation_flow,augmented,simple
10429,реставрацию сколько стоит,faq,price,faq_flow,augmented,simple
11242,Зуб потемнел пожалуйста,anamnesis,complaint,anamnesis_flow,augmented,simple
5178,Запись к имплантологу на вторник 👍,booking,new_appointment,booking_flow,augmented,medium
3939,После консультацию у Петровой стало хуже,feedback,negative_quality,escalation_flow,variation,medium
1821,"Подскажите, зуб шатается",anamnesis,complaint,anamnesis_flow,augmented,complex
7146,"Подскажите, спс",conversational,gratitude,conversation_flow,augmented,complex
5916,"Отмените запись, заболел 🙏",booking,cancel,booking_flow,augmented,complex
5537,ХОЧУ ВОЗВРАТ 🦷,feedback,negative_general,escalation_flow,augmented,simple
1013,После брекеты у Морозовой стало хуже,feedback,negative_quality,escalation_flow,variation,medium
1278,Рядом есть метро 😢,faq,clinic_info,faq_flow,augmented,simple
4507,Можно перезаписаться.,booking,reschedule,booking_flow,augmented,simple
5524,Сколько длится профгигиену 😢,faq,procedure,faq_flow,augmented,simple
8976,"Привет, как подготовиться к отбеливание",faq,visit_prep,faq_flow,augmented,complex
10631,Мне не перезвонили две недели...,feedback,negative_service,escalation_flow,augmented,simple
557,Быстро записали на утро 👍?!,feedback,positive_service,feedback_flow,augmented,simple
8860,Волкова отнёсся невнимательно,feedback,negative_staff,escalation_flow,variation,simple
46,Превосходный сервис 🦷,feedback,positive_general,feedback_flow,augmented,simple
2286,Запись к гигиенисту на понедельник,booking,new_appointment,booking_flow,variation,simple
6628,Добырй вечер пожалуйста,conversational,greeting,conversation_flow,augmented,simple
6404,"Скажите, мне нахамили",feedback,negative_staff,escalation_flow,augmented,complex
2726,"Скажите, смирновой очень внимательный",feedback,positive_staff,feedback_flow,augmented,complex
467,рекомендую друзьям и родным...,feedback,positive_general,feedback_flow,augmented,simple
9228,сколько стоит коронку,faq,price,faq_flow,augmented,simple
10873,"Здравствуйте, перезапишите на утро?",booking,reschedule,booking_flow,augmented,complex
5149,ПЛАНИРУЮ ВИНИРЫ ПОЖАЛУЙСТА,anamnesis,services,anamnesis_flow,augmented,simple
11164,"Привет, пока заранее спасибо",conversational,farewell,conversation_flow,augmented,complex
3661,Очень благодарен заранее спасибо,conversational,gratitude,conversation_flow,augmented,simple
10224,Сколкьо держится?,faq,procedure,faq_flow,augmented,simple
7967,"Добрый день, во сколько обойдётся?",faq,price,faq_flow,augmented,complex
7594,Случилось слетела коронка!!,anamnesis,complaint,anamnesis_flow,augmented,simple
1315,"Подскажите, нагрубили",feedback,negative_staff,escalation_flow,augmented,complex
92,Удобно записаться через сайт!!,feedback,positive_service,feedback_flow,augmented,simple
5225,какую щётку использовать спасибо,faq,visit_prep,faq_flow,augmented,simple
8790,КТ ЭТО БОЛЬНО?!,faq,procedure,faq_flow,augmented,simple
6882,"Подскажите, передний зуб болит периодически",anamnesis,symptom,anamnesis_flow,augmented,complex
9822,Спасибо обльшое 😢,conversational,gratitude,conversation_flow,augmented,simple
8342,Нужно лечение каналов.,anamnesis,services,anamnesis_flow,augmented,simple
7195,реставрацию у Петровой прошло замечательно,feedback,positive_quality,feedback_flow,variation,simple
11939,"Скажите, не уделили внимания",feedback,negative_staff,escalation_flow,augmented,complex
3739,ОТКЛЕИЛАСЬ КОРОНКА...,anamnesis,complaint,anamnesis_flow,augmented,simple
348,морозовой очень внимательный!,feedback,positive_staff,feedback_flow,augmented,simple
4221,Разочарован...,feedback,negative_general,escalation_flow,augmented,simple
438,Не предупредили об изменениях 🦷,feedback,negative_service,escalation_flow,augmented,simple
33,"Скажите, уберите мою запись",booking,cancel,booking_flow,augmented,complex
4860,"подскажите, спасибо за отличную работу",feedback,positive_general,feedback_flow,augmented,complex
11233,Как проходит отбеливание?,faq,procedure,faq_flow,variation,simple
7444,Можно на на этой неделе!,booking,new_appointment,booking_flow,augmented,simple
1685,Недоволен обслуживнаием,feedback,negative_general,escalation_flow,augmented,simple
8320,"Отменит езапись, занят на работе",booking,cancel,booking_flow,augmented,complex
8956,ЗАПИСЬ К ПАРОДОНТОЛОГУ НА ВОСКРЕСЕНЬЕ.,booking,new_appointment,booking_flow,augmented,simple
11563,Есть рассрочка!,faq,price,faq_flow,augmented,simple
1236,Невежливо ответили,feedback,negative_staff,escalation_flow,template,simple
4111,"Привет, врач Кузнецовой всё подробно объяснил",feedback,positive_staff,feedback_flow,augmented,complex
2026,"Подскажите, благодарю вас заранее спасибо",conversational,gratitude,conversation_flow,augmented,complex
10331,Перенесите на утро,booking,reschedule,booking_flow,variation,simple
6325,Сколько длится виниры заранее спасибо!!,faq,procedure,faq_flow,augmented,simple
5107,нужно пломбирование спасибо,anamnesis,services,anamnesis_flow,augmented,simple
6662,Как проходит пломбирование,faq,procedure,faq_flow,augmented,simple
6559,Можно на утро?,booking,new_appointment,booking_flow,variation,simple
3248,"Привет, срочно нужен приём",booking,new_appointment,booking_flow,augmented,complex
10063,"Привет, скажите, не приду",booking,cancel,booking_flow,augmented,complex
6187,Интересует брекеты,anamnesis,services,anamnesis_flow,variation,simple
8856,Запись к эндодонтисту на сегодня,booking,new_appointment,booking_flow,variation,simple
3116,После чистку у НОвикова стало хуже спасибо,feedback,negative_quality,escalation_flow,augmented,medium
6886,ХОЧУ РЕСТАВРАЦИЮ!!,anamnesis,services,anamnesis_flow,augmented,simple
3305,"Отмените, пожалуйста?!",booking,cancel,booking_flow,augmented,complex
751,удаление сколько стоит заранее спасибо пожалуйста,faq,price,faq_flow,augmented,medium
4801,Врач очень внимательный,feedback,positive_staff,feedback_flow,template,simple
11256,сколько нельзя пить после реставрацию 👍,faq,visit_prep,faq_flow,augmented,medium
8362,что лучше выбрать,faq,procedure,faq_flow,augmented,simple
2481,удаление у Смирновой прошло замечательно,feedback,positive_quality,feedback_flow,variation,simple
11117,Недоволен обслуижванием в клинике,feedback,negative_general,escalation_flow,augmented,simple
6545,"Подскажите, недопустмио",feedback,negative_general,escalation_flow,augmented,complex
5094,Всего хорошего,conversational,farewell,conversation_flow,template,simple
7282,коренной зуб болит постоянно,anamnesis,symptom,anamnesis_flow,variation,simple
2226,Как проходит виниры?,faq,procedure,faq_flow,variation,simple
8515,"Подскажите, всего доброго",conversational,farewell,conversation_flow,augmented,complex
9528,Работает ев сегодня?,faq,clinic_info,faq_flow,augmented,simple
1147,Довольна на все 100%.,feedback,positive_general,feedback_flow,augmented,simple
2259,СКОЛЬКО СТОИТ СОМОТР?,faq,price,faq_flow,augmented,simple
3509,До свидания заранее спасибо?!,conversational,farewell,conversation_flow,augmented,simple
3064,Приду к вам ещё 🙏,feedback,positive_general,feedback_flow,augmented,simple
8365,"Скажите, конечно",conversational,confirmation,conversation_flow,augmented,complex
5654,Сказали что записи нет 🙏,feedback,negative_service,escalation_flow,augmented,simple
5479,Здорово?,conversational,greeting,conversation_flow,augmented,simple
10591,Хочу оставить жалоб уна Козловой,feedback,negative_general,escalation_flow,augmented,simple
3916,"Здравствуйте, какие ещё варианты.",faq,followup,faq_flow,augmented,complex
3057,Иванова настоящий профессионал?!,feedback,positive_staff,feedback_flow,augmented,simple
4662,Пломба как новая уже полгода,feedback,positive_quality,feedback_flow,template,simple
13,Послел ечение кариеса у Волкова стало хуже,feedback,negative_quality,escalation_flow,augmented,medium
4488,Быстро записали на понедельник,feedback,positive_service,feedback_flow,variation,simple
6411,Благодарю?!,conversational,gratitude,conversation_flow,augmented,simple
11123,Сайт не работает!!,feedback,negative_service,escalation_flow,augmented,simple
7076,Сколько нельзя пить после протезирование?,faq,visit_prep,faq_flow,variation,simple
10936,Всего хорошего 😢 заранее спасибо,conversational,farewell,conversation_flow,augmented,simple
2366,Интересует лечение каналов спасибо,anamnesis,services,anamnesis_flow,augmented,simple
7326,Уберите мою запись 😢 пожалуйста,booking,cancel,booking_flow,augmented,simple
1194,А ЕСЛИ НЕ ПОМОЖЕТ,faq,followup,faq_flow,augmented,simple
3968,"Отмените запись, уезжаю.",booking,cancel,booking_flow,augmented,complex
11187,семёрка болит немного,anamnesis,symptom,anamnesis_flow,variation,simple
6490,Сколько дерижтся?,faq,procedure,faq_flow,augmented,simple
10596,До свтречи,conversational,farewell,conversation_flow,augmented,simple
3370,Рабтоаете в на следующей неделе?,faq,clinic_info,faq_flow,augmented,simple
6986,Как проходит протезирование спасибо,faq,procedure,faq_flow,augmented,simple
10290,Пломба выпала 👍,anamnesis,complaint,anamnesis_flow,augmented,simple
3017,"Добрый день, есть седация?",faq,clinic_info,faq_flow,augmented,complex
9305,Ок 🦷,conversational,confirmation,conversation_flow,augmented,simple
7597,Интересует консультацию,anamnesis,services,anamnesis_flow,variation,simple
9938,осмотр у Иванова прошло замечательно,feedback,positive_quality,feedback_flow,variation,simple
8328,"Привет, можно сегодня!",booking,new_appointment,booking_flow,augmented,complex
5839,"Спасибо, всё понравилось",feedback,positive_general,feedback_flow,template,simple
4441,сидорова очень внимательный 👍,feedback,positive_staff,feedback_flow,augmented,simple
9182,Что будут делать пожалуйста,faq,procedure,faq_flow,augmented,simple
10668,Приняли вовремя,feedback,positive_service,feedback_flow,template,simple
2200,"Добрый день, крайне недоволен",feedback,negative_general,escalation_flow,augmented,complex
9741,Понял опжалуйста,conversational,confirmation,conversation_flow,augmented,simple
4668,До скорого 👍,conversational,farewell,conversation_flow,augmented,simple
11355,"Здравствуйте, иванова очень внимательный спасибо",feedback,positive_staff,feedback_flow,augmented,complex
2104,Зубы не выровнялись...,feedback,negative_quality,escalation_flow,augmented,simple
4192,У меня ноющая боль с утра.,anamnesis,symptom,anamnesis_flow,augmented,medium
5230,Перенесите на на следующей неделе 👍,booking,reschedule,booking_flow,augmented,medium
5075,УДОБНЫЙ ОНЛАЙН-СЕРВИС!!,feedback,positive_service,feedback_flow,augmented,simple
10649,"Подскажите, почём элайнеры?",faq,price,faq_flow,augmented,complex
6965,"Добрый день, где оставить жалобу?",feedback,negative_general,escalation_flow,augmented,complex
11724,Некомпетентный врач?,feedback,negative_staff,escalation_flow,augmented,simple
9391,Врачн е объяснил,feedback,negative_staff,escalation_flow,augmented,simple
6337,"Заболел, не приду",booking,cancel,booking_flow,template,simple
4378,"добрый день, да, конечно",conversational,confirmation,conversation_flow,augmented,complex
5525,удаление это больно заранее спасибо,faq,procedure,faq_flow,augmented,simple
1213,Нужно изменить дату приёма 🙏,booking,reschedule,booking_flow,augmented,simple
192,Сколько стоит лечение,faq,price,faq_flow,augmented,simple
3083,Врач опоздал!,feedback,negative_service,escalation_flow,augmented,simple
10417,Мне не перезвонили со вчера 👍,feedback,negative_service,escalation_flow,augmented,medium
1897,элайнеры это больно?,faq,procedure,faq_flow,variation,simple
3192,Можно сегодня?,booking,new_appointment,booking_flow,template,simple
3119,Отличная килника,feedback,positive_general,feedback_flow,augmented,simple
8575,Хорошего ндя?,conversational,farewell,conversation_flow,augmented,simple
9662,"Привет, прикусил ёщку",anamnesis,complaint,anamnesis_flow,augmented,complex
4704,Ладно пожалусйта,conversational,confirmation,conversation_flow,augmented,simple
8102,Клиника просто супер 🦷,feedback,positive_general,feedback_flow,augmented,simple
5956,Алло заранее спасибо!!,conversational,greeting,conversation_flow,augmented,simple
10963,"Добрый день, прикус изменился после лечения",feedback,negative_quality,escalation_flow,augmented,complex
4852,Здравствуйте спасибо заранее спасибо,conversational,greeting,conversation_flow,augmented,simple
9649,"Привет, после имплантацию у Козловой стало хуже.",feedback,negative_quality,escalation_flow,augmented,complex
7728,Сидороав отнёсся невнимательно пожалуйста,feedback,negative_staff,escalation_flow,augmented,simple
5422,Клиника на высоте,feedback,positive_general,feedback_flow,template,simple
10627,Сколько стоит удалить зуб?,faq,price,faq_flow,template,simple
11784,"Привет, есть 3D-томограф заранее спасибо",faq,clinic_info,faq_flow,augmented,complex
3560,Запишите на имплантацию,booking,new_appointment,booking_flow,variation,simple
4736,"Спасибо, до свидания спасибо",conversational,gratitude,conversation_flow,augmented,complex
4670,Стало хуже после лечения,feedback,negative_quality,escalation_flow,template,simple
11905,после лечения у Морозовой боль осталась!,feedback,negative_quality,escalation_flow,augmented,medium
8068,Эй.,conversational,greeting,conversation_flow,augmented,simple
1404,Хочу отказаться от записи заранее спасибо пожалуйста,booking,cancel,booking_flow,augmented,medium
5055,почём реставрацию!,faq,price,faq_flow,augmented,simple
4608,нижняя десна постоянно болит,anamnesis,symptom,anamnesis_flow,variation,simple
7497,нижняя десна очень болит 👍,anamnesis,symptom,anamnesis_flow,augmented,simple
11906,"Здравствуйте, спасибо большое",conversational,gratitude,conversation_flow,augmented,complex
11431,отлично работает онлайн-запись 🙏,feedback,positive_service,feedback_flow,augmented,simple
5925,"Подскажите, прощайте 👍",conversational,farewell,conversation_flow,augmented,complex
1486,"ЗДРАВСТВУЙТЕ, ХОЧУ СНИМОК",anamnesis,services,anamnesis_flow,augmented,complex
11771,Рекомендую клинику всем друзьям!!,feedback,positive_general,feedback_flow,augmented,simple
6950,"Скажите, ждал со вчера",feedback,negative_service,escalation_flow,augmented,complex
10942,Спасибо боьлшое,conversational,gratitude,conversation_flow,augmented,simple
6368,"Скажите, да, конечно",conversational,confirmation,conversation_flow,augmented,complex
11649,"Подскажите, хочу оставить жалобу на Козловой 🦷",feedback,negative_general,escalation_flow,augmented,complex
9726,зуб мудрости сильно болит,anamnesis,symptom,anamnesis_flow,variation,simple
7495,"Добрый день, вра чбыл груб",feedback,negative_staff,escalation_flow,augmented,complex
4095,Спасибо за опмощь,conversational,gratitude,conversation_flow,augmented,simple
8796,Перезапишите на утро спасибо?!,booking,reschedule,booking_flow,augmented,simple
9129,Может быть,conversational,unclear,clarification_flow,template,simple
8673,"Здравствуйте, брекеты это больно?",faq,procedure,faq_flow,augmented,complex
10204,А чтоб удет если?,faq,followup,faq_flow,augmented,simple
2697,Буду!,conversational,confirmation,conversation_flow,augmented,simple
3063,Смирновой настоящий профессионал?,feedback,positive_staff,feedback_flow,augmented,simple
1540,"Добрый день, прощайте 😊",conversational,farewell,conversation_flow,augmented,complex
9033,передний зуб постоянно болит,anamnesis,symptom,anamnesis_flow,variation,simple
9986,Доброе утро спасибо заранее спасибо,conversational,greeting,conversation_flow,augmented,simple
3184,"Скажите, персонал приветливый",feedback,positive_staff,feedback_flow,augmented,complex
2004,Можно перенести на послезавтра!!,booking,reschedule,booking_flow,augmented,simple
8253,"Добрый день, администратор очень помог?",feedback,positive_service,feedback_flow,augmented,complex
2244,ЗаПись к хирургу нав ечер,booking,new_appointment,booking_flow,augmented,simple
4446,ПриветСтвую!!,conversational,greeting,conversation_flow,augmented,simple
9146,Работаете в сегодня?,faq,clinic_info,faq_flow,variation,simple
3432,Прекрасный персонал,feedback,positive_staff,feedback_flow,template,simple
304,Администратор очень помог спасибо,feedback,positive_service,feedback_flow,augmented,simple
9200,Доброе туро!!,conversational,greeting,conversation_flow,augmented,simple
336,"Подскажите, всего доброго спасибо",conversational,farewell,conversation_flow,augmented,complex
3547,У меня чувствительность со вчера,anamnesis,symptom,anamnesis_flow,variation,simple
5127,"Здравствуйте, здравствуйте, записали на удобное время",feedback,positive_service,feedback_flow,augmented,complex
1901,"Жду уже с утра, никто не подходит 🙏",feedback,negative_service,escalation_flow,augmented,complex
10785,Как ухаживать после лечения?,faq,visit_prep,faq_flow,template,simple
10458,Перенесите на на этой неделе,booking,reschedule,booking_flow,variation,simple
9323,"боль от горячего, что делать!",anamnesis,symptom,anamnesis_flow,augmented,complex
184,"Жду уже давно, никто не подходит 👍",feedback,negative_service,escalation_flow,augmented,complex
3070,Записали без проблем,feedback,positive_service,feedback_flow,template,simple
10991,ГРУБОО БОШЛИСЬ,feedback,negative_staff,escalation_flow,augmented,simple
1570,что нельзя после консультацию 🙏,faq,visit_prep,faq_flow,augmented,simple
301,После лечение кариеса у Смирновой стало хуже,feedback,negative_quality,escalation_flow,variation,medium
4546,"скажите, до встречи",conversational,farewell,conversation_flow,augmented,complex
6272,"Здравствуйте, хочу пломбирование",anamnesis,services,anamnesis_flow,augmented,complex
955,Зуб треснул?!,anamnesis,complaint,anamnesis_flow,augmented,simple
417,Согласен 🙏,conversational,confirmation,conversation_flow,augmented,simple
8054,Сколько стоит отбеливание?,faq,price,faq_flow,template,simple
6031,Какие ещё варианты 😢,faq,followup,faq_flow,augmented,simple
9934,реставрацию не помогло,feedback,negative_quality,escalation_flow,variation,simple
1267,Врач опоздал спасибо,feedback,negative_service,escalation_flow,augmented,simple
242,"Здравствуйте, сколько длится профгигиену?",faq,procedure,faq_flow,augmented,complex
10101,Всемр екомендую,feedback,positive_general,feedback_flow,augmented,simple
234,"Скажите, не увЕрен",conversational,unclear,clarification_flow,augmented,complex
11356,профгигиену у Волкова прошло замечательно спасибо,feedback,positive_quality,feedback_flow,augmented,medium
8861,можно без этого 👍,faq,followup,faq_flow,augmented,simple
3107,"Добрый день, нужно отменить",booking,cancel,booking_flow,augmented,complex
2320,Ждал приёма слишком доЛго заранее спасибо,feedback,negative_service,escalation_flow,augmented,medium
2763,Что нельзя после чистку?,faq,visit_prep,faq_flow,variation,simple
9579,РАБОТАЕТЕ В СУББОТУ СПАСИБО,faq,clinic_info,faq_flow,augmented,simple
5734,Скололась эмаль спасибо,anamnesis,complaint,anamnesis_flow,augmented,simple
1531,Запись к имплантологу на послезавтра,booking,new_appointment,booking_flow,variation,simple
213,А обязАтельно 🙏,faq,followup,faq_flow,augmented,simple
2467,Запись к ортодонту на воскресенье,booking,new_appointment,booking_flow,variation,simple
10939,"Здравствуйте, перенесите на втроник",booking,reschedule,booking_flow,augmented,complex
8601,Врач от бога!,feedback,positive_staff,feedback_flow,augmented,simple
4242,Запись к пародонтологу на вечер,booking,new_appointment,booking_flow,variation,simple
4228,Планирую брекеты?!,anamnesis,services,anamnesis_flow,augmented,simple
9199,Можно перезаписаться...,booking,reschedule,booking_flow,augmented,simple
2512,После осмотр у Петровой стало хуже,feedback,negative_quality,escalation_flow,variation,medium
4733,Планирую элайнеры,anamnesis,services,anamnesis_flow,variation,simple
10993,"ДОБРЫЙ ДЕНЬ, ИНТЕРЕСУЕТ ОТБЕЛИВАНИЕ",anamnesis,services,anamnesis_flow,augmented,complex
3093,"Привет, интересует отбеливание",anamnesis,services,anamnesis_flow,augmented,complex
9237,Запишите на протезирование 😢 🙏,booking,new_appointment,booking_flow,augmented,simple
353,"Добрый день, благодарю?!",conversational,gratitude,conversation_flow,augmented,complex
735,Запишите на чистку,booking,new_appointment,booking_flow,template,simple
3541,"Привет, не смог дозвониться",feedback,negative_service,escalation_flow,augmented,complex
10302,Всего доброго?,conversational,farewell,conversation_flow,augmented,simple
11271,"Привет, консультацию у Смирновой прошло замечательно",feedback,positive_quality,feedback_flow,augmented,complex
275,Сколько стоит элайнеры?,faq,price,faq_flow,variation,simple
3176,петровой был груб!!,feedback,negative_staff,escalation_flow,augmented,simple
8942,кт у морозовой прошлоз амечательно,feedback,positive_quality,feedback_flow,augmented,simple
9051,"Скажите, до свидания заранее спасибо",conversational,farewell,conversation_flow,augmented,complex
7482,Какие ещё варианты?!,faq,followup,faq_flow,augmented,simple
11498,"Добрый день, ок",conversational,confirmation,conversation_flow,augmented,complex
4034,"Добрый день, а если я не буду!",faq,followup,faq_flow,augmented,complex
4906,Появилась дырка в зубе!,anamnesis,complaint,anamnesis_flow,augmented,simple
4412,ПРОЩАЙТЕ.,conversational,farewell,conversation_flow,augmented,simple
399,Сколько нельзя заниматься спортом после коронку 😢,faq,visit_prep,faq_flow,augmented,medium
5396,Прикусил щёку,anamnesis,complaint,anamnesis_flow,template,simple
3218,пломбирование у Иванова прошло замечательно,feedback,positive_quality,feedback_flow,variation,simple
4198,Можно перенести на послезавтра!,booking,reschedule,booking_flow,augmented,simple
3351,Не уверен 😢,conversational,unclear,clarification_flow,augmented,simple
7006,Хорошего дня 😊!,conversational,farewell,conversation_flow,augmented,simple
7319,Хорошего дня,conversational,farewell,conversation_flow,template,simple
6818,Коронка слетела.,anamnesis,complaint,anamnesis_flow,augmented,simple
5005,МОЖНО БЕЗ ЭТОГО спасибо,faq,followup,faq_flow,augmented,simple
954,Есть ли скидки?,faq,price,faq_flow,template,simple
7278,Спасибо.,conversational,gratitude,conversation_flow,augmented,simple
3980,лечение каналов у Морозовой прошло замечательно,feedback,positive_quality,feedback_flow,variation,medium
1594,Принимаете AppleP ay?,faq,clinic_info,faq_flow,augmented,simple
857,Перезвоню 😊,conversational,unclear,clarification_flow,augmented,simple
3772,"Подскажите, добрый день, добрый вечер!",conversational,greeting,conversation_flow,augmented,complex
6611,Запись к пародонтологу на субботу,booking,new_appointment,booking_flow,variation,simple
4311,Здравтсвуйте!,conversational,greeting,conversation_flow,augmented,simple
10535,Доброе урто!,conversational,greeting,conversation_flow,augmented,simple
477,До которого часа приём!!,faq,clinic_info,faq_flow,augmented,simple
967,Можно на другой день зараНее спасибо,booking,reschedule,booking_flow,augmented,medium
8690,"Подскажите, а можно по-другому?",faq,followup,faq_flow,augmented,complex
9529,Рекомендую клинику всем друзьям?,feedback,positive_general,feedback_flow,augmented,simple
4555,Работаете в праздники 😊,faq,clinic_info,faq_flow,augmented,simple
6759,можноб ез этого?,faq,followup,faq_flow,augmented,simple
4409,"Подскажите, осмотр у Петровой прошло замечательно",feedback,positive_quality,feedback_flow,augmented,complex
787,Хочу отказаться от записи пожалуйста,booking,cancel,booking_flow,augmented,simple
11725,Запись к парОдонтологун а послезавтра,booking,new_appointment,booking_flow,augmented,simple
3992,Отлично работает онлайн-запись 😊,feedback,positive_service,feedback_flow,augmented,simple
6779,Сколько длится осморт,faq,procedure,faq_flow,augmented,simple
9867,Очень доволен клиникой 🦷,feedback,positive_general,feedback_flow,augmented,simple
11087,отбеливание это больно 👍,faq,procedure,faq_flow,augmented,simple
10721,"Здравствуйте, работаете в выходные?",faq,clinic_info,faq_flow,augmented,complex
1369,"треснул зуб, что делать",anamnesis,complaint,anamnesis_flow,augmented,complex
3263,Позовите главврача?,feedback,negative_general,escalation_flow,augmented,simple
3526,СЛОМАЛСЯ ПРОТЕЗ!,anamnesis,complaint,anamnesis_flow,augmented,simple
7442,Это правда необходимо?,faq,followup,faq_flow,template,simple
9018,Не сообщили о пеерносе 🦷,feedback,negative_service,escalation_flow,augmented,simple
3026,"Скаижте, здрасте",conversational,greeting,conversation_flow,augmented,complex
339,"Подскажите, персонал был недоброжелателен",feedback,negative_staff,escalation_flow,augmented,complex
1963,"Подскажите, добрый вечер!",conversational,greeting,conversation_flow,augmented,complex
994,Можно есть перед приёмом?,faq,visit_prep,faq_flow,template,simple
5899,"Добрый день, лечение кариеса у Иванова прошло замечательно",feedback,positive_quality,feedback_flow,augmented,complex
10952,У меня пульсирующая боль два дня,anamnesis,symptom,anamnesis_flow,variation,medium
5821,Ладно...,conversational,confirmation,conversation_flow,augmented,simple
10925,"Скажите, рабтоаете в вечер?",faq,clinic_info,faq_flow,augmented,complex
6619,Спасибо большое заранее спасибо...,conversational,gratitude,conversation_flow,augmented,simple
1636,Перезпаишите на утро,booking,reschedule,booking_flow,augmented,simple
4052,"Здравствуйте, врач Петровой всё подробно объяснил",feedback,positive_staff,feedback_flow,augmented,complex
3903,Перенесите на сегодня?!,booking,reschedule,booking_flow,augmented,simple
8538,хочу красивую улыбку 🦷,anamnesis,services,anamnesis_flow,augmented,simple
5572,У меня треснул зуб 🦷!!,anamnesis,complaint,anamnesis_flow,augmented,simple
2489,Хоуч оставить жалобу на Кузнецовой.,feedback,negative_general,escalation_flow,augmented,simple
9754,Врач Козловой не объяснил.,feedback,negative_staff,escalation_flow,augmented,simple
7140,Не рипду,booking,cancel,booking_flow,augmented,simple
9316,Сколько нельзя пить алкоголь после реставрацию.,faq,visit_prep,faq_flow,augmented,medium
330,"Не смогу прийти, уезжаю!",booking,cancel,booking_flow,augmented,complex
11374,Случилось треснул зуб пожалуйста,anamnesis,complaint,anamnesis_flow,augmented,simple
8066,"Жду уже несколько дней, никто не подходит?!",feedback,negative_service,escalation_flow,augmented,complex
6589,До свидания 🙏,conversational,farewell,conversation_flow,augmented,simple
11922,"Скажите, не смогу прийти, форс-мажор",booking,cancel,booking_flow,augmented,complex
10444,Мне не перезвониил две недели,feedback,negative_service,escalation_flow,augmented,simple
5372,Добрый днеь,conversational,greeting,conversation_flow,augmented,simple
11113,Снова болит после лечения 😢,feedback,negative_quality,escalation_flow,augmented,simple
8902,Планирую профгигиену,anamnesis,services,anamnesis_flow,variation,simple
5503,Не прдиу,booking,cancel,booking_flow,augmented,simple
6615,Есть микроскоп...,faq,clinic_info,faq_flow,augmented,simple
7093,Планирую лечение каналов 🙏,anamnesis,services,anamnesis_flow,augmented,simple
3452,"Подскажите, возможно",conversational,unclear,clarification_flow,augmented,complex
10196,Запись потеряли...,feedback,negative_service,escalation_flow,augmented,simple
3473,Не совсем понял 😊,faq,followup,faq_flow,augmented,simple
7064,иванова отнёсся невнимательно пожалуйста,feedback,negative_staff,escalation_flow,augmented,simple
2598,Доброе утро заранее сапсибо,conversational,greeting,conversation_flow,augmented,simple
10986,"Скажите, моя любимая клиника заранее спасибо",feedback,positive_general,feedback_flow,augmented,complex
10109,ждалм есяц,feedback,negative_service,escalation_flow,augmented,simple
2452,А если не пмоожет?,faq,followup,faq_flow,augmented,simple
7644,Хооршо!,conversational,confirmation,conversation_flow,augmented,simple
7403,Это возмутительно 🙏,feedback,negative_general,escalation_flow,augmented,simple
3267,А обязательно заранее спасибо,faq,followup,faq_flow,augmented,simple
4635,ВСЕГО ХОРОШЕГО!,conversational,farewell,conversation_flow,augmented,simple
4630,Очень лбагодарен,conversational,gratitude,conversation_flow,augmented,simple
7737,Крайне недоволен?,feedback,negative_general,escalation_flow,augmented,simple
977,Лучшие стоматологи заранее спасибо,feedback,positive_general,feedback_flow,augmented,simple
4805,Иванова очень внимательный?,feedback,positive_staff,feedback_flow,augmented,simple
3841,Надо посоветоваться,conversational,unclear,clarification_flow,template,simple
4360,"добрый день, рекомендую клинику всем друзьям",feedback,positive_general,feedback_flow,augmented,complex
6390,Как проходит лечение каналов?,faq,procedure,faq_flow,variation,simple
5411,"Привет, сразу перезвонили",feedback,positive_service,feedback_flow,augmented,complex
10044,"Скажите, приём начался вовремя.",feedback,positive_service,feedback_flow,augmented,complex
3277,Что нельзя после чистку 👍,faq,visit_prep,faq_flow,augmented,simple
2043,Возможно 🙏,conversational,unclear,clarification_flow,augmented,simple
9335,Сколько длится реставрацию?,faq,procedure,faq_flow,variation,simple
7459,Иванова отнёсся невнимательно,feedback,negative_staff,escalation_flow,variation,simple
10509,"Подскажите, делаете панорамный снимок?",faq,clinic_info,faq_flow,augmented,complex
11032,"Подскажите, после чистку у Кузнецовой стало хуже?!",feedback,negative_quality,escalation_flow,augmented,complex
740,"Да, хорошо 😢",conversational,confirmation,conversation_flow,augmented,complex
1865,Хочу изменить время записи спасибо,booking,reschedule,booking_flow,augmented,simple
3542,Язвочки на слизистой заранее спасибо,anamnesis,complaint,anamnesis_flow,augmented,simple
6470,Как подготовиться к удалнеие?,faq,visit_prep,faq_flow,augmented,simple
10295,Какие документы взять...,faq,visit_prep,faq_flow,augmented,simple
8908,лечение каиреса это больно?,faq,procedure,faq_flow,augmented,simple
4636,"Привет, а что лучше спасибо",faq,followup,faq_flow,augmented,complex
7155,Что нельзя после элайнеры?,faq,visit_prep,faq_flow,variation,simple
10336,Прщоайте,conversational,farewell,conversation_flow,augmented,simple
10790,Зубы не выровнялись,feedback,negative_quality,escalation_flow,template,simple
2978,работаете в праздники!,faq,clinic_info,faq_flow,augmented,simple
5333,Срок службы 🙏,faq,procedure,faq_flow,augmented,simple
6357,Какую наестезию используете?,faq,procedure,faq_flow,augmented,simple
11481,Врач КозЛовой не объяснил...,feedback,negative_staff,escalation_flow,augmented,simple
9,Зуб потеменл,anamnesis,complaint,anamnesis_flow,augmented,simple
1932,"Добрый день, перенесите на завтра заранее спасибо",booking,reschedule,booking_flow,augmented,complex
4113,"Отмените запись,з анят на работе 👍",booking,cancel,booking_flow,augmented,complex
6032,"Здравствуйте, сколько нельзя пить после чистку",faq,visit_prep,faq_flow,augmented,complex
10211,"Скажите, благодарю?!",conversational,gratitude,conversation_flow,augmented,complex
10723,УДОБНО ЧТО РАБОТАЕТЕ ВЕЧЕР СПАСИБО,feedback,positive_service,feedback_flow,augmented,simple
11862,какую аенстезию используете?,faq,procedure,faq_flow,augmented,simple
3731,Быстро записали на воскресенье спасибо.,feedback,positive_service,feedback_flow,augmented,simple
9019,"ВСЁ ОТЛИЧНО, СПАСИБО пожалуйста",feedback,positive_general,feedback_flow,augmented,complex
1676,Не ршеил ещё,conversational,unclear,clarification_flow,augmented,simple
4710,Клиника работает как чАсы...,feedback,positive_service,feedback_flow,augmented,simple
1277,верхний зуб периодически болит 🙏,anamnesis,symptom,anamnesis_flow,augmented,simple
3294,Прай.с..,faq,price,faq_flow,augmented,simple
2870,До свиадния,conversational,farewell,conversation_flow,augmented,simple
5656,АЛЛО...,conversational,greeting,conversation_flow,augmented,simple
2308,"Скажите, понял 😊",conversational,confirmation,conversation_flow,augmented,complex
7534,После консультацию у Новикова стало хуже,feedback,negative_quality,escalation_flow,variation,medium
2327,"Здравствуйте, привет",conversational,greeting,conversation_flow,augmented,complex
3522,РЕКОМЕНДУЮ ВСЕМ ЗНАКОМЫМ?!,feedback,positive_general,feedback_flow,augmented,simple
3620,Сколько нельзя пить алкоголь после протезирование заранее спасибо?,faq,visit_prep,faq_flow,augmented,medium
6427,Расскаижте больше,faq,followup,faq_flow,augmented,simple
8072,Добры йдень,conversational,greeting,conversation_flow,augmented,simple
6736,Отказ от записи 😢,booking,cancel,booking_flow,augmented,simple
10170,Хочу оставить жалобу на Смирновой...,feedback,negative_general,escalation_flow,augmented,simple
2554,лечение каналов у Иванова прошло замечательно,feedback,positive_quality,feedback_flow,variation,medium
6165,Нес ейчас,conversational,unclear,clarification_flow,augmented,simple
4804,Врач был невнимателен,feedback,negative_staff,escalation_flow,template,simple
586,Работаете в в ближайшее время?,faq,clinic_info,faq_flow,variation,simple
6891,"Привет, а обязательно?",faq,followup,faq_flow,augmented,complex
9434,Петровой настоящий профессионал,feedback,positive_staff,feedback_flow,variation,simple
9126,Хочу оставить жалобу на Смирновой заранее спасибо,feedback,negative_general,escalation_flow,augmented,medium
7735,Администратор нахамил,feedback,negative_staff,escalation_flow,template,simple
4639,"Привет, ждал неделю",feedback,negative_service,escalation_flow,augmented,complex
4358,Очень разочарован заранее спасибо,feedback,negative_general,escalation_flow,augmented,simple
1666,"Добрый день, хочу оставить жалобу на Морозовой",feedback,negative_general,escalation_flow,augmented,complex
3576,"слетела коронка, что делать!",anamnesis,complaint,anamnesis_flow,augmented,complex
84,"Добрый день, недопустимо",feedback,negative_general,escalation_flow,augmented,complex
7581,Лучише стоматологи заранее спасибо,feedback,positive_general,feedback_flow,augmented,simple
6051,"Здравствуйте, спасибо, до свидания пожалуйста",conversational,gratitude,conversation_flow,augmented,complex
2775,"СКАЖИТЕ, ВРАЧ КУЗНЕЦОВОЙ ВСЁ ПОДРОБНО ОБЪЯСНИЛ",feedback,positive_staff,feedback_flow,augmented,complex
3373,После протезирование у Петровой стало хуже,feedback,negative_quality,escalation_flow,variation,medium
9660,можно перенести на послезавтра заранее спасибо,booking,reschedule,booking_flow,augmented,medium
7425,Добрый вечер 🙏,conversational,greeting,conversation_flow,augmented,simple
8089,Отмена азписи,booking,cancel,booking_flow,augmented,simple
9081,Доволен качеством работы,feedback,positive_quality,feedback_flow,template,simple
6791,Неокмпетентный врач,feedback,negative_staff,escalation_flow,augmented,simple
8487,Есть WhatsApp!,faq,clinic_info,faq_flow,augmented,simple
1471,Сколько нельзя есть после коронку 😊,faq,visit_prep,faq_flow,augmented,medium
6819,Быстро записали на завтра!!,feedback,positive_service,feedback_flow,augmented,simple
2055,Администратор милая и приветливая,feedback,positive_staff,feedback_flow,template,simple
3802,ДО СКОРОГО 😊,conversational,farewell,conversation_flow,augmented,simple
4494,Прощайте?,conversational,farewell,conversation_flow,augmented,simple
2889,"Скажите, моЖно перенести на на следующей неделе?",booking,reschedule,booking_flow,augmented,complex
1335,"Здравствуйте, пока спасибо",conversational,farewell,conversation_flow,augmented,complex
10198,"Подскажите, не смогу прийти, уезжаю",booking,cancel,booking_flow,augmented,complex
8622,реставрацию у Сидорова прошло замечательно,feedback,positive_quality,feedback_flow,variation,simple
9739,"Здравствуйте, хочу оставить жалобу на Новикова",feedback,negative_general,escalation_flow,augmented,complex
432,После КТ у Лебедевой стало хуже,feedback,negative_quality,escalation_flow,variation,medium
11890,консульатцию сколько стоит?,faq,price,faq_flow,augmented,simple
7877,"ДобРый день, почём?",faq,price,faq_flow,augmented,complex
707,Ждла давно,feedback,negative_service,escalation_flow,augmented,simple
8024,Как подготовиться к удаление!!,faq,visit_prep,faq_flow,augmented,simple
6241,"ПРИВЕТ, ДОБРЫЙ ДЕНЬ!",conversational,greeting,conversation_flow,augmented,complex
11089,Появилась язвочка во рту,anamnesis,complaint,anamnesis_flow,template,simple
291,имплантацию у Иванова прошло замечательно 👍,feedback,positive_quality,feedback_flow,augmented,medium
3884,Треснул зуб,anamnesis,complaint,anamnesis_flow,template,simple
9299,Согласен!!,conversational,confirmation,conversation_flow,augmented,simple
9104,"Добрый день, замечательная медСестра",feedback,positive_staff,feedback_flow,augmented,complex
7455,Есть седация заранее спасибо,faq,clinic_info,faq_flow,augmented,simple
736,"Привет, больше не приду",feedback,negative_general,escalation_flow,augmented,complex
5585,Пока...,conversational,farewell,conversation_flow,augmented,simple
10004,Прикусил язык 🦷,anamnesis,complaint,anamnesis_flow,augmented,simple
11275,После пломбирование у Кузнецовой стало хуже,feedback,negative_quality,escalation_flow,variation,medium
8686,"Здравствуйте, что нельзя после элайнеры?",faq,visit_prep,faq_flow,augmented,complex
5327,можно записаться онлайн 🙏,faq,clinic_info,faq_flow,augmented,simple
6778,"Скажите, принято",conversational,confirmation,conversation_flow,augmented,complex
8378,Хооршегод ня,conversational,farewell,conversation_flow,augmented,simple
4940,Язвочки на слизистой пожалуйста 🦷,anamnesis,complaint,anamnesis_flow,augmented,simple
371,У меян треснул зуб,anamnesis,complaint,anamnesis_flow,augmented,simple
1001,Козловой был груб!!,feedback,negative_staff,escalation_flow,augmented,simple
1880,СКОЛЬКО НЕЛЬЗЯ КУРИТЬ ПОСЛЕ СНИМОК 😊,faq,visit_prep,faq_flow,augmented,medium
6134,БЫСТРО ЗАПИСАЛИ НА СУББОТУ.,feedback,positive_service,feedback_flow,augmented,simple
5320,"Привет, благодарю вас",conversational,gratitude,conversation_flow,augmented,complex
8727,Хочу оставить жалобу на Новикова 😊,feedback,negative_general,escalation_flow,augmented,medium
1855,"Подскажите, пока 🙏",conversational,farewell,conversation_flow,augmented,complex
5049,Работаете в послезавтра 😊,faq,clinic_info,faq_flow,augmented,simple
10663,Запись к имплантологу на субботу,booking,new_appointment,booking_flow,variation,simple
9889,Сразу перезвонили 🦷,feedback,positive_service,feedback_flow,augmented,simple
10162,"скажите, жду уже месяц, никто не подходит",feedback,negative_service,escalation_flow,augmented,complex
6270,"Скажтие, до свидания!",conversational,farewell,conversation_flow,augmented,complex
10946,ПОЧЁМ ЧИСТКУ пожалуйста,faq,price,faq_flow,augmented,simple
11307,"Привет, подумаю",conversational,unclear,clarification_flow,augmented,complex
11077,"Скажите, недопустимо",feedback,negative_general,escalation_flow,augmented,complex
4824,Всего добргоо.,conversational,farewell,conversation_flow,augmented,simple
3594,"Подскажите, у меня слетела коронка",anamnesis,complaint,anamnesis_flow,augmented,complex
6030,хочу оставить жалобу на козловой 😢,feedback,negative_general,escalation_flow,augmented,medium
11703,"Добрый день, хорошо!",conversational,confirmation,conversation_flow,augmented,complex
5565,Морозовой очень внимательный,feedback,positive_staff,feedback_flow,variation,simple
11057,Сколько стоит элайнеРы!!,faq,price,faq_flow,augmented,simple
1645,После виниры свё отлично 🦷,feedback,positive_quality,feedback_flow,augmented,simple
9990,Какая цена на имплантацию 😊,faq,price,faq_flow,augmented,simple
8596,Перенесите на вечер пожалуйста,booking,reschedule,booking_flow,augmented,simple
4994,После КТ у Сидорова стало хуже,feedback,negative_quality,escalation_flow,variation,medium
11004,После лечения у Сидорова боль осталась,feedback,negative_quality,escalation_flow,variation,medium
5783,Хорошо 😊,conversational,confirmation,conversation_flow,augmented,simple
7978,Надо подуамть,conversational,unclear,clarification_flow,augmented,simple
2913,ПРОТЕЗИРОВАНИЕ У ИВАНОВА ПРОШЛО ЗАМЕЧАТЕЛЬНО...,feedback,positive_quality,feedback_flow,augmented,simple
2830,осмотр у Волкова прошло замечательно,feedback,positive_quality,feedback_flow,variation,simple
1646,"Добрый день, наверное",conversational,unclear,clarification_flow,augmented,complex
11552,"Да, конечно пожалуйста",conversational,confirmation,conversation_flow,augmented,complex
2955,Запись к терапевту на вторник 🙏,booking,new_appointment,booking_flow,augmented,medium
3719,Какаяц ена на консультацию?,faq,price,faq_flow,augmented,simple
10607,Что нельзя после прфогигиену?,faq,visit_prep,faq_flow,augmented,simple
1386,У меня откололся зуб,anamnesis,complaint,anamnesis_flow,variation,simple
4843,"Здравствуйте, что если не поможет 😢",faq,followup,faq_flow,augmented,complex
6553,Во сколько обойдётся,faq,price,faq_flow,augmented,simple
8441,ПЛАНИРУЮ КТ спасибо,anamnesis,services,anamnesis_flow,augmented,simple
6802,Теперь хожу тольок к вам пожалуйста,feedback,positive_general,feedback_flow,augmented,medium
9827,Что делать если болит после приёма?,faq,visit_prep,faq_flow,template,medium
7077,Врач терпеливо всё объяснил!,feedback,positive_staff,feedback_flow,augmented,simple
2353,Какая цена на снимок?,faq,price,faq_flow,variation,simple
11003,Не получится прийти пожалуйста,booking,cancel,booking_flow,augmented,simple
2211,Спасибо за заботу заранее спасибо пожалуйста,feedback,positive_general,feedback_flow,augmented,medium
11926,"Добрый день, есть WhatAspp?",faq,clinic_info,faq_flow,augmented,complex
8009,Коронка мшеает,feedback,negative_quality,escalation_flow,augmented,simple
11943,врач Сидорова всё подробно объяснил!!,feedback,positive_staff,feedback_flow,augmented,simple
11305,У меня острая боль давно,anamnesis,symptom,anamnesis_flow,variation,simple
2170,"Добрый день, перенесите на на этой неделе",booking,reschedule,booking_flow,augmented,complex
2729,У меня слетела коронка заранее спасибо 😢,anamnesis,complaint,anamnesis_flow,augmented,medium
1146,А можноп о-другому 🦷,faq,followup,faq_flow,augmented,simple
10320,Хочу к гигиенисту 🙏,booking,new_appointment,booking_flow,augmented,simple
11247,"Здравствуйте, работаете в послезавтра?!",faq,clinic_info,faq_flow,augmented,complex
3307,Какие материалы используете 😊,faq,procedure,faq_flow,augmented,simple
7427,"Подскажите, прощайте",conversational,farewell,conversation_flow,augmented,complex
9007,После отбеливание всё отлично,feedback,positive_quality,feedback_flow,variation,simple
11469,"СКАЖИТЕ, ПЛАНИРУЮ ЛЕЧЕНИЕ КАНАЛОВ",anamnesis,services,anamnesis_flow,augmented,complex
2352,Хочу оставить жалобу на Волкова 😢,feedback,negative_general,escalation_flow,augmented,medium
4527,Перенесите на пятницу 😢,booking,reschedule,booking_flow,augmented,simple
973,Болит коренной зуб уже месяц,anamnesis,symptom,anamnesis_flow,variation,simple
254,Удобно что работаете вечер заранее спасибо,feedback,positive_service,feedback_flow,augmented,medium
4988,Что будут делать спасибо,faq,procedure,faq_flow,augmented,simple
8689,Превосходный сервис.,feedback,positive_general,feedback_flow,augmented,simple
1382,брекеты это больно,faq,procedure,faq_flow,augmented,simple
8991,"Скажите, алло",conversational,greeting,conversation_flow,augmented,complex
1779,Быстро записали на сегодня 🙏,feedback,positive_service,feedback_flow,augmented,simple
9951,снимок это больно?,faq,procedure,faq_flow,variation,simple
2570,Сразу перезвонили после заявки,feedback,positive_service,feedback_flow,variation,simple
7724,Запись куда-то пропала пожалуйста,feedback,negative_service,escalation_flow,augmented,simple
2523,"Привет, смирновой был груб",feedback,negative_staff,escalation_flow,augmented,complex
5553,Спасибо за информцаию,conversational,gratitude,conversation_flow,augmented,simple
11454,До свидания,conversational,farewell,conversation_flow,template,simple
11985,Ничего не обяъснили,feedback,negative_staff,escalation_flow,augmented,simple
249,Приятно уидвлён качеством,feedback,positive_general,feedback_flow,augmented,simple
5660,А что будет если заранее спасибо,faq,followup,faq_flow,augmented,medium
11076,Зубы стали подвижными,anamnesis,complaint,anamnesis_flow,template,simple
10367,Прикусил язык пожалуйста...,anamnesis,complaint,anamnesis_flow,augmented,simple
5808,коронку это больно.,faq,procedure,faq_flow,augmented,simple
5181,Всего доброго?!,conversational,farewell,conversation_flow,augmented,simple
11915,Нужно перенести спасибо,booking,reschedule,booking_flow,augmented,simple
10960,После пломбирование у Новикова стало хуже!,feedback,negative_quality,escalation_flow,augmented,medium
9286,Кузнецовой был груб заранее спасибо,feedback,negative_staff,escalation_flow,augmented,simple
6474,Мне нахамили 😊,feedback,negative_staff,escalation_flow,augmented,simple
11541,"Скажите, есть 3D-томограф?",faq,clinic_info,faq_flow,augmented,complex
222,"ДОБРЫЙ ДЕНЬ, КАКАЯ ЦЕНА НА ОТБЕЛИВАНИЕ?",faq,price,faq_flow,augmented,complex
7223,коронку сколько стоит 😊 пожалуйста,faq,price,faq_flow,augmented,simple
10324,ВРАЧ ВОЛКОВА ВСЁ ПОДРОБНО ОБЪЯСНИЛ 😢,feedback,positive_staff,feedback_flow,augmented,medium
6609,протезирование у Петровой прошло замечательно,feedback,positive_quality,feedback_flow,variation,simple
7038,"Привет, не могу дозвониться",feedback,negative_service,escalation_flow,augmented,complex
9645,лечение кариеса у Волкова прошло замечательно,feedback,positive_quality,feedback_flow,variation,medium
3670,Как проходит лечение заранее спасибо,faq,procedure,faq_flow,augmented,simple
2161,После брекеты у Новикова стало хуже пожалуйста спасибо,feedback,negative_quality,escalation_flow,augmented,medium
2473,СогЛаесн,conversational,confirmation,conversation_flow,augmented,simple
4825,Здрсате,conversational,greeting,conversation_flow,augmented,simple
11266,Имплант прижился отлично,feedback,positive_quality,feedback_flow,template,simple
4532,Что посоветуете спасибо,faq,followup,faq_flow,augmented,simple
4500,виниры у Сидорова прошло замечательно,feedback,positive_quality,feedback_flow,variation,simple
8912,Что нельзя после лечение каналов?,faq,visit_prep,faq_flow,variation,simple
10823,Какая ценан а реставрацию 🦷,faq,price,faq_flow,augmented,simple
11195,После чистку у Сидорова стало хуже,feedback,negative_quality,escalation_flow,variation,medium
9244,Запись к хирургу на утро?!,booking,new_appointment,booking_flow,augmented,simple
10704,Хорошо пожалуйста,conversational,confirmation,conversation_flow,augmented,simple
8845,"Здравствуйте, напомнили о визите заранее",feedback,positive_service,feedback_flow,augmented,complex
4929,"Скажите, администратор нахамил спасибо",feedback,negative_staff,escalation_flow,augmented,complex
775,"Не смогу прийти, заблоел",booking,cancel,booking_flow,augmented,complex
9073,Согласен 👍,conversational,confirmation,conversation_flow,augmented,simple
10540,"Привет, врач от бога заранее спасибо",feedback,positive_staff,feedback_flow,augmented,complex
4129,"подскажите, запись к эндодонтисту на на этой неделе",booking,new_appointment,booking_flow,augmented,complex
1036,После удаление у Петровой стало хуже заранее спасибо,feedback,negative_quality,escalation_flow,augmented,medium
1207,Я вам перезвоню,conversational,unclear,clarification_flow,template,simple
7029,Ок спасибо пожалуйста,conversational,confirmation,conversation_flow,augmented,simple
4096,"Добрый день, мне не перезвонили давно",feedback,negative_service,escalation_flow,augmented,complex
6198,Оченьд олго ждал,feedback,negative_service,escalation_flow,augmented,simple
5716,"Скажите, пока...",conversational,farewell,conversation_flow,augmented,complex
11550,зуб мудрости болит сильно,anamnesis,symptom,anamnesis_flow,variation,simple
6068,Перезапишите нау тро заранее спасибо,booking,reschedule,booking_flow,augmented,simple
694,Очередь огромная спасибо,feedback,negative_service,escalation_flow,augmented,simple
10354,Удачи заранее спасибо 🙏,conversational,farewell,conversation_flow,augmented,simple
8355,пломбирование у Волкова прошло замечательно 😊,feedback,positive_quality,feedback_flow,augmented,medium
132,Никто не перезвонил 🙏,feedback,negative_service,escalation_flow,augmented,simple
5946,Отлично работает онлайн-запись заранее спасибо,feedback,positive_service,feedback_flow,augmented,simple
4357,Удачи спасибо спасибо,conversational,farewell,conversation_flow,augmented,simple
5555,ДоговОрились 😢,conversational,confirmation,conversation_flow,augmented,simple
4250,"Спасибо, всё понравилось?!",feedback,positive_general,feedback_flow,augmented,complex
1506,После пломбирование у Морозовой стало хуже,feedback,negative_quality,escalation_flow,variation,medium
3293,"Отмеинте запись, не смогу",booking,cancel,booking_flow,augmented,complex
2581,Есть детскийс томатолог?,faq,clinic_info,faq_flow,augmented,simple
2445,Сколько стоит лечение каналов?,faq,price,faq_flow,variation,simple
7984,"Не смогу прийти, заболел спасибо",booking,cancel,booking_flow,augmented,complex
1250,Может быть спасибо,conversational,unclear,clarification_flow,augmented,simple
9386,Рекомендую всем знакомым 😊,feedback,positive_general,feedback_flow,augmented,simple
1665,Интересует снимок?,anamnesis,services,anamnesis_flow,augmented,simple
3423,Есть ночной приём заранее спасибо,faq,clinic_info,faq_flow,augmented,simple
6667,сколько нельзя заниматься спортом после лечение каиреса?,faq,visit_prep,faq_flow,augmented,medium
8414,Благодарю пожалуйста 👍,conversational,gratitude,conversation_flow,augmented,simple
3890,Не предупредили об изменениях?!,feedback,negative_service,escalation_flow,augmented,simple
731,Интересует Air-Flow!,anamnesis,services,anamnesis_flow,augmented,simple
5311,Хочу красивую улыбку?!,anamnesis,services,anamnesis_flow,augmented,simple
3943,Болит зуб,anamnesis,symptom,anamnesis_flow,template,simple
5860,У меня боль от горячего давно заранее спасибо,anamnesis,symptom,anamnesis_flow,augmented,medium
8038,А вдруг не получится 😊,faq,followup,faq_flow,augmented,simple
11140,"Привет, врач Новикова всё подробно объяснил",feedback,positive_staff,feedback_flow,augmented,complex
2461,"Скажите, позже",conversational,unclear,clarification_flow,augmented,complex
9671,консультацию у Кузнецовой прошло замечательно,feedback,positive_quality,feedback_flow,variation,simple
5403,Планирую осмотр,anamnesis,services,anamnesis_flow,variation,simple
8830,Спасибо 👍...,conversational,gratitude,conversation_flow,augmented,simple
5223,Врач Новикова всё подробно объяснил!,feedback,positive_staff,feedback_flow,augmented,simple
7595,"Привет, мне не перезвонили давно",feedback,negative_service,escalation_flow,augmented,complex
6646,Спасибо большое 😢,conversational,gratitude,conversation_flow,augmented,simple
7391,УДОБНО ЧТО РАБОТАЕТЕ ЗАВТРА ЗАРАНЕЕ СПАСИБО,feedback,positive_service,feedback_flow,augmented,medium
4012,До скорого 😢,conversational,farewell,conversation_flow,augmented,simple
9710,"Привет, запись к челюстно-лицевому хирургу на пятницу пожалуйста",booking,new_appointment,booking_flow,augmented,complex
7397,"Привет, удобно что работаете субботу",feedback,positive_service,feedback_flow,augmented,complex
9342,Что будут делать...,faq,procedure,faq_flow,augmented,simple
4388,"Спасибо, всё понятно?",conversational,gratitude,conversation_flow,augmented,complex
7158,консультацию у Морозовой прошло замечатлеьно 😊,feedback,positive_quality,feedback_flow,augmented,medium
9763,Лебедевой очень внимательный пожалуйста,feedback,positive_staff,feedback_flow,augmented,simple
2322,Случилось откололся зуб 🙏,anamnesis,complaint,anamnesis_flow,augmented,simple
9366,Лебедевой настоящий профессионал 🙏,feedback,positive_staff,feedback_flow,augmented,simple
8410,Сколько длится удаление?,faq,procedure,faq_flow,variation,simple
2966,Врач всё подробно рассказал,feedback,positive_staff,feedback_flow,template,simple
8864,Быстро записали на вечер.,feedback,positive_service,feedback_flow,augmented,simple
8891,Сколько нельзя курить после отбеливание,faq,visit_prep,faq_flow,augmented,simple
9817,"отёк, что делать?!",anamnesis,symptom,anamnesis_flow,augmented,complex
4332,"Скажите, протезирование у Петровой прошло замечательно",feedback,positive_quality,feedback_flow,augmented,complex
343,Сколько стоит протезирование?,faq,price,faq_flow,variation,simple
7148,"Подскажите, запись к ортодонту на четверг",booking,new_appointment,booking_flow,augmented,complex
11558,Здорово спасибо,conversational,greeting,conversation_flow,augmented,simple
11189,Рядом есть метро пожалуйста,faq,clinic_info,faq_flow,augmented,simple
3823,"Добрый день, а если я не буду?",faq,followup,faq_flow,augmented,complex
6128,А если не поможет пожалуйста,faq,followup,faq_flow,augmented,simple
1047,Позовите главврача!!,feedback,negative_general,escalation_flow,augmented,simple
5141,Буду обращаться толкьо к вам,feedback,positive_general,feedback_flow,augmented,simple
11659,Хороший специалист 🦷,feedback,positive_staff,feedback_flow,augmented,simple
9735,"Привет, не смогу прийти",booking,cancel,booking_flow,augmented,complex
6960,"Поясните, пожалуйста 🦷",faq,followup,faq_flow,augmented,complex
2814,имплантацию у Петровой прошло замечательно?,feedback,positive_quality,feedback_flow,augmented,simple
10900,Где вы находитесь 😢 😢,faq,clinic_info,faq_flow,augmented,simple
703,До скорого заранее спасибо 😢,conversational,farewell,conversation_flow,augmented,simple
8916,Зуб изменил цвет спасибо заранее спасибо,anamnesis,complaint,anamnesis_flow,augmented,medium
3622,После протезирование у Новикова стало хуже,feedback,negative_quality,escalation_flow,variation,medium
6188,ИМПЛАНТАЦИЮ У МОРОЗОВОЙ ПРОШЛО ЗАМЕЧАТЕЛЬНО?!,feedback,positive_quality,feedback_flow,augmented,simple
713,"Да, кноечно",conversational,confirmation,conversation_flow,augmented,complex
5482,Как к вам проехать 👍,faq,clinic_info,faq_flow,augmented,simple
1817,Снимиет меня с записи,booking,cancel,booking_flow,augmented,simple
2871,"Скажите, сколько нельзя курить после консультацию?",faq,visit_prep,faq_flow,augmented,complex
6058,"Скажите, удачи",conversational,farewell,conversation_flow,augmented,complex
11671,Всего хорошгео,conversational,farewell,conversation_flow,augmented,simple
2247,Крайне недоволен 🦷,feedback,negative_general,escalation_flow,augmented,simple
9446,"Привет, торопили?!",feedback,negative_staff,escalation_flow,augmented,complex
5951,Отзывчивый администратор пожалуйста,feedback,positive_service,feedback_flow,augmented,simple
10742,"Отемните запись, занят на работе",booking,cancel,booking_flow,augmented,complex
11062,Прощайте пожалуйста,conversational,farewell,conversation_flow,augmented,simple
6047,Принято заранее спасибо,conversational,confirmation,conversation_flow,augmented,simple
661,Перезвоню 🙏 спасибо,conversational,unclear,clarification_flow,augmented,simple
3413,Перезапишите на 10:00,booking,reschedule,booking_flow,variation,simple
3694,Согласен?,conversational,confirmation,conversation_flow,augmented,simple
1790,"Добрый день, перенесите на следующую неделю пожалуйста",booking,reschedule,booking_flow,augmented,complex
8694,ПРИВЕТ ПОЖАЛУЙСТА,conversational,greeting,conversation_flow,augmented,simple
2419,коренной зуб болит немного,anamnesis,symptom,anamnesis_flow,variation,simple
4617,"ПОДСКАЖИТЕ, БОЛИТ СЕМЁРКА УЖЕ МЕСЯЦ",anamnesis,symptom,anamnesis_flow,augmented,complex
479,Ретейнер отклеился,anamnesis,complaint,anamnesis_flow,template,simple
1154,Большоес пасибо,conversational,gratitude,conversation_flow,augmented,simple
8865,Пломба выпала,anamnesis,complaint,anamnesis_flow,template,simple
3900,"Поясните, пожалусйта",faq,followup,faq_flow,augmented,complex
1475,Рекомендую клинику всем друзьям пожалуйста,feedback,positive_general,feedback_flow,augmented,simple
10854,Мне не перезвонили неделю заранее спасибо,feedback,negative_service,escalation_flow,augmented,medium
11893,Мне не перезвонили три дня,feedback,negative_service,escalation_flow,variation,simple
3840,"Скажите, быстро записали на утро",feedback,positive_service,feedback_flow,augmented,complex
6506,Отменит езапись,booking,cancel,booking_flow,augmented,simple
6939,Понятно?!,conversational,confirmation,conversation_flow,augmented,simple
4420,"Подскажите, добрый день, врач опоздал",feedback,negative_service,escalation_flow,augmented,complex
1260,Не совсем понял!,faq,followup,faq_flow,augmented,simple
390,Всё Чётко организовано.,feedback,positive_service,feedback_flow,augmented,simple
5367,"Привет, работаете в в ближайшее время?",faq,clinic_info,faq_flow,augmented,complex
8581,"Не мсогу прийти, уезжаю",booking,cancel,booking_flow,augmented,complex
2018,Спасиб оза помощь,conversational,gratitude,conversation_flow,augmented,simple
7190,"Скажите, хочу изменить время записи",booking,reschedule,booking_flow,augmented,complex
9473,Работаете в завтра,faq,clinic_info,faq_flow,augmented,simple
767,Пока 😢!!,conversational,farewell,conversation_flow,augmented,simple
10064,Надо посвоетоваться,conversational,unclear,clarification_flow,augmented,simple
1958,Работаете в четверг?,faq,clinic_info,faq_flow,variation,simple
95,не совсем понял!!,faq,followup,faq_flow,augmented,simple
8490,Спасибо,conversational,gratitude,conversation_flow,template,simple
4989,Удобно что работаете завтра,feedback,positive_service,feedback_flow,variation,simple
3465,Что посоевтуете,faq,followup,faq_flow,augmented,simple
1212,"Добрый день, сколько нельзя пить алкоголь после чистку?",faq,visit_prep,faq_flow,augmented,complex
4247,Не приду,booking,cancel,booking_flow,template,simple
1712,Ка кпроходит осмотр пожалуйста,faq,procedure,faq_flow,augmented,simple
11184,"Здравствуйте, понял!",conversational,confirmation,conversation_flow,augmented,complex
8630,Быстро записали на послезавтра!,feedback,positive_service,feedback_flow,augmented,simple
3506,"Привет, отмена приёма",booking,cancel,booking_flow,augmented,complex
4244,Сломался проетз,anamnesis,complaint,anamnesis_flow,augmented,simple
688,"Добрый день, подскажите подробнее",faq,followup,faq_flow,augmented,complex
9445,Клиника на высоте заранее спасибо,feedback,positive_general,feedback_flow,augmented,simple
6271,Подскажите подробнее.,faq,followup,faq_flow,augmented,simple
3050,Хочу оставить жалобу 😊,feedback,negative_general,escalation_flow,augmented,simple
10426,хочу оставить жалобу на волкова 🦷,feedback,negative_general,escalation_flow,augmented,medium
10828,А ЕСЛИ НЕ ПОМОЖЕТ 🙏,faq,followup,faq_flow,augmented,simple
9829,"Подскажите, доброе утро 🦷",conversational,greeting,conversation_flow,augmented,complex
8261,Что вы рекомендуете!,faq,followup,faq_flow,augmented,simple
7793,"Здарвствуйте, а вдруг не получится?",faq,followup,faq_flow,augmented,complex
6956,Запись к детскому стоматологу на вторник,booking,new_appointment,booking_flow,variation,medium
8506,Ждал день 🙏,feedback,negative_service,escalation_flow,augmented,simple
2077,"Здравствуйте, врач Смирновой не объяснил...",feedback,negative_staff,escalation_flow,augmented,complex
5091,Привет заранее спасибо?,conversational,greeting,conversation_flow,augmented,simple
7422,Хочу оставить жалобу на Новикова заранее спасибо,feedback,negative_general,escalation_flow,augmented,medium
5883,"Добрый день, конечно 👍",conversational,confirmation,conversation_flow,augmented,complex
526,Сколько стоит дуаление?,faq,price,faq_flow,augmented,simple
6457,Подумаю?,conversational,unclear,clarification_flow,augmented,simple
4090,Есть скидки пенсионерам!!,faq,price,faq_flow,augmented,simple
2294,ДОГОВОРИЛИСЬ 🙏,conversational,confirmation,conversation_flow,augmented,simple
10620,До свидания?!,conversational,farewell,conversation_flow,augmented,simple
1068,Требую компенсацию!!,feedback,negative_general,escalation_flow,augmented,simple
9896,Администратор грубил 😊,feedback,negative_staff,escalation_flow,augmented,simple
4405,Сколько нельзя есть после КТ?,faq,visit_prep,faq_flow,variation,simple
215,Интересует осмотр!!,anamnesis,services,anamnesis_flow,augmented,simple
11709,"Быстро записали, спасибо",feedback,positive_service,feedback_flow,template,simple
2803,"Добрый день, выпала пломба, что делать?",anamnesis,complaint,anamnesis_flow,augmented,complex
4117,Недоволен обслуживанием в клинике 🦷,feedback,negative_general,escalation_flow,augmented,simple
3815,Можно есть перед приёмом,faq,visit_prep,faq_flow,augmented,simple
4537,Работаете с наркозом?,faq,clinic_info,faq_flow,template,simple
9857,Этоб езобразие заранее спасибо,feedback,negative_general,escalation_flow,augmented,simple
8737,Приветствую пожалуйста,conversational,greeting,conversation_flow,augmented,simple
8741,"Добрый день, сколько нельзя есть после брекеты?",faq,visit_prep,faq_flow,augmented,complex
323,пломбирование сколько стоит,faq,price,faq_flow,augmented,simple
7762,После чистку у Лебедевой стало хуже,feedback,negative_quality,escalation_flow,variation,medium
5727,"Добрый день, никто не перезвонил",feedback,negative_service,escalation_flow,augmented,complex
8669,Есть наркоз спасибо,faq,clinic_info,faq_flow,augmented,simple
6375,Администратор была очень вежливая!,feedback,positive_service,feedback_flow,augmented,simple
6830,Есть 3D-томограф!!,faq,clinic_info,faq_flow,augmented,simple
10935,"Добрый день, не смогу прийти, не смогу",booking,cancel,booking_flow,augmented,complex
5489,лечнеие каналов это больно?,faq,procedure,faq_flow,augmented,simple
9375,"Здравствуйте, хорошо",conversational,confirmation,conversation_flow,augmented,complex
7191,"Подскажите, пЕТРОВОЙ НАСТОЯЩИЙ ПРОФЕССИОНАЛ",feedback,positive_staff,feedback_flow,augmented,complex
793,"Да, конечно",conversational,confirmation,conversation_flow,template,simple
2706,Ассистент была очень заботливая 🦷,feedback,positive_staff,feedback_flow,augmented,simple
4720,Хочу коронку заранее спасибо,anamnesis,services,anamnesis_flow,augmented,simple
1377,"Скажите, доброе утро 🙏",conversational,greeting,conversation_flow,augmented,complex
634,Можно на среду!,booking,new_appointment,booking_flow,augmented,simple
3868,рекомендую друзьям и родным!!,feedback,positive_general,feedback_flow,augmented,simple
9729,"Добрый день, я вам перезвоню",conversational,unclear,clarification_flow,augmented,complex
11511,"Добрый день, за сколько нельзя есть?",faq,visit_prep,faq_flow,augmented,complex
4946,Приветствую спасибо,conversational,greeting,conversation_flow,augmented,simple
4415,Не совсем понял 👍,faq,followup,faq_flow,augmented,simple
4235,"Добрый день, доброе утро спасибо",conversational,greeting,conversation_flow,augmented,complex
4787,"Скажите, сколько Нельзя пить алкоголь после протезирование?",faq,visit_prep,faq_flow,augmented,complex
9823,"ДОБРЫЙ ДЕНЬ, ЦЕНА НА ЛЕЧЕНИЕ КАРИЕСА?",faq,price,faq_flow,augmented,complex
3544,Хорошо 🦷 😢,conversational,confirmation,conversation_flow,augmented,simple
6978,"Скажите, после виниры у Морозовой стало хуже",feedback,negative_quality,escalation_flow,augmented,complex
4370,"Не смогу притйи, уезжаю",booking,cancel,booking_flow,augmented,complex
9683,осмотр у Козловой прошло замечательно,feedback,positive_quality,feedback_flow,variation,simple
9116,"Не смогу прийти, уезжаю 👍",booking,cancel,booking_flow,augmented,complex
341,"Скажите, кузнецовой настоящий профессионал",feedback,positive_staff,feedback_flow,augmented,complex
1026,Можно без этого 😊...,faq,followup,faq_flow,augmented,simple
2469,Мне не перезвонили месяц.,feedback,negative_service,escalation_flow,augmented,simple
5497,Клиника работает как часы?!,feedback,positive_service,feedback_flow,augmented,simple
11201,Запишите на удаление,booking,new_appointment,booking_flow,variation,simple
10875,"Скажите, сколько длится виниры?",faq,procedure,faq_flow,augmented,complex
8822,Какая цена на элайнеры спасибо,faq,price,faq_flow,augmented,simple
429,"Скажите, сколько лдится реставрацию?",faq,procedure,faq_flow,augmented,complex
6999,Козловой отнёсся невнимательно пожалуйста,feedback,negative_staff,escalation_flow,augmented,simple
8577,После профггииену у Волкова стало хуже,feedback,negative_quality,escalation_flow,augmented,medium
7312,"Привет, запись к челюстно-лицевому хирУргу на на этой неделе",booking,new_appointment,booking_flow,augmented,complex
3281,Удачи спасибо,conversational,farewell,conversation_flow,augmented,simple
8315,Работаете в среду заранее спасибо,faq,clinic_info,faq_flow,augmented,simple
5516,Удобный онлайн-сервис заранее спасибо,feedback,positive_service,feedback_flow,augmented,simple
3972,хорошо 🙏,conversational,confirmation,conversation_flow,augmented,simple
7930,МОЖНО ПЕРЕНЕСТИ НА В БЛИЖАЙШЕЕ ВРЕМЯ ПОЖАЛУЙСТА,booking,reschedule,booking_flow,augmented,medium
3999,КОРОНКА СЛЕТЕЛА!!,anamnesis,complaint,anamnesis_flow,augmented,simple
554,Отмена приёма?,booking,cancel,booking_flow,augmented,simple
1697,Врач Кузнецовой не объяснил,feedback,negative_staff,escalation_flow,variation,simple
485,После профгигиену у уКзнецовой стало хуже,feedback,negative_quality,escalation_flow,augmented,medium
5098,Интересует омсотр,anamnesis,services,anamnesis_flow,augmented,simple
521,КАКИЕВ РАЧИ РАБОТАЮТ?,faq,clinic_info,faq_flow,augmented,simple
44,"Подскажите, что лучше выбрать?",faq,procedure,faq_flow,augmented,complex
2220,Сколько нельзя есть после снимок?,faq,visit_prep,faq_flow,variation,simple
8316,Удобно что работаете на этой неделе пожалуйста,feedback,positive_service,feedback_flow,augmented,medium
11435,верхний зуб сильно болит?,anamnesis,symptom,anamnesis_flow,augmented,simple
3461,Какой адрес...,faq,clinic_info,faq_flow,augmented,simple
10571,КТ у ЛеБедевой прошло замечательно пожалуйста,feedback,positive_quality,feedback_flow,augmented,medium
1780,"Добрый день, спасибо!",conversational,gratitude,conversation_flow,augmented,complex
7280,зуб очень болит,anamnesis,symptom,anamnesis_flow,variation,simple
9723,шестёрка болит сильно,anamnesis,symptom,anamnesis_flow,variation,simple
6531,МОЖНО ПЕРЕНЕСТИ НА ЗАВТРА...,booking,reschedule,booking_flow,augmented,simple
3383,"Скажите, спасибо, свё понятно",conversational,gratitude,conversation_flow,augmented,complex
5690,"Скажите, когда прийти на осмотр?",faq,visit_prep,faq_flow,augmented,complex
9431,КАК ПРОХОДИТ ПРОТЕЗИРОВАНИЕ ЗАРАНЕЕ СПАСИБО,faq,procedure,faq_flow,augmented,simple
7809,Очеьнб лагодарен,conversational,gratitude,conversation_flow,augmented,simple
11640,Можно перенести на воскресенье?!,booking,reschedule,booking_flow,augmented,simple
698,"Скажите, после коронку у ВоЛкова стало хуже",feedback,negative_quality,escalation_flow,augmented,complex
8363,Сколько стоит лечение кариеса!!,faq,price,faq_flow,augmented,simple
7579,Болит десна уже два дня,anamnesis,symptom,anamnesis_flow,variation,simple
7892,"Измнеились планы, нужно перенести!!",booking,reschedule,booking_flow,augmented,complex
6150,"Добрый день, привет, хочу оставить жалобу на Сидорова",feedback,negative_general,escalation_flow,augmented,complex
4693,"НЕ СМОГУ ПРИЙТИ, ЗАНЯТ НА РАБОТЕ!!",booking,cancel,booking_flow,augmented,complex
8104,Не решиле щё,conversational,unclear,clarification_flow,augmented,simple
8496,планирую элайнеры 😊,anamnesis,services,anamnesis_flow,augmented,simple
2099,это больно,faq,procedure,faq_flow,augmented,simple
8017,Перезвоню!,conversational,unclear,clarification_flow,augmented,simple
6768,Сколько нельзя пить после лечение кариеса,faq,visit_prep,faq_flow,augmented,medium
3456,"Подскажите, врач Сидорова не объяснил",feedback,negative_staff,escalation_flow,augmented,complex
8401,"Здравствуйте, а что будет если?",faq,followup,faq_flow,augmented,complex
936,"Скажите, отмените запись, занят на работе",booking,cancel,booking_flow,augmented,complex
4168,Запись к хирургу на вечер,booking,new_appointment,booking_flow,variation,simple
7942,"Привет, отличная клиника пожалуйста",feedback,positive_general,feedback_flow,augmented,complex
10284,"Добрый день, нужно осмотр",anamnesis,services,anamnesis_flow,augmented,complex
3191,Интереусет имплантацию,anamnesis,services,anamnesis_flow,augmented,simple
2314,Какие материалыи спользуете 😢,faq,procedure,faq_flow,augmented,simple
5426,персонал был недоброжелателен 👍,feedback,negative_staff,escalation_flow,augmented,simple
7488,"Привет, во сколько открываетесь.",faq,clinic_info,faq_flow,augmented,complex
7484,Сколько длится имплантацию,faq,procedure,faq_flow,augmented,simple
9000,"Добрый день, хорошо",conversational,confirmation,conversation_flow,augmented,complex
9885,Запишите к ортодонту?!,booking,new_appointment,booking_flow,augmented,simple
7987,пломбирование это больно?,faq,procedure,faq_flow,variation,simple
8691,коронку у Петровой прошло замечательно,feedback,positive_quality,feedback_flow,variation,simple
4106,АДМИНИСТРАТОР МИЛАЯ И ПРИВЕТЛИВАЯ 🙏,feedback,positive_staff,feedback_flow,augmented,simple
8202,"Добрый день, врач ен объяснил",feedback,negative_staff,escalation_flow,augmented,complex
2310,Сколько стоит реставрацию?,faq,price,faq_flow,variation,simple
10222,"Подскажите, сколько нельзя есть после лечение каналов?",faq,visit_prep,faq_flow,augmented,complex
5162,"Здравствуйте, где вы находитесь?",faq,clinic_info,faq_flow,augmented,complex
549,Здрасте 😊,conversational,greeting,conversation_flow,augmented,simple
8137,"Добрый день, после реставрацию у Иванова стало хуже",feedback,negative_quality,escalation_flow,augmented,complex
8817,Сколько стоит КТ?,faq,price,faq_flow,variation,simple
2963,"Здравствуйте, врач Иванова не объяснил спасибо",feedback,negative_staff,escalation_flow,augmented,complex
1223,Всего хорошего заранее спасибо спасибо,conversational,farewell,conversation_flow,augmented,simple
3571,"Подскажите, не уверен...",conversational,unclear,clarification_flow,augmented,complex
7693,Что нельзя после пломбирование?,faq,visit_prep,faq_flow,variation,simple
1887,Точно нужно 👍,faq,followup,faq_flow,augmented,simple
11581,Стоимост ькоронки?,faq,price,faq_flow,augmented,simple
6222,"Здравствуйте, брекеты сколько стоит?",faq,price,faq_flow,augmented,complex
3616,"Привет, смирновой настоящий профессионал 🙏",feedback,positive_staff,feedback_flow,augmented,complex
11547,Результат КТ превзошёл ожидания,feedback,positive_quality,feedback_flow,variation,simple
1752,Пломба выпала!,anamnesis,complaint,anamnesis_flow,augmented,simple
11857,Долго оформляли документы!,feedback,negative_service,escalation_flow,augmented,simple
11154,Морозовой отнёсся невнимательно?,feedback,negative_staff,escalation_flow,augmented,simple
2769,Спасибо!!,conversational,gratitude,conversation_flow,augmented,simple
5917,Хочу к челюстно-лицевому хирургу 😊,booking,new_appointment,booking_flow,augmented,simple
9664,А если Я ен буду?,faq,followup,faq_flow,augmented,simple
1069,"Привет, лечение кариеса у Иванова прошло замечательно",feedback,positive_quality,feedback_flow,augmented,complex
8656,ДО ВСТЕРЧИ,conversational,farewell,conversation_flow,augmented,simple
11854,"Привет, отмените приём заранее спасибо",booking,cancel,booking_flow,augmented,complex
9904,Эй заранее спасибо пожалуйста,conversational,greeting,conversation_flow,augmented,simple
11044,ПодуМаю 😊,conversational,unclear,clarification_flow,augmented,simple
7364,Почём реставрацию?,faq,price,faq_flow,variation,simple
4652,Болит десна уже со вчера,anamnesis,symptom,anamnesis_flow,variation,simple
7141,"ПОДСКАЖИТЕ, ПЛОМБИРОВАНИЕ ЭТО БОЛЬНО?",faq,procedure,faq_flow,augmented,complex
10930,Спасибо большое заранее спасибо?,conversational,gratitude,conversation_flow,augmented,simple
761,удаление у Морозовой прошло замечательно,feedback,positive_quality,feedback_flow,variation,simple
5970,НЕ ПОНРАВИЛОСЬ 😊,feedback,negative_general,escalation_flow,augmented,simple
11738,"подскажите, когда контрольный визит?",faq,visit_prep,faq_flow,augmented,complex
10143,Удобно что работаетев торник,feedback,positive_service,feedback_flow,augmented,simple
11259,Сколько длится виниры?,faq,procedure,faq_flow,variation,simple
3811,ПРИЛОЖЕНИЕ ГЛЮЧИТ 😢,feedback,negative_service,escalation_flow,augmented,simple
7887,Хочу к ортодотну...,booking,new_appointment,booking_flow,augmented,simple
5885,Мне не перезвоинли,feedback,negative_service,escalation_flow,augmented,simple
602,После брекеты у Петровой стало хуже,feedback,negative_quality,escalation_flow,variation,medium
292,"Привет, какая цена на снимок?",faq,price,faq_flow,augmented,complex
6928,Возможно?!,conversational,unclear,clarification_flow,augmented,simple
8,"Скажите, какая цена на отбеливание!",faq,price,faq_flow,augmented,complex
8500,"Подскажите, доброе утро?",conversational,greeting,conversation_flow,augmented,complex
2100,"Подскажите, планирую исправить прикус",anamnesis,services,anamnesis_flow,augmented,complex
4916,Не работает онлайн-запись заранее спасибо,feedback,negative_service,escalation_flow,augmented,simple
493,удаление это больно!,faq,procedure,faq_flow,augmented,simple
2325,"Здравствуйте, семёрка силЬно болит",anamnesis,symptom,anamnesis_flow,augmented,complex
781,Уберите мою запись,booking,cancel,booking_flow,template,simple
7953,"Добрый день, здорово 👍",conversational,greeting,conversation_flow,augmented,complex
96,"Здравствуйте, кОНЕЧНО",conversational,confirmation,conversation_flow,augmented,complex
5996,Расскажите больше!!,faq,followup,faq_flow,augmented,simple
7960,"Привет, а что будет если 🙏",faq,followup,faq_flow,augmented,complex
3216,Язвочки на слизистой...,anamnesis,complaint,anamnesis_flow,augmented,simple
9966,"Здравствуйте, после отбеливание у Новикова стало хуже",feedback,negative_quality,escalation_flow,augmented,complex
2796,Хочу отказаться от записи!!,booking,cancel,booking_flow,augmented,simple
6816,Есть 3D-томограф?!,faq,clinic_info,faq_flow,augmented,simple
11197,Результат коронку превзошёл ожидания,feedback,positive_quality,feedback_flow,variation,simple
3722,МОЯ ЛЮБИМАЯ КЛИНИКА СПАСИБО,feedback,positive_general,feedback_flow,augmented,simple
4240,"Скажите, хочу отменить запись 😊",booking,cancel,booking_flow,augmented,complex
5458,"Спасибо, всё понравилось 😊",feedback,positive_general,feedback_flow,augmented,complex
517,"Привет, наверное",conversational,unclear,clarification_flow,augmented,complex
3361,новикова был груб 😊,feedback,negative_staff,escalation_flow,augmented,simple
3908,Принимаете наличные!!,faq,clinic_info,faq_flow,augmented,simple
11562,"Скажите, подскажите подробнее",faq,followup,faq_flow,augmented,complex
2115,планирую пломбирование пожалуйста,anamnesis,services,anamnesis_flow,augmented,simple
1856,ЗУБЫ НЕ ВЫРОВНЯЛИСЬ 🦷,feedback,negative_quality,escalation_flow,augmented,simple
4404,Это правда необхоидмо?,faq,followup,faq_flow,augmented,simple
7804,Перенесите на субботу!,booking,reschedule,booking_flow,augmented,simple
347,"Добрый день, болит шестёрка уже давно",anamnesis,symptom,anamnesis_flow,augmented,complex
10547,Боль прошла сразу после лечения спасибо 🙏,feedback,positive_quality,feedback_flow,augmented,medium
10855,зуб немного болит,anamnesis,symptom,anamnesis_flow,variation,simple
9070,"Подскажите, сидорова настоящий профессионал",feedback,positive_staff,feedback_flow,augmented,complex
11675,"Здравствутйе, эй",conversational,greeting,conversation_flow,augmented,complex
4188,Скоьлко нельзя заниматься спортом после пломбирование пожалуйста,faq,visit_prep,faq_flow,augmented,medium
11369,"Здравствуйте, приветствую пожалуйста",conversational,greeting,conversation_flow,augmented,complex
3918,"ЗДРАВСТВУЙТЕ, У МЕНЯ ЗАПАХ ИЗО РТА НЕСКОЛЬКО ДНЕЙ",anamnesis,symptom,anamnesis_flow,augmented,complex
115,Моял юбимая клиника,feedback,positive_general,feedback_flow,augmented,simple
10266,Хочу КТ,anamnesis,services,anamnesis_flow,variation,simple
4672,Спасибо пожалуйста спасибо,conversational,gratitude,conversation_flow,augmented,simple
2800,"Бысрто записали, спасибо",feedback,positive_service,feedback_flow,augmented,complex
7838,"Подскажите, клиника заслуживает 5 звёзд",feedback,positive_general,feedback_flow,augmented,complex
941,"Подскажите, хочу оставить жалобу на Петровой",feedback,negative_general,escalation_flow,augmented,complex
6482,"Подскажите, всего хорошего пожалуйста",conversational,farewell,conversation_flow,augmented,complex
4122,Всего хорошего...,conversational,farewell,conversation_flow,augmented,simple
11263,Благодарю 😊?,conversational,gratitude,conversation_flow,augmented,simple
4923,лечение каналов у Козловой прошло замечательно,feedback,positive_quality,feedback_flow,variation,medium
287,Работаете в на следующей неделе?,faq,clinic_info,faq_flow,variation,simple
4814,хочу поговорить ср уководством,feedback,negative_general,escalation_flow,augmented,simple
10609,КОНСУЛЬТАЦИЯП ЛАТНАЯ?,faq,price,faq_flow,augmented,simple
2857,Какая цена на снимок 🙏,faq,price,faq_flow,augmented,simple
2222,Случилось слетелак оронка,anamnesis,complaint,anamnesis_flow,augmented,simple
1527,Боль отдаёт в висок,anamnesis,symptom,anamnesis_flow,template,simple
11301,передний зуб болит сильно,anamnesis,symptom,anamnesis_flow,variation,simple
10443,Работаете в воскресенье пожалуйста,faq,clinic_info,faq_flow,augmented,simple
6132,Ждал несколько дней...,feedback,negative_service,escalation_flow,augmented,simple
5193,Привет!,conversational,greeting,conversation_flow,template,simple
7360,После лечение кариеса у Волкова стало хуже,feedback,negative_quality,escalation_flow,variation,medium
10892,"Подскажите, перезвоню спасибо",conversational,unclear,clarification_flow,augmented,complex
7065,"откололся зуб, что делать спасибо",anamnesis,complaint,anamnesis_flow,augmented,complex
7302,Что нельзяп осле осмотр пожалуйста,faq,visit_prep,faq_flow,augmented,simple
6286,После протезирование у Козловой стало хуже 🦷,feedback,negative_quality,escalation_flow,augmented,medium
3835,Хочу оставить жалобу на Козловой...,feedback,negative_general,escalation_flow,augmented,simple
3657,"Привет, хороший специалист",feedback,positive_staff,feedback_flow,augmented,complex
11363,"не смогу прийт,и форс-мажор",booking,cancel,booking_flow,augmented,complex
3086,Очень грамотный специалист спасибо,feedback,positive_staff,feedback_flow,augmented,simple
3153,Хочу перенести на утро спасибо,booking,reschedule,booking_flow,augmented,simple
7539,Иванова отнёсся невнимательно...,feedback,negative_staff,escalation_flow,augmented,simple
2509,Рекомендую клинику всем друзьям заранее спасибо,feedback,positive_general,feedback_flow,augmented,medium
4464,что посоветуете,faq,followup,faq_flow,augmented,simple
513,После КТ у Новикова стало хуже,feedback,negative_quality,escalation_flow,variation,medium
2740,Быстрый сервис?!,feedback,positive_service,feedback_flow,augmented,simple
8379,Мне не перезвонили несколько дней 😊,feedback,negative_service,escalation_flow,augmented,medium
6825,Есть время на субботу?,booking,new_appointment,booking_flow,variation,simple
3429,"Жду уже три ндя, никто не подходит...",feedback,negative_service,escalation_flow,augmented,complex
4049,Персонал приветливый 👍!,feedback,positive_staff,feedback_flow,augmented,simple
11478,После реставрацию у Кузнецовой стало хуже спасибо,feedback,negative_quality,escalation_flow,augmented,medium
3982,Работаете в четверг заранее спасибо,faq,clinic_info,faq_flow,augmented,simple
9090,Смирновой был груб 🦷,feedback,negative_staff,escalation_flow,augmented,simple
10500,Благодарю Зар аботу,feedback,positive_general,feedback_flow,augmented,simple
8639,Выпаал пломба,anamnesis,complaint,anamnesis_flow,augmented,simple
7955,Всем рекомендую пожалуйста,feedback,positive_general,feedback_flow,augmented,simple
1496,"Привет, пока не решил",conversational,unclear,clarification_flow,augmented,complex
654,У меня запах изо рта две недели,anamnesis,symptom,anamnesis_flow,variation,medium
756,Клиника просто супер,feedback,positive_general,feedback_flow,template,simple
11971,ПосовеТуюсь 😊,conversational,unclear,clarification_flow,augmented,simple
9364,можно перенести приём спасибо,booking,reschedule,booking_flow,augmented,simple
6856,Теперь хожу только к вам.,feedback,positive_general,feedback_flow,augmented,simple
6762,"Здравствуйте, ага",conversational,confirmation,conversation_flow,augmented,complex
1792,"Добрый день, скололась эмаль",anamnesis,complaint,anamnesis_flow,augmented,complex
3396,"Привет, врач Козловой всё подробно объяснил",feedback,positive_staff,feedback_flow,augmented,complex
10752,Есть 3Dт-омограф 🙏,faq,clinic_info,faq_flow,augmented,simple
10459,Угу пожалуйста,conversational,confirmation,conversation_flow,augmented,simple
11463,Пломба выпала.,anamnesis,complaint,anamnesis_flow,augmented,simple
3256,До скорого 👍 заранее спасибо,conversational,farewell,conversation_flow,augmented,simple
3227,"Здравствуйте, администратор нахамил",feedback,negative_staff,escalation_flow,augmented,complex
1359,Запись к терапевту на в ближайшее время 🦷,booking,new_appointment,booking_flow,augmented,medium
3678,У меня болит зуб,anamnesis,symptom,anamnesis_flow,template,simple
10471,Сколько стоит элайнреы?,faq,price,faq_flow,augmented,simple
11944,Можно позже пожалуйста,booking,reschedule,booking_flow,augmented,simple
11183,"Добрый день, после профгигиену у Волкова стало хуже",feedback,negative_quality,escalation_flow,augmented,complex
7269,"Подскажите, сколько времени занимает!!",faq,procedure,faq_flow,augmented,complex
10115,КТ у Смирновой прошло замечательно,feedback,positive_quality,feedback_flow,variation,simple
10074,"Спасибо, всё понятно!",conversational,gratitude,conversation_flow,augmented,complex
1869,планирую профгигиену...,anamnesis,services,anamnesis_flow,augmented,simple
1630,Пока не решил?!,conversational,unclear,clarification_flow,augmented,simple
1805,виниры у Сидорова прошло замечательно...,feedback,positive_quality,feedback_flow,augmented,simple
4821,крайне недоволен 🙏,feedback,negative_general,escalation_flow,augmented,simple
905,Можно без этого?!,faq,followup,faq_flow,augmented,simple
10881,Не получается в это время спасибо,booking,reschedule,booking_flow,augmented,medium
9619,Почём коронка?,faq,price,faq_flow,template,simple
232,"Скажите, делаете панорамный снимок",faq,clinic_info,faq_flow,augmented,complex
9975,Понял 😢 🦷,conversational,confirmation,conversation_flow,augmented,simple
9348,После отбеливание у Лебедевой стало хуже,feedback,negative_quality,escalation_flow,variation,medium
1694,"Здравствуйте, осмотр у Новикова прошло замечательно заранее спасибо",feedback,positive_quality,feedback_flow,augmented,complex
7412,имплантацию это больно?!,faq,procedure,faq_flow,augmented,simple
6160,Скололась эмаль!!,anamnesis,complaint,anamnesis_flow,augmented,simple
5014,после снимок у козловой стало хуже.,feedback,negative_quality,escalation_flow,augmented,medium
183,запись к ортопеду на утро 🦷,booking,new_appointment,booking_flow,augmented,medium
1910,Сколько нельзя пить после профгигиену?,faq,visit_prep,faq_flow,variation,simple
11143,Не смог дозвонитьяс пожалуйста,feedback,negative_service,escalation_flow,augmented,simple
3905,Эй заранее спасибо?,conversational,greeting,conversation_flow,augmented,simple
9939,Понял!!,conversational,confirmation,conversation_flow,augmented,simple
6670,"скажите, чистку у кузнецовой прошло замечательно",feedback,positive_quality,feedback_flow,augmented,complex
5834,"Здравствуйте, не уверен",conversational,unclear,clarification_flow,augmented,complex
3318,перенесите на пятницу...,booking,reschedule,booking_flow,augmented,simple
11432,"Не смогу прийти, уезжаю пожалуйста",booking,cancel,booking_flow,augmented,complex
1977,элайнеры сколько стоит 🙏,faq,price,faq_flow,augmented,simple
6733,Нужно брекеты 😊,anamnesis,services,anamnesis_flow,augmented,simple
138,Персонал очень доброжелательный пожалуйста,feedback,positive_staff,feedback_flow,augmented,simple
4519,ПонЯнто,conversational,confirmation,conversation_flow,augmented,simple
9281,Планирюу удаление,anamnesis,services,anamnesis_flow,augmented,simple
7137,У меня пульсирующая боль со вчера,anamnesis,symptom,anamnesis_flow,variation,medium
11667,"Привет, сколько длится лечение каналов?",faq,procedure,faq_flow,augmented,complex
1336,"ПОДСКАЖИТЕ, СПАСИБО БОЛЬШОЕ",conversational,gratitude,conversation_flow,augmented,complex
8468,У меня слетела коронка 🙏,anamnesis,complaint,anamnesis_flow,augmented,simple
7744,"Добрый день, появилась язвочка во рту",anamnesis,complaint,anamnesis_flow,augmented,complex
4277,"Да, окнечно 👍",conversational,confirmation,conversation_flow,augmented,complex
546,хоуч возврат,feedback,negative_general,escalation_flow,augmented,simple
5702,Удачи пожалуйста!,conversational,farewell,conversation_flow,augmented,simple
1037,"скажите, козловой очень внимательный",feedback,positive_staff,feedback_flow,augmented,complex
8489,Ретейнер отклеился спасибо,anamnesis,complaint,anamnesis_flow,augmented,simple
8513,"Здравствуйте, после Снимок всё отлично",feedback,positive_quality,feedback_flow,augmented,complex
794,Приняли вовремя 😢,feedback,positive_service,feedback_flow,augmented,simple
6821,Хочу протезирование,anamnesis,services,anamnesis_flow,template,simple
3717,Очень благодарен!,conversational,gratitude,conversation_flow,augmented,simple
1976,Новикова был груб спасибо,feedback,negative_staff,escalation_flow,augmented,simple
9108,Нашёл свою клинику 😢,feedback,positive_general,feedback_flow,augmented,simple
2669,Хочу оставить жалобу на Новикова!!,feedback,negative_general,escalation_flow,augmented,simple
7846,разочаорван,feedback,negative_general,escalation_flow,augmented,simple
6358,Спсаибо большое 😢,conversational,gratitude,conversation_flow,augmented,simple
8388,Врач терпеливо всё объяснил,feedback,positive_staff,feedback_flow,template,simple
5688,После реставрацию у Иванова стало хуже 🙏,feedback,negative_quality,escalation_flow,augmented,medium
9536,Подумаю заранее спасибо,conversational,unclear,clarification_flow,augmented,simple
11381,Не больно благодаря врачу 🙏 😊,feedback,positive_staff,feedback_flow,augmented,medium
1946,челюсть болит сильно,anamnesis,symptom,anamnesis_flow,variation,simple
11573,Можно перенести на завтра пожалуйста,booking,reschedule,booking_flow,augmented,simple
11826,Сколько нельзя заниматься спортом после лечение кариеса,faq,visit_prep,faq_flow,augmented,medium
5548,Интересует консультацию...,anamnesis,services,anamnesis_flow,augmented,simple
1781,Пока не решил!!,conversational,unclear,clarification_flow,augmented,simple
4590,Алло,conversational,greeting,conversation_flow,template,simple
3003,Сразу перезвонили после заявки 🦷 пожалуйста,feedback,positive_service,feedback_flow,augmented,medium
7371,"Привет, спасибо...",conversational,gratitude,conversation_flow,augmented,complex
8896,КАКК  ВАМ ПРОЕХАТЬ?,faq,clinic_info,faq_flow,augmented,simple
3656,Крайнен едоволен,feedback,negative_general,escalation_flow,augmented,simple
228,"Подскажите, сразу ответили на звонок!!",feedback,positive_service,feedback_flow,augmented,complex
7376,"Подскажите, планирую коронку",anamnesis,services,anamnesis_flow,augmented,complex
7285,Анестезия входит в стоимость!,faq,procedure,faq_flow,augmented,simple
1262,шестёрка сильно болит заранее спасибо,anamnesis,symptom,anamnesis_flow,augmented,simple
9585,Это нормально что болит?,faq,visit_prep,faq_flow,template,simple
9290,"Подскажите, откололся кусочек зуба спасибо",anamnesis,complaint,anamnesis_flow,augmented,complex
503,Нужно удаление...,anamnesis,services,anamnesis_flow,augmented,simple
5662,десна болит сильно,anamnesis,symptom,anamnesis_flow,variation,simple
10388,Удобно что работаете в ближайшее время 😢,feedback,positive_service,feedback_flow,augmented,medium
5757,Быстро записали на послезавтра спасибо,feedback,positive_service,feedback_flow,augmented,simple
11209,"Скажите, после лечения у Смирновой боль осталась заранее спасибо",feedback,negative_quality,escalation_flow,augmented,complex
4075,Запись к терапевту на понедельник,booking,new_appointment,booking_flow,variation,simple
1883,Хочу оставить жалобу 👍,feedback,negative_general,escalation_flow,augmented,simple
8805,Болит зуб мудрости уже день,anamnesis,symptom,anamnesis_flow,variation,simple
1708,"Подскажите, пРИЛОЖЕНИЕ ГЛЮЧИТ",feedback,negative_service,escalation_flow,augmented,complex
2652,Конечно 😢,conversational,confirmation,conversation_flow,augmented,simple
9560,Запись к челюстно-лицевому хирургу на послезавтра,booking,new_appointment,booking_flow,variation,medium
7108,ждал со вчреа,feedback,negative_service,escalation_flow,augmented,simple
11776,сколько стоит имплантацию 😢,faq,price,faq_flow,augmented,simple
9492,Есть время на воскресенье пожалуйста,booking,new_appointment,booking_flow,augmented,simple
10312,Запись к хирургу на субботу,booking,new_appointment,booking_flow,variation,simple
2059,Плохая килника,feedback,negative_general,escalation_flow,augmented,simple
2711,Перенесите на вечер спасибо,booking,reschedule,booking_flow,augmented,simple
5859,Врач Морозовой не объяснил 🙏,feedback,negative_staff,escalation_flow,augmented,simple
2249,"Подскажите, персонал приветливый",feedback,positive_staff,feedback_flow,augmented,complex
7564,Посоветуюсь 🙏 🦷,conversational,unclear,clarification_flow,augmented,simple
7823,Это вомзутительно,feedback,negative_general,escalation_flow,augmented,simple
6173,лечение кариеса не помогло спасибо,feedback,negative_quality,escalation_flow,augmented,simple
9853,Результат удаление превзошёл ожидания,feedback,positive_quality,feedback_flow,variation,simple
5756,Можно перенести на пятницу?,booking,reschedule,booking_flow,variation,simple
7132,"ПРИВЕТ, РАБОТАЕТЕ В СРЕДУ?",faq,clinic_info,faq_flow,augmented,complex
1116,"Подскажите, хорошеог дня",conversational,farewell,conversation_flow,augmented,complex
9631,Эй 👍,conversational,greeting,conversation_flow,augmented,simple
4625,Быстро записали на среду,feedback,positive_service,feedback_flow,variation,simple
6435,Врач опоздал на полчаса,feedback,negative_service,escalation_flow,template,simple
8820,Можно перенести на на этой неделе?,booking,reschedule,booking_flow,variation,medium
10954,Можно перенести на понедельник заранее спасибо,booking,reschedule,booking_flow,augmented,medium
3467,Тончо нужно?,faq,followup,faq_flow,augmented,simple
10572,сколько нельзя пить алкоголь после чистку!,faq,visit_prep,faq_flow,augmented,medium
738,Всего дорбого заранее спасибо,conversational,farewell,conversation_flow,augmented,simple
7934,Непрофессиональное отношение,feedback,negative_staff,escalation_flow,template,simple
3385,Сразу перезвонили!,feedback,positive_service,feedback_flow,augmented,simple
11972,До скольки работаете?,faq,clinic_info,faq_flow,template,simple
2659,Запись к имплантологу на утро,booking,new_appointment,booking_flow,variation,simple
5769,"Привет, сразу ответили на звонок",feedback,positive_service,feedback_flow,augmented,complex
450,Удобно что работаете утро пожалуйста,feedback,positive_service,feedback_flow,augmented,simple
9396,ПРОТЕЗ СЛОМАЛСЯ!!,anamnesis,complaint,anamnesis_flow,augmented,simple
9717,Врач настоящий профи!!,feedback,positive_staff,feedback_flow,augmented,simple
7565,ПОСЛЕ СНИМОК У КОЗЛОВОЙ СТАЛО ХУЖЕ?,feedback,negative_quality,escalation_flow,augmented,medium
10973,Хорошего дня спсаибо,conversational,farewell,conversation_flow,augmented,simple
1640,коронку сколько стоит 😢,faq,price,faq_flow,augmented,simple
3254,"Привет, есть детский стоматолог?",faq,clinic_info,faq_flow,augmented,complex
2657,Перенесите на следующую неделю спасибо,booking,reschedule,booking_flow,augmented,simple
1804,Лебедевой настоящий професисонал,feedback,positive_staff,feedback_flow,augmented,simple
1550,После элайнеры у Морозовой стало хуже!!,feedback,negative_quality,escalation_flow,augmented,medium
3539,отбеливание это больно?,faq,procedure,faq_flow,variation,simple
5807,Доброе утро заранее спасибо 👍,conversational,greeting,conversation_flow,augmented,simple
5865,Спасибо большое спасибо,conversational,gratitude,conversation_flow,augmented,simple
6322,Отличное соотношение цена-качество!,feedback,positive_general,feedback_flow,augmented,simple
4276,"Подскажите, приём начался с опозданием",feedback,negative_service,escalation_flow,augmented,complex
7616,Как делают заранее спасибо,faq,procedure,faq_flow,augmented,simple
372,У меня запах изо рта три дня,anamnesis,symptom,anamnesis_flow,variation,medium
9430,"Изменились планы, нужно перенести!!",booking,reschedule,booking_flow,augmented,complex
1997,Запись к хирургу на сегодня,booking,new_appointment,booking_flow,variation,simple
7714,Сколько стоит виниры?,faq,price,faq_flow,variation,simple
6792,Работаете в утро заранее спасибо,faq,clinic_info,faq_flow,augmented,simple
2959,После протезирование у Лебедевой стало хуже 😢,feedback,negative_quality,escalation_flow,augmented,medium
2832,"Привет, возможно",conversational,unclear,clarification_flow,augmented,complex
11287,"Скажите, язвочки на слизИстой",anamnesis,complaint,anamnesis_flow,augmented,complex
9718,"Скажите, шатается зуб, что делать?",anamnesis,complaint,anamnesis_flow,augmented,complex
2474,"Здравствуйте, козловой был груб",feedback,negative_staff,escalation_flow,augmented,complex
4039,Приветп ожалуйста,conversational,greeting,conversation_flow,augmented,simple
6839,"Добрый день, очень удобная запись",feedback,positive_service,feedback_flow,augmented,complex
2240,"ДОБРЫЙ ДЕНЬ, КОНСУЛЬТАЦИЮ У МОРОЗОВОЙ ПРОШЛО ЗАМЕЧАТЕЛЬНО",feedback,positive_quality,feedback_flow,augmented,complex
7936,До всидания?,conversational,farewell,conversation_flow,augmented,simple
2815,Быстро записали на послезавтра...,feedback,positive_service,feedback_flow,augmented,simple
1171,Сколько нельзя пить после осмотр 🙏,faq,visit_prep,faq_flow,augmented,medium
558,Хочу сдвинуть время 👍?!,booking,reschedule,booking_flow,augmented,simple
5529,"Здравствуйте, кУЗНЕЦОВОЙ ОЧЕНЬ ВНИМАТЕЛЬНЫЙ",feedback,positive_staff,feedback_flow,augmented,complex
696,здорово.,conversational,greeting,conversation_flow,augmented,simple
9240,После лечение каналов у Козловой стало хуже,feedback,negative_quality,escalation_flow,variation,medium
5502,Сколько нельзя заниматься спортом после лечение кариеса пожалуйста,faq,visit_prep,faq_flow,augmented,medium
8304,"Привет, здравствуйте",conversational,greeting,conversation_flow,augmented,complex
6013,Как долго прослужит 😢,faq,procedure,faq_flow,augmented,simple
9572,"Отмените запись, форс-мажор спасибо",booking,cancel,booking_flow,augmented,complex
5515,Блаогдарю вас,conversational,gratitude,conversation_flow,augmented,simple
7150,Есть седация?,faq,clinic_info,faq_flow,template,simple
2507,"Скажите, клиника просто супер",feedback,positive_general,feedback_flow,augmented,complex
11264,НЕДОВОЛЕН ОБСЛУЖИВАНИЕМ  ВКЛИНИКЕ,feedback,negative_general,escalation_flow,augmented,simple
3381,Работаете с наркозом!,faq,clinic_info,faq_flow,augmented,simple
8086,Ладно?!,conversational,confirmation,conversation_flow,augmented,simple
3934,Интересует КТ пожалуйста,anamnesis,services,anamnesis_flow,augmented,simple
5114,верхняя десна болит периодически,anamnesis,symptom,anamnesis_flow,variation,simple
2524,"Привет, петровой был груб",feedback,negative_staff,escalation_flow,augmented,complex
4333,Приятно удивлён качеством 🙏,feedback,positive_general,feedback_flow,augmented,simple
1079,Здравтсвуйте,conversational,greeting,conversation_flow,augmented,simple
704,"Привет, надо подумать заранее спасибо",conversational,unclear,clarification_flow,augmented,complex
11036,коронку сколько стоит?,faq,price,faq_flow,variation,simple
5434,консультацию у Смирновой прошло замечательно?,feedback,positive_quality,feedback_flow,augmented,simple
10420,А что лучше заранее сапсибо,faq,followup,faq_flow,augmented,simple
6310,"Скажите, шатается зуб, что делать заранее спасибо",anamnesis,complaint,anamnesis_flow,augmented,complex
9178,Рекомендую друзьям и родным 🦷,feedback,positive_general,feedback_flow,augmented,simple
5413,Врач терпеливо всё оъбяснил,feedback,positive_staff,feedback_flow,augmented,simple
11419,НЕ ПРИШЛОСЬ ЖДАТЬ В ОЧЕРЕДИ!,feedback,positive_service,feedback_flow,augmented,simple
10406,Случилоьс откололся зуб заранее спасибо,anamnesis,complaint,anamnesis_flow,augmented,simple
5659,Хочу пожалоавться,feedback,negative_general,escalation_flow,augmented,simple
154,"Привет, добрый день, у меня чувствительность день",anamnesis,symptom,anamnesis_flow,augmented,complex
808,Добрый день 😢,conversational,greeting,conversation_flow,augmented,simple
10801,После пломбирование у Волкова стало хуже,feedback,negative_quality,escalation_flow,variation,medium
1100,Как добраться,faq,clinic_info,faq_flow,augmented,simple
2639,"Здравствуйте, приятно удивлён качеством",feedback,positive_general,feedback_flow,augmented,complex
3699,У меня тренсул зуб,anamnesis,complaint,anamnesis_flow,augmented,simple
5611,Врач внушает доверие пожалуйста?,feedback,positive_staff,feedback_flow,augmented,simple
7129,Мне не перевзонили со вчера,feedback,negative_service,escalation_flow,augmented,simple
553,Пока не решил 👍,conversational,unclear,clarification_flow,augmented,simple
11371,Пока не решил заранее спасибо,conversational,unclear,clarification_flow,augmented,simple
1862,"Подскажите, администратор милая и приветливая",feedback,positive_staff,feedback_flow,augmented,complex
7937,Козловой отнёсся невнимательно.,feedback,negative_staff,escalation_flow,augmented,simple
10761,прикусил щёку.,anamnesis,complaint,anamnesis_flow,augmented,simple
6537,где вын аходитесь?,faq,clinic_info,faq_flow,augmented,simple
5360,Болит шестёрка уже три дня,anamnesis,symptom,anamnesis_flow,variation,simple
6769,Удобно что работаете завтра!!,feedback,positive_service,feedback_flow,augmented,simple
9970,Десна воспалилась,anamnesis,symptom,anamnesis_flow,template,simple
5980,Сколько нельзя пить алкоголь после чистку.,faq,visit_prep,faq_flow,augmented,medium
8734,"ЗДРАВСТВУЙТЕ, ЗАПИСЬ К ЭНДОДОНТИСТУ НА ПОСЛЕЗАВТРА",booking,new_appointment,booking_flow,augmented,complex
2633,"Отмнеите запись, форс-мажор!!",booking,cancel,booking_flow,augmented,complex
2025,УДОБНО ЧТО РАБОТАЕТЕ ЗАВТРА пожалуйста,feedback,positive_service,feedback_flow,augmented,simple
7799,ЯЗВОЧКИ НА СЛИЗИСТОЙ 🦷,anamnesis,complaint,anamnesis_flow,augmented,simple
10409,Спасибо 😢,conversational,gratitude,conversation_flow,augmented,simple
7767,Что если не поможет!!,faq,followup,faq_flow,augmented,simple
4159,"Скажите, планирую КТ",anamnesis,services,anamnesis_flow,augmented,complex
11040,Скололась эмаль,anamnesis,complaint,anamnesis_flow,template,simple
9075,Можно перенести на среду спасибо,booking,reschedule,booking_flow,augmented,simple
9349,приду 👍,conversational,confirmation,conversation_flow,augmented,simple
6137,"Спасибо,в сё понятно!",conversational,gratitude,conversation_flow,augmented,complex
2078,администратор милая и приветлиавя,feedback,positive_staff,feedback_flow,augmented,simple
9426,ЧтО вы рекомендуете заранее спасибо,faq,followup,faq_flow,augmented,simple
3355,Не больно благодаря врачу 🦷,feedback,positive_staff,feedback_flow,augmented,simple
10748,После элайнеры у Козловой стало хуже?,feedback,negative_quality,escalation_flow,augmented,medium
4177,ПОЯВИЛАСЬ ЯЗВОЧКА ВО РТУ 👍,anamnesis,complaint,anamnesis_flow,augmented,simple
1338,Врач Новиоква не объяснил,feedback,negative_staff,escalation_flow,augmented,simple
11482,Случилось шатается зуб спасибо,anamnesis,complaint,anamnesis_flow,augmented,simple
6665,Угу 😊,conversational,confirmation,conversation_flow,augmented,simple
3667,Спасиоб за заботу 🙏,feedback,positive_general,feedback_flow,augmented,simple
1123,"Не смоуг прийти, форс-мажор",booking,cancel,booking_flow,augmented,complex
11832,"Здравствуйте, ладно",conversational,confirmation,conversation_flow,augmented,complex
2618,"Добрый день, всего хорошего пожалуйста",conversational,farewell,conversation_flow,augmented,complex
11179,Новикова очень внимательный!,feedback,positive_staff,feedback_flow,augmented,simple
3849,Отмените запись спасибо,booking,cancel,booking_flow,augmented,simple
11714,ЗУБ ИЗМЕНИЛ ЦВЕТ!,anamnesis,complaint,anamnesis_flow,augmented,simple
8083,"Здравствйуте, коронка слетела",anamnesis,complaint,anamnesis_flow,augmented,complex
3412,Сколько длится удаление.,faq,procedure,faq_flow,augmented,simple
9079,Как подготовиться к консультацию?,faq,visit_prep,faq_flow,variation,simple
3177,Нужно лечение кариеса,anamnesis,services,anamnesis_flow,variation,simple
8101,Когда раобтаете,faq,clinic_info,faq_flow,augmented,simple
5034,"Жду уже три дня, никот не подходит",feedback,negative_service,escalation_flow,augmented,complex
6888,Уберите мою запись...,booking,cancel,booking_flow,augmented,simple
9279,Как подготовиться к осмотр пожалуйста,faq,visit_prep,faq_flow,augmented,simple
7249,"Привет, имплант прижился отлично",feedback,positive_quality,feedback_flow,augmented,complex
11816,Врач Сидорова всё подробно объяснил спасибо,feedback,positive_staff,feedback_flow,augmented,medium
5624,Перезапишите на день 👍,booking,reschedule,booking_flow,augmented,simple
2214,Болит шестёрка уже со вчера,anamnesis,symptom,anamnesis_flow,variation,simple
73,Запись к терапевту на в ближайшее время 🙏,booking,new_appointment,booking_flow,augmented,medium
2023,До встречи...,conversational,farewell,conversation_flow,augmented,simple
6281,"ЖДУ УЖЕ ДЕНЬ, НИКТО НЕ ОПДХОДИТ",feedback,negative_service,escalation_flow,augmented,complex
11104,как проходит лечение карисеа?,faq,procedure,faq_flow,augmented,simple
9132,Некачественная работа,feedback,negative_quality,escalation_flow,template,simple
3917,Очень рад что обратился к вам спасибо,feedback,positive_general,feedback_flow,augmented,medium
10371,Спасибо большое...,conversational,gratitude,conversation_flow,augmented,simple
8750,челюсть сильно болит,anamnesis,symptom,anamnesis_flow,variation,simple
8712,После реставрацию у Волкова стало хуже,feedback,negative_quality,escalation_flow,variation,medium
4533,Работаете по ДМС?,faq,clinic_info,faq_flow,template,simple
10762,"Добрый день, болит верхний зуб уже несколько дней",anamnesis,symptom,anamnesis_flow,augmented,complex
2662,"Жду уже давно, никто не подходит 🙏",feedback,negative_service,escalation_flow,augmented,complex
11727,Очень двооленк линикой,feedback,positive_general,feedback_flow,augmented,simple
322,Спасибо большое?!,conversational,gratitude,conversation_flow,augmented,simple
2892,"Здравствуйте, всем рекомендую?",feedback,positive_general,feedback_flow,augmented,complex
6931,Всего доброго спасибо,conversational,farewell,conversation_flow,augmented,simple
10824,Что посоветуете?,faq,followup,faq_flow,template,simple
10445,"Добрый день, козловой настоящий профессионал",feedback,positive_staff,feedback_flow,augmented,complex
949,"Добрый день, понял",conversational,confirmation,conversation_flow,augmented,complex
8983,ЗАПИСЬ К ДЕТСКОМУ СТОМАТОЛОГУ НА ЧЕТВЕРГ?!,booking,new_appointment,booking_flow,augmented,medium
544,Можетб ыть 🦷,conversational,unclear,clarification_flow,augmented,simple
8031,Во склоько обойдётся?,faq,price,faq_flow,augmented,simple
6897,"Скажите, больше не приду 🦷",feedback,negative_general,escalation_flow,augmented,complex
4795,"Подскажите, спасибо, всё понятно",conversational,gratitude,conversation_flow,augmented,complex
8466,"Здравствуйте, нужнО имплантацию",anamnesis,services,anamnesis_flow,augmented,complex
3202,Хорошо?!,conversational,confirmation,conversation_flow,augmented,simple
4557,Врач Петровой всё подробно объяснил.,feedback,positive_staff,feedback_flow,augmented,simple
1064,"Подскажите, морозовой очень внимательный",feedback,positive_staff,feedback_flow,augmented,complex
8836,Нунжо реставрацию,anamnesis,services,anamnesis_flow,augmented,simple
6508,"скажите, врач был невнимателен",feedback,negative_staff,escalation_flow,augmented,complex
492,"Скажите, конечно?!",conversational,confirmation,conversation_flow,augmented,complex
11790,консультацию у Морозовой прошло замечательно спасибо?!,feedback,positive_quality,feedback_flow,augmented,medium
2515,Врач опоздал на полчаса?!,feedback,negative_service,escalation_flow,augmented,simple
8225,Что нельзя после протЕзирование,faq,visit_prep,faq_flow,augmented,simple
6813,Сколько стоит осмотр?,faq,price,faq_flow,variation,simple
3814,Можно раньше,booking,reschedule,booking_flow,augmented,simple
3472,Ждал давно заранее спасибо,feedback,negative_service,escalation_flow,augmented,simple
6715,Грубо обошлись 🙏,feedback,negative_staff,escalation_flow,augmented,simple
1445,Всего обдрого,conversational,farewell,conversation_flow,augmented,simple
11945,"Привет, новикова очень внимательный",feedback,positive_staff,feedback_flow,augmented,complex
10813,"Здравствуйте, оТМЕНИТЕ ЗАПИСЬ",booking,cancel,booking_flow,augmented,complex
7602,"Добрый день, консультацию у Петровой прошло замечательно",feedback,positive_quality,feedback_flow,augmented,complex
11699,"Добрый день, привет, благодарю",conversational,gratitude,conversation_flow,augmented,complex
135,Удобно что работаете в ближайшее время спасибо,feedback,positive_service,feedback_flow,augmented,medium
4561,Удобно что работаете утро 😢,feedback,positive_service,feedback_flow,augmented,simple
10588,"Изменились планы, нужно перенести 🙏",booking,reschedule,booking_flow,augmented,complex
10335,Надо подумать заранее спасибо,conversational,unclear,clarification_flow,augmented,simple
11648,"Добрый день, спасибо за отличную работу",feedback,positive_general,feedback_flow,augmented,complex
2219,Приятно общаться с персоналом,feedback,positive_staff,feedback_flow,template,simple
9319,После лечение кариеса у Новикова стало хуже,feedback,negative_quality,escalation_flow,variation,medium
11031,благодаюр за работу,feedback,positive_general,feedback_flow,augmented,simple
810,Какие гарантии,faq,procedure,faq_flow,augmented,simple
2191,"Подскажите, благодарю",conversational,gratitude,conversation_flow,augmented,complex
873,протезирование сколько стоти?,faq,price,faq_flow,augmented,simple
11125,Очередь огромная пожалуйста,feedback,negative_service,escalation_flow,augmented,simple
1376,Как связаться спасибо,faq,clinic_info,faq_flow,augmented,simple
8423,Хочув озврат,feedback,negative_general,escalation_flow,augmented,simple
6301,Мне не перезвонили несколько дней заранее спасибо,feedback,negative_service,escalation_flow,augmented,medium
11742,пломбирование у Волкова прошло замечательно,feedback,positive_quality,feedback_flow,variation,simple
1394,"Подскажите, может быть",conversational,unclear,clarification_flow,augmented,complex
6298,СпаСибо 😊,conversational,gratitude,conversation_flow,augmented,simple
2176,У меня ноющая боль со вчера,anamnesis,symptom,anamnesis_flow,variation,medium
2324,"Спасибо, до сВиадния",conversational,gratitude,conversation_flow,augmented,complex
3279,До встречи спасибо,conversational,farewell,conversation_flow,augmented,simple
2954,Моя любимая клиника?!,feedback,positive_general,feedback_flow,augmented,simple
10194,"Добрый день, сломался протез",anamnesis,complaint,anamnesis_flow,augmented,complex
3602,Хочу оставить жалобу на Сидорова 🦷,feedback,negative_general,escalation_flow,augmented,medium
10415,Есть кредит на лечение?,faq,price,faq_flow,template,simple
11474,Делаете панорамный снимок?,faq,clinic_info,faq_flow,template,simple
4791,принимаете анличные?,faq,clinic_info,faq_flow,augmented,simple
762,Как проходит КТ пожалуйста,faq,procedure,faq_flow,augmented,simple
10159,"Скажите, все объяснили понятно",feedback,positive_staff,feedback_flow,augmented,complex
6498,"Подскажите, хооршего дня",conversational,farewell,conversation_flow,augmented,complex
9703,"ЖДУ УЖЕ С УТРА, НИКТО НЕ ПОДХОДИТ пожалуйста",feedback,negative_service,escalation_flow,augmented,complex
9040,Надо посоветоваться спасибо,conversational,unclear,clarification_flow,augmented,simple
658,У меня боль от холодноог неделю,anamnesis,symptom,anamnesis_flow,augmented,medium
9024,"Скажите, хочу поговорить с руководством",feedback,negative_general,escalation_flow,augmented,complex
4577,После снимок у Смирновой тсало хуже,feedback,negative_quality,escalation_flow,augmented,medium
11017,Очен ьблагодарен,conversational,gratitude,conversation_flow,augmented,simple
10488,Хочу оставить жалобу на Козловой,feedback,negative_general,escalation_flow,variation,simple
4057,Мне не пеерзвонили,feedback,negative_service,escalation_flow,augmented,simple
2759,Сколько нельзя пить после виниры?,faq,visit_prep,faq_flow,variation,simple
2877,"Привет, мне не перезвонили три дня заранее спасибо",feedback,negative_service,escalation_flow,augmented,complex
10924,"Добрый день, благодарю?",conversational,gratitude,conversation_flow,augmented,complex
6529,ДО СИВДАНИЯ!,conversational,farewell,conversation_flow,augmented,simple
4603,"Добрый день, ага",conversational,confirmation,conversation_flow,augmented,complex
2615,Хорошеог дня пожалуйста,conversational,farewell,conversation_flow,augmented,simple
624,зуб очень болит!!,anamnesis,symptom,anamnesis_flow,augmented,simple
6434,Перенесите на послезавтра,booking,reschedule,booking_flow,variation,simple
8503,консультацию это больно.,faq,procedure,faq_flow,augmented,simple
6909,Добрый день 🙏?,conversational,greeting,conversation_flow,augmented,simple
628,Принимаете наличные,faq,clinic_info,faq_flow,augmented,simple
10065,Быстро записали на на этой неделе 😊,feedback,positive_service,feedback_flow,augmented,medium
10483,Клиника просто спуер,feedback,positive_general,feedback_flow,augmented,simple
7816,СПСАИБО!,conversational,gratitude,conversation_flow,augmented,simple
6419,Кузнецовой настоящий профессионал!!,feedback,positive_staff,feedback_flow,augmented,simple
4737,Работаете в праздники 😊 заранее спасибо,faq,clinic_info,faq_flow,augmented,medium
4487,Надо посоветоваться 🦷 пожалуйста,conversational,unclear,clarification_flow,augmented,simple
4233,"Подскажите, непрофессиональное отношение",feedback,negative_staff,escalation_flow,augmented,complex
7650,"Здравствуйте, планирую протезирование",anamnesis,services,anamnesis_flow,augmented,complex
1609,Перенесите нА на этой неделе заранее спасибо,booking,reschedule,booking_flow,augmented,medium
5345,Какая цена на консультацию?,faq,price,faq_flow,variation,simple
9905,"Здравствуйте, нашёл свою клинику 👍",feedback,positive_general,feedback_flow,augmented,complex
9292,После лечение каналов у Морозовой стало хуже,feedback,negative_quality,escalation_flow,variation,medium
7244,"Да, хорошо!!",conversational,confirmation,conversation_flow,augmented,complex
3906,"Скажите, иванова отнёсся невнимательно",feedback,negative_staff,escalation_flow,augmented,complex
2537,что вы рекомендуете спасибо,faq,followup,faq_flow,augmented,simple
3079,Невежлив оответили?!,feedback,negative_staff,escalation_flow,augmented,simple
11509,Что нельзя после брекеты?,faq,visit_prep,faq_flow,variation,simple
3766,Петровой был груб пожалуйста,feedback,negative_staff,escalation_flow,augmented,simple
594,"Скажите, пока",conversational,farewell,conversation_flow,augmented,complex
7959,"Здравствуйте, нашёл свою клинику",feedback,positive_general,feedback_flow,augmented,complex
4366,Сколько стоит элайнеры,faq,price,faq_flow,augmented,simple
3608,Отклеилсаь коронка,anamnesis,complaint,anamnesis_flow,augmented,simple
7392,Записали на удобноев ремя,feedback,positive_service,feedback_flow,augmented,simple
11341,Иванова настоящий профессионал!,feedback,positive_staff,feedback_flow,augmented,simple
7864,БУДУ 🦷,conversational,confirmation,conversation_flow,augmented,simple
10530,"Уточните, пожалуйста 😢",faq,followup,faq_flow,augmented,complex
11973,Кузнецовой отнёсся невнимателньо,feedback,negative_staff,escalation_flow,augmented,simple
11898,"Скажите, здравствуйте, перезапишите на вечер",booking,reschedule,booking_flow,augmented,complex
9881,Это безопасно 😊,faq,procedure,faq_flow,augmented,simple
5835,Перенесите на послезавтра!,booking,reschedule,booking_flow,augmented,simple
4148,Коронка мешает,feedback,negative_quality,escalation_flow,template,simple
3353,есть лазер,faq,clinic_info,faq_flow,augmented,simple
113,Хорошего дня заранее спасибо пожалуйста,conversational,farewell,conversation_flow,augmented,simple
11609,ЗДРВАСТВУЙТЕ,conversational,greeting,conversation_flow,augmented,simple
10771,Можно перенесит на завтра?,booking,reschedule,booking_flow,augmented,simple
2864,Запись к ортодонту на воскресенье 😊,booking,new_appointment,booking_flow,augmented,medium
2839,Можно перенести на на следующей неделе.,booking,reschedule,booking_flow,augmented,medium
9651,нижняя десна болит постоянно?,anamnesis,symptom,anamnesis_flow,augmented,simple
11942,Легко дозвноиться,feedback,positive_service,feedback_flow,augmented,simple
11622,Здравствуйте спасибо,conversational,greeting,conversation_flow,augmented,simple
3085,Быстро записали на вторник 😊,feedback,positive_service,feedback_flow,augmented,simple
6863,А можно по-другОму 🙏,faq,followup,faq_flow,augmented,simple
7758,Сколько нельзя курить после лечение каналов?,faq,visit_prep,faq_flow,variation,medium
5709,"Добрый день, отмените запись, уезжаю",booking,cancel,booking_flow,augmented,complex
11368,коронку у Иванова прошло замечательно,feedback,positive_quality,feedback_flow,variation,simple
10746,Перенесите на послезавтра...,booking,reschedule,booking_flow,augmented,simple
4679,"Спасибо, до свидания заранее спасибо!!",conversational,gratitude,conversation_flow,augmented,complex
11904,"Здравствуйте, где находится клиника?",faq,clinic_info,faq_flow,augmented,complex
2858,"Здравствуйте, понял",conversational,confirmation,conversation_flow,augmented,complex
7126,Запись потеряли 👍,feedback,negative_service,escalation_flow,augmented,simple
5903,"Отмените запись, форс-мажор?",booking,cancel,booking_flow,augmented,complex
3863,КАКАЯ ЦЕНА НА ПРОТЕЗИРОВАНИЕ заранее спасибо,faq,price,faq_flow,augmented,medium
4363,Сколько нельзя пить алкоголь после коронку,faq,visit_prep,faq_flow,augmented,medium
5622,Пока,conversational,farewell,conversation_flow,template,simple
11364,Персонал вежливый и приятный 👍,feedback,positive_staff,feedback_flow,augmented,simple
7106,Это безопасно 🦷 😊,faq,procedure,faq_flow,augmented,simple
11078,"подскажите, мне не перезвонили со вчера",feedback,negative_service,escalation_flow,augmented,complex
5473,"Привет, а вдруг не получится",faq,followup,faq_flow,augmented,complex
11353,ВРАЧ КОЗЛОВОЙ ВСЁ ПОДРОБНО ОБЪЯСНИЛ ПОЖАЛУЙСТА,feedback,positive_staff,feedback_flow,augmented,medium
6958,Сколько нельзя курить после лечение каналов 🙏,faq,visit_prep,faq_flow,augmented,medium
5714,Ладно,conversational,confirmation,conversation_flow,template,simple
2562,Цена на рбекеты?,faq,price,faq_flow,augmented,simple
10948,"Привет, брекет отклеился",anamnesis,complaint,anamnesis_flow,augmented,complex
10182,"Подскажите, работаетев  среду?",faq,clinic_info,faq_flow,augmented,complex
9581,"ЗДРАВСТВУЙТЕ, КАКИЕ ВРАЧИ РАБОТАЮТ?",faq,clinic_info,faq_flow,augmented,complex
5559,Принимаете рассрочку,faq,clinic_info,faq_flow,augmented,simple
4977,РАБОТАЕТЕ В ВЫХОДНЫЕ заранее спасибо,faq,clinic_info,faq_flow,augmented,simple
2022,"Подскажите, жду уже два дня, никто не подходит",feedback,negative_service,escalation_flow,augmented,complex
3309,Спасибо большое!,conversational,gratitude,conversation_flow,template,simple
10915,У меня боль от горячего три дня 🦷,anamnesis,symptom,anamnesis_flow,augmented,medium
10979,"Подскажите, можно перенести на вечер!",booking,reschedule,booking_flow,augmented,complex
3653,После осмотр у Смирновой стало хуже,feedback,negative_quality,escalation_flow,variation,medium
7577,есть рассрочка спасибо,faq,price,faq_flow,augmented,simple
2421,Нужно перенести,booking,reschedule,booking_flow,template,simple
2989,Хочу на гигиену 😊,booking,new_appointment,booking_flow,augmented,simple
8181,"Подскажите, треснул зуб, что делать?",anamnesis,complaint,anamnesis_flow,augmented,complex
1578,Где вы находитесь 😢,faq,clinic_info,faq_flow,augmented,simple
585,"Уточните, пожалуйста пожалуйста 😊",faq,followup,faq_flow,augmented,complex
4520,Добрый еднь 👍,conversational,greeting,conversation_flow,augmented,simple
8403,"Добрый день, а ЧТО БУДЕТ ЕСЛИ?",faq,followup,faq_flow,augmented,complex
6614,Большое спасибо...,conversational,gratitude,conversation_flow,augmented,simple
1703,Запись к детскому стоМатологу на среду!!,booking,new_appointment,booking_flow,augmented,medium
1791,"боль от горячего, что делать 😢",anamnesis,symptom,anamnesis_flow,augmented,complex
1040,"Скажите, спс?!",conversational,gratitude,conversation_flow,augmented,complex
6100,Запись к ортодонту на на этой неделе,booking,new_appointment,booking_flow,variation,medium
3493,"Добрый день, случилось откололся зуб...",anamnesis,complaint,anamnesis_flow,augmented,complex
6805,Посовтеуюсь,conversational,unclear,clarification_flow,augmented,simple
7761,Спаисбо за информацию!,conversational,gratitude,conversation_flow,augmented,simple
7521,Удобно что работаете завтра.,feedback,positive_service,feedback_flow,augmented,simple
2730,"слетела коронка, что делать",anamnesis,complaint,anamnesis_flow,augmented,complex
4064,рекомендую клинику всем друзьям 🙏,feedback,positive_general,feedback_flow,augmented,simple
3011,снимок не помогло,feedback,negative_quality,escalation_flow,variation,simple
2724,кузнецовой отнёсся невнимательно 😊,feedback,negative_staff,escalation_flow,augmented,simple
5876,можно перенести на азвтра?,booking,reschedule,booking_flow,augmented,simple
3546,Приняли вовремя 👍,feedback,positive_service,feedback_flow,augmented,simple
5901,верхний зуб болит сильно...,anamnesis,symptom,anamnesis_flow,augmented,simple
4783,Не решил ещё 👍,conversational,unclear,clarification_flow,augmented,simple
9164,После удаление у Волкова стало хуже,feedback,negative_quality,escalation_flow,variation,medium
2124,Принимаете ДМС спасибо 👍,faq,clinic_info,faq_flow,augmented,simple
4718,Сколько нельзя пить после протезирование?!,faq,visit_prep,faq_flow,augmented,simple
8930,НЕ СМОГУ ПРИЙТИ?!,booking,cancel,booking_flow,augmented,simple
3201,У меня кровоточивость со вчера 😊,anamnesis,symptom,anamnesis_flow,augmented,medium
1086,хорошо спасибо,conversational,confirmation,conversation_flow,augmented,simple
9864,"Отмените запись, занят на работе?!",booking,cancel,booking_flow,augmented,complex
6283,Протез сломлася,anamnesis,complaint,anamnesis_flow,augmented,simple
5532,Спасибо за отличную работу 😢,feedback,positive_general,feedback_flow,augmented,simple
6588,Работаете в воскресенье!!,faq,clinic_info,faq_flow,augmented,simple
11983,смирновой настоящий профессионал 🦷,feedback,positive_staff,feedback_flow,augmented,simple
6312,Ниечго не объяснили,feedback,negative_staff,escalation_flow,augmented,simple
1613,консультацию у Иванова прошло замечательно спасибо,feedback,positive_quality,feedback_flow,augmented,medium
8684,Всем рекомендую,feedback,positive_general,feedback_flow,template,simple
10872,Рекомендую клинику всем друзьям 😊,feedback,positive_general,feedback_flow,augmented,simple
10378,Хочу осмотр пожалуйста,anamnesis,services,anamnesis_flow,augmented,simple
10358,"Здравствуйте, результат виниры превзошёл ожидания",feedback,positive_quality,feedback_flow,augmented,complex
3337,"Привет,в сего доброго",conversational,farewell,conversation_flow,augmented,complex
8464,всем рекомендую заранее спасибо,feedback,positive_general,feedback_flow,augmented,simple
790,А что будет если пожалуйста,faq,followup,faq_flow,augmented,simple
8015,Лебедевой настоящий профессионал?!,feedback,positive_staff,feedback_flow,augmented,simple
375,"Скажите, да",conversational,confirmation,conversation_flow,augmented,complex
7016,После виниры у Лебедевой стало хуже 🦷,feedback,negative_quality,escalation_flow,augmented,medium
7253,Отнеслись наплевательски.,feedback,negative_staff,escalation_flow,augmented,simple
788,Ждал две недлеи,feedback,negative_service,escalation_flow,augmented,simple
2334,"Скажите, не знаю",conversational,unclear,clarification_flow,augmented,complex
11206,Скольк остоит корноку?,faq,price,faq_flow,augmented,simple
5315,"Привет, быстро записали на завтра пожалуйста",feedback,positive_service,feedback_flow,augmented,complex
11099,сколько нельзя есть после чистку,faq,visit_prep,faq_flow,augmented,simple
7574,"Привет, а если я не буду?",faq,followup,faq_flow,augmented,complex
8905,Клиника просто супер спасибо,feedback,positive_general,feedback_flow,augmented,simple
4526,"Здравствуйте, скажите, хочу оставить жалобу на Волкова",feedback,negative_general,escalation_flow,augmented,complex
6838,Интересует коронка 👍,anamnesis,services,anamnesis_flow,augmented,simple
6091,работаете в празндики?,faq,clinic_info,faq_flow,augmented,simple
186,Всего доброго,conversational,farewell,conversation_flow,template,simple
1458,нижняя десна периодически болит,anamnesis,symptom,anamnesis_flow,variation,simple
8406,Всего дорбого?!,conversational,farewell,conversation_flow,augmented,simple
5173,А если я не буду 🦷!!,faq,followup,faq_flow,augmented,medium
6807,Добрый день,conversational,greeting,conversation_flow,template,simple
10091,"Привет, приятно удивлён качеством пожалуйста",feedback,positive_general,feedback_flow,augmented,complex
2297,"Скажите, нужно отменить.",booking,cancel,booking_flow,augmented,complex
10401,профгигиену не помогло,feedback,negative_quality,escalation_flow,variation,simple
8664,Сколько нельзя курить после имплантацию пожалуйста,faq,visit_prep,faq_flow,augmented,medium
5172,Расскажите больше 😊,faq,followup,faq_flow,augmented,simple
1803,"Здравствуйте, отмените запись пожалуйста",booking,cancel,booking_flow,augmented,complex
8642,Расскажите больше 👍,faq,followup,faq_flow,augmented,simple
3463,"Добрый день, можно записаться онлайн?",faq,clinic_info,faq_flow,augmented,complex
11678,кузнецовой очень внимательный 😊,feedback,positive_staff,feedback_flow,augmented,simple
8393,Качественное лечение,feedback,positive_quality,feedback_flow,template,simple
11491,После лечение каналов у Новикова стало хуже,feedback,negative_quality,escalation_flow,variation,medium
1899,Спасибо большое пожалуйста заранее спасибо,conversational,gratitude,conversation_flow,augmented,simple
1835,"Скажите, спасибо!",conversational,gratitude,conversation_flow,augmented,complex
9524,"Подскажите, после КТ у еЛбедевой стало хуже",feedback,negative_quality,escalation_flow,augmented,complex
1190,Иванова был груб,feedback,negative_staff,escalation_flow,variation,simple
997,Почём 👍,faq,price,faq_flow,augmented,simple
6857,"Скажите, спс...",conversational,gratitude,conversation_flow,augmented,complex
6257,"Скажите, планирую исправить прикус",anamnesis,services,anamnesis_flow,augmented,complex
4201,Солгасен,conversational,confirmation,conversation_flow,augmented,simple
1474,Врач Новикова всё подробно объяснил?!,feedback,positive_staff,feedback_flow,augmented,simple
2851,"Здравствуйте, да, хорошо",conversational,confirmation,conversation_flow,augmented,complex
2243,"Скажите, хочу оставить жалобу на Козловой",feedback,negative_general,escalation_flow,augmented,complex
7184,Быстро записали на в ближайшее время 🦷?,feedback,positive_service,feedback_flow,augmented,medium
11162,"Скажите, прикусил язык",anamnesis,complaint,anamnesis_flow,augmented,complex
11986,Больоше спасибо,conversational,gratitude,conversation_flow,augmented,simple
5295,"Подскажите, буду",conversational,confirmation,conversation_flow,augmented,complex
1823,ПОСЛЕ ПЛОМБИРОВАНИЕ У ВОЛКОВА СТАЛО ХУЖЕ 🙏,feedback,negative_quality,escalation_flow,augmented,medium
8032,"Уточните, пожалуйста?!",faq,followup,faq_flow,augmented,complex
2262,"Подскажите, подскажите, пока",conversational,farewell,conversation_flow,augmented,complex
1323,верхняя десна ночью болит,anamnesis,symptom,anamnesis_flow,variation,simple
119,Запись к ортопеду на пятницу,booking,new_appointment,booking_flow,variation,simple
1392,"ДА, ХРООШО",conversational,confirmation,conversation_flow,augmented,complex
10705,Может быть 🙏,conversational,unclear,clarification_flow,augmented,simple
2485,"Здравствуйте, какая цена на чистку?",faq,price,faq_flow,augmented,complex
11137,ХОЧУ ПОАЖЛОВАТЬСЯ,feedback,negative_general,escalation_flow,augmented,simple
10039,"Привет, хОЧУ ПОЖАЛОВАТЬСЯ",feedback,negative_general,escalation_flow,augmented,complex
7588,"привет, петровой отнёсся невнимательно",feedback,negative_staff,escalation_flow,augmented,complex
9320,брекеты сколько стоит пожалуйста,faq,price,faq_flow,augmented,simple
2863,"отмените запись, уезжаю заранее спасибо",booking,cancel,booking_flow,augmented,complex
7700,приду!!,conversational,confirmation,conversation_flow,augmented,simple
10127,Удачи 🙏,conversational,farewell,conversation_flow,augmented,simple
6088,"Привет, перенесите на субботу",booking,reschedule,booking_flow,augmented,complex
3513,У меня боль от холодного три дня 🙏,anamnesis,symptom,anamnesis_flow,augmented,medium
1926,После виниры у Иванова стало хуже 🙏,feedback,negative_quality,escalation_flow,augmented,medium
4768,верхний зуб болит очень,anamnesis,symptom,anamnesis_flow,variation,simple
3645,КАК ПРОХОДИТ ЛЕЧЕНИЕ КАРИЕСА.,faq,procedure,faq_flow,augmented,simple
6010,МОЖНО ПЕРЕНЕСТИ НА ВЕЧЕР,booking,reschedule,booking_flow,augmented,simple
1690,Козловой отнёсся невнимательно 😢,feedback,negative_staff,escalation_flow,augmented,simple
10625,Не знаю 🦷,conversational,unclear,clarification_flow,augmented,simple
7759,"Привет, спасибо за помощь",conversational,gratitude,conversation_flow,augmented,complex
3986,"Скажите, уточните, пожалуйста",faq,followup,faq_flow,augmented,complex
10036,Нужно реставрацию спасибо,anamnesis,services,anamnesis_flow,augmented,simple
9684,"Спасибо, до свидания.",conversational,gratitude,conversation_flow,augmented,complex
7222,Перезвоню пожалуйста 👍,conversational,unclear,clarification_flow,augmented,simple
617,Спс?,conversational,gratitude,conversation_flow,augmented,simple
1680,"Скажите, часы работы?",faq,clinic_info,faq_flow,augmented,complex
5117,ОЧЕНЬ ДОВОЛЕН КЛИНИКОЙ пожалуйста,feedback,positive_general,feedback_flow,augmented,simple
9543,десна боилт очень,anamnesis,symptom,anamnesis_flow,augmented,simple
5879,"Жду уже давно, никто не подходит!!",feedback,negative_service,escalation_flow,augmented,complex
6269,а боязательно?,faq,followup,faq_flow,augmented,simple
6444,"Привет, перенесите на утро",booking,reschedule,booking_flow,augmented,complex
11005,После лечение кариеса у Петровой стало хуже 🦷,feedback,negative_quality,escalation_flow,augmented,medium
6854,Хочу сдвинуть время спасибо,booking,reschedule,booking_flow,augmented,simple
1428,После отбеливание у Петровой стало хуже 👍,feedback,negative_quality,escalation_flow,augmented,medium
8459,"Привет, жду уже неделю, никто не подходит",feedback,negative_service,escalation_flow,augmented,complex
4068,Перенесите запись 🙏,booking,reschedule,booking_flow,augmented,simple
2105,"Скажите, золотые руки у доктора",feedback,positive_staff,feedback_flow,augmented,complex
8103,"Добрый день, можно на послезавтра?",booking,new_appointment,booking_flow,augmented,complex
28,Прид у🦷,conversational,confirmation,conversation_flow,augmented,simple
2981,запись к гигиенисту на понедельник!!,booking,new_appointment,booking_flow,augmented,simple
2019,Можно перезаписаться 🦷...,booking,reschedule,booking_flow,augmented,simple
2733,"Подскажите, благодарю вас!",conversational,gratitude,conversation_flow,augmented,complex
6824,Можон перенести на пятницу?,booking,reschedule,booking_flow,augmented,simple
11662,УДАЧИ заранее спасибо,conversational,farewell,conversation_flow,augmented,simple
607,Как записаться  квам?,booking,new_appointment,booking_flow,augmented,simple
230,"Отмените запись, занят на работе 😢",booking,cancel,booking_flow,augmented,complex
8273,ОТКЛЕИЛАСЬ КОРОНКА 🙏,anamnesis,complaint,anamnesis_flow,augmented,simple
3415,что нельзя после КТ заранее спасибо,faq,visit_prep,faq_flow,augmented,medium
5629,"спасибо, всёп онятно",conversational,gratitude,conversation_flow,augmented,complex
6334,Врач был гурб,feedback,negative_staff,escalation_flow,augmented,simple
4523,Анестезия входит в стоимость?,faq,procedure,faq_flow,template,simple
6417,Добрый деьн!,conversational,greeting,conversation_flow,augmented,simple
247,"Скажите, всегод оброго",conversational,farewell,conversation_flow,augmented,complex
4789,"Здравствуйте, не сейчас!!",conversational,unclear,clarification_flow,augmented,complex
4461,"Здравствуйте, пока.",conversational,farewell,conversation_flow,augmented,complex
1287,Зуб изменил цвет 🦷,anamnesis,complaint,anamnesis_flow,augmented,simple
8043,Современный метод заранее спасибо,faq,procedure,faq_flow,augmented,simple
1024,профгигиену это больно.,faq,procedure,faq_flow,augmented,simple
10630,Беспокоит боль при жевании,anamnesis,symptom,anamnesis_flow,variation,simple
3691,"Спасибо,д о свидания",conversational,gratitude,conversation_flow,augmented,complex
6231,А это больно 👍,faq,procedure,faq_flow,augmented,simple
2292,"Подскажите, можно перенести на сегодня?",booking,reschedule,booking_flow,augmented,complex
4145,Есть свободные окошки?,booking,new_appointment,booking_flow,template,simple
3314,Работаете в утро.,faq,clinic_info,faq_flow,augmented,simple
1141,Надо подумать 😊 спасибо,conversational,unclear,clarification_flow,augmented,simple
8765,"шатается зуб, что делать 🙏",anamnesis,complaint,anamnesis_flow,augmented,complex
10381,Крайне недоволен!!,feedback,negative_general,escalation_flow,augmented,simple
3652,Нашёл свою клинику 😊,feedback,positive_general,feedback_flow,augmented,simple
378,У меня кровоточивость месяц,anamnesis,symptom,anamnesis_flow,variation,simple
10846,Всего дорбого,conversational,farewell,conversation_flow,augmented,simple
9670,Интересуют элайнеры пожалуйста,anamnesis,services,anamnesis_flow,augmented,simple
3763,верхний зуб постоянно болит,anamnesis,symptom,anamnesis_flow,variation,simple
11747,До свидания 🦷 заранее спасибо,conversational,farewell,conversation_flow,augmented,simple
4283,Сколько нельзя пить после консультацию заранее спасибо,faq,visit_prep,faq_flow,augmented,medium
4183,"Всё отлично, спасибо спасибо",feedback,positive_general,feedback_flow,augmented,complex
7732,"Привет, не уверен",conversational,unclear,clarification_flow,augmented,complex
1461,"Здравствуйте, рядом есть метро?",faq,clinic_info,faq_flow,augmented,complex
1193,Бысрто записали на в ближайшее время 🦷,feedback,positive_service,feedback_flow,augmented,medium
5399,Зуб изменил цвет 😊 👍,anamnesis,complaint,anamnesis_flow,augmented,simple
2927,ПЕРЕНЕСИТЕ НА УТРО СПАСИБО,booking,reschedule,booking_flow,augmented,simple
565,отбеливание у Петровой прошло замечательно.,feedback,positive_quality,feedback_flow,augmented,simple
309,Легкод озвониться,feedback,positive_service,feedback_flow,augmented,simple
1720,"Скажите, что нельзя после чистку?",faq,visit_prep,faq_flow,augmented,complex
5236,"Добрый день, спасибо за информацию 😊",conversational,gratitude,conversation_flow,augmented,complex
5079,"Скажите, до скорого 😢",conversational,farewell,conversation_flow,augmented,complex
11549,Запись к пародонтологу на среду,booking,new_appointment,booking_flow,variation,simple
8389,Буду обращаться только к вам...,feedback,positive_general,feedback_flow,augmented,simple
11683,Отлично работает онлайн-запись спасибо,feedback,positive_service,feedback_flow,augmented,simple
4851,У меня выпала пломба пожалуйста,anamnesis,complaint,anamnesis_flow,augmented,simple
2635,Доброе утро 😊.,conversational,greeting,conversation_flow,augmented,simple
8331,"Добрый день, челюсть постоянно облит",anamnesis,symptom,anamnesis_flow,augmented,complex
1652,"Привет, можно записаться онлайн?",faq,clinic_info,faq_flow,augmented,complex
6727,"Подскажите, телефон не Отвечает",feedback,negative_service,escalation_flow,augmented,complex
9250,Перенесите на в ближайшее время!!,booking,reschedule,booking_flow,augmented,simple
10206,"Привет, почём протезирование?",faq,price,faq_flow,augmented,complex
2600,Удобно что работаете на этой неделе 😢,feedback,positive_service,feedback_flow,augmented,medium
10021,После элайнеры всё отлично!!,feedback,positive_quality,feedback_flow,augmented,simple
7179,Можно пернеести на вечер?,booking,reschedule,booking_flow,augmented,simple
11373,Спасиоб 🦷,conversational,gratitude,conversation_flow,augmented,simple
3350,"Подскажите, подскажите, врач Смирновой не объяснил",feedback,negative_staff,escalation_flow,augmented,complex
1469,После пломбирование у Новикова стало хуже спасибо,feedback,negative_quality,escalation_flow,augmented,medium
5920,Лебедевой очень внимательный пожалуйста?,feedback,positive_staff,feedback_flow,augmented,simple
10592,Очень раозчарован!,feedback,negative_general,escalation_flow,augmented,simple
1391,"Добрый день, позовите главврача",feedback,negative_general,escalation_flow,augmented,complex
1492,Перезвоню...,conversational,unclear,clarification_flow,augmented,simple
10190,Хочу к имплантологу,booking,new_appointment,booking_flow,variation,simple
1953,реставрацию у Кузнецовой прошло замечательно,feedback,positive_quality,feedback_flow,variation,simple
676,ПРИВЕТ СПАСИБО,conversational,greeting,conversation_flow,augmented,simple
4304,"Подскажите, есть детский кабинет спасибо",faq,clinic_info,faq_flow,augmented,complex
9259,"Скажите, ок",conversational,confirmation,conversation_flow,augmented,complex
4284,Всего доброго 👍,conversational,farewell,conversation_flow,augmented,simple
8730,"Скажите, наод посоветоваться",conversational,unclear,clarification_flow,augmented,complex
9942,Мне не перезвонили су тра,feedback,negative_service,escalation_flow,augmented,simple
7052,"Добрый день, приветствую?!",conversational,greeting,conversation_flow,augmented,complex
10546,Перенесите на утро!,booking,reschedule,booking_flow,augmented,simple
6218,Случилось слетела коронка 😊 спасибо,anamnesis,complaint,anamnesis_flow,augmented,simple
10666,Откололся зуб заранее спасибо,anamnesis,complaint,anamnesis_flow,augmented,simple
3893,Сломался протез!!,anamnesis,complaint,anamnesis_flow,augmented,simple
478,"Добрый день, можно перенести на субботу?",booking,reschedule,booking_flow,augmented,complex
11735,"Привет, подскажите подробнее",faq,followup,faq_flow,augmented,complex
1896,Быстро записали на на следующей неделе!!,feedback,positive_service,feedback_flow,augmented,medium
435,Моя любимаякл иника,feedback,positive_general,feedback_flow,augmented,simple
8210,"Привет, больше не приду 😢",feedback,negative_general,escalation_flow,augmented,complex
3356,Сколько нельзя курить после имплантацию?,faq,visit_prep,faq_flow,variation,simple
9815,"Здравствуйте, надо подумать",conversational,unclear,clarification_flow,augmented,complex
10532,А можно по-другому 🦷,faq,followup,faq_flow,augmented,simple
7966,Запись к гигиенисту на сегодня,booking,new_appointment,booking_flow,variation,simple
1191,Не смогд озвониться,feedback,negative_service,escalation_flow,augmented,simple
2690,Не совсем понял спасибо,faq,followup,faq_flow,augmented,simple
456,доброе туро!,conversational,greeting,conversation_flow,augmented,simple
1599,Запишите на брекеты заранее спасибо,booking,new_appointment,booking_flow,augmented,simple
8950,КАК ДОБРАТЬСЯ!,faq,clinic_info,faq_flow,augmented,simple
7980,Нагрубили,feedback,negative_staff,escalation_flow,template,simple
1696,У меня шатается зуб 😊,anamnesis,complaint,anamnesis_flow,augmented,simple
2332,После профгигиену у Козловой стало хуже,feedback,negative_quality,escalation_flow,variation,medium
2232,Перезапишите на вечер заранее спасибо,booking,reschedule,booking_flow,augmented,simple
5852,Сайт не работает заранее спасибо,feedback,negative_service,escalation_flow,augmented,simple
11175,снимок у Волкова прошло замечательно,feedback,positive_quality,feedback_flow,variation,simple
11319,СПСАИБО,conversational,gratitude,conversation_flow,augmented,simple
5378,СЛУЧИЛОСЬ ШАТАЕТСЯ ЗУБ 🙏,anamnesis,complaint,anamnesis_flow,augmented,simple
8633,Плохо сделали,feedback,negative_quality,escalation_flow,template,simple
7265,Блгаодарю?!,conversational,gratitude,conversation_flow,augmented,simple
9826,А вдруг не получится,faq,followup,faq_flow,augmented,simple
6228,консультацию у Лебедевой прошло замечательно,feedback,positive_quality,feedback_flow,variation,simple
9987,Как подготовиться к коронку?,faq,visit_prep,faq_flow,variation,simple
4341,"Добрый день, хочу оставить жалобу спасибо",feedback,negative_general,escalation_flow,augmented,complex
1643,Что делать если отёк пожалуйста,faq,visit_prep,faq_flow,augmented,simple
7263,чистку сколько стоит!,faq,price,faq_flow,augmented,simple
8957,Результат снимокп ревзошёл ожидания,feedback,positive_quality,feedback_flow,augmented,simple
4613,"Очередей нет, отлично 🙏",feedback,positive_service,feedback_flow,augmented,complex
5077,Ничегон е объяснили,feedback,negative_staff,escalation_flow,augmented,simple
7046,Пока н ерешил,conversational,unclear,clarification_flow,augmented,simple
6940,Удобно что работаете в ближайшее время пожалуйста,feedback,positive_service,feedback_flow,augmented,medium
3638,Сколько нельзя курить после коронку?,faq,visit_prep,faq_flow,variation,simple
6718,часы работы спасибо,faq,clinic_info,faq_flow,augmented,simple
2180,нижняя десна ночью болит,anamnesis,symptom,anamnesis_flow,variation,simple
5671,Сколько нельзя пить алкоголь после виниры 👍,faq,visit_prep,faq_flow,augmented,medium
7545,Наверное 🦷,conversational,unclear,clarification_flow,augmented,simple
7396,Сколько стоит профгигиену!!,faq,price,faq_flow,augmented,simple
4011,элайнеры у Волкова прошло замечательно,feedback,positive_quality,feedback_flow,variation,simple
11583,Не смогу прийти 👍,booking,cancel,booking_flow,augmented,simple
741,верхняя десна периодически болит заранее спасибо,anamnesis,symptom,anamnesis_flow,augmented,medium
7384,Записал 🦷 👍,conversational,confirmation,conversation_flow,augmented,simple
7895,Когда прийти на осмотр 😢,faq,visit_prep,faq_flow,augmented,simple
331,"Спасибо, всё понятно спасибо",conversational,gratitude,conversation_flow,augmented,complex
7512,Большое сапсибо,conversational,gratitude,conversation_flow,augmented,simple
1911,Ждал три дня?,feedback,negative_service,escalation_flow,augmented,simple
1844,Не пришлось ждать в очердеи,feedback,positive_service,feedback_flow,augmented,simple
3164,Как проходит профгигиену 👍,faq,procedure,faq_flow,augmented,simple
10105,"откололся зуб, что делать 😢",anamnesis,complaint,anamnesis_flow,augmented,complex
4260,"Подскажите, всего доброго 😢",conversational,farewell,conversation_flow,augmented,complex
2903,КОРОНКА СЛЕТЕЛА?!,anamnesis,complaint,anamnesis_flow,augmented,simple
4180,НАВЕРНОЕ ЗАРАНЕЕ СПАСИБО,conversational,unclear,clarification_flow,augmented,simple
1998,Быстро записали на послезавтра,feedback,positive_service,feedback_flow,variation,simple
937,"Здравствуйте, посоветуюсь.",conversational,unclear,clarification_flow,augmented,complex
819,элайнеры у Морозовой прошло замечательно,feedback,positive_quality,feedback_flow,variation,simple
9469,Планирую протезирование,anamnesis,services,anamnesis_flow,variation,simple
8264,"Скажите, большое спасибо...",conversational,gratitude,conversation_flow,augmented,complex
3104,Понятно 👍,conversational,confirmation,conversation_flow,augmented,simple
7915,как подготовиться  ккоронку?,faq,visit_prep,faq_flow,augmented,simple
11034,"Привет, приятно удивлён качеством 👍",feedback,positive_general,feedback_flow,augmented,complex
1118,"Здравствуйте, администратор очень помог",feedback,positive_service,feedback_flow,augmented,complex
10608,Случилось шатается зуб 😢,anamnesis,complaint,anamnesis_flow,augmented,simple
11021,Сказали что записи нет!,feedback,negative_service,escalation_flow,augmented,simple
4458,Добрый вечер заранее спасибо,conversational,greeting,conversation_flow,augmented,simple
872,"Жду уже две недели, никто не подходит",feedback,negative_service,escalation_flow,variation,medium
4365,"Привет, мне не перезвонили две недели",feedback,negative_service,escalation_flow,augmented,complex
4186,"Здравствуйте, снимок у Смирновой прошло замечательно",feedback,positive_quality,feedback_flow,augmented,complex
11181,"Здравствуйте, хорошо!",conversational,confirmation,conversation_flow,augmented,complex
1058,Откелилась коронка?,anamnesis,complaint,anamnesis_flow,augmented,simple
3998,Крайне недоволен 👍,feedback,negative_general,escalation_flow,augmented,simple
10957,Работаете в воскресенье,faq,clinic_info,faq_flow,augmented,simple
9400,"Привет, спасибо большео!",conversational,gratitude,conversation_flow,augmented,complex
817,Золотые руки у доктора?!,feedback,positive_staff,feedback_flow,augmented,simple
9544,После лечения у Волкова боль осталась 🦷,feedback,negative_quality,escalation_flow,augmented,medium
5550,Большое спасибо 👍 спасибо,conversational,gratitude,conversation_flow,augmented,simple
1433,"Добрый день, теперь хожу только к вам",feedback,positive_general,feedback_flow,augmented,complex
9641,"Не смогу прийти, уезжаю спасибо",booking,cancel,booking_flow,augmented,complex
6565,Сколько стиот лечение каналов?,faq,price,faq_flow,augmented,simple
4459,Не порнавилось 🙏,feedback,negative_general,escalation_flow,augmented,simple
2131,современный метод,faq,procedure,faq_flow,augmented,simple
9937,Болит зуб мудрости уже со вчера,anamnesis,symptom,anamnesis_flow,variation,medium
5937,А если я не буду?,faq,followup,faq_flow,template,simple
8922,"Здравствуйте, сразу перезвонили после заявки спасибо",feedback,positive_service,feedback_flow,augmented,complex
8982,"выпала пломба, что делать...",anamnesis,complaint,anamnesis_flow,augmented,complex
255,Запись к хирургу на послезавтра,booking,new_appointment,booking_flow,variation,simple
8269,Зуб потемнел,anamnesis,complaint,anamnesis_flow,template,simple
2704,"Добрый день, требую компенсацию",feedback,negative_general,escalation_flow,augmented,complex
1060,КТ у Петровой прошло замечательно,feedback,positive_quality,feedback_flow,variation,simple
3246,У меня пульсирующая боль несколько дней,anamnesis,symptom,anamnesis_flow,variation,medium
9224,У меня боль при жевании два дня спасибо,anamnesis,symptom,anamnesis_flow,augmented,medium
865,Точон нужно?,faq,followup,faq_flow,augmented,simple
3792,"Скажите, хороший специалист",feedback,positive_staff,feedback_flow,augmented,complex
6777,А обязательно 👍,faq,followup,faq_flow,augmented,simple
4926,Лечение не помогло,feedback,negative_quality,escalation_flow,template,simple
11012,Врач терпеливо всё объяснил спасибо,feedback,positive_staff,feedback_flow,augmented,simple
4351,Сидорова настоящий профессионал,feedback,positive_staff,feedback_flow,variation,simple
4077,"Скажите, торопили",feedback,negative_staff,escalation_flow,augmented,complex
360,"здравствуйте, сколько нельзя пить после брекеты?",faq,visit_prep,faq_flow,augmented,complex
7621,"Здравствуйте, всё чётко организовано",feedback,positive_service,feedback_flow,augmented,complex
10404,иванова оечнь внимательный,feedback,positive_staff,feedback_flow,augmented,simple
8084,Отмените запись 🦷 заранее спасибо,booking,cancel,booking_flow,augmented,simple
3674,"Привет, да",conversational,confirmation,conversation_flow,augmented,complex
11572,"Подскажите, сколько нельзя курить после осмотр?",faq,visit_prep,faq_flow,augmented,complex
813,отказ то записи,booking,cancel,booking_flow,augmented,simple
9875,"Здравствуйте, интересует КТ",anamnesis,services,anamnesis_flow,augmented,complex
11992,До скорого спасибо!!,conversational,farewell,conversation_flow,augmented,simple
6453,Сколько длится осмотр спасибо,faq,procedure,faq_flow,augmented,simple
9856,Расскажите больше пожалуйста,faq,followup,faq_flow,augmented,simple
8343,"Подскажите, надо подумать спасибо",conversational,unclear,clarification_flow,augmented,complex
4657,моя любимая клиника!!,feedback,positive_general,feedback_flow,augmented,simple
7590,Приду  квАм ещё,feedback,positive_general,feedback_flow,augmented,simple
5797,Кузнецовой очень внимательный пожалуйста,feedback,positive_staff,feedback_flow,augmented,simple
8751,"Подскажите, рекомендую друзьям и родным",feedback,positive_general,feedback_flow,augmented,complex
4321,Почём осмотр,faq,price,faq_flow,augmented,simple
2807,Запись к ортопеду нав торник,booking,new_appointment,booking_flow,augmented,simple
5187,Посовеутюсь,conversational,unclear,clarification_flow,augmented,simple
8274,"Добрый день, у меня шатается зуб",anamnesis,complaint,anamnesis_flow,augmented,complex
1180,ПЛОМБИРОВАНИЕ ЭТО БОЛЬНО,faq,procedure,faq_flow,augmented,simple
2476,"Добрый день, спасибо, до свидания",conversational,gratitude,conversation_flow,augmented,complex
10328,"Скажите, сколько стоит отбеливание?",faq,price,faq_flow,augmented,complex
8167,"Жду уже месяц, никто не подходит...",feedback,negative_service,escalation_flow,augmented,complex
7105,хороош!,conversational,confirmation,conversation_flow,augmented,simple
11886,снимок у Лебедевой прошло замечательно,feedback,positive_quality,feedback_flow,variation,simple
7492,Врач Петровой не объяснил,feedback,negative_staff,escalation_flow,variation,simple
8570,"Привет, можно позже пожалуйста",booking,reschedule,booking_flow,augmented,complex
8999,Дорбый вечер!,conversational,greeting,conversation_flow,augmented,simple
6261,А еслия  не буду?,faq,followup,faq_flow,augmented,simple
8479,А можон по-другому?,faq,followup,faq_flow,augmented,simple
10374,Ждал с утра 🙏,feedback,negative_service,escalation_flow,augmented,simple
3878,Запись к детскому стоматологу на сегодня,booking,new_appointment,booking_flow,variation,medium
8020,"Подскажите, заболел, не приду",booking,cancel,booking_flow,augmented,complex
7791,А если я ен буду...,faq,followup,faq_flow,augmented,simple
5791,"Добрый день, виниры у Волкова прошло замечательно",feedback,positive_quality,feedback_flow,augmented,complex
613,Моей записи нет 👍,feedback,negative_service,escalation_flow,augmented,simple
1669,Всего хоршоего,conversational,farewell,conversation_flow,augmented,simple
1930,Какая цена на протезирование,faq,price,faq_flow,augmented,simple
11928,Почём чистка!!,faq,price,faq_flow,augmented,simple
3716,У меня пульсирующая боль день,anamnesis,symptom,anamnesis_flow,variation,simple
11352,Срок службы?,faq,procedure,faq_flow,template,simple
8572,"ПРИВЕТ, ПЕРЕНОС ЗАПИСИ",booking,reschedule,booking_flow,augmented,complex
4945,"Подскажите, добрый день!",conversational,greeting,conversation_flow,augmented,complex
2575,БРЕКЕТЫ У ПЕТРОВОЙ ПРОШЛО ЗАМЕЧАТЕЛЬНО 👍,feedback,positive_quality,feedback_flow,augmented,medium
11612,До свиднаия 🙏,conversational,farewell,conversation_flow,augmented,simple
7815,"Привет, расскажите больше?!",faq,followup,faq_flow,augmented,complex
2810,Можно на другой день 🙏,booking,reschedule,booking_flow,augmented,simple
11120,КОНСУЛЬТАЦИЮ УН ОВИКОВА ПРОШЛО ЗАМЕЧАТЕЛЬНО,feedback,positive_quality,feedback_flow,augmented,simple
9168,"Не смогу прийти, форс-мажор",booking,cancel,booking_flow,variation,simple
5161,Дос корого,conversational,farewell,conversation_flow,augmented,simple
11984,"Привет, приветсвтую",conversational,greeting,conversation_flow,augmented,complex
8359,снимок у Морозовой прошло замечательно!,feedback,positive_quality,feedback_flow,augmented,simple
6311,Интересует виниры,anamnesis,services,anamnesis_flow,variation,simple
6687,После виниры у Петровой стало хуже спасибо,feedback,negative_quality,escalation_flow,augmented,medium
7786,Администратор очень помог...,feedback,positive_service,feedback_flow,augmented,simple
11955,Перезапишите на день 🦷,booking,reschedule,booking_flow,augmented,simple
4705,Случилось треснул зуб спасибо?!,anamnesis,complaint,anamnesis_flow,augmented,simple
4629,Не приду?,booking,cancel,booking_flow,augmented,simple
11799,"Здравствуйте, нЕ СМОГУ ПРИЙТИ",booking,cancel,booking_flow,augmented,complex
5476,Спс 😊 заранее спасибо,conversational,gratitude,conversation_flow,augmented,simple
1222,Не сейачс,conversational,unclear,clarification_flow,augmented,simple
10712,"Привет, возможно пожалуйста",conversational,unclear,clarification_flow,augmented,complex
1619,Алло.,conversational,greeting,conversation_flow,augmented,simple
10210,снимок не помогло пожалуйста,feedback,negative_quality,escalation_flow,augmented,simple
4079,МОЖНО ПЕРЕНЕСТИ НА ЗАВТРА спасибо,booking,reschedule,booking_flow,augmented,simple
7888,Спасибо за заботу!!,feedback,positive_general,feedback_flow,augmented,simple
8047,Врач Петровой не боъяснил,feedback,negative_staff,escalation_flow,augmented,simple
6501,Легко записаться пожалуйста,feedback,positive_service,feedback_flow,augmented,simple
3632,"Подскажите, удаление у Петровой прошло замечательно пожалуйста",feedback,positive_quality,feedback_flow,augmented,complex
4156,Здравсвтуйте,conversational,greeting,conversation_flow,augmented,simple
9848,После виниры у Иванова стало хуже,feedback,negative_quality,escalation_flow,variation,medium
3861,Что нельзя после лечение каналов...,faq,visit_prep,faq_flow,augmented,simple
7655,"Здравствуйте, спасибо, до свидания",conversational,gratitude,conversation_flow,augmented,complex
10376,"Не мсогу прийти, не смогу?!",booking,cancel,booking_flow,augmented,complex
1566,реставрацию у Петровой прошло замечательно?!,feedback,positive_quality,feedback_flow,augmented,simple
10254,Спс,conversational,gratitude,conversation_flow,template,simple
957,Сколько стоит имплантацию?,faq,price,faq_flow,variation,simple
10554,Интересует КТ,anamnesis,services,anamnesis_flow,variation,simple
10389,У МЕНЯ ШАТАЕТСЯ ЗУБ 🙏,anamnesis,complaint,anamnesis_flow,augmented,simple
8536,НЕ ПОЛУЧИТСЯ ПРИЙТИ 👍,booking,cancel,booking_flow,augmented,simple
4927,"скажите, профгигиену это больно?",faq,procedure,faq_flow,augmented,complex
8055,"Подскажите, сколько длится лечение кариеса?",faq,procedure,faq_flow,augmented,complex
7789,Добрый вечер?!,conversational,greeting,conversation_flow,augmented,simple
8457,"Поясните, пожалуйста 🦷 заранее спасибо",faq,followup,faq_flow,augmented,complex
11882,ХОЧУ ОСТАВИТЬ ЖАЛОБУ НА ИВНАОВА,feedback,negative_general,escalation_flow,augmented,simple
5887,Удобно что работаете утро спасибо,feedback,positive_service,feedback_flow,augmented,simple
8125,Хочуо тказаться от записи 😢,booking,cancel,booking_flow,augmented,simple
6515,десна болит очень,anamnesis,symptom,anamnesis_flow,variation,simple
567,Сидорова отнёсся невнимательно заранее спасибо,feedback,negative_staff,escalation_flow,augmented,simple
1909,Можно на понедельник?,booking,new_appointment,booking_flow,variation,simple
10506,ЗДОРОВО...,conversational,greeting,conversation_flow,augmented,simple
4974,Запишите на профгигиену,booking,new_appointment,booking_flow,variation,simple
4342,я вам перезвоню пожалуйста,conversational,unclear,clarification_flow,augmented,simple
11785,Почём лечение каналов?!,faq,price,faq_flow,augmented,simple
8308,Здорово пожалуйста пожалуйста,conversational,greeting,conversation_flow,augmented,simple
10045,Врач о тбога,feedback,positive_staff,feedback_flow,augmented,simple
117,Приевт!,conversational,greeting,conversation_flow,augmented,simple
5665,"Привет, врач успокоил перед процедурой",feedback,positive_staff,feedback_flow,augmented,complex
4969,Клиника заслуживает 5 звёзд.,feedback,positive_general,feedback_flow,augmented,simple
6522,Сколько нельзя есть после лечение кариеса!,faq,visit_prep,faq_flow,augmented,medium
7151,У меня отёк с утра,anamnesis,symptom,anamnesis_flow,variation,simple
1704,Можно бзе этого 😊,faq,followup,faq_flow,augmented,simple
657,НЕ ПОЛУЧАЕТСЯ В ЭТО ВРЕМЯ 😊,booking,reschedule,booking_flow,augmented,medium
2045,Хочу оставитьж алобу на Волкова,feedback,negative_general,escalation_flow,augmented,simple
8517,"Здравствуйте, имплантацию это больно!",faq,procedure,faq_flow,augmented,complex
9252,Принимаете рассрочку?!,faq,clinic_info,faq_flow,augmented,simple
1473,Можно перенести на пятницу заранее спасибо,booking,reschedule,booking_flow,augmented,medium
9155,Лучшие стоматологи!!,feedback,positive_general,feedback_flow,augmented,simple
9646,Запись к пародонтологу на сегодня 👍,booking,new_appointment,booking_flow,augmented,medium
8062,снимок это больно,faq,procedure,faq_flow,augmented,simple
10831,Когда можно прийти?,booking,new_appointment,booking_flow,template,simple
10474,"Отемните запись, не смогу",booking,cancel,booking_flow,augmented,complex
8450,Хорошо заранее спасибо!,conversational,confirmation,conversation_flow,augmented,simple
10729,Лебедевой настоящий профессионал,feedback,positive_staff,feedback_flow,variation,simple
2188,Благодарю заранее спасибо,conversational,gratitude,conversation_flow,augmented,simple
11473,После коронку у Иванова стало хуже,feedback,negative_quality,escalation_flow,variation,medium
6568,Козловой очень внимательный.,feedback,positive_staff,feedback_flow,augmented,simple
94,"Привет, сколько стоит имплантацию?",faq,price,faq_flow,augmented,complex
10281,"Привет, врач Иванова всё подробно объяснил пожалуйста",feedback,positive_staff,feedback_flow,augmented,complex
10934,"Подскажите, волкова очень внимательный",feedback,positive_staff,feedback_flow,augmented,complex
3268,Больно ли?,faq,procedure,faq_flow,template,simple
1921,Быстро записали на послезавтра заранее спасибо,feedback,positive_service,feedback_flow,augmented,medium
3573,Сколько нельзя курить после удаление пожалуйста,faq,visit_prep,faq_flow,augmented,medium
8563,БУДУ пожалуйста,conversational,confirmation,conversation_flow,augmented,simple
4097,"Привет, спасибо, до свидания",conversational,gratitude,conversation_flow,augmented,complex
10624,Отмена записи 🙏,booking,cancel,booking_flow,augmented,simple
9205,"Поясните, пожалуйста 🙏",faq,followup,faq_flow,augmented,complex
2891,Случилось октололся зуб,anamnesis,complaint,anamnesis_flow,augmented,simple
655,А ВДРУГ НЕ ПОЛУЧИТСЯ ПОЖАЛУЙСТА,faq,followup,faq_flow,augmented,simple
6626,"Здравствуйте, недопустимо",feedback,negative_general,escalation_flow,augmented,complex
6713,Что нельзя после КТ?,faq,visit_prep,faq_flow,variation,simple
772,После пломбирование у Лебедевой стало хуже,feedback,negative_quality,escalation_flow,variation,medium
8674,Есть детский кабинет 🦷,faq,clinic_info,faq_flow,augmented,simple
1807,"Да, охрошо",conversational,confirmation,conversation_flow,augmented,complex
17,"Подскажите, рЕТЕЙНЕР ОТКЛЕИЛСЯ",anamnesis,complaint,anamnesis_flow,augmented,complex
4980,ИНТЕРЕСУЕТ ОСМОТР 🙏,anamnesis,services,anamnesis_flow,augmented,simple
11812,Перенесите на пятницу!,booking,reschedule,booking_flow,augmented,simple
10161,Какая цена на осмотр?!,faq,price,faq_flow,augmented,simple
4484,Сколько нельзя курить после отбеливание спасибо,faq,visit_prep,faq_flow,augmented,medium
8061,Болит верхний зуб уже давно,anamnesis,symptom,anamnesis_flow,variation,simple
11238,хочу погооврить с руководством,feedback,negative_general,escalation_flow,augmented,simple
5712,Какой адрес!,faq,clinic_info,faq_flow,augmented,simple
2566,"Привет, у меня пульсирующая боль день",anamnesis,symptom,anamnesis_flow,augmented,complex
9952,"Спасиб,о всё понятно",conversational,gratitude,conversation_flow,augmented,complex
71,десна болит ночью,anamnesis,symptom,anamnesis_flow,variation,simple
10914,Сколько нельзя пить после осмотр пожалуйста,faq,visit_prep,faq_flow,augmented,medium
3129,Нужна профессиональная чистка пожалуйста,anamnesis,services,anamnesis_flow,augmented,simple
6877,Привет 😊,conversational,greeting,conversation_flow,augmented,simple
8608,Почём брекеты?,faq,price,faq_flow,variation,simple
1313,"Скажите, спасибо, всё понравилось",feedback,positive_general,feedback_flow,augmented,complex
4708,"Спасибо, всё понравилось пожалуйста",feedback,positive_general,feedback_flow,augmented,complex
6752,"ПРИВЕТ, СПАСИБО БОЛЬШОЕ!",conversational,gratitude,conversation_flow,augmented,complex
3023,После осмотр у Сидорова стало хуже,feedback,negative_quality,escalation_flow,variation,medium
8421,Добрый вечер заранее спасибо заранее спасибо,conversational,greeting,conversation_flow,augmented,medium
1627,Врач Кузнецовой не объянсил,feedback,negative_staff,escalation_flow,augmented,simple
8277,Осложнения после лечения,feedback,negative_quality,escalation_flow,template,simple
6418,Хорошего дня 🙏,conversational,farewell,conversation_flow,augmented,simple
10745,"Добрый день, какая цена на виниры пожалуйста",faq,price,faq_flow,augmented,complex
4236,Запись к ортопеду на сегодня,booking,new_appointment,booking_flow,variation,simple
5892,"Привет, есть рассрочка?",faq,price,faq_flow,augmented,complex
11456,Часы работы?,faq,clinic_info,faq_flow,template,simple
2696,Можно есть после процедуры?,faq,visit_prep,faq_flow,template,simple
9679,профгигиену у Волкова прошло замечательно 😢,feedback,positive_quality,feedback_flow,augmented,medium
9552,"Здравствуйте, хочу отбелить зубы",anamnesis,services,anamnesis_flow,augmented,complex
6879,Интересует эстетичексая тсоматология,anamnesis,services,anamnesis_flow,augmented,simple
7677,Сколько нельзя пить после снимок?,faq,visit_prep,faq_flow,variation,simple
8322,"Поясните, пожалуйста спасибо",faq,followup,faq_flow,augmented,complex
9930,Это возмутительно спасибо,feedback,negative_general,escalation_flow,augmented,simple
5958,Здрасте 😊 пожалуйста,conversational,greeting,conversation_flow,augmented,simple
9996,осмотр это больно?!,faq,procedure,faq_flow,augmented,simple
9659,Быстро записали на на следующей неделе 🦷 спасибо,feedback,positive_service,feedback_flow,augmented,medium
2655,Почём коронку спасибо 🙏,faq,price,faq_flow,augmented,simple
5746,"Скажите, кузнецовой был груб",feedback,negative_staff,escalation_flow,augmented,complex
10146,Лучшая стоматология в городе?,feedback,positive_general,feedback_flow,augmented,simple
2660,у меня запах изо рта с утра 👍,anamnesis,symptom,anamnesis_flow,augmented,medium
8632,"Привет, хочу почистить зубы!",anamnesis,services,anamnesis_flow,augmented,complex
7898,Интересует коронка,anamnesis,services,anamnesis_flow,template,simple
1642,"Привет, что если не поможет",faq,followup,faq_flow,augmented,complex
7245,Хочу перенести запись!,booking,reschedule,booking_flow,augmented,simple
10129,"Подскажите, нес могу прийти, форс-мажор",booking,cancel,booking_flow,augmented,complex
3046,Не смогу притйи...,booking,cancel,booking_flow,augmented,simple
2173,Приветстувю!,conversational,greeting,conversation_flow,augmented,simple
6780,"нес могу прийти, заболел",booking,cancel,booking_flow,augmented,complex
1829,"Привет, напомнили о визите заранее",feedback,positive_service,feedback_flow,augmented,complex
1944,Не получитяс прийти,booking,cancel,booking_flow,augmented,simple
822,До свидания спасибо?!,conversational,farewell,conversation_flow,augmented,simple
7118,Запишите к ортопеду,booking,new_appointment,booking_flow,variation,simple
4475,Как проходит элайнеры!,faq,procedure,faq_flow,augmented,simple
2680,Благодарю заранее спасибо 🦷,conversational,gratitude,conversation_flow,augmented,simple
5374,Не рекомендую спасибо,feedback,negative_general,escalation_flow,augmented,simple
9047,Благодарю вас?!,conversational,gratitude,conversation_flow,augmented,simple
11258,Никто не перезвонил пожалуйста,feedback,negative_service,escalation_flow,augmented,simple
7000,Спасбио спасибо,conversational,gratitude,conversation_flow,augmented,simple
5245,Работаете с наркозом.,faq,clinic_info,faq_flow,augmented,simple
11556,А что лучше 👍,faq,followup,faq_flow,augmented,simple
11540,Хочу выровнять зубы пожалуйста,anamnesis,services,anamnesis_flow,augmented,simple
449,быстро оформили докумнеты,feedback,positive_service,feedback_flow,augmented,simple
6895,"Здравствуйте, сказали что записи нет",feedback,negative_service,escalation_flow,augmented,complex
2584,ДОВ СТРЕЧИ,conversational,farewell,conversation_flow,augmented,simple
6581,Быстро записали на понедельник.,feedback,positive_service,feedback_flow,augmented,simple
5695,ПОСЛЕ ОСМОТР У НОВИКОВА СТАЛО ХУЖЕ заранее спасибо,feedback,negative_quality,escalation_flow,augmented,medium
4909,Хочув озврат 😊,feedback,negative_general,escalation_flow,augmented,simple
8564,Ок 🙏,conversational,confirmation,conversation_flow,augmented,simple
5429,Винир отклеился 👍,anamnesis,complaint,anamnesis_flow,augmented,simple
7710,ГДЕ ОСТАВИТЬ ЖАЛОБУ,feedback,negative_general,escalation_flow,augmented,simple
1263,Сразу перезвонили после заявки!!,feedback,positive_service,feedback_flow,augmented,simple
9929,"Здравствуйте, приветствую заранее спасибо",conversational,greeting,conversation_flow,augmented,complex
10814,"Скажите, администратор нахамил пожалуйста",feedback,negative_staff,escalation_flow,augmented,complex
2922,семёрка болит очень 🦷,anamnesis,symptom,anamnesis_flow,augmented,simple
8326,НЕ СОВСЕМ ПОНЯЛ...,faq,followup,faq_flow,augmented,simple
10976,У меня чувствительность две недели?,anamnesis,symptom,anamnesis_flow,augmented,simple
9071,"Здравствуйте, привет, эй",conversational,greeting,conversation_flow,augmented,complex
1220,РаботаеТе  вна этой неделе?,faq,clinic_info,faq_flow,augmented,simple
8811,"Добрый день, удачи пожалуйста",conversational,farewell,conversation_flow,augmented,complex
9399,Удобно записаться через сайт 🙏,feedback,positive_service,feedback_flow,augmented,simple
8504,Нужно осмотр,anamnesis,services,anamnesis_flow,variation,simple
10629,коренной зуб болит сильно заранее спасибо,anamnesis,symptom,anamnesis_flow,augmented,medium
10149,Запись к эндодотнисту на сегодня,booking,new_appointment,booking_flow,augmented,simple
11166,"Скажите ,доброе утро!",conversational,greeting,conversation_flow,augmented,complex
6430,отзывчивый администратор спасибо,feedback,positive_service,feedback_flow,augmented,simple
188,"Не смогу прийт,и заболел",booking,cancel,booking_flow,augmented,complex
800,Запись к имплантологу на понедельник,booking,new_appointment,booking_flow,variation,simple
766,клиника заслуживает 5з вёзд,feedback,positive_general,feedback_flow,augmented,simple
9171,Не понравилось,feedback,negative_general,escalation_flow,template,simple
7463,Есть скидки пенисонерам?,faq,price,faq_flow,augmented,simple
4224,Есть микроскоп,faq,clinic_info,faq_flow,augmented,simple
11630,"Пломба стоит уже год, отлично",feedback,positive_quality,feedback_flow,template,simple
10908,Пока 🙏 😊,conversational,farewell,conversation_flow,augmented,simple
4170,Большое спасибо пожалуйста пожалуйста,conversational,gratitude,conversation_flow,augmented,simple
9772,Врач успокоил перед процедурой...,feedback,positive_staff,feedback_flow,augmented,simple
7477,Какая цена на отбеливание спасибо,faq,price,faq_flow,augmented,simple
11079,"Здравствуйте, появилась дырка в зубе",anamnesis,complaint,anamnesis_flow,augmented,complex
3935,консультацию у Новикова прошло замечательно пожалуйста,feedback,positive_quality,feedback_flow,augmented,medium
3795,Почём КТз аранее спасибо,faq,price,faq_flow,augmented,simple
11420,Удаич!!,conversational,farewell,conversation_flow,augmented,simple
4877,Расскажите больше!,faq,followup,faq_flow,augmented,simple
11047,"Скажите, пока 😢",conversational,farewell,conversation_flow,augmented,complex
3338,Не решил ещё 🙏,conversational,unclear,clarification_flow,augmented,simple
675,Добрый день заранее спасибо,conversational,greeting,conversation_flow,augmented,simple
10037,Запись к терапевту на утро 🦷,booking,new_appointment,booking_flow,augmented,medium
10923,Работатее в субботу?,faq,clinic_info,faq_flow,augmented,simple
6917,Прикусил язык спасибо,anamnesis,complaint,anamnesis_flow,augmented,simple
489,КАК ПРОХОДИТ ЧИСТКУ...,faq,procedure,faq_flow,augmented,simple
1808,"Подскажите, рекомендую клинику всем друзьям",feedback,positive_general,feedback_flow,augmented,complex
10513,Болит челюсть уже неделю,anamnesis,symptom,anamnesis_flow,variation,simple
10,Сколько длится протезирование заранее спасибо,faq,procedure,faq_flow,augmented,simple
8041,удаление у Петровой прошло замечательно,feedback,positive_quality,feedback_flow,variation,simple
6060,КТ у Иванова прошло замечательно,feedback,positive_quality,feedback_flow,variation,simple
2545,Очень удобная запись 👍,feedback,positive_service,feedback_flow,augmented,simple
2203,МОЖНО ПЕРЕНЕСТИ НА ЧЕТВЕРГ заранее спасибо,booking,reschedule,booking_flow,augmented,medium
422,"Привет, будет больно?",faq,procedure,faq_flow,augmented,complex
1967,петровой очень внимательный.,feedback,positive_staff,feedback_flow,augmented,simple
7635,"отмените запись, не смогу спасибо",booking,cancel,booking_flow,augmented,complex
10890,Хочу оставить жалобу на Волкова 👍,feedback,negative_general,escalation_flow,augmented,medium
3339,"Да, хорошо пожалуйста?",conversational,confirmation,conversation_flow,augmented,complex
2707,хочу поговорить с руководством 😢,feedback,negative_general,escalation_flow,augmented,simple
1785,Болит десна,anamnesis,symptom,anamnesis_flow,template,simple
10903,Можно перенести на в ближайшее время!,booking,reschedule,booking_flow,augmented,medium
563,Можно перенести на пятницу 😊,booking,reschedule,booking_flow,augmented,simple
7019,Принято!,conversational,confirmation,conversation_flow,augmented,simple
9041,После чистку у Петровой стало хуже спасибо,feedback,negative_quality,escalation_flow,augmented,medium
10394,Иванова настОящий профессионал...,feedback,positive_staff,feedback_flow,augmented,simple
8859,Нужно элайнеры 😊,anamnesis,services,anamnesis_flow,augmented,simple
4386,Перенесите на сегодня!,booking,reschedule,booking_flow,augmented,simple
10187,Элайнер треснул пожалуйста,anamnesis,complaint,anamnesis_flow,augmented,simple
6734,А что будет если пожалуйста спасибо,faq,followup,faq_flow,augmented,medium
5976,Хочу отказаться отз аписи,booking,cancel,booking_flow,augmented,simple
3081,ДО СВИДАНИЯ ПОЖАЛУЙСТА,conversational,farewell,conversation_flow,augmented,simple
5116,здрасте...,conversational,greeting,conversation_flow,augmented,simple
2268,Запись к ортопеду ан воскресенье 👍,booking,new_appointment,booking_flow,augmented,medium
11529,Хочу оставить жалобу на Кузнецовой,feedback,negative_general,escalation_flow,variation,simple
4925,Хочу осмотр 🙏 😢,anamnesis,services,anamnesis_flow,augmented,simple
9616,Болит зуб уже несколько дней,anamnesis,symptom,anamnesis_flow,template,simple
9507,Смирновой был груб 😢,feedback,negative_staff,escalation_flow,augmented,simple
3873,"ДОБРЫЙ ДЕНЬ, ОТКАЗ ОТ ЗАПИСИ",booking,cancel,booking_flow,augmented,complex
774,Пока ен решил,conversational,unclear,clarification_flow,augmented,simple
7090,Приятно удивлён качеством?!,feedback,positive_general,feedback_flow,augmented,simple
7726,После пломбирование у Козловой стало хуже 👍,feedback,negative_quality,escalation_flow,augmented,medium
1622,Очень благодраен,conversational,gratitude,conversation_flow,augmented,simple
9072,Теперь хожу только к вам 😊,feedback,positive_general,feedback_flow,augmented,medium
8758,Можно без этого?,faq,followup,faq_flow,template,simple
6486,Отказ от записи пожалуйста,booking,cancel,booking_flow,augmented,simple
8772,Сколько держится 😢,faq,procedure,faq_flow,augmented,simple
5385,Алло заранее спасибо,conversational,greeting,conversation_flow,augmented,simple
1854,зуб мудрости ночью болит,anamnesis,symptom,anamnesis_flow,variation,simple
3488,Беспокоит пульсирующая боль.,anamnesis,symptom,anamnesis_flow,augmented,simple
4897,"СПАСИОБ, ДО СВИДАНИЯ",conversational,gratitude,conversation_flow,augmented,complex
5991,Перезвоню 🙏,conversational,unclear,clarification_flow,augmented,simple
9765,Хочу кроонку,anamnesis,services,anamnesis_flow,augmented,simple
2535,Дос видания 🦷,conversational,farewell,conversation_flow,augmented,simple
6698,Как добраться?,faq,clinic_info,faq_flow,template,simple
1305,Перенесите на вторник заранее спасибо,booking,reschedule,booking_flow,augmented,simple
10399,После реставрацию у Морозовой стало хуже,feedback,negative_quality,escalation_flow,variation,medium
5321,Цена на брекеты спасибо,faq,price,faq_flow,augmented,simple
3631,Болит зуб уже неделю,anamnesis,symptom,anamnesis_flow,variation,simple
7441,"СПАСИБО, ВСЁ ПОНЯТНО ЗАРАНЕЕ СПАСИБО",conversational,gratitude,conversation_flow,augmented,complex
3405,Перенесите на среду 😊,booking,reschedule,booking_flow,augmented,simple
5302,После брекеты всё отлично,feedback,positive_quality,feedback_flow,variation,simple
8533,Подумаю 😢?,conversational,unclear,clarification_flow,augmented,simple
4234,хочу оставить жалобу на кузнецовой 🦷,feedback,negative_general,escalation_flow,augmented,medium
5191,"Не смогу прийти, занят на работе.",booking,cancel,booking_flow,augmented,complex
2768,Требую компенсацию,feedback,negative_general,escalation_flow,template,simple
7837,Когда работаете?,faq,clinic_info,faq_flow,template,simple
515,Спасибо большое.,conversational,gratitude,conversation_flow,augmented,simple
572,недопустимо пожалуйста,feedback,negative_general,escalation_flow,augmented,simple
6178,А вдру гне получится?,faq,followup,faq_flow,augmented,simple
305,"Привет, хочу оставить жалобу на Волкова?",feedback,negative_general,escalation_flow,augmented,complex
508,Легко записаться 🦷!,feedback,positive_service,feedback_flow,augmented,simple
2139,Сколько нельзя пить после удаление 🙏,faq,visit_prep,faq_flow,augmented,medium
9193,Перенесите на опслезавтра заранее спасибо,booking,reschedule,booking_flow,augmented,simple
9559,пломбирование сколько стоит?,faq,price,faq_flow,variation,simple
733,"Добрый день, ждал приёма слишком долго.",feedback,negative_service,escalation_flow,augmented,complex
6344,"Скажите, как проходит процедура?",faq,procedure,faq_flow,augmented,complex
2224,БЫТСРО ЗАПИСАЛИ НА СУББОТУ,feedback,positive_service,feedback_flow,augmented,simple
7929,Нужно лечение кариеса 😊,anamnesis,services,anamnesis_flow,augmented,simple
5111,Брекет отклеился,anamnesis,complaint,anamnesis_flow,template,simple
4802,Сколько длится КТ спасибо,faq,procedure,faq_flow,augmented,simple
10773,Сколько нельзя пить после чистку?,faq,visit_prep,faq_flow,variation,simple
5273,Можно на в ближайшее время?,booking,new_appointment,booking_flow,variation,simple
7078,"Привет, до свидания заранее спасибо",conversational,farewell,conversation_flow,augmented,complex
9517,Отмена приёма,booking,cancel,booking_flow,template,simple
2460,челюсть периодически болит,anamnesis,symptom,anamnesis_flow,variation,simple
1972,Запись к челюстно-лицевому хирургу на на следующей неделе!!,booking,new_appointment,booking_flow,augmented,medium
951,Хочу отменить запись заранее спасибо,booking,cancel,booking_flow,augmented,simple
11107,Есть свободные окошки,booking,new_appointment,booking_flow,augmented,simple
2160,"Скажиет, надо посоветоваться",conversational,unclear,clarification_flow,augmented,complex
6894,Спасибоб ольшое!,conversational,gratitude,conversation_flow,augmented,simple
9082,"Подскажите, доброе утро!",conversational,greeting,conversation_flow,augmented,complex
6725,Сколько нельзя пить после брекеты пожалуйста,faq,visit_prep,faq_flow,augmented,medium
11653,Нужно лечение кариеса заранее спасибо,anamnesis,services,anamnesis_flow,augmented,simple
11801,Доктор настоящий профессионал,feedback,positive_staff,feedback_flow,template,simple
9261,Внимательное отношение к пациентам 😢,feedback,positive_staff,feedback_flow,augmented,simple
11122,"Привет, алло?!",conversational,greeting,conversation_flow,augmented,complex
4904,"Подскажите, что вы рекомендуете спасибо",faq,followup,faq_flow,augmented,complex
103,Мне не перезвонили несколько дней 👍,feedback,negative_service,escalation_flow,augmented,medium
1187,"Добрый день, запись к ортопеду на среду",booking,new_appointment,booking_flow,augmented,complex
9092,Добырй день!,conversational,greeting,conversation_flow,augmented,simple
3053,Приём начался с опозданием спасибо,feedback,negative_service,escalation_flow,augmented,simple
8140,Врач ПетроВой не объяснил 👍,feedback,negative_staff,escalation_flow,augmented,simple
1318,Запись к пародонтологу на воскресенье,booking,new_appointment,booking_flow,variation,simple
7332,"Привет, мне не перезвонили с утра!",feedback,negative_service,escalation_flow,augmented,complex
4112,Не решил ещё заранее спасибо!!,conversational,unclear,clarification_flow,augmented,simple
7121,До встречи 😊 👍,conversational,farewell,conversation_flow,augmented,simple
6871,Можно заниматься спортом после?,faq,visit_prep,faq_flow,template,simple
7773,отбеливание сколько стоит,faq,price,faq_flow,augmented,simple
2792,"Здравствуйте, интересует элайнеры",anamnesis,services,anamnesis_flow,augmented,complex
3927,нижний зуб ночью болит,anamnesis,symptom,anamnesis_flow,variation,simple
11843,Работаете с наркозом заранее спасибо,faq,clinic_info,faq_flow,augmented,simple
6761,НЕ ЗНАЮ?!,conversational,unclear,clarification_flow,augmented,simple
10619,как проходит кт 🙏,faq,procedure,faq_flow,augmented,simple
3994,Моейз аписи нет,feedback,negative_service,escalation_flow,augmented,simple
10264,У меня боль при жевании неделю,anamnesis,symptom,anamnesis_flow,variation,medium
3156,лечение каналов у Сидорова прошло замечательно,feedback,positive_quality,feedback_flow,variation,medium
7439,"Скажите, здорово спасибо",conversational,greeting,conversation_flow,augmented,complex
9440,Лечение прошло успешно заранее спасибо,feedback,positive_quality,feedback_flow,augmented,simple
9898,"Привет, хорошего дня 🙏",conversational,farewell,conversation_flow,augmented,complex
10005,Сколько длится коронку?,faq,procedure,faq_flow,variation,simple
11863,Надоп осоветоваться,conversational,unclear,clarification_flow,augmented,simple
2612,"Здравствуйте, сколько длится реставрацию",faq,procedure,faq_flow,augmented,complex
10207,"Здравствуйте, болит десна уже неделю 😢",anamnesis,symptom,anamnesis_flow,augmented,complex
4472,Привте!,conversational,greeting,conversation_flow,augmented,simple
382,Какие ещё варианты заранее спасибо,faq,followup,faq_flow,augmented,simple
6249,Сколько нельзя есть после чистку?,faq,visit_prep,faq_flow,variation,simple
7294,После удаление у Морозовой стало хуже,feedback,negative_quality,escalation_flow,variation,medium
944,Запись к ортодонту на среду 😢,booking,new_appointment,booking_flow,augmented,medium
9293,"Здравствуйте, мне не перезвонили три дня",feedback,negative_service,escalation_flow,augmented,complex
5908,Жда лдва дня,feedback,negative_service,escalation_flow,augmented,simple
8130,Быстро записали на в ближайшее время пожалуйста,feedback,positive_service,feedback_flow,augmented,medium
11815,Кузнецовой очень внимательный спасибо пожалуйста,feedback,positive_staff,feedback_flow,augmented,simple
411,"ДА, КОНЕЧНО...",conversational,confirmation,conversation_flow,augmented,complex
5358,Сколько нельзя заниматься спортом после брекеты заранее спасибо,faq,visit_prep,faq_flow,augmented,medium
9077,Хочу оставить жалобу на Волкова 😢 🦷,feedback,negative_general,escalation_flow,augmented,medium
5720,Надо подумать!!,conversational,unclear,clarification_flow,augmented,simple
5329,Почём протезирование 🦷,faq,price,faq_flow,augmented,simple
7180,А что лучше спасибо спасибо,faq,followup,faq_flow,augmented,simple
645,Не такой результат ожидал 🙏,feedback,negative_quality,escalation_flow,augmented,simple
2301,Расскажите больше,faq,followup,faq_flow,template,simple
7701,После коронку всё отлично,feedback,positive_quality,feedback_flow,variation,simple
5781,"Скажите, почём имплантацию?",faq,price,faq_flow,augmented,complex
4294,"Изменились планы, нужно перенести пожалуйста",booking,reschedule,booking_flow,augmented,complex
6650,Мне не перезвонили давно 🙏,feedback,negative_service,escalation_flow,augmented,simple
5195,быстро записали на среду пожалуйста,feedback,positive_service,feedback_flow,augmented,simple
2881,Спасибоз а информацию,conversational,gratitude,conversation_flow,augmented,simple
659,Сколько времени занимает...,faq,procedure,faq_flow,augmented,simple
4615,Не увреен?!,conversational,unclear,clarification_flow,augmented,simple
5580,Есть лазер...,faq,clinic_info,faq_flow,augmented,simple
11607,"Подскажите ,какая цена на реставрацию?",faq,price,faq_flow,augmented,complex
8152,А если не поможет заранее спасибо,faq,followup,faq_flow,augmented,medium
10334,Что нельзя после имплантацию?,faq,visit_prep,faq_flow,variation,simple
2644,Перенесите на вторник 🦷,booking,reschedule,booking_flow,augmented,simple
2866,Отличная клиника 🦷,feedback,positive_general,feedback_flow,augmented,simple
1495,"Скажите, приём начался вовремя?!",feedback,positive_service,feedback_flow,augmented,complex
7218,Планирую лечение каналов,anamnesis,services,anamnesis_flow,variation,simple
11851,Болит нижний зуб уже неделю пожалуйста,anamnesis,symptom,anamnesis_flow,augmented,medium
8444,Почём лечение кариеса 😊,faq,price,faq_flow,augmented,simple
8706,Работаете в утро!!,faq,clinic_info,faq_flow,augmented,simple
6037,Администратор милая и приветливая спасибо,feedback,positive_staff,feedback_flow,augmented,simple
2879,Почём реставрацию спасибо,faq,price,faq_flow,augmented,simple
1825,Никто не перезвонил.,feedback,negative_service,escalation_flow,augmented,simple
5570,Благодарю.,conversational,gratitude,conversation_flow,augmented,simple
4447,Не рекомендую 👍,feedback,negative_general,escalation_flow,augmented,simple
6800,Наверное 👍 спасибо,conversational,unclear,clarification_flow,augmented,simple
7863,Прикусил язык!,anamnesis,complaint,anamnesis_flow,augmented,simple
2404,это безобразие.,feedback,negative_general,escalation_flow,augmented,simple
10246,Что если не поможет?!,faq,followup,faq_flow,augmented,simple
4245,Не пришлось ждать в очереди,feedback,positive_service,feedback_flow,template,simple
5486,Доброе утор!,conversational,greeting,conversation_flow,augmented,simple
3725,лечение кариеса у Морозовой прошло замечательно,feedback,positive_quality,feedback_flow,variation,medium
8148,РекомендуЮ всем знакомым пожалуйста,feedback,positive_general,feedback_flow,augmented,simple
11553,"откололся зуб, что делать заранее спасибо",anamnesis,complaint,anamnesis_flow,augmented,complex
8324,"Добрый день, коронку у Сидорова прошло замечательно",feedback,positive_quality,feedback_flow,augmented,complex
1677,Благодарю 😢,conversational,gratitude,conversation_flow,augmented,simple
2453,Прикусил щёку заранее спасибо,anamnesis,complaint,anamnesis_flow,augmented,simple
7932,"Привет, удобно что работаете понедельник",feedback,positive_service,feedback_flow,augmented,complex
47,После удаление уК узнецовой стало хуже пожалуйста,feedback,negative_quality,escalation_flow,augmented,medium
1421,Мне не перезвонили месяц,feedback,negative_service,escalation_flow,variation,simple
7798,ИМПЛАНТАЦИЮ СКОЛЬКО СТОИТ,faq,price,faq_flow,augmented,simple
11418,Можно записаться онлайн пожалуйста,faq,clinic_info,faq_flow,augmented,simple
10878,Врач Лебедевой всё подробно объяснил,feedback,positive_staff,feedback_flow,variation,simple
4396,До свидания спасибо,conversational,farewell,conversation_flow,augmented,simple
334,До которогоч аса приём заранее спасибо,faq,clinic_info,faq_flow,augmented,medium
10943,Делаете панорамный снимок...,faq,clinic_info,faq_flow,augmented,simple
7903,осмотр сколько стоит.,faq,price,faq_flow,augmented,simple
3761,"Подскажите, хочу оставить жалобу на Морозовой",feedback,negative_general,escalation_flow,augmented,complex
11169,БЛАГОДАРЮ ВАС!!,conversational,gratitude,conversation_flow,augmented,simple
11295,Телефон не отвечает,feedback,negative_service,escalation_flow,template,simple
9587,"Скажите, можно есть перед приёмом?",faq,visit_prep,faq_flow,augmented,complex
9869,"Скажите, удобно чтор аботаете на следующей неделе",feedback,positive_service,feedback_flow,augmented,complex
81,Что лучше вЫбраьт?,faq,procedure,faq_flow,augmented,simple
8204,"Подскажите, приём начался вовремя",feedback,positive_service,feedback_flow,augmented,complex
6844,"Скажите, буду",conversational,confirmation,conversation_flow,augmented,complex
11411,Мне не перезвонили две недели 🦷,feedback,negative_service,escalation_flow,augmented,medium
2900,Не смогу прийти,booking,cancel,booking_flow,template,simple
6843,ХОЧУ ОТБЕЛИТЬ ЗУБЫ?,anamnesis,services,anamnesis_flow,augmented,simple
7349,"Подскажите, всего хорошего 😢",conversational,farewell,conversation_flow,augmented,complex
1833,"жду уже день, никто не подходит 🦷",feedback,negative_service,escalation_flow,augmented,complex
6354,После профгигиену у Кузенцовой стало хуже,feedback,negative_quality,escalation_flow,augmented,medium
510,Очень грамотный специаилст,feedback,positive_staff,feedback_flow,augmented,simple
4310,"Подскажите, принимаете наличные?",faq,clinic_info,faq_flow,augmented,complex
6405,Нужно снимок,anamnesis,services,anamnesis_flow,variation,simple
5856,"Привет, до свидания?!",conversational,farewell,conversation_flow,augmented,complex
10276,Сколько нельзя пить алкоголь после лечение каналов?,faq,visit_prep,faq_flow,variation,medium
6596,"Не смогу прийти, заболел...",booking,cancel,booking_flow,augmented,complex
314,ужасный сервис заранее спасибо,feedback,negative_general,escalation_flow,augmented,simple
9850,После виниры у Новикова стало хжуе,feedback,negative_quality,escalation_flow,augmented,medium
308,Спасибо за информацию!!,conversational,gratitude,conversation_flow,augmented,simple
7197,Запись к эндодонтисту на субботу,booking,new_appointment,booking_flow,variation,simple
11789,"Скажите, ага",conversational,confirmation,conversation_flow,augmented,complex
2582,"Скажите, быстро записали на в ближайшее время",feedback,positive_service,feedback_flow,augmented,complex
134,лечение каналов у кузнецовой прошло замечательно спасибо,feedback,positive_quality,feedback_flow,augmented,medium
6155,Администртаор была очень вежливая,feedback,positive_service,feedback_flow,augmented,simple
265,администраторм илая и приветливая,feedback,positive_staff,feedback_flow,augmented,simple
8647,"Добрый день, спасибо большое?",conversational,gratitude,conversation_flow,augmented,complex
8396,Хочу оставить жалобу на Морозовой заранее спасибо,feedback,negative_general,escalation_flow,augmented,medium
2516,Отмените запись.,booking,cancel,booking_flow,augmented,simple
10829,"Скажите, а если я не буду?",faq,followup,faq_flow,augmented,complex
6279,семёрка периодически болит,anamnesis,symptom,anamnesis_flow,variation,simple
9883,Алло 👍,conversational,greeting,conversation_flow,augmented,simple
9460,Болит коренной зуб уже день...,anamnesis,symptom,anamnesis_flow,augmented,simple
9791,Какие материалы используете спасибо,faq,procedure,faq_flow,augmented,simple
2315,Сколько нельзя пить алкоголь после удаление пожалуйста,faq,visit_prep,faq_flow,augmented,medium
8565,"Здравствуйте, договорились",conversational,confirmation,conversation_flow,augmented,complex
2613,Долго ждал в очереди,feedback,negative_service,escalation_flow,template,simple
1137,"Здравствуйте, эй",conversational,greeting,conversation_flow,augmented,complex
9537,Нужно консулЬтацию пожалуйста,anamnesis,services,anamnesis_flow,augmented,simple
514,Алло спсаибо,conversational,greeting,conversation_flow,augmented,simple
3588,Спасибо за помощь заранее спасибо,conversational,gratitude,conversation_flow,augmented,simple
2233,"Скажиет, крайне недоволен",feedback,negative_general,escalation_flow,augmented,complex
2725,Довольна на все 100% заранее спасибо,feedback,positive_general,feedback_flow,augmented,medium
1090,"Привет, моя любимая клиника",feedback,positive_general,feedback_flow,augmented,complex
6916,Болит семёрка уже неделю,anamnesis,symptom,anamnesis_flow,variation,simple
3750,Окей.,conversational,confirmation,conversation_flow,augmented,simple
7127,Не уделили внимания 😢,feedback,negative_staff,escalation_flow,augmented,simple
3693,Нужно лечение каналов?,anamnesis,services,anamnesis_flow,augmented,simple
7085,"Добрый день, здорово",conversational,greeting,conversation_flow,augmented,complex
3150,Не рекомендую?,feedback,negative_general,escalation_flow,augmented,simple
9333,"Привет, недоволен обслуживанием",feedback,negative_general,escalation_flow,augmented,complex
5128,Планирую лечение каналов заранее спАсибо,anamnesis,services,anamnesis_flow,augmented,simple
4731,Приятно общаться  сперсоналом,feedback,positive_staff,feedback_flow,augmented,simple
3871,Запись куда-то проплаа,feedback,negative_service,escalation_flow,augmented,simple
3951,"Здравствуйте, есть ортодонт?",faq,clinic_info,faq_flow,augmented,complex
10606,Запись к эндодонтисту на среду,booking,new_appointment,booking_flow,variation,simple
3109,хочу оставить жалобу на козловой 👍,feedback,negative_general,escalation_flow,augmented,medium
4270,Запись к эндодонтисту на вечер,booking,new_appointment,booking_flow,variation,simple
6287,брекеты у Петровой прошло замечательно,feedback,positive_quality,feedback_flow,variation,simple
3424,Отмена записи 👍,booking,cancel,booking_flow,augmented,simple
7337,Не приду 😊,booking,cancel,booking_flow,augmented,simple
4013,"Скажите, элайнеры это больно?",faq,procedure,faq_flow,augmented,complex
5669,"Привет, хочу оставить жалобу на Морозовой",feedback,negative_general,escalation_flow,augmented,complex
4503,"СПАСИБО, ВСЁ ПОНЯТНО 😢",conversational,gratitude,conversation_flow,augmented,complex
2057,Запись к челюстно-лицевому хирургу на завтра,booking,new_appointment,booking_flow,variation,medium
74,осмотр сколько стоит,faq,price,faq_flow,augmented,simple
10019,НЕ ЗНАЮ 😊,conversational,unclear,clarification_flow,augmented,simple
7236,"Добрый день, сразу перезвонили",feedback,positive_service,feedback_flow,augmented,complex
1548,"Скажите, удобно что работаете завтра",feedback,positive_service,feedback_flow,augmented,complex
10652,снимок у Петровой прошло замечательно?,feedback,positive_quality,feedback_flow,augmented,simple
8075,До встречи 🦷.,conversational,farewell,conversation_flow,augmented,simple
9841,Хороший специалист,feedback,positive_staff,feedback_flow,template,simple
8532,протезирование у Мороозвой прошло замечательно пожалуйста,feedback,positive_quality,feedback_flow,augmented,medium
11438,Когда работаете спасибо,faq,clinic_info,faq_flow,augmented,simple
5846,"Здравствуйте, до всртечи",conversational,farewell,conversation_flow,augmented,complex
11393,на ближайшее время!!,booking,new_appointment,booking_flow,augmented,simple
10167,"Отмените запись, уезжаю пожалуйста",booking,cancel,booking_flow,augmented,complex
2238,Нужно реставрацию,anamnesis,services,anamnesis_flow,variation,simple
9489,"Здравствуйте, спасибо",conversational,gratitude,conversation_flow,augmented,complex
3993,Это безобразие спасибо,feedback,negative_general,escalation_flow,augmented,simple
671,Зубы стали подвижными пожалуйста,anamnesis,complaint,anamnesis_flow,augmented,simple
9515,Нер екомендую,feedback,negative_general,escalation_flow,augmented,simple
666,Отмените приём?,booking,cancel,booking_flow,augmented,simple
11370,ВРАЧ ИВАНОВА НЕ ОБЪЯСНИЛ ЗАРАНЕЕ СПАСИБО,feedback,negative_staff,escalation_flow,augmented,medium
1235,"Подскажите, сПАСИБО ЗА ЗАБОТУ",feedback,positive_general,feedback_flow,augmented,complex
6968,нужон коронку,anamnesis,services,anamnesis_flow,augmented,simple
5639,КТ у Козловой прошло замечательно,feedback,positive_quality,feedback_flow,variation,simple
5538,"Добрый день, морозовой очень внимательный",feedback,positive_staff,feedback_flow,augmented,complex
2899,Запись к терапевту на четверг,booking,new_appointment,booking_flow,variation,simple
7560,"Привет, у меня шатается зуб",anamnesis,complaint,anamnesis_flow,augmented,complex
9392,"Скажите, эй...",conversational,greeting,conversation_flow,augmented,complex
3836,"Добрый день, не смогу прийти, занят на работе 👍",booking,cancel,booking_flow,augmented,complex
3058,Не рбаотает онлайн-запись,feedback,negative_service,escalation_flow,augmented,simple
11128,Запись к хирургу на среду!,booking,new_appointment,booking_flow,augmented,simple
4185,Прекрасон вылечили зуб,feedback,positive_quality,feedback_flow,augmented,simple
9801,Есть имплантолог спасибо,faq,clinic_info,faq_flow,augmented,simple
2457,"Скажите, лечение каналов это больно?",faq,procedure,faq_flow,augmented,complex
7632,ОТЛИЧНОЕ СООТНОШЕНИЕ ЦЕНА-КАЧЕСТВО 😊,feedback,positive_general,feedback_flow,augmented,simple
8514,"Не смогу прийти, не смогу 🦷",booking,cancel,booking_flow,augmented,complex
3335,Добро еутро,conversational,greeting,conversation_flow,augmented,simple
5208,Интересуют элайнеры 🙏,anamnesis,services,anamnesis_flow,augmented,simple
2237,Болит передний зуб уже со вчера,anamnesis,symptom,anamnesis_flow,variation,medium
10757,"Спасибо, до свидания 🙏",conversational,gratitude,conversation_flow,augmented,complex
539,чистку сколько стоит,faq,price,faq_flow,augmented,simple
3574,"Подскажите, сколько длится отбеливание?",faq,procedure,faq_flow,augmented,complex
3820,Почём пломбирование заранее спасибо,faq,price,faq_flow,augmented,simple
4367,МОЖНО ПЕРЕНЕСТИ НА ПЯТНИЦУ.,booking,reschedule,booking_flow,augmented,simple
1563,"Здравствуйте, есть парковка?",faq,clinic_info,faq_flow,augmented,complex
4314,Всё сделлаи качественно,feedback,positive_quality,feedback_flow,augmented,simple
1683,До которого часа приём 👍,faq,clinic_info,faq_flow,augmented,simple
296,Буду.,conversational,confirmation,conversation_flow,augmented,simple
11358,"Скажите, довольна на все 100%",feedback,positive_general,feedback_flow,augmented,complex
11362,Теперь хожу только к вам...,feedback,positive_general,feedback_flow,augmented,simple
7555,"скажите, очень благодарен",conversational,gratitude,conversation_flow,augmented,complex
8076,"Поясните, опжалуйста",faq,followup,faq_flow,augmented,complex
6194,пломбирование у Кузнецовой прошло замечательно 👍,feedback,positive_quality,feedback_flow,augmented,medium
8512,Напомнили о визите заранее,feedback,positive_service,feedback_flow,template,simple
718,"добрый день, добрый день",conversational,greeting,conversation_flow,augmented,complex
4069,Точно нужно,faq,followup,faq_flow,augmented,simple
11956,"Подскажите, ясно...",conversational,confirmation,conversation_flow,augmented,complex
7002,Отмена приёма 👍,booking,cancel,booking_flow,augmented,simple
3327,Какая цена на пломбирование заранее спасибо,faq,price,faq_flow,augmented,medium
10926,Не получается в это время,booking,reschedule,booking_flow,template,simple
9161,Лучшие стоматологи спасибо,feedback,positive_general,feedback_flow,augmented,simple
1960,"Здравствуйте, сколько нельзя пить после элайнеры?",faq,visit_prep,faq_flow,augmented,complex
5501,Мне не перезвонлии с утра,feedback,negative_service,escalation_flow,augmented,simple
6723,"Добрый день, надо подумать 😢",conversational,unclear,clarification_flow,augmented,complex
10550,Перезапишите на вечер,booking,reschedule,booking_flow,template,simple
4667,"Добрый день, окей",conversational,confirmation,conversation_flow,augmented,complex
8404,"привет, ужасный сервис",feedback,negative_general,escalation_flow,augmented,complex
8494,ПОСЛЕ СНИМОК У КУЗНЕЦОВОЙ СТАЛО ХУЖЕ заранее спасибо,feedback,negative_quality,escalation_flow,augmented,medium
257,"Привет, здарсте",conversational,greeting,conversation_flow,augmented,complex
2167,Какие документы взять?,faq,visit_prep,faq_flow,template,simple
3308,Всё чётко организовано спасибо,feedback,positive_service,feedback_flow,augmented,simple
1033,У меня боль от горячего месяц,anamnesis,symptom,anamnesis_flow,variation,medium
2038,"Привет, не работает онлайн-запись",feedback,negative_service,escalation_flow,augmented,complex
3796,Врач Смирновой всё подробно объяснил,feedback,positive_staff,feedback_flow,variation,simple
5663,"Подскажите, не понравилось",feedback,negative_general,escalation_flow,augmented,complex
4545,Запись к гигиенисту на субботу!,booking,new_appointment,booking_flow,augmented,simple
8767,Делаете панорамный снимок?!,faq,clinic_info,faq_flow,augmented,simple
7115,До свидания 😢,conversational,farewell,conversation_flow,augmented,simple
8248,"Привет, добрый день",conversational,greeting,conversation_flow,augmented,complex
4682,довольна нав се 100%,feedback,positive_general,feedback_flow,augmented,simple
2379,Спасибо за отличную работу 👍,feedback,positive_general,feedback_flow,augmented,simple
4714,Это больно!!,faq,procedure,faq_flow,augmented,simple
3641,Интересует снимок,anamnesis,services,anamnesis_flow,variation,simple
8613,"Подскажите, а можно по-другому 🦷",faq,followup,faq_flow,augmented,complex
11931,Сразу перезвонили 🙏,feedback,positive_service,feedback_flow,augmented,simple
5739,"Скажите, спасибо большое 🦷",conversational,gratitude,conversation_flow,augmented,complex
4339,Есть время на субботу 👍 спасибо,booking,new_appointment,booking_flow,augmented,medium
3299,Хочу на эту неделю!,booking,new_appointment,booking_flow,augmented,simple
9569,Морозовой был груб...,feedback,negative_staff,escalation_flow,augmented,simple
1718,Запись куда-то пропала спасибо?!,feedback,negative_service,escalation_flow,augmented,simple
2085,Не сообщили о переносе 🙏!!,feedback,negative_service,escalation_flow,augmented,simple
2345,"Скажите, после удаление у Лебедевой стало хуже",feedback,negative_quality,escalation_flow,augmented,complex
10880,Привет 👍,conversational,greeting,conversation_flow,augmented,simple
9439,"Не смогу прийти, занят на работе 😊",booking,cancel,booking_flow,augmented,complex
9586,"Подскажите, добрый день, может быть",conversational,unclear,clarification_flow,augmented,complex
2278,Какие щеё варианты?,faq,followup,faq_flow,augmented,simple
3077,отбеливание этоб ольно?,faq,procedure,faq_flow,augmented,simple
4292,Работаете в среду?,faq,clinic_info,faq_flow,variation,simple
9546,Болит челюсть уже три дня,anamnesis,symptom,anamnesis_flow,variation,simple
5782,"Здравствуйте, виниры у Лебедевой прошло замечательно пожалуйста",feedback,positive_quality,feedback_flow,augmented,complex
11829,"Здравствуйте, хочу Оставить жалобу на Сидорова",feedback,negative_general,escalation_flow,augmented,complex
2790,Сидорова очень внимательный...,feedback,positive_staff,feedback_flow,augmented,simple
7128,Наверное спасбио,conversational,unclear,clarification_flow,augmented,simple
2399,Врач Кузнецовой всё подробно объяснил 😊,feedback,positive_staff,feedback_flow,augmented,medium
12000,КаК проходит реставарцию?,faq,procedure,faq_flow,augmented,simple
6729,"ОтмеНите запись, занят на работе...",booking,cancel,booking_flow,augmented,complex
3332,Перенесите на слдеующую неделю,booking,reschedule,booking_flow,augmented,simple
8900,Прекрасный персонал?!,feedback,positive_staff,feedback_flow,augmented,simple
2702,Грубо обошлись,feedback,negative_staff,escalation_flow,template,simple
8857,Клиника работает как часы пожалуйста,feedback,positive_service,feedback_flow,augmented,simple
4550,ЗДОРОВО!,conversational,greeting,conversation_flow,augmented,simple
5341,виниры сколько стоит?,faq,price,faq_flow,variation,simple
11908,А можно по-другому.,faq,followup,faq_flow,augmented,simple
9049,"Подскажите, ждал несколько дней",feedback,negative_service,escalation_flow,augmented,complex
7225,ОТМЕНИТЕ ЗАИПСЬ,booking,cancel,booking_flow,augmented,simple
1185,профгигиену у Лебедевой прошло замечательно,feedback,positive_quality,feedback_flow,variation,simple
8519,Сидорова отнёсся невнимательно спасибо,feedback,negative_staff,escalation_flow,augmented,simple
6550,"Скажите, работаете в сегодня!!",faq,clinic_info,faq_flow,augmented,complex
8539,"Жду уже давно, никто не подходит",feedback,negative_service,escalation_flow,variation,medium
1148,Хорошего дня 🦷 заранее спасибо,conversational,farewell,conversation_flow,augmented,simple
4910,Записаться невозможно 😢 😊,feedback,negative_service,escalation_flow,augmented,simple
6176,"Привет, как проходит отбеливание?",faq,procedure,faq_flow,augmented,complex
7170,Кузнецовой был груб пожалуйста,feedback,negative_staff,escalation_flow,augmented,simple
3457,"Подскажите, врач настоящий профи",feedback,positive_staff,feedback_flow,augmented,complex
4964,Планирую отбеливание 🙏,anamnesis,services,anamnesis_flow,augmented,simple
7615,Долго оформляЛи документы пожалуйста,feedback,negative_service,escalation_flow,augmented,simple
2599,Запись к хирургу на вторник,booking,new_appointment,booking_flow,variation,simple
11593,"Добрый день, есть ортооднт?",faq,clinic_info,faq_flow,augmented,complex
9194,Добрый день заранее спасибо 👍,conversational,greeting,conversation_flow,augmented,simple
4506,Зоолтые руки у доктора,feedback,positive_staff,feedback_flow,augmented,simple
4512,Кровоточат дёсны,anamnesis,symptom,anamnesis_flow,template,simple
797,"Напомнили о приёме, спасибо 🦷!",feedback,positive_service,feedback_flow,augmented,complex
5947,пломбирование у Кузнецовой прошло замечательно,feedback,positive_quality,feedback_flow,variation,simple
9689,"Привет, как долго прослужит?",faq,procedure,faq_flow,augmented,complex
948,Ждал данво,feedback,negative_service,escalation_flow,augmented,simple
7279,Добрыйд ень!,conversational,greeting,conversation_flow,augmented,simple
7592,Язвочки на слизистой,anamnesis,complaint,anamnesis_flow,template,simple
5586,Может бтыь,conversational,unclear,clarification_flow,augmented,simple
10479,Что нужно перед приёмом,faq,visit_prep,faq_flow,augmented,simple
2285,До скорогос пасибо,conversational,farewell,conversation_flow,augmented,simple
10227,Перезвоню заранее спасибо,conversational,unclear,clarification_flow,augmented,simple
5224,Есть детский стоматолог?,faq,clinic_info,faq_flow,template,simple
4882,как подготовиться к имплантацию,faq,visit_prep,faq_flow,augmented,simple
5827,"Скажите, у меня треснул зуб заранее спасибо",anamnesis,complaint,anamnesis_flow,augmented,complex
7188,"Добрый день, понятно",conversational,confirmation,conversation_flow,augmented,complex
4578,Новикова отнёсся невнимательно заранее спасибо,feedback,negative_staff,escalation_flow,augmented,simple
270,Врач настоящий профи?,feedback,positive_staff,feedback_flow,augmented,simple
8073,После виниры у еПтровой стало хуже,feedback,negative_quality,escalation_flow,augmented,medium
6795,мне не перезвонили со вчера!!,feedback,negative_service,escalation_flow,augmented,simple
9026,"Добрый день, приём начался вовремя.",feedback,positive_service,feedback_flow,augmented,complex
10466,Администратор грубил заранее спасибо,feedback,negative_staff,escalation_flow,augmented,simple
9945,быстро зпаисали на утро,feedback,positive_service,feedback_flow,augmented,simple
5067,"Добрый день, после лечение каналов у Морозовой стало хуже",feedback,negative_quality,escalation_flow,augmented,complex
1344,коронку не помогло,feedback,negative_quality,escalation_flow,variation,simple
6059,Хочу оставить жалобу на Лебдеевой,feedback,negative_general,escalation_flow,augmented,simple
6480,"Подскажите, приветствую?!",conversational,greeting,conversation_flow,augmented,complex
6827,Нужнок онсультацию 😢,anamnesis,services,anamnesis_flow,augmented,simple
9603,Очень доволен клиникой 🙏,feedback,positive_general,feedback_flow,augmented,simple
6466,"Подскажите, добрый день заранее спасибо",conversational,greeting,conversation_flow,augmented,complex
5167,Хочу отменить запись?!,booking,cancel,booking_flow,augmented,simple
11539,Здравствуйте...,conversational,greeting,conversation_flow,augmented,simple
317,Сколько стоит лечение кариеса?!,faq,price,faq_flow,augmented,simple
5884,Очень благодарен 😊,conversational,gratitude,conversation_flow,augmented,simple
6343,Лучшая стоматология в городе...,feedback,positive_general,feedback_flow,augmented,simple
1432,Как проходитп рофгигиену?,faq,procedure,faq_flow,augmented,simple
4793,"Скажите, перенесите на пятницу...",booking,reschedule,booking_flow,augmented,complex
4535,Можно перенетси на воскресенье,booking,reschedule,booking_flow,augmented,simple
10505,"Подскажите, удобно что работаете пятницу",feedback,positive_service,feedback_flow,augmented,complex
1588,Понятн о🙏,conversational,confirmation,conversation_flow,augmented,simple
5425,Довольна на все 100% 😊,feedback,positive_general,feedback_flow,augmented,simple
10696,"Подскажите, у меня пульсирующая боль день",anamnesis,symptom,anamnesis_flow,augmented,complex
2307,"Привет, здравствуйте, до скорого",conversational,farewell,conversation_flow,augmented,complex
5192,"Здравствуйте, спасибо, до свидания спасибо",conversational,gratitude,conversation_flow,augmented,complex
3235,после коронку у Смирновой стало хуже спасибо,feedback,negative_quality,escalation_flow,augmented,medium
8096,После отбеливание у Иванова стало хуже,feedback,negative_quality,escalation_flow,variation,medium
4942,Больше не приду 🦷,feedback,negative_general,escalation_flow,augmented,simple
1523,консультацию сколько стоит?,faq,price,faq_flow,variation,simple
5667,НЕ РЕШИЛ ЕЩЁ!,conversational,unclear,clarification_flow,augmented,simple
4226,коронку это больно,faq,procedure,faq_flow,augmented,simple
6746,"Подскажите, утОчните, пожалуйста",faq,followup,faq_flow,augmented,complex
9825,Не совсем понял,faq,followup,faq_flow,template,simple
3330,Сколько нельзя заниматься спортом после коронку 👍,faq,visit_prep,faq_flow,augmented,medium
5600,"Скажите, можно без этого?",faq,followup,faq_flow,augmented,complex
8354,Хорошгеод ня,conversational,farewell,conversation_flow,augmented,simple
753,"Привет, случилось откололся зуб",anamnesis,complaint,anamnesis_flow,augmented,complex
3444,"Здравствуйте, где вы находитесь спасибо",faq,clinic_info,faq_flow,augmented,complex
9438,Сколько длится профгигиену спасибо,faq,procedure,faq_flow,augmented,simple
206,После протезирование у Смирновой стало хуже 😢,feedback,negative_quality,escalation_flow,augmented,medium
1610,"Скажите, коронку у Волкова прошло замечательно",feedback,positive_quality,feedback_flow,augmented,complex
420,Лебедевой очень внмиательный,feedback,positive_staff,feedback_flow,augmented,simple
11100,Спасибо обльшое!,conversational,gratitude,conversation_flow,augmented,simple
2592,Сколько нельзя пить после имплантацию?!,faq,visit_prep,faq_flow,augmented,simple
5423,Быстро записали на четверг 😊,feedback,positive_service,feedback_flow,augmented,simple
7237,"Скажите, не понравилось",feedback,negative_general,escalation_flow,augmented,complex
2120,Договорились пожалуйста,conversational,confirmation,conversation_flow,augmented,simple
10640,"Добрый день, врач Морозовой всё подробно объяснил",feedback,positive_staff,feedback_flow,augmented,complex
9254,Всего доброго 🦷 спасибо,conversational,farewell,conversation_flow,augmented,simple
4645,ПрИвет?!,conversational,greeting,conversation_flow,augmented,simple
7711,Приду 🦷,conversational,confirmation,conversation_flow,augmented,simple
10391,Буду спасбио,conversational,confirmation,conversation_flow,augmented,simple
1310,Сколько длится чистку пожалуйста,faq,procedure,faq_flow,augmented,simple
7356,Удобно запсиаться через сайт,feedback,positive_service,feedback_flow,augmented,simple
7307,профгигиену у Кузнецовой прошло замечательно,feedback,positive_quality,feedback_flow,variation,simple
10658,"Привет, спасибо",conversational,gratitude,conversation_flow,augmented,complex
6883,После брекеты у Иванова стало хуже,feedback,negative_quality,escalation_flow,variation,medium
7988,У Меня боль от холодного неделю заранее спасибо,anamnesis,symptom,anamnesis_flow,augmented,medium
9346,Крайне недоволен пожалуйста,feedback,negative_general,escalation_flow,augmented,simple
3887,"Привет, нашёл свою клинику",feedback,positive_general,feedback_flow,augmented,complex
1590,Спасибо болЬшое пожалуйста,conversational,gratitude,conversation_flow,augmented,simple
3665,"Здравствуйте, здрасте спасибо",conversational,greeting,conversation_flow,augmented,complex
745,"Отмените, пожалуйста",booking,cancel,booking_flow,template,simple
10977,Рекомендую клинику всем друзьям...,feedback,positive_general,feedback_flow,augmented,simple
11894,Запись к ортопеду на утро,booking,new_appointment,booking_flow,variation,simple
1783,"Подскажите, отклеилась коронка",anamnesis,complaint,anamnesis_flow,augmented,complex
2183,Интересуют виниры 🦷,anamnesis,services,anamnesis_flow,augmented,simple
370,ЕсТь у вас рнетген?,faq,clinic_info,faq_flow,augmented,simple
1477,Буду обращаться только к вам 🙏 спасибо,feedback,positive_general,feedback_flow,augmented,medium
3745,Нужно окронку,anamnesis,services,anamnesis_flow,augmented,simple
4666,Консультцаия платная?,faq,price,faq_flow,augmented,simple
3933,Администратор была очень вежливая 😢,feedback,positive_service,feedback_flow,augmented,simple
6814,"Не смогу прийти, занят на работе...",booking,cancel,booking_flow,augmented,complex
6845,Приду пожалуйста,conversational,confirmation,conversation_flow,augmented,simple
7428,Перенесите на на этой неделе 🙏 😢,booking,reschedule,booking_flow,augmented,medium
1094,У меня слетела коронка,anamnesis,complaint,anamnesis_flow,variation,simple
10695,Отменап риёма,booking,cancel,booking_flow,augmented,simple
1101,нижняя десна болит ночью,anamnesis,symptom,anamnesis_flow,variation,simple
1420,Можно на воскресенье?,booking,new_appointment,booking_flow,variation,simple
141,Перенесите на сегодня?,booking,reschedule,booking_flow,augmented,simple
5190,"Скажите, есть микроскоп?",faq,clinic_info,faq_flow,augmented,complex
5514,Точно нужно 🙏,faq,followup,faq_flow,augmented,simple
3193,"Привет, доброе утро",conversational,greeting,conversation_flow,augmented,complex
8416,Принимаете ДМС,faq,clinic_info,faq_flow,augmented,simple
8648,"Привет, добрый день, удобно что работаете воскресенье",feedback,positive_service,feedback_flow,augmented,complex
8179,шестёрка периодически болит,anamnesis,symptom,anamnesis_flow,variation,simple
9313,"Отмените запись, заболел",booking,cancel,booking_flow,variation,simple
9283,"Скажите, лучшая стоматология в городе",feedback,positive_general,feedback_flow,augmented,complex
2865,Приветствую 🦷,conversational,greeting,conversation_flow,augmented,simple
3494,Буду заранее спасибо,conversational,confirmation,conversation_flow,augmented,simple
5683,"Добрый день, благодарю вас",conversational,gratitude,conversation_flow,augmented,complex
10038,Коронка слетела 😢,anamnesis,complaint,anamnesis_flow,augmented,simple
3241,Врач Новикова всё подробно объяснил спасибо,feedback,positive_staff,feedback_flow,augmented,medium
605,Принимаете наличные?,faq,clinic_info,faq_flow,variation,simple
8039,"Добрый день, интересует осмотр",anamnesis,services,anamnesis_flow,augmented,complex
2946,"Добрый день, приду",conversational,confirmation,conversation_flow,augmented,complex
8853,Беспокоит ноющая боль,anamnesis,symptom,anamnesis_flow,variation,simple
3958,Сидорова очень внимательный!,feedback,positive_staff,feedback_flow,augmented,simple
6836,Недоволен обслуживанием заранее спасибо,feedback,negative_general,escalation_flow,augmented,simple
1153,Спасибо за заботу...,feedback,positive_general,feedback_flow,augmented,simple
6771,Ждал неедлю,feedback,negative_service,escalation_flow,augmented,simple
10384,У меня кровоточивость с утра 🦷,anamnesis,symptom,anamnesis_flow,augmented,medium
10069,какие ещё варианты спасибо,faq,followup,faq_flow,augmented,simple
9141,Хочу виниры!!,anamnesis,services,anamnesis_flow,augmented,simple
412,"Привет, привет, большое спасибо",conversational,gratitude,conversation_flow,augmented,complex
436,Отмените приём заранее спасибо,booking,cancel,booking_flow,augmented,simple
8428,До свидания сапсибо,conversational,farewell,conversation_flow,augmented,simple
6215,Сколько нельзя есть после реставрацию?,faq,visit_prep,faq_flow,variation,simple
9858,Расскажите больше 😢,faq,followup,faq_flow,augmented,simple
8511,Интересует чистку,anamnesis,services,anamnesis_flow,variation,simple
2119,Да спасибо,conversational,confirmation,conversation_flow,augmented,simple
10090,Появилась язвочка во рту?!,anamnesis,complaint,anamnesis_flow,augmented,simple
8658,нижняя десна болит периодически,anamnesis,symptom,anamnesis_flow,variation,simple
8321,Какие органичения,faq,visit_prep,faq_flow,augmented,simple
8118,Записал 🙏,conversational,confirmation,conversation_flow,augmented,simple
5519,А вдруг не получится 🦷,faq,followup,faq_flow,augmented,simple
6656,"Скажите, лебедевой настоящий профессионал?",feedback,positive_staff,feedback_flow,augmented,complex
8475,Козловой настоящий профессионал,feedback,positive_staff,feedback_flow,variation,simple
5771,"шатается зуб, что делать",anamnesis,complaint,anamnesis_flow,augmented,complex
3950,реставрацию у Петровой прошло замечатлеьно,feedback,positive_quality,feedback_flow,augmented,simple
4903,Добрый вечер...,conversational,greeting,conversation_flow,augmented,simple
3336,Отнеслись анплевательски,feedback,negative_staff,escalation_flow,augmented,simple
9732,чистку сколько стоит?,faq,price,faq_flow,variation,simple
4592,После лечение каналов у Волкова тсало хуже...,feedback,negative_quality,escalation_flow,augmented,medium
4597,Сколько стоит леечние кариеса?,faq,price,faq_flow,augmented,simple
1772,Что нельзя после снимок?,faq,visit_prep,faq_flow,variation,simple
6015,Не решил ещё.,conversational,unclear,clarification_flow,augmented,simple
10099,Дорбое утро!,conversational,greeting,conversation_flow,augmented,simple
11631,Анестезия входит в стоимость,faq,procedure,faq_flow,augmented,simple
1769,Не понравилось?!,feedback,negative_general,escalation_flow,augmented,simple
11228,Это безобразие пожалуйста,feedback,negative_general,escalation_flow,augmented,simple
39,"Добрый день, а есл ия не буду?",faq,followup,faq_flow,augmented,complex
8501,Сколько стоит элайнеры 🦷,faq,price,faq_flow,augmented,simple
9405,"Здравствуйте, ок пожалуйста",conversational,confirmation,conversation_flow,augmented,complex
8294,Поудмаю 🦷,conversational,unclear,clarification_flow,augmented,simple
11762,"Привет, удобно что работаете понедельник 😢",feedback,positive_service,feedback_flow,augmented,complex
7343,Удобно что работаете сегодня,feedback,positive_service,feedback_flow,variation,simple
9505,реставрацию сколько стоит?,faq,price,faq_flow,variation,simple
2413,планирую коронку 🦷,anamnesis,services,anamnesis_flow,augmented,simple
4017,"Здравствуйте, почём удаление?",faq,price,faq_flow,augmented,complex
2776,Какие ещё ваиранты?,faq,followup,faq_flow,augmented,simple
2462,"Добрый день, пОсле брекеты у Волкова стало хуже",feedback,negative_quality,escalation_flow,augmented,complex
1059,"Скажите, подумаю",conversational,unclear,clarification_flow,augmented,complex
11300,"Подскажите, жду уже с утра, никто не подходит",feedback,negative_service,escalation_flow,augmented,complex
8442,"Скажите, всё отлично, спасибо",feedback,positive_general,feedback_flow,augmented,complex
9074,"Привет, после брекеты у Морозовой стало хуже",feedback,negative_quality,escalation_flow,augmented,complex
11997,"Здравствуйте, согласен",conversational,confirmation,conversation_flow,augmented,complex
6636,консультацию уВ олкова прошло замечательно,feedback,positive_quality,feedback_flow,augmented,simple
9509,Нужно коронку!!,anamnesis,services,anamnesis_flow,augmented,simple
1442,Подскажите подробнее?,faq,followup,faq_flow,augmented,simple
672,Интересует осмотр,anamnesis,services,anamnesis_flow,variation,simple
620,лечение кариеса у Волкова прошло замечательно спасибо,feedback,positive_quality,feedback_flow,augmented,medium
302,Болит верхняя десна уже неделю,anamnesis,symptom,anamnesis_flow,variation,simple
1868,"Здравствуйте, спасибо большое!",conversational,gratitude,conversation_flow,augmented,complex
7313,мне не перезвонил инесколько дней,feedback,negative_service,escalation_flow,augmented,simple
24,Новикова настоящий порфессионал...,feedback,positive_staff,feedback_flow,augmented,simple
10363,Довольна на све 100%,feedback,positive_general,feedback_flow,augmented,simple
2163,"Скажите, хочу отказаться от записи",booking,cancel,booking_flow,augmented,complex
4770,У меня кровоточивость три дня,anamnesis,symptom,anamnesis_flow,variation,simple
2795,Есть ортодонт?,faq,clinic_info,faq_flow,template,simple
10304,Что вы рекомендуете 👍,faq,followup,faq_flow,augmented,simple
6887,Как подготовиться к КТ заранее спасибо,faq,visit_prep,faq_flow,augmented,medium
11093,"спасибо, всё понравилось 😢",feedback,positive_general,feedback_flow,augmented,complex
11159,Врач Волкова всё подробно боъяснил спасибо,feedback,positive_staff,feedback_flow,augmented,medium
9042,Хочу оставить жалобу на Кузнецовой 🙏,feedback,negative_general,escalation_flow,augmented,medium
6217,Не предупредили об изменениях 😢,feedback,negative_service,escalation_flow,augmented,simple
1357,Прикусил язык 😊,anamnesis,complaint,anamnesis_flow,augmented,simple
3897,"Добрый день, очень благодарен",conversational,gratitude,conversation_flow,augmented,complex
11015,ЗАПИС ЬК ИМПЛАНТОЛОГУ НА ЧЕТВЕРГ,booking,new_appointment,booking_flow,augmented,simple
6280,"Жду уже несколько дней, никто не подходит?",feedback,negative_service,escalation_flow,augmented,complex
3007,Рекоемндую клинику всем друзьям,feedback,positive_general,feedback_flow,augmented,simple
3247,"Скажите, здравствуйте, нужно перенести",booking,reschedule,booking_flow,augmented,complex
11957,Сколько нельзя куртиь после виниры 😊,faq,visit_prep,faq_flow,augmented,medium
3762,У меня запах изо рта с утра пожалуйста,anamnesis,symptom,anamnesis_flow,augmented,medium
6303,"скажите, легко дозвониться",feedback,positive_service,feedback_flow,augmented,complex
434,Ужасный сервис.,feedback,negative_general,escalation_flow,augmented,simple
2184,Пока не решил спасибо...,conversational,unclear,clarification_flow,augmented,simple
10082,Отмените приём 😊,booking,cancel,booking_flow,augmented,simple
1214,Врач внушает одверие,feedback,positive_staff,feedback_flow,augmented,simple
8175,ага?!,conversational,confirmation,conversation_flow,augmented,simple
6693,Сколько длится профгигиену 🦷 спасибо,faq,procedure,faq_flow,augmented,simple
1444,Морозовой очень внимательный пожалуйста,feedback,positive_staff,feedback_flow,augmented,simple
5890,После лечения стало хуже,feedback,negative_quality,escalation_flow,template,simple
5623,Что нельзя после отбеливание?,faq,visit_prep,faq_flow,variation,simple
2867,"Скажите, хочу лечение кариеса спасибо",anamnesis,services,anamnesis_flow,augmented,complex
1867,Запись к имплантологу на завтра спасибо,booking,new_appointment,booking_flow,augmented,medium
4489,Сколько нельзя курить после осмотр?,faq,visit_prep,faq_flow,variation,simple
65,Сколько нельзя есть после консультацию!!,faq,visit_prep,faq_flow,augmented,simple
4391,"Здравствуйте, подскажите, приду",conversational,confirmation,conversation_flow,augmented,complex
177,спасибо пожалуйста,conversational,gratitude,conversation_flow,augmented,simple
11598,"Подскажите, довольна на все 100%.",feedback,positive_general,feedback_flow,augmented,complex
6061,"Привет, что вы рекомендуете?",faq,followup,faq_flow,augmented,complex
11559,пломбирование у Петровой прошло замечательно,feedback,positive_quality,feedback_flow,variation,simple
2441,Подскажтие подробнее,faq,followup,faq_flow,augmented,simple
10428,После КТ у Волкова стало хуже 🦷,feedback,negative_quality,escalation_flow,augmented,medium
9839,Добрый день спасибо...,conversational,greeting,conversation_flow,augmented,simple
281,Лучшая стоматология в городе!,feedback,positive_general,feedback_flow,augmented,simple
4549,Понял,conversational,confirmation,conversation_flow,template,simple
6948,Хочу реставрацию зуба,anamnesis,services,anamnesis_flow,template,simple
5016,Какой адрес?,faq,clinic_info,faq_flow,template,simple
960,имплантацию у Кузнеоцвой прошло замечательно,feedback,positive_quality,feedback_flow,augmented,simple
5936,Спасибо пожалуйста заранее спасибо,conversational,gratitude,conversation_flow,augmented,simple
2781,Не понравилось спасибо,feedback,negative_general,escalation_flow,augmented,simple
1453,Какая цена на лечение кариеса 🙏,faq,price,faq_flow,augmented,medium
1864,Это безобразие 🙏,feedback,negative_general,escalation_flow,augmented,simple
11517,"Здравствуйте, спасибо!",conversational,gratitude,conversation_flow,augmented,complex
1695,"Подскажите, согласен",conversational,confirmation,conversation_flow,augmented,complex
6348,Ясно 🦷,conversational,confirmation,conversation_flow,augmented,simple
5080,пломбирование у Волкова прошло замчеАтельно,feedback,positive_quality,feedback_flow,augmented,simple
2306,Администратор была очень вежливая заранее спасибо,feedback,positive_service,feedback_flow,augmented,medium
4257,Надо подумать 🦷,conversational,unclear,clarification_flow,augmented,simple
4674,Надо посОветоваться 😊,conversational,unclear,clarification_flow,augmented,simple
10049,Сколько длится пломбирование,faq,procedure,faq_flow,augmented,simple
768,Клиника заслуживает 5 звёзд 😢,feedback,positive_general,feedback_flow,augmented,simple
556,Удобно что работаете сегодня.,feedback,positive_service,feedback_flow,augmented,simple
9135,Ладно 🦷,conversational,confirmation,conversation_flow,augmented,simple
6637,"Добрый день, Сколько длится КТ?",faq,procedure,faq_flow,augmented,complex
750,ОТЛИЧНАЯ КЛИНИКА?!,feedback,positive_general,feedback_flow,augmented,simple
4048,МожеТ ыбть,conversational,unclear,clarification_flow,augmented,simple
8145,Сколько нельзя есть после брекеты?,faq,visit_prep,faq_flow,variation,simple
1252,Врач Козловой всё подробно объяснил?,feedback,positive_staff,feedback_flow,augmented,simple
18,Ждал день спасибо,feedback,negative_service,escalation_flow,augmented,simple
7306,"Подскажите, интересует виниры",anamnesis,services,anamnesis_flow,augmented,complex
10398,имплантацию у Сидорова прошло замечательно,feedback,positive_quality,feedback_flow,variation,simple
5863,Отличная организация работы заранее спасибо,feedback,positive_service,feedback_flow,augmented,simple
8194,"Здравствуйте, сколько стоит пломбирование?",faq,price,faq_flow,augmented,complex
5319,Всего доброго заранее спасибо,conversational,farewell,conversation_flow,augmented,simple
9043,"Привет, пока",conversational,farewell,conversation_flow,augmented,complex
1399,Администратор грубил 🦷,feedback,negative_staff,escalation_flow,augmented,simple
11600,Нужно отменить,booking,cancel,booking_flow,template,simple
3082,чистку это больно,faq,procedure,faq_flow,augmented,simple
10240,Пока не решил пожалуйста,conversational,unclear,clarification_flow,augmented,simple
5400,Сколько длится снимок 🙏,faq,procedure,faq_flow,augmented,simple
7996,снимите меня с записи 👍,booking,cancel,booking_flow,augmented,simple
9965,Отмените приём спасибо,booking,cancel,booking_flow,augmented,simple
2666,КТ у Лебедевой прошло замечательно,feedback,positive_quality,feedback_flow,variation,simple
7246,Быстро записали на понедельник...,feedback,positive_service,feedback_flow,augmented,simple
11223,"ДОБРЫЙ ДЕНЬ, ЕСТЬ ВРЕМЯ НА НА СЛЕДУЮЩЕЙ НЕДЕЛЕ?",booking,new_appointment,booking_flow,augmented,complex
6003,Врач работает аккуратно 🦷,feedback,positive_staff,feedback_flow,augmented,simple
3920,Сколько нельзя есть после лечение каналов,faq,visit_prep,faq_flow,augmented,medium
11870,Я ВАМ ПЕРЕЗВНОЮ,conversational,unclear,clarification_flow,augmented,simple
3212,виниры это больно?!,faq,procedure,faq_flow,augmented,simple
1225,Работаете в на этой неделе 👍?,faq,clinic_info,faq_flow,augmented,medium
5427,Сразу перевзонили!,feedback,positive_service,feedback_flow,augmented,simple
7556,После пломбирование у Сидорова стало хуже.,feedback,negative_quality,escalation_flow,augmented,medium
1871,Я вам перезвоню заранее спасибо спасибо,conversational,unclear,clarification_flow,augmented,medium
717,После осмотр всё отлично,feedback,positive_quality,feedback_flow,variation,simple
3239,Поосветуюсь.,conversational,unclear,clarification_flow,augmented,simple
4425,"Привет, привет 😢",conversational,greeting,conversation_flow,augmented,complex
9326,"Скажите, добрый день",conversational,greeting,conversation_flow,augmented,complex
1210,Когда работаете...,faq,clinic_info,faq_flow,augmented,simple
7273,"Здравствуйте, до встречи",conversational,farewell,conversation_flow,augmented,complex
8196,Недоволен обслуживанием в клинике...,feedback,negative_general,escalation_flow,augmented,simple
7589,Цена консультации?,faq,price,faq_flow,template,simple
1478,Хочу к терапевту спасибо,booking,new_appointment,booking_flow,augmented,simple
1184,Сколько стоит имплант?,faq,price,faq_flow,template,simple
6454,лечение кариеса у Кузнецовой прошло замечательно,feedback,positive_quality,feedback_flow,variation,medium
11091,Можно перенести на понедельник спасибо спасибо,booking,reschedule,booking_flow,augmented,medium
8434,"Скажите, благодарю за работу",feedback,positive_general,feedback_flow,augmented,complex
427,посл евиниры у Новикова стало хуже,feedback,negative_quality,escalation_flow,augmented,medium
4436,протезирование не помогло,feedback,negative_quality,escalation_flow,variation,simple
11639,Можно в рассрочку 🙏,faq,price,faq_flow,augmented,simple
9196,Запись к гигиенисту на воскресенье 👍,booking,new_appointment,booking_flow,augmented,medium
10317,надо посоветвоаться,conversational,unclear,clarification_flow,augmented,simple
7568,Есть WhatsApp 🦷,faq,clinic_info,faq_flow,augmented,simple
7662,Приятно общаться с персоналом!,feedback,positive_staff,feedback_flow,augmented,simple
947,Сколько нельзя заниматься спортом после удаление?,faq,visit_prep,faq_flow,variation,medium
4009,"Отемните запись, уезжаю 🙏",booking,cancel,booking_flow,augmented,complex
6535,Позже 🦷?!,conversational,unclear,clarification_flow,augmented,simple
6976,Перенесите на пятницу!!,booking,reschedule,booking_flow,augmented,simple
10435,"Привет, не смогу прийти, уезжаю",booking,cancel,booking_flow,augmented,complex
9577,Новикова очень внимательный?,feedback,positive_staff,feedback_flow,augmented,simple
5242,работаеет в завтра?,faq,clinic_info,faq_flow,augmented,simple
9719,Нужен протез пожалуйста,anamnesis,services,anamnesis_flow,augmented,simple
10847,Возможно пожалуйста...,conversational,unclear,clarification_flow,augmented,simple
1649,чистку у Кузнецовой прошло замечательно,feedback,positive_quality,feedback_flow,variation,simple
4760,"ЗДРАВСТВУЙТЕ, ХОЧУ КРАСИВУЮ УЛЫБКУ",anamnesis,services,anamnesis_flow,augmented,complex
6376,Интересует протезирование заранее спасибо,anamnesis,services,anamnesis_flow,augmented,simple
7369,Хочу оставить жалобу 😢 🙏,feedback,negative_general,escalation_flow,augmented,simple
11425,Отзывчивый администратор 🦷,feedback,positive_service,feedback_flow,augmented,simple
9328,"Скажите, элайнеры у Новикова прошло замечательно",feedback,positive_quality,feedback_flow,augmented,complex
6496,Над оподумать,conversational,unclear,clarification_flow,augmented,simple
11979,челюсть болит постоянно,anamnesis,symptom,anamnesis_flow,variation,simple
6450,"Привет, коронку у Кузнецовой прошло замечательно",feedback,positive_quality,feedback_flow,augmented,complex
460,Запись к хирургу на завтра,booking,new_appointment,booking_flow,variation,simple
3805,коронку у Кузнецовой прошло замечательно заранее спасибо,feedback,positive_quality,feedback_flow,augmented,medium
1460,Стоимость чистки?,faq,price,faq_flow,template,simple
4442,"Добрый день, превосходный сервис",feedback,positive_general,feedback_flow,augmented,complex
10152,"подскажите, до свидания!",conversational,farewell,conversation_flow,augmented,complex
3910,У меня запах изо рта два дня,anamnesis,symptom,anamnesis_flow,variation,medium
1142,"Скажите, не сейчас",conversational,unclear,clarification_flow,augmented,complex
9804,"Привет, жду уже несколько дней, никто не подходит",feedback,negative_service,escalation_flow,augmented,complex
8631,Всего дборого пожалуйста,conversational,farewell,conversation_flow,augmented,simple
9570,Уберите мюо запись,booking,cancel,booking_flow,augmented,simple
11311,"Скажите, возможно",conversational,unclear,clarification_flow,augmented,complex
7524,"Добрый день, ждал давно заранее спасибо",feedback,negative_service,escalation_flow,augmented,complex
8223,Прикусилщ ёку,anamnesis,complaint,anamnesis_flow,augmented,simple
8064,"Скажите, хочу лечение кариеса",anamnesis,services,anamnesis_flow,augmented,complex
9053,Запишите к эндодонтисту,booking,new_appointment,booking_flow,variation,simple
3265,Всего хорошего 👍,conversational,farewell,conversation_flow,augmented,simple
5988,"Здравствуйте, хочу консультацию",anamnesis,services,anamnesis_flow,augmented,complex
7416,Что посоветуете.,faq,followup,faq_flow,augmented,simple
792,"Скажите, сломался протез",anamnesis,complaint,anamnesis_flow,augmented,complex
3306,Недоволен обслуживанием...,feedback,negative_general,escalation_flow,augmented,simple
337,срок службы 😊,faq,procedure,faq_flow,augmented,simple
453,КАК ПРОХОДИТ ПРОТЕЗИРОВАНИЕ 😊,faq,procedure,faq_flow,augmented,simple
10884,Запись к челюстно-лицевому хирургу на вечер заранее спасибо,booking,new_appointment,booking_flow,augmented,medium
5089,"Подскажите, да, конечно",conversational,confirmation,conversation_flow,augmented,complex
11221,"Подскажите, конечно",conversational,confirmation,conversation_flow,augmented,complex
9508,Запись к имплантологу на вечер 🦷,booking,new_appointment,booking_flow,augmented,medium
11833,Не уверен!,conversational,unclear,clarification_flow,augmented,simple
3453,Расскжаите больше,faq,followup,faq_flow,augmented,simple
3959,Буду обращаться только к вам спасибо?,feedback,positive_general,feedback_flow,augmented,medium
7910,Да заранее спасибо,conversational,confirmation,conversation_flow,augmented,simple
1738,что делать если отёк!,faq,visit_prep,faq_flow,augmented,simple
8241,"Привет, хОЧУ ОТКАЗАТЬСЯ ОТ ЗАПИСИ",booking,cancel,booking_flow,augmented,complex
11577,После протезирование у Козловой стало хуже,feedback,negative_quality,escalation_flow,variation,medium
1918,снимок у Сидорова прошло замечательно,feedback,positive_quality,feedback_flow,variation,simple
7450,У меня боль при жевании со вчера,anamnesis,symptom,anamnesis_flow,variation,medium
9911,Врач Козловой не объяснил,feedback,negative_staff,escalation_flow,variation,simple
2204,Хороший специалист!!,feedback,positive_staff,feedback_flow,augmented,simple
8964,Вра чопоздал,feedback,negative_service,escalation_flow,augmented,simple
1554,Петровой отнёсся невнимательно...,feedback,negative_staff,escalation_flow,augmented,simple
11303,До встречи?!,conversational,farewell,conversation_flow,augmented,simple
7114,виниры у Смирновой прошло замечательно,feedback,positive_quality,feedback_flow,variation,simple
7841,ЗАПИСЬ К ПАРОДОНТОЛОГУ НА СРЕДУ?,booking,new_appointment,booking_flow,augmented,simple
6635,Врач терпеливо вёс объяснил,feedback,positive_staff,feedback_flow,augmented,simple
2640,Сколько нельзя курить после чистку?,faq,visit_prep,faq_flow,variation,simple
3031,Морозовой отнёсся невнимательно 😢,feedback,negative_staff,escalation_flow,augmented,simple
595,Сколько нельзя курить после консультацию 👍,faq,visit_prep,faq_flow,augmented,medium
2098,Точно нужно!!,faq,followup,faq_flow,augmented,simple
10310,Согласен,conversational,confirmation,conversation_flow,template,simple
9374,"Подскажите, снимок сколько стоит?",faq,price,faq_flow,augmented,complex
11996,"Добрый день, сломался протез заранее спасибо",anamnesis,complaint,anamnesis_flow,augmented,complex
4872,Врач от бога 🙏,feedback,positive_staff,feedback_flow,augmented,simple
3259,"Здравствуйте, после пломбирование всё отлично",feedback,positive_quality,feedback_flow,augmented,complex
1617,"Добрый день, врач не объяснил",feedback,negative_staff,escalation_flow,augmented,complex
8258,Ничего не объяснили заранее спасибо,feedback,negative_staff,escalation_flow,augmented,simple
7419,клиника заслуживает 5 звёзд пожалуйста,feedback,positive_general,feedback_flow,augmented,simple
11538,"Скажите, лебедевой отнёсся невнимательно",feedback,negative_staff,escalation_flow,augmented,complex
70,Сколько нельзя пить алкоголь после протезирование?,faq,visit_prep,faq_flow,variation,medium
7855,"Да, конечно 👍",conversational,confirmation,conversation_flow,augmented,complex
10809,"Здравствуйте, запись к терапевту на сегодня",booking,new_appointment,booking_flow,augmented,complex
3357,Сколько нельзя есть после протезирование,faq,visit_prep,faq_flow,augmented,simple
2377,До свдиАния,conversational,farewell,conversation_flow,augmented,simple
6502,"Подскажите, подскажите, выпала пломба",anamnesis,complaint,anamnesis_flow,augmented,complex
181,Сколько нельзя заниматься спортом после снимок заранее спасибо,faq,visit_prep,faq_flow,augmented,medium
5855,"Подскажите, а обязательно?",faq,followup,faq_flow,augmented,complex
6487,Хочу пожаловтаься,feedback,negative_general,escalation_flow,augmented,simple
5606,Приду?!,conversational,confirmation,conversation_flow,augmented,simple
8848,ВРАЧ ЛЕБЕДЕВОЙ НЕ ОБЪЯСНИЛ ЗАРАНЕЕ СПАСИБО,feedback,negative_staff,escalation_flow,augmented,medium
3059,Довольна на все 100%?,feedback,positive_general,feedback_flow,augmented,simple
4173,"Не смогу прйити, занят на работе",booking,cancel,booking_flow,augmented,complex
3476,Добрый день пожалуйста,conversational,greeting,conversation_flow,augmented,simple
9437,Сколько стоит удаление?,faq,price,faq_flow,variation,simple
405,Расскажите боьлше заранее спасибо,faq,followup,faq_flow,augmented,simple
5975,Мне не перезвонили три дня?!,feedback,negative_service,escalation_flow,augmented,simple
7835,Благодарю за работу!,feedback,positive_general,feedback_flow,augmented,simple
3821,СКОЛЬКО СТОИТ ЛЕЧЕИНЕ КАНАЛОВ?,faq,price,faq_flow,augmented,simple
7843,когда можно есть твёдрое?,faq,visit_prep,faq_flow,augmented,simple
6018,Как подготовиться к КТ?,faq,visit_prep,faq_flow,variation,simple
4542,Позовите главврача 😊,feedback,negative_general,escalation_flow,augmented,simple
5896,Запишите на реставрацию,booking,new_appointment,booking_flow,variation,simple
8161,Можно на другой днеь?,booking,reschedule,booking_flow,augmented,simple
966,"Добрый день, да, хорошо",conversational,confirmation,conversation_flow,augmented,complex
516,После КТ у Кузнецовой стало хуже.,feedback,negative_quality,escalation_flow,augmented,medium
1875,"Скажите, а можно по-другому?!",faq,followup,faq_flow,augmented,complex
201,до встрчеи,conversational,farewell,conversation_flow,augmented,simple
2125,ВРАЧ ПЕТРОВОЙ НЕ ОБЪЯСНИЛ ПОЖАЛУЙСТА,feedback,negative_staff,escalation_flow,augmented,simple
9232,Нужно протезирование 😢,anamnesis,services,anamnesis_flow,augmented,simple
4153,Согласен 🦷,conversational,confirmation,conversation_flow,augmented,simple
2559,легко записаться!!,feedback,positive_service,feedback_flow,augmented,simple
52,имплантацию сколько стоит?,faq,price,faq_flow,variation,simple
5974,ХОЧУ ПРОФГИГИЕНУ СПАСИБО,anamnesis,services,anamnesis_flow,augmented,simple
9886,А обязательон?,faq,followup,faq_flow,augmented,simple
5453,Ждал давно,feedback,negative_service,escalation_flow,variation,simple
5753,позже.,conversational,unclear,clarification_flow,augmented,simple
8877,Разочарован 🙏,feedback,negative_general,escalation_flow,augmented,simple
6671,"Здравствуйте, не решил ещё",conversational,unclear,clarification_flow,augmented,complex
3775,"Скажите, добрый день, окей",conversational,confirmation,conversation_flow,augmented,complex
9424,Может быть пожалуйста,conversational,unclear,clarification_flow,augmented,simple
3869,"Привет, надо подумать",conversational,unclear,clarification_flow,augmented,complex
1716,"Добрый день, есть парковка?",faq,clinic_info,faq_flow,augmented,complex
5723,"Подскажите, выпала пломба",anamnesis,complaint,anamnesis_flow,augmented,complex
8915,Всего дорбого!,conversational,farewell,conversation_flow,augmented,simple
11515,Сколько нельзя курить после пломбирование 🙏,faq,visit_prep,faq_flow,augmented,medium
6521,Посоветуюсь!,conversational,unclear,clarification_flow,augmented,simple
7096,"Здравствуйте, как подготовИться к элайнеры?",faq,visit_prep,faq_flow,augmented,complex
7548,"Привет, иванова настоящий профессионал",feedback,positive_staff,feedback_flow,augmented,complex
4569,протезирование у Смирновой прошло замечательно,feedback,positive_quality,feedback_flow,variation,simple
10856,Превосохдный сервис,feedback,positive_general,feedback_flow,augmented,simple
7017,"Добрый день, врач работает аккуратно",feedback,positive_staff,feedback_flow,augmented,complex
10837,Хочу к пародонтологу 🦷,booking,new_appointment,booking_flow,augmented,simple
592,Врач Волкова не объяснил пожалуйста,feedback,negative_staff,escalation_flow,augmented,simple
2053,Надо подумать 😊,conversational,unclear,clarification_flow,augmented,simple
6562,можно перенести на четверг?!,booking,reschedule,booking_flow,augmented,simple
1750,"Скажите, расскажите больше",faq,followup,faq_flow,augmented,complex
9338,"Отмените запись, занятн а работе",booking,cancel,booking_flow,augmented,complex
11485,так и болит после лечения...,feedback,negative_quality,escalation_flow,augmented,simple
7997,"Добрый день, щёлкает челюсть пожалуйста",anamnesis,symptom,anamnesis_flow,augmented,complex
9385,Запись к имплантологу на сегодня,booking,new_appointment,booking_flow,variation,simple
964,Напомнили о визите заранее пожалуйста,feedback,positive_service,feedback_flow,augmented,simple
8702,"Заболел, не приду 🦷",booking,cancel,booking_flow,augmented,complex
10287,Не рекомнедую,feedback,negative_general,escalation_flow,augmented,simple
1331,Золотые руки у доктора заранее спасибо,feedback,positive_staff,feedback_flow,augmented,medium
3428,осмотр у Петровой прошло замечательно,feedback,positive_quality,feedback_flow,variation,simple
6547,Интересует профгигиену,anamnesis,services,anamnesis_flow,variation,simple
9216,"Отмените запись, форс-мажор?!",booking,cancel,booking_flow,augmented,complex
9954,Планирую лечение каналов.,anamnesis,services,anamnesis_flow,augmented,simple
3146,Болит коренной зуб уже неделю!,anamnesis,symptom,anamnesis_flow,augmented,simple
10563,КАКОЙ АДРЕС?!,faq,clinic_info,faq_flow,augmented,simple
5543,Зуби зменил цвет?,anamnesis,complaint,anamnesis_flow,augmented,simple
10298,Часы работы пожалуйста,faq,clinic_info,faq_flow,augmented,simple
2975,Вежливое обращение,feedback,positive_staff,feedback_flow,template,simple
8546,"Подскажите, большое спасибо",conversational,gratitude,conversation_flow,augmented,complex
8709,лечение каналов это больно 🦷,faq,procedure,faq_flow,augmented,simple
3448,Морозовой отнёсся невнимательно?!,feedback,negative_staff,escalation_flow,augmented,simple
7058,Есть прайс-лист 😢,faq,price,faq_flow,augmented,simple
10626,Я вам перезовню,conversational,unclear,clarification_flow,augmented,simple
4612,Быстро записали на воскресенье.,feedback,positive_service,feedback_flow,augmented,simple
5953,Почём коронку 😊,faq,price,faq_flow,augmented,simple
2918,"Отмените, пожалуйста.",booking,cancel,booking_flow,augmented,complex
11248,Хочу оставит ьжлаобу на Иванова,feedback,negative_general,escalation_flow,augmented,simple
6674,Планирую исправить прикус?,anamnesis,services,anamnesis_flow,augmented,simple
1739,Срок службы!,faq,procedure,faq_flow,augmented,simple
7520,Леебдевой был груб,feedback,negative_staff,escalation_flow,augmented,simple
729,Можно на на этой неделе?,booking,new_appointment,booking_flow,variation,simple
10380,Принято!!,conversational,confirmation,conversation_flow,augmented,simple
8116,Какая цена на КТ?,faq,price,faq_flow,variation,simple
6765,семёрка постоянно болит,anamnesis,symptom,anamnesis_flow,variation,simple
1905,"Спасиб,о до свидания",conversational,gratitude,conversation_flow,augmented,complex
763,У меня боль от холодного с утра,anamnesis,symptom,anamnesis_flow,variation,medium
4138,До скорого...,conversational,farewell,conversation_flow,augmented,simple
5103,Очень разочарован спасибо,feedback,negative_general,escalation_flow,augmented,simple
7258,Перенос записи!,booking,reschedule,booking_flow,augmented,simple
5853,Удобный онлайн-сервис спасибо,feedback,positive_service,feedback_flow,augmented,simple
3297,"Скажите, где оставить жалобу?",feedback,negative_general,escalation_flow,augmented,complex
3817,Отличное соотношение цена-качество 🙏,feedback,positive_general,feedback_flow,augmented,simple
10035,"Здравствуйте, до скорого?",conversational,farewell,conversation_flow,augmented,complex
5246,"Здравствуйте, смирновой настоящий профессионал",feedback,positive_staff,feedback_flow,augmented,complex
6363,хочу перенести запись?,booking,reschedule,booking_flow,augmented,simple
10701,Болит верхняя десна уже с утра,anamnesis,symptom,anamnesis_flow,variation,medium
6743,"Напомнили о приёме, спасибо 🙏",feedback,positive_service,feedback_flow,augmented,complex
4094,зуб мудрости немного болит,anamnesis,symptom,anamnesis_flow,variation,simple
9167,Запись к эндодонтисту на на этой неделе,booking,new_appointment,booking_flow,variation,medium
1569,удаление у Морозовой прошло замечательно!,feedback,positive_quality,feedback_flow,augmented,simple
7221,БЫСТРО ЗАПИСАЛИ НА СУББОТУ 👍,feedback,positive_service,feedback_flow,augmented,simple
1753,"Здравствуйте, здравствуйте...",conversational,greeting,conversation_flow,augmented,complex
7323,"Подскажите, не уверен 😊",conversational,unclear,clarification_flow,augmented,complex
3996,Врач опоздал!!,feedback,negative_service,escalation_flow,augmented,simple
8761,Конечно,conversational,confirmation,conversation_flow,template,simple
10964,Спасибо за отличную арботу 🙏,feedback,positive_general,feedback_flow,augmented,simple
5618,Перенесите на на следующей ндееле,booking,reschedule,booking_flow,augmented,simple
11654,Спасибо за отличную работу заранее спасибо,feedback,positive_general,feedback_flow,augmented,medium
8742,Отлично есоотношение цена-качество,feedback,positive_general,feedback_flow,augmented,simple
7264,Появилась язвочка во рту спасибо,anamnesis,complaint,anamnesis_flow,augmented,simple
9535,"Привет, хочу коронку 🦷",anamnesis,services,anamnesis_flow,augmented,complex
691,Перенос записи?,booking,reschedule,booking_flow,augmented,simple
3272,После имплантацию всё отлично 🙏,feedback,positive_quality,feedback_flow,augmented,simple
8234,Записаться на рентген,booking,new_appointment,booking_flow,template,simple
5209,"Здравствуйте, откололсяк усочек зуба",anamnesis,complaint,anamnesis_flow,augmented,complex
7434,Что нельзя после коронку?,faq,visit_prep,faq_flow,variation,simple
4677,Есть запись на завтра спасибо,booking,new_appointment,booking_flow,augmented,simple
454,"Привет, угу",conversational,confirmation,conversation_flow,augmented,complex
6308,"Здравствуйте, врач Моорзовой не объяснил",feedback,negative_staff,escalation_flow,augmented,complex
3149,Сколько нельзя заниматься спортом после имплантацию?,faq,visit_prep,faq_flow,variation,medium
835,Не пирду,booking,cancel,booking_flow,augmented,simple
700,лечение кариеса это блоьно!!,faq,procedure,faq_flow,augmented,simple
6784,Врач всё подрбоно рассказал,feedback,positive_staff,feedback_flow,augmented,simple
3901,А ЕСЛИ Я НЕ БУДУ...,faq,followup,faq_flow,augmented,simple
3703,"Жду ужед авно, никто не подходит",feedback,negative_service,escalation_flow,augmented,complex
5984,"Здравствуйте, можно перенести на четверг?",booking,reschedule,booking_flow,augmented,complex
6078,Благодарю за работу спасибо,feedback,positive_general,feedback_flow,augmented,simple
9620,брекеты это больно заранее спасибо,faq,procedure,faq_flow,augmented,simple
8773,Сколько длится имплантацию!!,faq,procedure,faq_flow,augmented,simple
10990,Скололась эмаль 👍,anamnesis,complaint,anamnesis_flow,augmented,simple
10103,После консультацию у Иванова стало хуже,feedback,negative_quality,escalation_flow,variation,medium
4723,"Подскажите, до скорого спасибо",conversational,farewell,conversation_flow,augmented,complex
4637,"Добрый день, после КТ у Сидорова стало хуже",feedback,negative_quality,escalation_flow,augmented,complex
9271,Персонал был недоброжелателен заранее спасибо,feedback,negative_staff,escalation_flow,augmented,simple
584,"Добрый день, добрый вечер!",conversational,greeting,conversation_flow,augmented,complex
9846,лечение кариеса это больно спасибо,faq,procedure,faq_flow,augmented,simple
8826,"Здравствуйте, никто не перезвонил",feedback,negative_service,escalation_flow,augmented,complex
2897,"Привет, записаться невозможно 👍",feedback,negative_service,escalation_flow,augmented,complex
1799,Перенесите на четверг 😊,booking,reschedule,booking_flow,augmented,simple
7289,Зуб Тресунл,anamnesis,complaint,anamnesis_flow,augmented,simple
730,"Здравствуйте, работаете в вечер?",faq,clinic_info,faq_flow,augmented,complex
3689,Как подготовиться к виниры?,faq,visit_prep,faq_flow,variation,simple
1414,Есть WhatsApp?,faq,clinic_info,faq_flow,template,simple
5882,Ясно.,conversational,confirmation,conversation_flow,augmented,simple
8313,Хочу оставить жалобу на Лебедевой...,feedback,negative_general,escalation_flow,augmented,simple
9639,"Да, конечно 😊...",conversational,confirmation,conversation_flow,augmented,complex
9407,НЕ ПРИШЛОСЬ ЖДАТЬ В ОЧЕРЕДИ!!,feedback,positive_service,feedback_flow,augmented,simple
2246,Есть рассрочка,faq,price,faq_flow,augmented,simple
3238,верхний зуб болит ночью,anamnesis,symptom,anamnesis_flow,variation,simple
5300,Моежт быть,conversational,unclear,clarification_flow,augmented,simple
11443,БЛГАОДАРЮ,conversational,gratitude,conversation_flow,augmented,simple
10372,"Здравствуйте, здравствуйте, прощайте",conversational,farewell,conversation_flow,augmented,complex
7850,Запись к пародонтологу на пятницу,booking,new_appointment,booking_flow,variation,simple
6711,Сколько нельзя пить алкоголь после осмотр?,faq,visit_prep,faq_flow,variation,medium
4580,"Здравствуйте, добырй день",conversational,greeting,conversation_flow,augmented,complex
7751,"Не смогу прийти, не смогу",booking,cancel,booking_flow,variation,simple
4098,Сколько нельзя есть после пломбы?,faq,visit_prep,faq_flow,template,simple
6282,Почём профгигиену 😊,faq,price,faq_flow,augmented,simple
2284,Скололась эмаль!,anamnesis,complaint,anamnesis_flow,augmented,simple
2378,Очень благодарен 😊 🙏,conversational,gratitude,conversation_flow,augmented,simple
9776,Запись к гигиенисту на завтра,booking,new_appointment,booking_flow,variation,simple
10839,верхняя десна немного болит,anamnesis,symptom,anamnesis_flow,variation,simple
10234,Подумаю 😢,conversational,unclear,clarification_flow,augmented,simple
10617,Добрый вечер 😊.,conversational,greeting,conversation_flow,augmented,simple
1395,"Спасибо,в сё понятно",conversational,gratitude,conversation_flow,augmented,complex
3434,Снимитем еня с записи,booking,cancel,booking_flow,augmented,simple
1072,Расскажите больше 😊?,faq,followup,faq_flow,augmented,simple
220,Что вы рекомендуете,faq,followup,faq_flow,augmented,simple
325,Есть WhatsApp заранее спасибо,faq,clinic_info,faq_flow,augmented,simple
6790,Запись к хирургу на утро,booking,new_appointment,booking_flow,variation,simple
10379,Ок,conversational,confirmation,conversation_flow,template,simple
4869,"Добрый день, нАДО ПОСОВЕТОВАТЬСЯ",conversational,unclear,clarification_flow,augmented,complex
6507,Козловой очень внимательный 👍,feedback,positive_staff,feedback_flow,augmented,simple
11280,ПЕТРОВОЙ ОТНЁССЯ НЕНВИМАТЕЛЬНО,feedback,negative_staff,escalation_flow,augmented,simple
4455,После брекеты у Лебедевой стало хуже!,feedback,negative_quality,escalation_flow,augmented,medium
10803,"Всё отлично, спасибо заранее спасибо",feedback,positive_general,feedback_flow,augmented,complex
6377,Хочу поставить виниры,anamnesis,services,anamnesis_flow,template,simple
1497,"подскажите, понятно",conversational,confirmation,conversation_flow,augmented,complex
2465,До скроого,conversational,farewell,conversation_flow,augmented,simple
3825,Как проходит удаление заранее спасибо,faq,procedure,faq_flow,augmented,simple
10541,"Жду уже месяц, никто не подходит",feedback,negative_service,escalation_flow,variation,medium
10054,"Скажите, рекомендую друзьям и родным",feedback,positive_general,feedback_flow,augmented,complex
5314,"Подскажите, нАшёл свою клинику",feedback,positive_general,feedback_flow,augmented,complex
5278,Ничего не объяснили?,feedback,negative_staff,escalation_flow,augmented,simple
4327,Нужно приходить повторно?,faq,visit_prep,faq_flow,template,simple
273,Запишите к детскому стоматологу,booking,new_appointment,booking_flow,variation,simple
11,А ЧТО БУДЕТ ЕСЛИ!,faq,followup,faq_flow,augmented,simple
5847,Волкова настоящйи профессионал,feedback,positive_staff,feedback_flow,augmented,simple
1707,Какп одготовиться к пломбирование?!,faq,visit_prep,faq_flow,augmented,simple
9770,реставрацию у Волкова прошло замечательно,feedback,positive_quality,feedback_flow,variation,simple
8716,что нельзя после лечение кариеса заранее спасибо,faq,visit_prep,faq_flow,augmented,medium
9773,у меня откололся зуб 🙏,anamnesis,complaint,anamnesis_flow,augmented,simple
8351,"Подскажите, сидорова очень внимательный",feedback,positive_staff,feedback_flow,augmented,complex
8782,Смирновой очень внимательный!!,feedback,positive_staff,feedback_flow,augmented,simple
10448,Врач Смирновой всё подробно объяснил 😢,feedback,positive_staff,feedback_flow,augmented,medium
4697,Перенесите на сегодня,booking,reschedule,booking_flow,variation,simple
2853,Хочу отменить запись 🦷,booking,cancel,booking_flow,augmented,simple
2388,шестёрка постоянно болит,anamnesis,symptom,anamnesis_flow,variation,simple
2028,"Подскажите, перенесите на послезавтра",booking,reschedule,booking_flow,augmented,complex
599,Работаете в в ближашйее время?,faq,clinic_info,faq_flow,augmented,simple
2339,не понравилось пожалуйста,feedback,negative_general,escalation_flow,augmented,simple
5961,БОЛИТ ПРИ НАДАВЛИВАНИИ пожалуйста,anamnesis,symptom,anamnesis_flow,augmented,simple
11439,Врач ничего не знает 😢,feedback,negative_staff,escalation_flow,augmented,simple
8432,Посоветуюсь?,conversational,unclear,clarification_flow,augmented,simple
1067,Сколько нельзя курить после чистку пожалуйста,faq,visit_prep,faq_flow,augmented,medium
5044,Запись к эндодонтисту на пятницу,booking,new_appointment,booking_flow,variation,simple
3528,Беспокоит боль от холодного,anamnesis,symptom,anamnesis_flow,variation,simple
9584,РАБОТАЕТЕ В ЧЕТВЕРГ,faq,clinic_info,faq_flow,augmented,simple
3427,Работаете в в ближайшее время спасибо,faq,clinic_info,faq_flow,augmented,medium
7669,Запишите на пломбирование спасибо,booking,new_appointment,booking_flow,augmented,simple
3188,Всем рекоемндую,feedback,positive_general,feedback_flow,augmented,simple
262,"Подскажите, нужно лечение кариеса пожалуйста",anamnesis,services,anamnesis_flow,augmented,complex
6315,"Здравствуйте, принимаете карту?",faq,clinic_info,faq_flow,augmented,complex
7010,алло пожалуйста,conversational,greeting,conversation_flow,augmented,simple
11257,Какие ещё варианты?,faq,followup,faq_flow,template,simple
10119,Прощайте пожалуйста?,conversational,farewell,conversation_flow,augmented,simple
6903,Всего хорошего спасибо,conversational,farewell,conversation_flow,augmented,simple
8134,Записали на удобное время,feedback,positive_service,feedback_flow,template,simple
2368,элайнеры у Иванова прошло замечательно заранее спасибо,feedback,positive_quality,feedback_flow,augmented,medium
3553,Делаете панорамный снимок спасибо,faq,clinic_info,faq_flow,augmented,simple
10738,Запись к имплантологу на в ближайшее время пожалуйста,booking,new_appointment,booking_flow,augmented,medium
5894,Запись к ортопеду на завтра спасибо,booking,new_appointment,booking_flow,augmented,medium
5352,Перенеситен а понедельник,booking,reschedule,booking_flow,augmented,simple
10308,"Скажите, ассистент была очень заботливая",feedback,positive_staff,feedback_flow,augmented,complex
1919,До скорого пожалуйста,conversational,farewell,conversation_flow,augmented,simple
6302,Можн озаписаться онлайн?,faq,clinic_info,faq_flow,augmented,simple
11795,Брекет токлеился заранее спасибо,anamnesis,complaint,anamnesis_flow,augmented,simple
15,"Здравствуйте, жду уже две недели, никто не подходит",feedback,negative_service,escalation_flow,augmented,complex
999,Я вамп ерезвоню пожалуйста,conversational,unclear,clarification_flow,augmented,simple
8427,После коронку у Петровой стало хуже,feedback,negative_quality,escalation_flow,variation,medium
10794,"Привет, ждал давно",feedback,negative_service,escalation_flow,augmented,complex
8232,Сколько длится реставрацию пожалуйста,faq,procedure,faq_flow,augmented,simple
6995,Большое псасибо,conversational,gratitude,conversation_flow,augmented,simple
10286,Большое спасибо?!,conversational,gratitude,conversation_flow,augmented,simple
1464,Как добраться заранее спасибо,faq,clinic_info,faq_flow,augmented,simple
3709,Приложение глюичт,feedback,negative_service,escalation_flow,augmented,simple
8606,Элайнер трЕснул 🙏,anamnesis,complaint,anamnesis_flow,augmented,simple
10343,есть ортодонт?!,faq,clinic_info,faq_flow,augmented,simple
8867,"Подскажите, что если не поможет?",faq,followup,faq_flow,augmented,complex
2611,Как проходит отбеливание пожалуйста?!,faq,procedure,faq_flow,augmented,simple
8624,"Подскажите, запись к гигиенисту на пятницу",booking,new_appointment,booking_flow,augmented,complex
2153,"Скажите, можно перенести на среду?",booking,reschedule,booking_flow,augmented,complex
1396,"Добрый день, принимаете наличные?",faq,clinic_info,faq_flow,augmented,complex
9207,Что нельзя после КТ 🙏,faq,visit_prep,faq_flow,augmented,simple
10009,язвочки на слизистой!,anamnesis,complaint,anamnesis_flow,augmented,simple
2009,КОЗЛОВОЙ АНСТОЯЩИЙ ПРОФЕССИОНАЛ,feedback,positive_staff,feedback_flow,augmented,simple
7125,Сломался протез,anamnesis,complaint,anamnesis_flow,template,simple
1025,Лебедевой чоень внимательный,feedback,positive_staff,feedback_flow,augmented,simple
68,До встречи 😊...,conversational,farewell,conversation_flow,augmented,simple
1852,Можно раньше?,booking,reschedule,booking_flow,template,simple
8350,Как проходит профгигиену,faq,procedure,faq_flow,augmented,simple
5248,Удобно что работаете вторник!,feedback,positive_service,feedback_flow,augmented,simple
4755,"Привет, принимаете дмс?",faq,clinic_info,faq_flow,augmented,complex
7698,Мне не перезвоНили два дня!,feedback,negative_service,escalation_flow,augmented,simple
1281,Мне не перезвоНили 👍,feedback,negative_service,escalation_flow,augmented,simple
1576,Здарсте,conversational,greeting,conversation_flow,augmented,simple
5008,Прикусил щёку!!,anamnesis,complaint,anamnesis_flow,augmented,simple
8566,До встречи 🙏,conversational,farewell,conversation_flow,augmented,simple
8722,Беспокои тотёк,anamnesis,symptom,anamnesis_flow,augmented,simple
5304,"Подскажите, подскажите, эй",conversational,greeting,conversation_flow,augmented,complex
6250,профгигиену у Волкова прошло замеачтельно пожалуйста,feedback,positive_quality,feedback_flow,augmented,medium
7712,какие ещё варианты...,faq,followup,faq_flow,augmented,simple
1882,Сколько нельзя есть после лечение кариеса?,faq,visit_prep,faq_flow,variation,medium
2494,Хочу отбелить зубы 😢,anamnesis,services,anamnesis_flow,augmented,simple
4408,Петровой отнёсся невнимательно 🙏,feedback,negative_staff,escalation_flow,augmented,simple
4614,"Здравствуйте, зуб шатается",anamnesis,complaint,anamnesis_flow,augmented,complex
2402,А что лучше 😢,faq,followup,faq_flow,augmented,simple
2804,Нужно к ортодонту пожалуйста,booking,new_appointment,booking_flow,augmented,simple
2468,Угу 🦷,conversational,confirmation,conversation_flow,augmented,simple
9131,Как проходит снимок спасибо,faq,procedure,faq_flow,augmented,simple
5526,Почём коронка,faq,price,faq_flow,augmented,simple
5576,до свидания!!,conversational,farewell,conversation_flow,augmented,simple
4150,Почём коронку?,faq,price,faq_flow,variation,simple
5870,Врач Кузнецовой всё подробно объяснил,feedback,positive_staff,feedback_flow,variation,simple
2623,"Скажите, благодарю",conversational,gratitude,conversation_flow,augmented,complex
8279,Не смогу прийти 😊,booking,cancel,booking_flow,augmented,simple
10261,Как проходит чистку,faq,procedure,faq_flow,augmented,simple
8704,Какая цена на лечение кариеса,faq,price,faq_flow,augmented,simple
1567,РАБОТАЕТЕ В ВТОРНИК 😢,faq,clinic_info,faq_flow,augmented,simple
8628,Запись к гигиенисту на вечер,booking,new_appointment,booking_flow,variation,simple
4976,Коронка шататеся,anamnesis,complaint,anamnesis_flow,augmented,simple
10132,пломбирование уИ ванова прошло замечательно,feedback,positive_quality,feedback_flow,augmented,simple
1034,очень рад что обратиляс к вам,feedback,positive_general,feedback_flow,augmented,medium
11071,сколько стоит 😊,faq,price,faq_flow,augmented,simple
11061,Работаете в на этой неделе 😊,faq,clinic_info,faq_flow,augmented,medium
3340,Можно без этого пожалуйста 👍,faq,followup,faq_flow,augmented,simple
6131,Прощайте 🙏 спасибо,conversational,farewell,conversation_flow,augmented,simple
490,Запись к имплантологу на на следующей неделе,booking,new_appointment,booking_flow,variation,medium
8583,Благодарю 😊,conversational,gratitude,conversation_flow,augmented,simple
11345,хочу оставить жалобу!,feedback,negative_general,escalation_flow,augmented,simple
3317,Запись к челюстно-лицевому хирургу на в ближайшее время...,booking,new_appointment,booking_flow,augmented,medium
51,Не сечйас,conversational,unclear,clarification_flow,augmented,simple
2531,"Привет, перенесите на в ближайшее время",booking,reschedule,booking_flow,augmented,complex
4252,"Подскажите, подскажите, добрый вечер!",conversational,greeting,conversation_flow,augmented,complex
11923,Прощайте 👍 😢,conversational,farewell,conversation_flow,augmented,simple
8325,"Добрый день, перенесите на среду",booking,reschedule,booking_flow,augmented,complex
876,Что посоветутее?,faq,followup,faq_flow,augmented,simple
10622,"Добрый день, отказ от записи?!",booking,cancel,booking_flow,augmented,complex
5068,Эй?,conversational,greeting,conversation_flow,augmented,simple
1330,"Здравствуйте, сколько стоит протезирование?",faq,price,faq_flow,augmented,complex
9388,Не сомгу прийти?!,booking,cancel,booking_flow,augmented,simple
1173,"Подскажите, разочарован",feedback,negative_general,escalation_flow,augmented,complex
11114,Спасибо большое 🦷 спасибо,conversational,gratitude,conversation_flow,augmented,simple
11595,Ага?,conversational,confirmation,conversation_flow,augmented,simple
7680,"Скажите, не смогу прийти, занят на работе",booking,cancel,booking_flow,augmented,complex
10949,Нужно изменить дату приёма,booking,reschedule,booking_flow,template,simple
3790,"Здравствуйте, хочу поставить виниры",anamnesis,services,anamnesis_flow,augmented,complex
3180,"ДОБРЫЙ ДЕНЬ, НУЖНО УДАЛЕНИЕ",anamnesis,services,anamnesis_flow,augmented,complex
8391,Новикова отнёсся невнимательно спасибо,feedback,negative_staff,escalation_flow,augmented,simple
4703,"Добрый день, врач Волкова всё подробно объяснил",feedback,positive_staff,feedback_flow,augmented,complex
935,"Скажите, почём коронка пожалуйста",faq,price,faq_flow,augmented,complex
4080,"Скажите, это прадва необходимо?",faq,followup,faq_flow,augmented,complex
4797,"Добрый день, недоволен обслуживанием в клинике",feedback,negative_general,escalation_flow,augmented,complex
8220,Недоволен обслуживанием в килнике,feedback,negative_general,escalation_flow,augmented,simple
9397,"Здравствуйте, сКОЛЬКО ДЛИТСЯ ОТБЕЛИВАНИЕ?",faq,procedure,faq_flow,augmented,complex
7750,"Здравствуйте, после протезирование у Козловой стало хуже",feedback,negative_quality,escalation_flow,augmented,complex
4160,"Привет, скажите, удобно что работаете утро",feedback,positive_service,feedback_flow,augmented,complex
2157,Здорвоо заранее спасибо,conversational,greeting,conversation_flow,augmented,simple
5409,у меня чувствительность давно 🦷,anamnesis,symptom,anamnesis_flow,augmented,simple
551,Удобно что работаете воскресенье,feedback,positive_service,feedback_flow,variation,simple
3001,Запись к ортопеду на понедельник,booking,new_appointment,booking_flow,variation,simple
4810,Рекомендую друзьям и родным,feedback,positive_general,feedback_flow,template,simple
3438,Какая цена на брекеты!!,faq,price,faq_flow,augmented,simple
4485,передний зуб болит очень,anamnesis,symptom,anamnesis_flow,variation,simple
377,протезирование у Новикова прошло замечательно,feedback,positive_quality,feedback_flow,variation,simple
5698,Результат виниры превзошёл ожидания,feedback,positive_quality,feedback_flow,variation,simple
11507,КАКАЯ ЦЕНА НА КОНСУЛЬТАЦИЮ,faq,price,faq_flow,augmented,simple
1226,"ЗДРАВСТВУЙТЕ, НУЖНО ЭЛАЙНЕРЫ",anamnesis,services,anamnesis_flow,augmented,complex
11394,Интересуют элайнеры,anamnesis,services,anamnesis_flow,template,simple
7207,сколько нельзя есть после элайнеры,faq,visit_prep,faq_flow,augmented,simple
10469,"Подскажите, угу 😊",conversational,confirmation,conversation_flow,augmented,complex
7536,"Спасибо, до свидания пожалуйста",conversational,gratitude,conversation_flow,augmented,complex
1304,"Привет, хочу оставить жалобу на Сидорова",feedback,negative_general,escalation_flow,augmented,complex
7957,Моей записи нет пожалуйста!,feedback,negative_service,escalation_flow,augmented,simple
5640,"Подскажите, сколько нельзя пить алкоголь после коронку?",faq,visit_prep,faq_flow,augmented,complex
9471,"Здравствуйте, приветствую!",conversational,greeting,conversation_flow,augmented,complex
7500,"Всё отличон, спасибо",feedback,positive_general,feedback_flow,augmented,complex
5253,Буду 😢,conversational,confirmation,conversation_flow,augmented,simple
3525,Моя любимая клиника.,feedback,positive_general,feedback_flow,augmented,simple
5350,"Добрый день, больше не приду",feedback,negative_general,escalation_flow,augmented,complex
8143,Удобно что работаете в ближайшее время?,feedback,positive_service,feedback_flow,augmented,medium
2138,"Здравствуйте, после брекеты у Козловой стало хуже",feedback,negative_quality,escalation_flow,augmented,complex
9842,реставрацию у Смирновой прошло замечательно,feedback,positive_quality,feedback_flow,variation,simple
10756,Сколько нельзя есть опсле снимок пожалуйста,faq,visit_prep,faq_flow,augmented,medium
10782,Хочу оставить жалобу на Морозовой!,feedback,negative_general,escalation_flow,augmented,simple
11963,Запись к терапевту на вторник,booking,new_appointment,booking_flow,variation,simple
4073,МОЖНО БЕЗ ЭТОГО,faq,followup,faq_flow,augmented,simple
3550,Планирую коронку,anamnesis,services,anamnesis_flow,variation,simple
9558,Нужно виниры?!,anamnesis,services,anamnesis_flow,augmented,simple
3333,Администратор была очень вежливая спасибо,feedback,positive_service,feedback_flow,augmented,simple
7561,"Добрый день,с пасибо",conversational,gratitude,conversation_flow,augmented,complex
11778,нижняя десна болит очень пожалуйста пожалуйста,anamnesis,symptom,anamnesis_flow,augmented,medium
4182,лечение кариеса у Смирновой прошло замечательно,feedback,positive_quality,feedback_flow,variation,medium
9462,реставрацию у Морозовой прошло замечательно,feedback,positive_quality,feedback_flow,variation,simple
7134,Врач Морозовой всё подробно объяснил заранее спасибо,feedback,positive_staff,feedback_flow,augmented,medium
3852,Боль прошла сразу после лечения,feedback,positive_quality,feedback_flow,template,simple
1174,"Привет, иНТЕРЕСУЕТ ОТБЕЛИВАНИЕ ЗУБОВ",anamnesis,services,anamnesis_flow,augmented,complex
9594,Я ва мперезвоню,conversational,unclear,clarification_flow,augmented,simple
2504,Отмеинте запись,booking,cancel,booking_flow,augmented,simple
11588,"Подскажите, жду уже две недели, никто не подходит",feedback,negative_service,escalation_flow,augmented,complex
9974,Зуб реагирует на холодное пожалуйста,anamnesis,symptom,anamnesis_flow,augmented,simple
7109,Почём снимок,faq,price,faq_flow,augmented,simple
6570,Быстро записали на сегодня.,feedback,positive_service,feedback_flow,augmented,simple
1762,Можно перенести на усбботу?,booking,reschedule,booking_flow,augmented,simple
5986,"Отменитез апись, заболел",booking,cancel,booking_flow,augmented,complex
7975,Перенесите на в ближайшее время,booking,reschedule,booking_flow,variation,simple
10514,Откололся зуб 😊,anamnesis,complaint,anamnesis_flow,augmented,simple
795,консультацию сколько стоит 🦷,faq,price,faq_flow,augmented,simple
10646,Хочу лечение кариеса,anamnesis,services,anamnesis_flow,variation,simple
682,Хочу к детскому стоматологу,booking,new_appointment,booking_flow,template,simple
543,будет больно.,faq,procedure,faq_flow,augmented,simple
7383,Случилось откололся зуб?,anamnesis,complaint,anamnesis_flow,augmented,simple
2822,Случилось впыала пломба,anamnesis,complaint,anamnesis_flow,augmented,simple
2893,Перенесите на понедельник заранее спасибо,booking,reschedule,booking_flow,augmented,simple
9197,МОЖНО ПЕРЕНЕСТИ НА СЕГОДНЯ.,booking,reschedule,booking_flow,augmented,simple
3953,Работаете в утро 👍,faq,clinic_info,faq_flow,augmented,simple
5536,Всего хорошего заранее спасибо,conversational,farewell,conversation_flow,augmented,simple
801,"Привет, пломба выпала",anamnesis,complaint,anamnesis_flow,augmented,complex
11611,Всем рекомендую...,feedback,positive_general,feedback_flow,augmented,simple
2841,"шатается зуб, что делать 🦷",anamnesis,complaint,anamnesis_flow,augmented,complex
1558,"Подскажите, скажите, сколько длится консультацию?",faq,procedure,faq_flow,augmented,complex
5322,Ждал две недели...,feedback,negative_service,escalation_flow,augmented,simple
11777,Добрый евчер спасибо,conversational,greeting,conversation_flow,augmented,simple
5544,лечение кариеса сколько стоит?,faq,price,faq_flow,variation,simple
10786,"Скажите, записал",conversational,confirmation,conversation_flow,augmented,complex
6692,верхний зуб очень болит,anamnesis,symptom,anamnesis_flow,variation,simple
5054,Ладно 😊,conversational,confirmation,conversation_flow,augmented,simple
2528,Отказ от запиис 😊,booking,cancel,booking_flow,augmented,simple
928,приду к вам ещё?!,feedback,positive_general,feedback_flow,augmented,simple
11842,Здрасте?,conversational,greeting,conversation_flow,augmented,simple
6439,После корокну у Волкова стало хуже,feedback,negative_quality,escalation_flow,augmented,medium
1668,БыстрЫй сервис 👍,feedback,positive_service,feedback_flow,augmented,simple
5474,Недоволен обслуживанием.,feedback,negative_general,escalation_flow,augmented,simple
7851,Как проходит коронку.,faq,procedure,faq_flow,augmented,simple
11587,"Подскажите, а что лучше?",faq,followup,faq_flow,augmented,complex
917,"Не смогу прийти, заболел 👍",booking,cancel,booking_flow,augmented,complex
6525,как долго прослужит пожалуйста,faq,procedure,faq_flow,augmented,simple
1325,"Привет, хочу пожаловаться заранее спасибо",feedback,negative_general,escalation_flow,augmented,complex
11313,нужно кт?,anamnesis,services,anamnesis_flow,augmented,simple
2603,"Скажите, всего доброго заранее спасибо",conversational,farewell,conversation_flow,augmented,complex
10833,Сколько нельзя ипть после виниры?,faq,visit_prep,faq_flow,augmented,simple
5802,Как добраться пожалуйста,faq,clinic_info,faq_flow,augmented,simple
3061,После элайнеры у Петровой стало хуже,feedback,negative_quality,escalation_flow,variation,medium
9478,Врач Иванова не объяснил!,feedback,negative_staff,escalation_flow,augmented,simple
7570,Сколько длится отбеливание 🙏,faq,procedure,faq_flow,augmented,simple
11564,Болит зуб мдурости уже давно,anamnesis,symptom,anamnesis_flow,augmented,simple
311,Врач был невнимателен спасибо,feedback,negative_staff,escalation_flow,augmented,simple
9402,коронка шатается 👍,anamnesis,complaint,anamnesis_flow,augmented,simple
5658,Непрофессиональное отношение пожалуйста,feedback,negative_staff,escalation_flow,augmented,simple
5188,У меня отёк неделю,anamnesis,symptom,anamnesis_flow,variation,simple
2126,Золотые руки у доктора спасибо,feedback,positive_staff,feedback_flow,augmented,simple
7691,"Жду уже три дня, никто не подходит заранее спасибо",feedback,negative_service,escalation_flow,augmented,complex
8910,Доктор настоящий профессионал спасибо,feedback,positive_staff,feedback_flow,augmented,simple
8480,Сразу ответили на звонок,feedback,positive_service,feedback_flow,template,simple
5829,Врач Иванова всё подробно объяснил 🦷,feedback,positive_staff,feedback_flow,augmented,medium
10106,Гноится десна,anamnesis,symptom,anamnesis_flow,template,simple
11918,"Привет, моей записи нет",feedback,negative_service,escalation_flow,augmented,complex
3496,"Привет, прощйате",conversational,farewell,conversation_flow,augmented,complex
4026,"Добрый день, запись к ортопеду на вечер",booking,new_appointment,booking_flow,augmented,complex
11337,Удобно что работаете сегодня!!,feedback,positive_service,feedback_flow,augmented,simple
3830,Как подготовиться к удаление?,faq,visit_prep,faq_flow,variation,simple
4973,"Скажите, после лечение каналов у Иванова стало хуже спасибо",feedback,negative_quality,escalation_flow,augmented,complex
5557,Можно перенести на в ближайшее время,booking,reschedule,booking_flow,augmented,medium
986,Естьк редит на лечение?,faq,price,faq_flow,augmented,simple
9936,"Привет, иванова отнёсся невнимательно",feedback,negative_staff,escalation_flow,augmented,complex
3005,Планирую виниры.,anamnesis,services,anamnesis_flow,augmented,simple
6234,Лучшие стоматологи 👍,feedback,positive_general,feedback_flow,augmented,simple
679,Нужно осмотр 👍,anamnesis,services,anamnesis_flow,augmented,simple
11309,"Добрый день, сколько нельзя курить после лечение кариеса?",faq,visit_prep,faq_flow,augmented,complex
10865,сколько длится пломбирование спасибо,faq,procedure,faq_flow,augmented,simple
5511,Подумаю 🙏.,conversational,unclear,clarification_flow,augmented,simple
692,Кончено,conversational,confirmation,conversation_flow,augmented,simple
8135,Перезапишите на утро...,booking,reschedule,booking_flow,augmented,simple
2258,Запись к ортодонту на субботу,booking,new_appointment,booking_flow,variation,simple
7226,"Жду уже давно, никто не похдодит 🙏",feedback,negative_service,escalation_flow,augmented,complex
3889,"Здравствуйте, зАБОЛЕЛ, НЕ ПРИДУ",booking,cancel,booking_flow,augmented,complex
4271,Какие еёщ варианты?,faq,followup,faq_flow,augmented,simple
2833,После отбеливание у Кузнецовой стало хуже,feedback,negative_quality,escalation_flow,variation,medium
6023,ВРАЧ СИДОРОВА НЕ ОБЪЯСНИЛ ЗАРАНЕЕ СПАСИБО,feedback,negative_staff,escalation_flow,augmented,medium
9381,Не сейчас!,conversational,unclear,clarification_flow,augmented,simple
3016,"Скажите, спасибо, до свидания 😊",conversational,gratitude,conversation_flow,augmented,complex
7136,"Привет, дОВОЛЬНА НА ВСЕ 100%",feedback,positive_general,feedback_flow,augmented,complex
11933,"Спасибо,д о сивдания",conversational,gratitude,conversation_flow,augmented,complex
9087,"Добрый день, а вдруг не получится?",faq,followup,faq_flow,augmented,complex
4417,А ЧТО БУДЕТ ЕСЛИ 😊,faq,followup,faq_flow,augmented,simple
7771,Болит семёрка жуе месяц,anamnesis,symptom,anamnesis_flow,augmented,simple
956,Какую щётку использовать?,faq,visit_prep,faq_flow,template,simple
8094,Зуб треснул пожалуйста,anamnesis,complaint,anamnesis_flow,augmented,simple
952,До свидания 🦷.,conversational,farewell,conversation_flow,augmented,simple
6201,Нашёл свою клинику заранее спасибо пожалуйста,feedback,positive_general,feedback_flow,augmented,medium
5264,Сколько нельзя курить после отбеливание?,faq,visit_prep,faq_flow,variation,simple
3379,"Подскажите, можно перенести на в ближайшее время?",booking,reschedule,booking_flow,augmented,complex
2608,Сколько нельзя пить алкоголь после виниры 😢,faq,visit_prep,faq_flow,augmented,medium
6383,Удобно что работаете уТро 🙏,feedback,positive_service,feedback_flow,augmented,simple
10818,удаление у Иванова прошло замечательно пожалуйста 👍,feedback,positive_quality,feedback_flow,augmented,medium
6583,"Добрый день, записал",conversational,confirmation,conversation_flow,augmented,complex
1320,Свободно ли завтра 😢,booking,new_appointment,booking_flow,augmented,simple
8791,Интересует осмотр 😢,anamnesis,services,anamnesis_flow,augmented,simple
10014,Поак не решил?!,conversational,unclear,clarification_flow,augmented,simple
3718,"Здравствуйте, сколько нельзя есть после имплантацию?",faq,visit_prep,faq_flow,augmented,complex
8465,Почём протезирование,faq,price,faq_flow,augmented,simple
10537,протезирование у Лебедевой прошло замечательно?!,feedback,positive_quality,feedback_flow,augmented,simple
9746,зуб реагирует на сладкое спасибо,anamnesis,symptom,anamnesis_flow,augmented,simple
1982,Невежливое обслуживание 😢,feedback,negative_staff,escalation_flow,augmented,simple
9666,"Привет, врач опоздал",feedback,negative_service,escalation_flow,augmented,complex
3073,Запсиь к гигиенисту на вечер,booking,new_appointment,booking_flow,augmented,simple
6726,Хочу к терапевту,booking,new_appointment,booking_flow,variation,simple
10018,ХоРошеог дня,conversational,farewell,conversation_flow,augmented,simple
7663,Склоько нельзя курить после КТ?,faq,visit_prep,faq_flow,augmented,simple
9555,Невежливоео бслуживание 😊,feedback,negative_staff,escalation_flow,augmented,simple
4646,КЛИНИКА ЗАСЛУЖИВАЕТ 5 ЗВЁЗД...,feedback,positive_general,feedback_flow,augmented,simple
7203,После брекеты у Волкова стало хуже,feedback,negative_quality,escalation_flow,variation,medium
11717,Интересует консультацию 🙏,anamnesis,services,anamnesis_flow,augmented,simple
4508,"Добрый день, лечение кариеас у Иванова прошло замечательно",feedback,positive_quality,feedback_flow,augmented,complex
7210,Не смгоу прийти!,booking,cancel,booking_flow,augmented,simple
11193,"Не смогу прийти, занят на работе спасибо",booking,cancel,booking_flow,augmented,complex
6184,"Скажите, не смогу прийти, заболел пожалуйста",booking,cancel,booking_flow,augmented,complex
10020,Отклоолся кусочек зуба,anamnesis,complaint,anamnesis_flow,augmented,simple
5217,Отзывчвиый администратор,feedback,positive_service,feedback_flow,augmented,simple
5072,А что лучше,faq,followup,faq_flow,augmented,simple
5356,Как часто нужна чистка!,faq,visit_prep,faq_flow,augmented,simple
3610,Точно нужно заранее спасибо,faq,followup,faq_flow,augmented,simple
5517,"Спасибо, всё поянтно",conversational,gratitude,conversation_flow,augmented,complex
8138,Да?!,conversational,confirmation,conversation_flow,augmented,simple
7217,Хочу поговорить с руководством...,feedback,negative_general,escalation_flow,augmented,simple
8840,"Здравствуйте, приветствую",conversational,greeting,conversation_flow,augmented,complex
11627,Надо подумать?,conversational,unclear,clarification_flow,augmented,simple
5438,"Скажите, планирую коронку",anamnesis,services,anamnesis_flow,augmented,complex
3521,Сколько стоит лечение?!,faq,price,faq_flow,augmented,simple
9218,"Добрый день, нагрубили спасибо",feedback,negative_staff,escalation_flow,augmented,complex
10859,Быстро записали на в ближайшее время заранее спасибо,feedback,positive_service,feedback_flow,augmented,medium
2370,Как к вам проехать,faq,clinic_info,faq_flow,augmented,simple
7818,Хочу невидимые каппы.,anamnesis,services,anamnesis_flow,augmented,simple
4473,После виниры у Волквоа стало хуже спасибо,feedback,negative_quality,escalation_flow,augmented,medium
7826,Врач настоящий профи спасибо 🙏,feedback,positive_staff,feedback_flow,augmented,simple
2427,Отличная организация работы,feedback,positive_service,feedback_flow,template,simple
4133,Удобный онлайн-сервис,feedback,positive_service,feedback_flow,template,simple
4161,"не смогу прийти, заболел заранее спасибо",booking,cancel,booking_flow,augmented,complex
9624,Перезапишите на 10:00 👍,booking,reschedule,booking_flow,augmented,simple
10987,"Изменились плнаы, нужно перенести заранее спасибо",booking,reschedule,booking_flow,augmented,complex
7614,Приду?,conversational,confirmation,conversation_flow,augmented,simple
6263,"Подскажите, сидорова был груб",feedback,negative_staff,escalation_flow,augmented,complex
11889,"Привет, удачи",conversational,farewell,conversation_flow,augmented,complex
6651,После КТ у Смирновой стало хуже,feedback,negative_quality,escalation_flow,variation,medium
5457,можно срочно записаться 🙏,booking,new_appointment,booking_flow,augmented,simple
4774,"Здравствуйте, крайне недоволен",feedback,negative_general,escalation_flow,augmented,complex
10755,есть детсикй кабинет?,faq,clinic_info,faq_flow,augmented,simple
8598,"Подскажите, до скорого 😢",conversational,farewell,conversation_flow,augmented,complex
8781,Возможно заранее спасибо,conversational,unclear,clarification_flow,augmented,simple
10414,Пока не решил.,conversational,unclear,clarification_flow,augmented,simple
11864,Клиника просто супер!,feedback,positive_general,feedback_flow,augmented,simple
10462,У меня боль от холодного три дня,anamnesis,symptom,anamnesis_flow,variation,medium
6254,"Здравствуйте, удачи...",conversational,farewell,conversation_flow,augmented,complex
5471,удаление у Смирновой прошло замечательно?!,feedback,positive_quality,feedback_flow,augmented,simple
5568,Не приду!,booking,cancel,booking_flow,augmented,simple
10524,"Да, окнечно",conversational,confirmation,conversation_flow,augmented,complex
2070,Смирновой очень внимательный,feedback,positive_staff,feedback_flow,variation,simple
151,До встречи!!,conversational,farewell,conversation_flow,augmented,simple
2767,ЯСНО заранее спасибо,conversational,confirmation,conversation_flow,augmented,simple
5256,Работаете в выходные?,faq,clinic_info,faq_flow,template,simple
5289,Случилось слетела коронка 😢,anamnesis,complaint,anamnesis_flow,augmented,simple
1937,"Подскажите, здравствуйте",conversational,greeting,conversation_flow,augmented,complex
7234,Спасибо обльшое 👍,conversational,gratitude,conversation_flow,augmented,simple
9272,"Не смогу прийти, форс-мажор заранее спасибо",booking,cancel,booking_flow,augmented,complex
6509,Благодарю за работу заранее спасибо,feedback,positive_general,feedback_flow,augmented,simple
3837,"Добрый день,е сть WhatsApp?",faq,clinic_info,faq_flow,augmented,complex
11073,"Привет, есть времян а завтра?",booking,new_appointment,booking_flow,augmented,complex
786,Отзывчивыйа дминистратор,feedback,positive_service,feedback_flow,augmented,simple
3997,Есть микроскоп!,faq,clinic_info,faq_flow,augmented,simple
4902,Можно перенести на пятницу пожалуйста,booking,reschedule,booking_flow,augmented,simple
5730,коронку у Волкова прошло замечательно 😊,feedback,positive_quality,feedback_flow,augmented,medium
2579,Добро еутро 😊,conversational,greeting,conversation_flow,augmented,simple
6423,"Привет, врач опоздал на полчаса",feedback,negative_service,escalation_flow,augmented,complex
11177,СКОЛЬКО НЕЛЬЗЯ ЕСТЬ ПОСЛЕ ЭЛАЙНЕРЫ!,faq,visit_prep,faq_flow,augmented,simple
2464,Петровой настоящий профессионал 😢,feedback,positive_staff,feedback_flow,augmented,simple
7103,Брекет отклеился 🦷,anamnesis,complaint,anamnesis_flow,augmented,simple
388,Ждал месяц,feedback,negative_service,escalation_flow,variation,simple
11217,Как добраться!!,faq,clinic_info,faq_flow,augmented,simple
11560,Язвочки на лсизистой,anamnesis,complaint,anamnesis_flow,augmented,simple
1030,Возможно пожалуйста,conversational,unclear,clarification_flow,augmented,simple
4222,Перезвоню.,conversational,unclear,clarification_flow,augmented,simple
4560,Сколько нельзя курить после виниры?,faq,visit_prep,faq_flow,variation,simple
6654,Раобтаете в вечер?,faq,clinic_info,faq_flow,augmented,simple
3369,Пеернесите на утро 👍,booking,reschedule,booking_flow,augmented,simple
5227,Врач был груб 👍,feedback,negative_staff,escalation_flow,augmented,simple
10327,Не приду заранее спасибо,booking,cancel,booking_flow,augmented,simple
9276,"Добрый день, поясните, пожалуйста",faq,followup,faq_flow,augmented,complex
10323,"Жду уже давно, никто не подходит 😊",feedback,negative_service,escalation_flow,augmented,complex
10357,БУДЕТ БОЛЬНО,faq,procedure,faq_flow,augmented,simple
5541,Какая цена на протезирование пожалуйста,faq,price,faq_flow,augmented,simple
5121,Как делают?,faq,procedure,faq_flow,template,simple
7870,во скольк ооткрываетесь?,faq,clinic_info,faq_flow,augmented,simple
8286,во сколько открываетесь 🦷,faq,clinic_info,faq_flow,augmented,simple
256,Здорово заранее спасибо,conversational,greeting,conversation_flow,augmented,simple
11910,Новикова очень внимательный,feedback,positive_staff,feedback_flow,variation,simple
11625,Интересует коронка 🙏,anamnesis,services,anamnesis_flow,augmented,simple
1557,"Не смогу прийти, форс-мажор пожалуйста",booking,cancel,booking_flow,augmented,complex
357,"Добрый день, брекеты у Сидорова прошло замечательно",feedback,positive_quality,feedback_flow,augmented,complex
10681,"Привет, прощайте",conversational,farewell,conversation_flow,augmented,complex
3911,Договориилсь,conversational,confirmation,conversation_flow,augmented,simple
1860,Здравствуйте 👍,conversational,greeting,conversation_flow,augmented,simple
5905,"Привет, работаете в сегодня?",faq,clinic_info,faq_flow,augmented,complex
4414,Работаете в послезавтра?,faq,clinic_info,faq_flow,variation,simple
1418,Перенесите нас реду,booking,reschedule,booking_flow,augmented,simple
332,согласен?!,conversational,confirmation,conversation_flow,augmented,simple
1232,"Добрый день, не уверен",conversational,unclear,clarification_flow,augmented,complex
10874,"Подскажите, виниры у Новикова прошло замечательно?",feedback,positive_quality,feedback_flow,augmented,complex
7107,удаление это больно 😊,faq,procedure,faq_flow,augmented,simple
9995,Спасибо пожалуйста 🙏,conversational,gratitude,conversation_flow,augmented,simple
1256,как проходит лечение кариеса 😢,faq,procedure,faq_flow,augmented,simple
11930,Спс 🙏,conversational,gratitude,conversation_flow,augmented,simple
6460,"Привет, окей.",conversational,confirmation,conversation_flow,augmented,complex
1111,консультацию это больно пожалуйста,faq,procedure,faq_flow,augmented,simple
5155,Как подготовиться к элайнеры!!,faq,visit_prep,faq_flow,augmented,simple
8597,Эй пожалуйста,conversational,greeting,conversation_flow,augmented,simple
627,ладно?,conversational,confirmation,conversation_flow,augmented,simple
11687,Сколько нельзя есть после лечение каналов пожалуйста,faq,visit_prep,faq_flow,augmented,medium
2323,Быстро записали на на следующей неделе?,feedback,positive_service,feedback_flow,augmented,medium
10548,Перезапишите на 10:00 🦷,booking,reschedule,booking_flow,augmented,simple
54,"Добрый день, записаться невозможно 😊",feedback,negative_service,escalation_flow,augmented,complex
2663,десна сильно болит спасибо,anamnesis,symptom,anamnesis_flow,augmented,simple
5772,Есть рентген спасибо,faq,clinic_info,faq_flow,augmented,simple
7562,лечение каналов у Новикова прошло замечательно,feedback,positive_quality,feedback_flow,variation,medium
5967,Когда контрольный визит?,faq,visit_prep,faq_flow,template,simple
8228,Персонал вежливый и приятный!!,feedback,positive_staff,feedback_flow,augmented,simple
6309,"Да, хорошо",conversational,confirmation,conversation_flow,template,simple
7675,Сколько времени занимает пожалуйста,faq,procedure,faq_flow,augmented,simple
11136,брекеты у Кузнецовой прошло замечательно,feedback,positive_quality,feedback_flow,variation,simple
4914,Прид ук вам ещё,feedback,positive_general,feedback_flow,augmented,simple
7501,"Привет, прощайте!",conversational,farewell,conversation_flow,augmented,complex
6385,"уточните, пожалуйста!",faq,followup,faq_flow,augmented,complex
2872,"ПОДСКАЖИТЕ, СКОЛЬКО ДЛИТСЯ ВИНИРЫ?",faq,procedure,faq_flow,augmented,complex
7619,Хочу оставиьт жалобу на Иванова,feedback,negative_general,escalation_flow,augmented,simple
6077,снимите емня с записи,booking,cancel,booking_flow,augmented,simple
7047,Посоветуюсь пожалуйста заранее спасибо,conversational,unclear,clarification_flow,augmented,simple
4905,удаление у Волкова прошло замечательно,feedback,positive_quality,feedback_flow,variation,simple
4876,"Привет, ага.",conversational,confirmation,conversation_flow,augmented,complex
7613,"Жду уже неделю, никто не подходит!!",feedback,negative_service,escalation_flow,augmented,complex
9045,КОЗЛОВОЙ НАСТОЯЩИЙ ПРОФЕССИОНАЛ 🦷,feedback,positive_staff,feedback_flow,augmented,simple
3367,"Подскажите, лучшая стоматология в городе",feedback,positive_general,feedback_flow,augmented,complex
6086,"Отмените запись, форс-мажор 🙏",booking,cancel,booking_flow,augmented,complex
2393,Что нельзя после элайнеры заранее спасибо,faq,visit_prep,faq_flow,augmented,medium
11534,Сколько нельзя курить после КТ?,faq,visit_prep,faq_flow,variation,simple
9950,"Здравствуйте, скажите, рекомендую друзьям и родным",feedback,positive_general,feedback_flow,augmented,complex
8136,В Чём разница 🙏,faq,procedure,faq_flow,augmented,simple
4728,Врач Кузнецовой всё подробно объяснил заранее спасибо,feedback,positive_staff,feedback_flow,augmented,medium
8200,Превосходный сервис?,feedback,positive_general,feedback_flow,augmented,simple
874,Мне не перезвонили день 🦷,feedback,negative_service,escalation_flow,augmented,simple
3505,Все объяснили понятно 🙏,feedback,positive_staff,feedback_flow,augmented,simple
11967,"скажите, можно перенести на утро?",booking,reschedule,booking_flow,augmented,complex
10430,Здравствуйте заранее спасибо спасибо,conversational,greeting,conversation_flow,augmented,simple
8550,"Здравствуйте,с пс",conversational,gratitude,conversation_flow,augmented,complex
4754,"Привет, хочу выровнять зубы?!",anamnesis,services,anamnesis_flow,augmented,complex
116,Почём брекеты,faq,price,faq_flow,augmented,simple
3062,Понял 😊,conversational,confirmation,conversation_flow,augmented,simple
3190,У меня запах изо рта с утра,anamnesis,symptom,anamnesis_flow,variation,medium
4899,Есть акици?,faq,price,faq_flow,augmented,simple
5003,стоимость коронки 🙏,faq,price,faq_flow,augmented,simple
3410,Хочу поставить виниры 🙏,anamnesis,services,anamnesis_flow,augmented,simple
2386,Ретейнер отклеился 😊,anamnesis,complaint,anamnesis_flow,augmented,simple
10670,угу 🙏,conversational,confirmation,conversation_flow,augmented,simple
3971,"Скажите, есть ли скидки?",faq,price,faq_flow,augmented,complex
9331,Удобно что работаете ан этой неделе,feedback,positive_service,feedback_flow,augmented,medium
4371,"добрый день, отзывчивый администратор",feedback,positive_service,feedback_flow,augmented,complex
9273,"Скажите, доброе утро 🦷",conversational,greeting,conversation_flow,augmented,complex
10996,Приветстувю,conversational,greeting,conversation_flow,augmented,simple
9640,Можно перенести на пятницу 😢,booking,reschedule,booking_flow,augmented,simple
1227,брекеты у Иванова прошло замечательно,feedback,positive_quality,feedback_flow,variation,simple
8889,Удачи 😊...,conversational,farewell,conversation_flow,augmented,simple
3002,Перезапишите на другое время 👍 🦷,booking,reschedule,booking_flow,augmented,medium
1324,"Подскажите, здорово 🦷",conversational,greeting,conversation_flow,augmented,complex
4200,КТ у Кузнецовой прошло замечательно,feedback,positive_quality,feedback_flow,variation,simple
7316,Кузнецовой отнёссян евнимательно,feedback,negative_staff,escalation_flow,augmented,simple
7357,удаление у Сидорова прошло замечательно,feedback,positive_quality,feedback_flow,variation,simple
5259,"Подскажите, после лечения у Смирновой боль осталась",feedback,negative_quality,escalation_flow,augmented,complex
8755,Администратор очень помог спасибо?,feedback,positive_service,feedback_flow,augmented,simple
7769,Врач Новикован е объяснил,feedback,negative_staff,escalation_flow,augmented,simple
199,профгигиену у Морозовой прошло замечательно спасибо,feedback,positive_quality,feedback_flow,augmented,medium
8714,Понял 👍 заранее спасибо,conversational,confirmation,conversation_flow,augmented,simple
4928,Некмопетентный врач,feedback,negative_staff,escalation_flow,augmented,simple
5833,"Здравствуйте, морозовой был груб",feedback,negative_staff,escalation_flow,augmented,complex
6313,"ЖДУ УЖЕ НЕДЕЛЮ, НИКТО ЕН ПОДХОДИТ",feedback,negative_service,escalation_flow,augmented,complex
4125,Быстро записали на в ближайшее время!,feedback,positive_service,feedback_flow,augmented,medium
8828,Почём чистку?!,faq,price,faq_flow,augmented,simple
4502,У меня боль при жевании два дня,anamnesis,symptom,anamnesis_flow,variation,medium
2692,"Здравствуйте, удаление у Волкова прошло замечательно!",feedback,positive_quality,feedback_flow,augmented,complex
6021,"Да, конечно спасибо",conversational,confirmation,conversation_flow,augmented,complex
6414,После лечения у Новиоква боль осталась,feedback,negative_quality,escalation_flow,augmented,medium
4191,Скольок длится виниры?,faq,procedure,faq_flow,augmented,simple
7152,Какие ещ ёварианты?,faq,followup,faq_flow,augmented,simple
571,"Добрый день, как добраться!!",faq,clinic_info,faq_flow,augmented,complex
11976,Можно позже заранее спасибо,booking,reschedule,booking_flow,augmented,simple
1046,"Подскажите, морозовой отнёсся невнимательно",feedback,negative_staff,escalation_flow,augmented,complex
2152,Ясно пожалуйста,conversational,confirmation,conversation_flow,augmented,simple
6084,Как  квам проехать?,faq,clinic_info,faq_flow,augmented,simple
7605,ВРАЧ ОТ БОГА спасибо,feedback,positive_staff,feedback_flow,augmented,simple
3223,Пока не решил заранее спасибо 👍,conversational,unclear,clarification_flow,augmented,medium
4430,угу?!,conversational,confirmation,conversation_flow,augmented,simple
7449,Очень разочарвоан,feedback,negative_general,escalation_flow,augmented,simple
69,Хочу на профосмотр,booking,new_appointment,booking_flow,template,simple
410,"Подскажите, перезапишите на 10:00",booking,reschedule,booking_flow,augmented,complex
6139,"Жду уже неделю, никто не подходит!",feedback,negative_service,escalation_flow,augmented,complex
4650,Прощайте спасибо!,conversational,farewell,conversation_flow,augmented,simple
3133,виинры у Лебедевой прошло замечАтельно,feedback,positive_quality,feedback_flow,augmented,simple
11731,"Здравствуйте, перезвоню",conversational,unclear,clarification_flow,augmented,complex
6504,"Привет, клиника просто супер пожалуйста",feedback,positive_general,feedback_flow,augmented,complex
5579,"Подскажите, большое спасибо заранее спасибо",conversational,gratitude,conversation_flow,augmented,complex
1848,рестварацию сколько стоит?,faq,price,faq_flow,augmented,simple
4033,"Скажите, мне не переЗвонили день",feedback,negative_service,escalation_flow,augmented,complex
3818,"Подскажите, ждал с утра",feedback,negative_service,escalation_flow,augmented,complex
7239,Сколько стоит элайнеры заранее спасибо,faq,price,faq_flow,augmented,simple
11404,Случилось выпал апломба 😢,anamnesis,complaint,anamnesis_flow,augmented,simple
6700,"Подскажите, ждал три дня",feedback,negative_service,escalation_flow,augmented,complex
2299,"здравствуйте, позже",conversational,unclear,clarification_flow,augmented,complex
7231,Доктор настоящий профессионал заранее спасибо,feedback,positive_staff,feedback_flow,augmented,simple
3664,Доброе утро заранее спасибо пожалуйста,conversational,greeting,conversation_flow,augmented,simple
4035,Делаете панорамный снимок,faq,clinic_info,faq_flow,augmented,simple
7716,Работаете в субботу?!,faq,clinic_info,faq_flow,augmented,simple
8211,окей 🦷,conversational,confirmation,conversation_flow,augmented,simple
8439,"Скажите, спасибо, всё понятно?!",conversational,gratitude,conversation_flow,augmented,complex
9428,Спасибо за отличную работу?!,feedback,positive_general,feedback_flow,augmented,simple
5535,Нужно переделать?!,feedback,negative_quality,escalation_flow,augmented,simple
7111,Винир отклеился!!,anamnesis,complaint,anamnesis_flow,augmented,simple
2878,Врач Кузнецовой не объяснил!,feedback,negative_staff,escalation_flow,augmented,simple
10843,ДОГОВОРИЛИСЬ!,conversational,confirmation,conversation_flow,augmented,simple
5293,"Привет, клиника просто супер",feedback,positive_general,feedback_flow,augmented,complex
9591,Перенесите на в ближайшее время пожалуйста,booking,reschedule,booking_flow,augmented,medium
2573,Не уделили внимания...,feedback,negative_staff,escalation_flow,augmented,simple
3780,Цена консультации,faq,price,faq_flow,augmented,simple
9268,Запись к гигиенисту на на этой неделе?,booking,new_appointment,booking_flow,augmented,medium
2423,профгигиену это больно пожалуйста,faq,procedure,faq_flow,augmented,simple
1077,Запись к гигиенисту на послезавтра,booking,new_appointment,booking_flow,variation,simple
3677,Записали без пробелм,feedback,positive_service,feedback_flow,augmented,simple
7527,Планирую лечение каналов пожалуйста,anamnesis,services,anamnesis_flow,augmented,simple
3108,Хочу почистить зубы,anamnesis,services,anamnesis_flow,template,simple
10700,"Здравствуйте, внимательное отношение к пациентам",feedback,positive_staff,feedback_flow,augmented,complex
1096,"Скажите, отмените запись, уезжаю",booking,cancel,booking_flow,augmented,complex
10084,Удачи?,conversational,farewell,conversation_flow,augmented,simple
3199,Прощайте 👍!,conversational,farewell,conversation_flow,augmented,simple
4757,А можно по-другому спасибо,faq,followup,faq_flow,augmented,simple
5039,Очень рад что обратился к вам?!,feedback,positive_general,feedback_flow,augmented,medium
6488,Можно позже...,booking,reschedule,booking_flow,augmented,simple
3902,Добрый вечер 😢!!,conversational,greeting,conversation_flow,augmented,simple
3045,Возмонжо,conversational,unclear,clarification_flow,augmented,simple
6679,У меня остраЯ боль месяц?,anamnesis,symptom,anamnesis_flow,augmented,simple
10405,появилась ыдрка в зубе,anamnesis,complaint,anamnesis_flow,augmented,simple
8207,Работаете в на этой неделе спасибо,faq,clinic_info,faq_flow,augmented,medium
5452,"Здравствуйте, есть имплантолог?",faq,clinic_info,faq_flow,augmented,complex
10965,ПЕРСОНАЛ ХАМИТ 🦷,feedback,negative_staff,escalation_flow,augmented,simple
4146,Как часто нужна чистка?,faq,visit_prep,faq_flow,template,simple
10686,верхний зуб ночью болит,anamnesis,symptom,anamnesis_flow,variation,simple
4889,Откололся зуб 🙏,anamnesis,complaint,anamnesis_flow,augmented,simple
9127,Большое спасибо пожалуйста!!,conversational,gratitude,conversation_flow,augmented,simple
10570,Здрасте пожалуйста заранее спасибо,conversational,greeting,conversation_flow,augmented,simple
3214,ОЧЕРЕДЬ ОГРОМНАЯ 🙏,feedback,negative_service,escalation_flow,augmented,simple
9336,Спасибо за заботу!,feedback,positive_general,feedback_flow,augmented,simple
5263,"Добрый день, после реставрацию у Кузнецовой стало хуже",feedback,negative_quality,escalation_flow,augmented,complex
939,Врач Смирновой всё подробно объяснил заранее спасибо,feedback,positive_staff,feedback_flow,augmented,medium
7334,Зуб изменил цвет...,anamnesis,complaint,anamnesis_flow,augmented,simple
5708,"откололся зуб, что делать 🦷",anamnesis,complaint,anamnesis_flow,augmented,complex
855,надо посоветоваться 😢,conversational,unclear,clarification_flow,augmented,simple
10311,Понял 🦷,conversational,confirmation,conversation_flow,augmented,simple
769,Быстро записали на завтра 🦷,feedback,positive_service,feedback_flow,augmented,simple
7765,"Добрый день, пломба выпала через неделю",feedback,negative_quality,escalation_flow,augmented,complex
8919,Работаетев  на этой неделе?,faq,clinic_info,faq_flow,augmented,simple
11346,"Скажите, сказали что записи нет",feedback,negative_service,escalation_flow,augmented,complex
5971,"Подскажите, отмените запись, не смогу",booking,cancel,booking_flow,augmented,complex
7015,"Добрый день, лЕГКО ДОЗВОНИТЬСЯ",feedback,positive_service,feedback_flow,augmented,complex
6627,"Здравствуйте, у меня выпала пломба",anamnesis,complaint,anamnesis_flow,augmented,complex
8469,"Добрый день, отмените запись, не смогу",booking,cancel,booking_flow,augmented,complex
6342,Записьк  ротопеду на послезавтра,booking,new_appointment,booking_flow,augmented,simple
8289,После лечения у Иванова боль осталась заранее спасибо,feedback,negative_quality,escalation_flow,augmented,medium
5204,"Добрый день, рекомендую всем знакомым пожалуйста",feedback,positive_general,feedback_flow,augmented,complex
10156,Точно нужно 😢,faq,followup,faq_flow,augmented,simple
6164,У МЕНЯ ТРЕСНУЛ ЗУБ!,anamnesis,complaint,anamnesis_flow,augmented,simple
3260,После профгигиену у Иванова стало хуже,feedback,negative_quality,escalation_flow,variation,medium
11127,ХОЧУ ОСТАВИТЬ ЖАЛОБУ НА ПЕТРОВОЙ спасибо,feedback,negative_general,escalation_flow,augmented,medium
8361,коронку это больно 🦷,faq,procedure,faq_flow,augmented,simple
6961,Отличная организация работы?,feedback,positive_service,feedback_flow,augmented,simple
2921,Благодарю вас!,conversational,gratitude,conversation_flow,augmented,simple
3593,ХОЧУ ЭЛАЙНЕРЫ...,anamnesis,services,anamnesis_flow,augmented,simple
1702,"Привет, отмените запись, форс-мажор 😊",booking,cancel,booking_flow,augmented,complex
2382,Хочу оставить жалобу на Петровой?!,feedback,negative_general,escalation_flow,augmented,simple
8661,Запись к миплантологу на завтра спасибо,booking,new_appointment,booking_flow,augmented,medium
581,После чистку у Козловой стало хуже,feedback,negative_quality,escalation_flow,variation,medium
8719,Есть рассрочка?,faq,price,faq_flow,template,simple
8415,Что нельзя после бреекты?,faq,visit_prep,faq_flow,augmented,simple
8917,ПОСЛЕ ИМПЛАНТАЦИЮ У ПЕТРОВОЙ ТСАЛО ХУЖЕ,feedback,negative_quality,escalation_flow,augmented,medium
11775,"Подскажите, не решил ещё",conversational,unclear,clarification_flow,augmented,complex
6440,Всем рекомендую.,feedback,positive_general,feedback_flow,augmented,simple
9314,Интересует виниры!!,anamnesis,services,anamnesis_flow,augmented,simple
6120,Почём снимок?,faq,price,faq_flow,variation,simple
10519,Наверное 😢,conversational,unclear,clarification_flow,augmented,simple
3515,У меня крвооточивость давно,anamnesis,symptom,anamnesis_flow,augmented,simple
1561,"Здравствуйте, здрасте 😢",conversational,greeting,conversation_flow,augmented,complex
719,Мнен е перезвонили три дня,feedback,negative_service,escalation_flow,augmented,simple
5456,Что нельзя после профгигиену?,faq,visit_prep,faq_flow,variation,simple
11502,"Не смогу прийти, занятн а работе",booking,cancel,booking_flow,augmented,complex
7429,осмотр сколько стоит заранее спасибо,faq,price,faq_flow,augmented,simple
8193,Стоиомсть чистки?,faq,price,faq_flow,augmented,simple
7961,"Подскажите, ясно 😢",conversational,confirmation,conversation_flow,augmented,complex
6576,Благодарю?,conversational,gratitude,conversation_flow,augmented,simple
9677,КАКАЯ ЦЕНА НА ВИНИРЫ ЗАРАНЕЕ СПАСИБО,faq,price,faq_flow,augmented,medium
4491,зуб мудрости постоянно болит.,anamnesis,symptom,anamnesis_flow,augmented,simple
9225,"Скажите, сколько длится пломбирование?",faq,procedure,faq_flow,augmented,complex
3458,Непрофессиональное отношение?,feedback,negative_staff,escalation_flow,augmented,simple
5122,"Подскажите, нижняя десна постоянно болит",anamnesis,symptom,anamnesis_flow,augmented,complex
5061,"Добрый день, привет, пока!",conversational,farewell,conversation_flow,augmented,complex
3752,Хооршо?,conversational,confirmation,conversation_flow,augmented,simple
3510,До свидания пожалуйста...,conversational,farewell,conversation_flow,augmented,simple
9917,"Здравстувйте, что посоветуете?",faq,followup,faq_flow,augmented,complex
11505,После реставрацию у Козловой стало хуже,feedback,negative_quality,escalation_flow,variation,medium
7640,Сколько длится лечение кариеса!,faq,procedure,faq_flow,augmented,simple
3490,Запись к хирургу на на этой неделе,booking,new_appointment,booking_flow,variation,medium
9576,перенесите на воскресенье заранее спасибо,booking,reschedule,booking_flow,augmented,simple
5365,"Добрый день, после протезирование у Морозовой стало хуже 😊",feedback,negative_quality,escalation_flow,augmented,complex
7216,Прощайте,conversational,farewell,conversation_flow,template,simple
6539,Сколько длится реставрацию.,faq,procedure,faq_flow,augmented,simple
2083,А что лучше пожалуйста,faq,followup,faq_flow,augmented,simple
5313,У меня чувствительность несколько дней,anamnesis,symptom,anamnesis_flow,variation,simple
4930,Хочу перенести запись,booking,reschedule,booking_flow,template,simple
7472,Ждал с утра 😊,feedback,negative_service,escalation_flow,augmented,simple
1264,Хочу реставрацию,anamnesis,services,anamnesis_flow,variation,simple
9238,Не предупредили об изменениях 😊 спасибо,feedback,negative_service,escalation_flow,augmented,medium
636,"ЗдравствуйТе, я вам перезвоню",conversational,unclear,clarification_flow,augmented,complex
10972,Клиника залсуживает 5 звёзд,feedback,positive_general,feedback_flow,augmented,simple
3398,перенесите на в ближайшее время спасибо,booking,reschedule,booking_flow,augmented,medium
10183,Запись к хирургу на сегодня пожалуйста!!,booking,new_appointment,booking_flow,augmented,medium
3898,"Привет, какую щётку использовать?",faq,visit_prep,faq_flow,augmented,complex
555,Не решил ещё 😢,conversational,unclear,clarification_flow,augmented,simple
1132,Работаете с наркоозм?,faq,clinic_info,faq_flow,augmented,simple
10719,Волкова очень нвимательный,feedback,positive_staff,feedback_flow,augmented,simple
915,Буду обращаться только к вам!,feedback,positive_general,feedback_flow,augmented,simple
8810,"Здравствуйте, кузнецовой был груб",feedback,negative_staff,escalation_flow,augmented,complex
155,Цен ана брекеты 😢,faq,price,faq_flow,augmented,simple
7298,Здрасте 😢 🦷,conversational,greeting,conversation_flow,augmented,simple
10436,принято?,conversational,confirmation,conversation_flow,augmented,simple
980,"Здравствуйте, Хорошего дня",conversational,farewell,conversation_flow,augmented,complex
3347,"Скажите, нужно осмотр пожалуйста",anamnesis,services,anamnesis_flow,augmented,complex
8625,Брекеты сделали своё дело 👍,feedback,positive_quality,feedback_flow,augmented,simple
7194,Спасибо за информацию заранее спасибо...,conversational,gratitude,conversation_flow,augmented,simple
2321,что нельзя после удаление пожалуйста,faq,visit_prep,faq_flow,augmented,simple
1717,Сколько нельзя пить алкоголь послек онсультацию?,faq,visit_prep,faq_flow,augmented,medium
4380,"Привет, выпала пломба, что делать 🦷",anamnesis,complaint,anamnesis_flow,augmented,complex
11265,"Скажите, ужасныйс ервис",feedback,negative_general,escalation_flow,augmented,complex
189,"Подскажите, можно перенести на сегодня пожалуйста",booking,reschedule,booking_flow,augmented,complex
4123,Удачи!!,conversational,farewell,conversation_flow,augmented,simple
1922,зуб мудрости болит постоянно,anamnesis,symptom,anamnesis_flow,variation,simple
3520,Спасибо за инфромацию,conversational,gratitude,conversation_flow,augmented,simple
1949,Ждал три дня!,feedback,negative_service,escalation_flow,augmented,simple
7674,"Привет, спасибо, до свидания!",conversational,gratitude,conversation_flow,augmented,complex
11086,Хочу оставить жалобу на Петровой 🙏,feedback,negative_general,escalation_flow,augmented,medium
9247,"Скажите, появилась дырка в зубе заранее спасибо",anamnesis,complaint,anamnesis_flow,augmented,complex
7601,После удаление у Козловой стало хуже,feedback,negative_quality,escalation_flow,variation,medium
11468,Петровой очень внимательный,feedback,positive_staff,feedback_flow,variation,simple
9789,Почём отбеливание пожалуйста,faq,price,faq_flow,augmented,simple
3080,Не рекомендую пожалуйста,feedback,negative_general,escalation_flow,augmented,simple
7291,элайнеры у Козловой прошло замечательно,feedback,positive_quality,feedback_flow,variation,simple
3876,Нашёл свою клинику заранее спасибо,feedback,positive_general,feedback_flow,augmented,simple
10938,лучшая стоматология в городе заранее спасибо,feedback,positive_general,feedback_flow,augmented,medium
319,"Скажите, очень благодарен...",conversational,gratitude,conversation_flow,augmented,complex
5628,Мне не перезвонили давно,feedback,negative_service,escalation_flow,variation,simple
195,УДОБНО ЧТО РАБОТАЕТЕ ПЯТНИЦУ!!,feedback,positive_service,feedback_flow,augmented,simple
8997,"Скажите, хорошего дня",conversational,farewell,conversation_flow,augmented,complex
8619,После виниры у Морозовой стало хуже,feedback,negative_quality,escalation_flow,variation,medium
7970,Есть свободное время?,booking,new_appointment,booking_flow,template,simple
505,Какая цена на осмотр пожалуйста,faq,price,faq_flow,augmented,simple
5638,"Привет, а обязатеьлно?",faq,followup,faq_flow,augmented,complex
1400,"Подсакжите, позже",conversational,unclear,clarification_flow,augmented,complex
2362,Сколько держится заранее спасибо,faq,procedure,faq_flow,augmented,simple
1431,Есть экстренный приём?,booking,new_appointment,booking_flow,template,simple
6478,Это правда необходимо 👍,faq,followup,faq_flow,augmented,simple
6868,Перенесите на на следующей неделе,booking,reschedule,booking_flow,variation,simple
4074,Непрофессиональное отношнеие?,feedback,negative_staff,escalation_flow,augmented,simple
6016,После лечения стаол хуже,feedback,negative_quality,escalation_flow,augmented,simple
253,Подумаю?!,conversational,unclear,clarification_flow,augmented,simple
702,"Привет, профгигиену сколько стоит?",faq,price,faq_flow,augmented,complex
7796,"Здравствуйте, не уверен спасибо",conversational,unclear,clarification_flow,augmented,complex
277,"Жду уже два дня, никто не подходит!!",feedback,negative_service,escalation_flow,augmented,complex
1484,Есть нАркоз?!,faq,clinic_info,faq_flow,augmented,simple
1076,Алло 🙏,conversational,greeting,conversation_flow,augmented,simple
8972,Благодарю авс,conversational,gratitude,conversation_flow,augmented,simple
4398,Можно перенести на пятницу,booking,reschedule,booking_flow,augmented,simple
5744,Через сколько снимать швы?,faq,visit_prep,faq_flow,template,simple
7098,"Подскажите, кузнецовой отнёсся невнимательно",feedback,negative_staff,escalation_flow,augmented,complex
9627,"Привет, надо посоветоваться",conversational,unclear,clarification_flow,augmented,complex
7641,Добрый веечр пожалуйста,conversational,greeting,conversation_flow,augmented,simple
11124,"Здравствуйте, после удаление у Волкова стало хуже",feedback,negative_quality,escalation_flow,augmented,complex
4334,"Скажите, есть альтеРнативы?",faq,procedure,faq_flow,augmented,complex
10870,"Здравствуйте, после коронку у Сидорова стало хуже!",feedback,negative_quality,escalation_flow,augmented,complex
3827,Что если не поможет!,faq,followup,faq_flow,augmented,simple
6574,"Скажите, здравствуйте 😢",conversational,greeting,conversation_flow,augmented,complex
7952,"Подскажите, очень доволен клиникой",feedback,positive_general,feedback_flow,augmented,complex
11774,Врач Иванова не объяснил 😊,feedback,negative_staff,escalation_flow,augmented,simple
9229,Может быть 😢,conversational,unclear,clarification_flow,augmented,simple
5305,Прикус изменился после лечения,feedback,negative_quality,escalation_flow,template,simple
10575,Нужна порфессиональная чистка,anamnesis,services,anamnesis_flow,augmented,simple
8824,"Подскажите, довольна на все 100%",feedback,positive_general,feedback_flow,augmented,complex
1354,Сколько стоит протезирование,faq,price,faq_flow,augmented,simple
11020,ЦЕНА НА ЛЕЧЕНИЕ КАРИЕСА?!,faq,price,faq_flow,augmented,simple
4352,Отличная клиника спасибо,feedback,positive_general,feedback_flow,augmented,simple
7068,Сразуп ерезвонили после заяВки,feedback,positive_service,feedback_flow,augmented,simple
4855,Зуб тренсул,anamnesis,complaint,anamnesis_flow,augmented,simple
3166,осмотр у Волкова прошлоз амечательно,feedback,positive_quality,feedback_flow,augmented,simple
540,Ага.,conversational,confirmation,conversation_flow,augmented,simple
1637,МОЖНО ПЕРЕНЕСТИ НА ВОСКРЕСЕНЬЕ,booking,reschedule,booking_flow,augmented,simple
3328,Врач внушает доверие?!,feedback,positive_staff,feedback_flow,augmented,simple
9111,Нужно виниры?,anamnesis,services,anamnesis_flow,augmented,simple
9028,"Добрый день, хочу выровнять зубы",anamnesis,services,anamnesis_flow,augmented,complex
1155,Есть седация.,faq,clinic_info,faq_flow,augmented,simple
3009,После элайнеры у Иванова стало хуже пожалуйста,feedback,negative_quality,escalation_flow,augmented,medium
5331,"Добрый день, торопили",feedback,negative_staff,escalation_flow,augmented,complex
393,Очень доволен клиникой 😢,feedback,positive_general,feedback_flow,augmented,simple
6004,ВСЕОГ ХОРОШЕГО,conversational,farewell,conversation_flow,augmented,simple
11150,Быстро записали на утро 👍,feedback,positive_service,feedback_flow,augmented,simple
10817,доброе утро пожалуйста,conversational,greeting,conversation_flow,augmented,simple
10781,"Добрый день, планирую лечение каналов",anamnesis,services,anamnesis_flow,augmented,complex
6110,Этоп равда необходимо?,faq,followup,faq_flow,augmented,simple
6451,Сколько нельзя пить после виниры 😢?,faq,visit_prep,faq_flow,augmented,medium
8476,"Здравствуйте, окей",conversational,confirmation,conversation_flow,augmented,complex
2269,Долго ждал в очереди...,feedback,negative_service,escalation_flow,augmented,simple
1600,До свидания заранее спасибо спасибо,conversational,farewell,conversation_flow,augmented,simple
712,Сколько длится виниры.,faq,procedure,faq_flow,augmented,simple
9497,Протезс ломался,anamnesis,complaint,anamnesis_flow,augmented,simple
4429,Можно перенести на в ближайшее время...,booking,reschedule,booking_flow,augmented,medium
4806,Отличное соотношение цена-качество,feedback,positive_general,feedback_flow,template,simple
7189,Не увреен,conversational,unclear,clarification_flow,augmented,simple
3536,"Подскажите, не сейчас",conversational,unclear,clarification_flow,augmented,complex
6118,"Привет, работаете в на этой неделе",faq,clinic_info,faq_flow,augmented,complex
2280,Алло 👍!!,conversational,greeting,conversation_flow,augmented,simple
1259,Врач успокоил перед процедурой 😊,feedback,positive_staff,feedback_flow,augmented,simple
9700,Можно перенести на понедельник?,booking,reschedule,booking_flow,variation,simple
7516,Можно срочно записаться?,booking,new_appointment,booking_flow,template,simple
9623,Волкова очень внимательный пожалуйста,feedback,positive_staff,feedback_flow,augmented,simple
10677,отбеливание у Новикова прошло замечательно?,feedback,positive_quality,feedback_flow,augmented,simple
5704,Договорились?,conversational,confirmation,conversation_flow,augmented,simple
7695,"Добрый день, новикова настоящий профессионал",feedback,positive_staff,feedback_flow,augmented,complex
1687,А есЛи я не убду?,faq,followup,faq_flow,augmented,simple
8165,"Подскажите, отмените запись, уезжаю",booking,cancel,booking_flow,augmented,complex
11696,Винир отклеился 😢,anamnesis,complaint,anamnesis_flow,augmented,simple
914,"Подскажите, админитсратор нахамил",feedback,negative_staff,escalation_flow,augmented,complex
6546,Ничего не объяснили,feedback,negative_staff,escalation_flow,template,simple
6642,Плохая клиника,feedback,negative_general,escalation_flow,template,simple
9162,Можно на завтра?,booking,new_appointment,booking_flow,variation,simple
7868,Волкова настоящий профессионал.,feedback,positive_staff,feedback_flow,augmented,simple
1935,Во сколько открываеетсь спасибо,faq,clinic_info,faq_flow,augmented,simple
4440,элайнеры сколько стоит?,faq,price,faq_flow,variation,simple
732,После лечение каналов у Волкова стало хуже,feedback,negative_quality,escalation_flow,variation,medium
3995,Удобно что работаете воскресенье заранее спасибо,feedback,positive_service,feedback_flow,augmented,medium
6102,Здрасте!,conversational,greeting,conversation_flow,augmented,simple
7423,Сиодрова был груб,feedback,negative_staff,escalation_flow,augmented,simple
7311,протезирование это больно?,faq,procedure,faq_flow,variation,simple
8949,"Здравствуйте, хочу отменить запись заранее спасибо",booking,cancel,booking_flow,augmented,complex
5001,Мне не перезвонили со вчера!,feedback,negative_service,escalation_flow,augmented,simple
6425,вернитед еньги,feedback,negative_general,escalation_flow,augmented,simple
11387,Перезовню,conversational,unclear,clarification_flow,augmented,simple
10087,ДОБРЫЙ ДЕНЬ 🦷,conversational,greeting,conversation_flow,augmented,simple
1007,"Привет, скажите, можно перенести на сегодня?",booking,reschedule,booking_flow,augmented,complex
250,"Скажите, врач Сидорова не объяснил",feedback,negative_staff,escalation_flow,augmented,complex
7030,А это больно?,faq,procedure,faq_flow,template,simple
1411,Добрый день!,conversational,greeting,conversation_flow,template,simple
11112,Мнен е перезвонили несколько дней,feedback,negative_service,escalation_flow,augmented,simple
4881,"спасибо, всё понятно 👍",conversational,gratitude,conversation_flow,augmented,complex
5229,Спасибо за помощь?!,conversational,gratitude,conversation_flow,augmented,simple
8369,Приложение глючит.,feedback,negative_service,escalation_flow,augmented,simple
9363,Хочу оставить жалобу на Волкова пожалуйста,feedback,negative_general,escalation_flow,augmented,medium
3500,"Подскажите, кАК ДОБРАТЬСЯ?",faq,clinic_info,faq_flow,augmented,complex
2546,Врач был груб спаСибо,feedback,negative_staff,escalation_flow,augmented,simple
8170,Приду,conversational,confirmation,conversation_flow,template,simple
2349,хочу оставить жалобу на волкова?,feedback,negative_general,escalation_flow,augmented,simple
3746,Козловой очень внимательный,feedback,positive_staff,feedback_flow,variation,simple
11669,чистку у Лебедевой прошло замечательно,feedback,positive_quality,feedback_flow,variation,simple
428,Долго оформляли документы спасибо,feedback,negative_service,escalation_flow,augmented,simple
3018,Спасибо большое 🦷 👍,conversational,gratitude,conversation_flow,augmented,simple
7679,Эй 👍 спасибо,conversational,greeting,conversation_flow,augmented,simple
8718,Запись к эндодонтисту на воскресенье,booking,new_appointment,booking_flow,variation,simple
11761,"Скажите, удачи спасибо",conversational,farewell,conversation_flow,augmented,complex
3282,Позже пожалуйста,conversational,unclear,clarification_flow,augmented,simple
4299,Пока не ршеил,conversational,unclear,clarification_flow,augmented,simple
9466,"Спасибо, всё понятно 😢...",conversational,gratitude,conversation_flow,augmented,complex
11949,Плохая клиника!,feedback,negative_general,escalation_flow,augmented,simple
9236,Удобно что работаете субботу.,feedback,positive_service,feedback_flow,augmented,simple
7211,Работаете в пятницу 😊,faq,clinic_info,faq_flow,augmented,simple
7964,Приду.,conversational,confirmation,conversation_flow,augmented,simple
1980,Что нельзя после консультацию?,faq,visit_prep,faq_flow,variation,simple
7036,Здравствуйте.,conversational,greeting,conversation_flow,augmented,simple
8051,Ивановао тнёсся невнимательно,feedback,negative_staff,escalation_flow,augmented,simple
5507,"Привет, чистку у Иванова прошло замечательно",feedback,positive_quality,feedback_flow,augmented,complex
3067,Не уверен?!,conversational,unclear,clarification_flow,augmented,simple
8814,После элайнеры у Иванова стало хуже,feedback,negative_quality,escalation_flow,variation,medium
9518,"Здравствуйте, записали на удобное время",feedback,positive_service,feedback_flow,augmented,complex
6608,Можно без этого!!,faq,followup,faq_flow,augmented,simple
153,"Привет, планирую протезирование",anamnesis,services,anamnesis_flow,augmented,complex
1581,Прощайте 😢 🙏,conversational,farewell,conversation_flow,augmented,simple
10236,Хочуо ставить жалобу на Кузнецовой,feedback,negative_general,escalation_flow,augmented,simple
7511,Врач ничего не знает...,feedback,negative_staff,escalation_flow,augmented,simple
9125,"Подскажите, запись к пародонтологу на воскресенье",booking,new_appointment,booking_flow,augmented,complex
2924,Как проходит брекеты 😢,faq,procedure,faq_flow,augmented,simple
11296,"Здравствуйте, проетзирование у Волкова прошло замечательно",feedback,positive_quality,feedback_flow,augmented,complex
5969,Где вы находитесь!!,faq,clinic_info,faq_flow,augmented,simple
4140,"Здравствуйте, добрый вечер?",conversational,greeting,conversation_flow,augmented,complex
6858,"Скажите, доброе туро",conversational,greeting,conversation_flow,augmented,complex
7057,Зуб треснул пожалуйста спасибо,anamnesis,complaint,anamnesis_flow,augmented,simple
4695,Откололся кусочек зуба пожалуйста,anamnesis,complaint,anamnesis_flow,augmented,simple
10807,Современный метод...,faq,procedure,faq_flow,augmented,simple
6225,Перезапишите на другое время!,booking,reschedule,booking_flow,augmented,simple
11312,"Добрый день, запишите на имплантацию",booking,new_appointment,booking_flow,augmented,complex
6144,Удобно что арботаете воскресенье,feedback,positive_service,feedback_flow,augmented,simple
7869,сколько нельзя есть после пломбирование пожалуйста,faq,visit_prep,faq_flow,augmented,medium
4898,Спасибо за помощь 😢.,conversational,gratitude,conversation_flow,augmented,simple
10499,"Спасибо, до свидания 😊",conversational,gratitude,conversation_flow,augmented,complex
5235,Как часто нужна чистка,faq,visit_prep,faq_flow,augmented,simple
4410,Планирую имплантацию,anamnesis,services,anamnesis_flow,variation,simple
4036,спаисбо!,conversational,gratitude,conversation_flow,augmented,simple
10278,пломба выпала заранее спасибо,anamnesis,complaint,anamnesis_flow,augmented,simple
180,СНИМОК ЭТО БОЛЬНО 😢,faq,procedure,faq_flow,augmented,simple
6979,Врач был груб,feedback,negative_staff,escalation_flow,template,simple
3482,"Добрый день, зуб шатается",anamnesis,complaint,anamnesis_flow,augmented,complex
7808,"Подскажите, доброе утро пожалуйста",conversational,greeting,conversation_flow,augmented,complex
1728,Большое спаисбо спасибо,conversational,gratitude,conversation_flow,augmented,simple
7645,"Здравствуйте, это правда необходимо",faq,followup,faq_flow,augmented,complex
11716,что будут делать заранее спасибо,faq,procedure,faq_flow,augmented,simple
6751,"Жду уже месяц, никто не подходит 🦷",feedback,negative_service,escalation_flow,augmented,complex
4604,Ждал С утра 😢,feedback,negative_service,escalation_flow,augmented,simple
1556,Хоч уэлайнеры,anamnesis,services,anamnesis_flow,augmented,simple
6896,Какие ещё варианты 😊,faq,followup,faq_flow,augmented,simple
2014,Запись к пародонтологу наз автра,booking,new_appointment,booking_flow,augmented,simple
1513,Угу 👍,conversational,confirmation,conversation_flow,augmented,simple
6639,Треснул зуб?!,anamnesis,complaint,anamnesis_flow,augmented,simple
3274,Срок службы 😢,faq,procedure,faq_flow,augmented,simple
834,Лебедевой очень внимательный.,feedback,positive_staff,feedback_flow,augmented,simple
5651,ПЕТРОВОЙ ОЧЕНЬ ВНИМАТЕЛЬНЫЙ заранее спасибо,feedback,positive_staff,feedback_flow,augmented,simple
8832,крайне недовлоен,feedback,negative_general,escalation_flow,augmented,simple
771,Откололся кусочек зуба!!,anamnesis,complaint,anamnesis_flow,augmented,simple
10111,Договорились,conversational,confirmation,conversation_flow,template,simple
4846,Доборе утро,conversational,greeting,conversation_flow,augmented,simple
6186,Спс пожалуйста,conversational,gratitude,conversation_flow,augmented,simple
9780,Запись к имплантологу на четверг,booking,new_appointment,booking_flow,variation,simple
11643,"Подскажите, персонал хамит 😢",feedback,negative_staff,escalation_flow,augmented,complex
10672,Врач Морозовой всё подробно объяснил спасибо,feedback,positive_staff,feedback_flow,augmented,medium
2783,Всего охрошего,conversational,farewell,conversation_flow,augmented,simple
11203,"Скажите, где находится клиника?",faq,clinic_info,faq_flow,augmented,complex
1950,Запишите кг игиенисту,booking,new_appointment,booking_flow,augmented,simple
9274,Сколько длится пломбироавние?,faq,procedure,faq_flow,augmented,simple
8034,реставрацию у Иванова прошло замечательно,feedback,positive_quality,feedback_flow,variation,simple
3043,Хочуи зменить время записи,booking,reschedule,booking_flow,augmented,simple
8963,"Подскажите, надо посоветоваьтся",conversational,unclear,clarification_flow,augmented,complex
10912,"Здравствуйте, врач терпеливо всё объяснил заранее спасибо",feedback,positive_staff,feedback_flow,augmented,complex
8093,планирую снимок!!,anamnesis,services,anamnesis_flow,augmented,simple
6722,Добрый вечер 🦷?,conversational,greeting,conversation_flow,augmented,simple
4253,"Добрый день, не смог дозвониться",feedback,negative_service,escalation_flow,augmented,complex
2003,"откололся зуб, что делать 🙏",anamnesis,complaint,anamnesis_flow,augmented,complex
1582,Элайне ртреснул спасибо,anamnesis,complaint,anamnesis_flow,augmented,simple
9964,морозовой настоящий профессионал пожалуйста,feedback,positive_staff,feedback_flow,augmented,simple
11455,"жду уже два дня, никто не подходит 🦷",feedback,negative_service,escalation_flow,augmented,complex
6536,"Привет, запись к пародонтологу на понедельник",booking,new_appointment,booking_flow,augmented,complex
1165,"Здравствуйте, врач морозовой всё подробно объяснил",feedback,positive_staff,feedback_flow,augmented,complex
1679,Здоров о😊,conversational,greeting,conversation_flow,augmented,simple
10516,"Подскажите, да",conversational,confirmation,conversation_flow,augmented,complex
9287,Есть лазер пожалуйста,faq,clinic_info,faq_flow,augmented,simple
1143,"Подскажите, брекет отклеился",anamnesis,complaint,anamnesis_flow,augmented,complex
7899,"Здравствуйте, недоволен обслуживанием",feedback,negative_general,escalation_flow,augmented,complex
1029,Не работает онлайн-запись 😊,feedback,negative_service,escalation_flow,augmented,simple
5682,Прощайте 🦷!,conversational,farewell,conversation_flow,augmented,simple
618,Сколько нельзя пить после отбеливание заранее спасибо,faq,visit_prep,faq_flow,augmented,medium
6962,"Подскажите, работаете в в ближайшее время?",faq,clinic_info,faq_flow,augmented,complex
4741,Сколько стоят брекеты пожалуйста,faq,price,faq_flow,augmented,simple
1606,Кузнецовой очень внимательный 😢,feedback,positive_staff,feedback_flow,augmented,simple
7569,"Скажите, когда контрольный визит?",faq,visit_prep,faq_flow,augmented,complex
11749,Хочу реставрацию зуба заранее спасибо,anamnesis,services,anamnesis_flow,augmented,simple
860,"Здравствуйте, грубо обошлись 😊",feedback,negative_staff,escalation_flow,augmented,complex
662,Приветствую 😊?!,conversational,greeting,conversation_flow,augmented,simple
9415,Ужасный есрвис,feedback,negative_general,escalation_flow,augmented,simple
4918,отбеливание у Лебедевой прошло замечательно,feedback,positive_quality,feedback_flow,variation,simple
5199,нужно пломбирование 😢,anamnesis,services,anamnesis_flow,augmented,simple
8006,Прощайте 🙏,conversational,farewell,conversation_flow,augmented,simple
361,"Здравствуйте, винир отклеился",anamnesis,complaint,anamnesis_flow,augmented,complex
5531,"Добрый день, здравствуйте, хочу оставить жалобу на Петровой",feedback,negative_general,escalation_flow,augmented,complex
4873,Интересует пломбирование!,anamnesis,services,anamnesis_flow,augmented,simple
2179,отбеливание у Петровой прошло замечательно,feedback,positive_quality,feedback_flow,variation,simple
11048,"Да, конечно заранее спасибо",conversational,confirmation,conversation_flow,augmented,complex
3625,Хорошего дня 🦷,conversational,farewell,conversation_flow,augmented,simple
883,После элайнеры у Лебедевой стало хуже,feedback,negative_quality,escalation_flow,variation,medium
3208,"Скажите, мне не перезвонили со вчера!!",feedback,negative_service,escalation_flow,augmented,complex
12,Скололась эмаль 🙏,anamnesis,complaint,anamnesis_flow,augmented,simple
7169,Можно оплатить картой?,faq,clinic_info,faq_flow,template,simple
7173,Как проходит протезирование 👍,faq,procedure,faq_flow,augmented,simple
4162,"Привет, записал",conversational,confirmation,conversation_flow,augmented,complex
728,ПЕРЕНЕСИТЕ НА СУББОТУ...,booking,reschedule,booking_flow,augmented,simple
11978,ХОЧУ ОСТАВИТЬ ЖЛАОБУ НА ПЕТРОВОЙ,feedback,negative_general,escalation_flow,augmented,simple
1902,НАДО ПОДУМАТЬ ПОЖАЛУЙСТА,conversational,unclear,clarification_flow,augmented,simple
8941,Клиника заслуживает 5 звёзд?,feedback,positive_general,feedback_flow,augmented,simple
3737,Надо посоветоваться пожалуйста,conversational,unclear,clarification_flow,augmented,simple
621,ЕСТЬ СКИДКИ ПЕНСИОНЕРАМ.,faq,price,faq_flow,augmented,simple
2826,брекеты у Иванова прошло замечательно пожалуйста 🦷,feedback,positive_quality,feedback_flow,augmented,medium
11156,"Здравствуйте, хочу оставить жалобу на Козловой",feedback,negative_general,escalation_flow,augmented,complex
3439,У мен ятреснул зуб,anamnesis,complaint,anamnesis_flow,augmented,simple
9909,Что нельзя после снимок...,faq,visit_prep,faq_flow,augmented,simple
7576,Надо подумать 👍,conversational,unclear,clarification_flow,augmented,simple
1163,Почём профгигиену пожалуйста,faq,price,faq_flow,augmented,simple
2882,У меня треснул зуб 😊,anamnesis,complaint,anamnesis_flow,augmented,simple
5632,Есть альтернативы?,faq,procedure,faq_flow,template,simple
6709,Хорошего дня!,conversational,farewell,conversation_flow,augmented,simple
3087,Как подготовиться к лечение акналов?,faq,visit_prep,faq_flow,augmented,simple
2084,какие материалы используете,faq,procedure,faq_flow,augmented,simple
27,Сколько нельзя курить после виниры!,faq,visit_prep,faq_flow,augmented,simple
8284,Здорово 😊,conversational,greeting,conversation_flow,augmented,simple
8894,Сколькон ельзя есть после виниры?,faq,visit_prep,faq_flow,augmented,simple
1405,"Отмените запись, не смогу 😊",booking,cancel,booking_flow,augmented,complex
5470,Хочу реставрацию пожалуйста,anamnesis,services,anamnesis_flow,augmented,simple
5889,Сколько длится элайнеры заранее спасибо,faq,procedure,faq_flow,augmented,simple
6630,Сколько нельзя заниматься спортом после лечение каналов.,faq,visit_prep,faq_flow,augmented,medium
5841,Хочу поговорить с руководством,feedback,negative_general,escalation_flow,template,simple
7718,"Здравствуйте, работаете в понедельник?",faq,clinic_info,faq_flow,augmented,complex
6074,Клиника заслуживает 5 звёзд,feedback,positive_general,feedback_flow,template,simple
5719,отбеливание не помогло,feedback,negative_quality,escalation_flow,variation,simple
11665,СМИРНОВОЙ ОТНЁССЯ НЕВНИМАТЕЛЬНО 👍,feedback,negative_staff,escalation_flow,augmented,simple
4847,Клиника на высоте спасибо спасибо,feedback,positive_general,feedback_flow,augmented,simple
8453,Мне не перезвонили три дня спасибо,feedback,negative_service,escalation_flow,augmented,medium
8903,Прощайте 😢...,conversational,farewell,conversation_flow,augmented,simple
4582,"Добрый день, кЛиника на высоте",feedback,positive_general,feedback_flow,augmented,complex
3626,ДО СВИДАНИЯ.,conversational,farewell,conversation_flow,augmented,simple
561,Очень добрый врач!,feedback,positive_staff,feedback_flow,augmented,simple
6913,Почём пломбирование спасибо,faq,price,faq_flow,augmented,simple
566,Перезапишите на 01:00 🦷,booking,reschedule,booking_flow,augmented,simple
4089,ретейнер отклеился...,anamnesis,complaint,anamnesis_flow,augmented,simple
8222,удаление у Новикова прошло замечательно,feedback,positive_quality,feedback_flow,variation,simple
5506,Лебедевой отнёсся невнимательно,feedback,negative_staff,escalation_flow,variation,simple
1984,"Подскажите, кузнецовой настоящий профессионал",feedback,positive_staff,feedback_flow,augmented,complex
5822,Как рпоходит коронку?,faq,procedure,faq_flow,augmented,simple
1390,До скорого 🙏.,conversational,farewell,conversation_flow,augmented,simple
7468,Сидоорва был груб?,feedback,negative_staff,escalation_flow,augmented,simple
11879,Запись к терапевту на вечер,booking,new_appointment,booking_flow,variation,simple
577,Запись к пародонтологу на понедельник,booking,new_appointment,booking_flow,variation,simple
1831,Планирую лечение каанлов,anamnesis,services,anamnesis_flow,augmented,simple
4407,хочу чистку!!,anamnesis,services,anamnesis_flow,augmented,simple
9442,Почём лечение каналов,faq,price,faq_flow,augmented,simple
5169,Не понравилось 🙏,feedback,negative_general,escalation_flow,augmented,simple
6382,Невежливое обслуживание.,feedback,negative_staff,escalation_flow,augmented,simple
6992,Никто не перезвонил,feedback,negative_service,escalation_flow,template,simple
9699,После коронку у Кузнецовой стало хуже 😢,feedback,negative_quality,escalation_flow,augmented,medium
8485,САЙТ НЕ РАБОТАЕТ?!,feedback,negative_service,escalation_flow,augmented,simple
194,виниры это больно?,faq,procedure,faq_flow,variation,simple
4719,Не больно благодаря врачу?!,feedback,positive_staff,feedback_flow,augmented,simple
62,ЧТО ПОСОВЕТУЕТЕ...,faq,followup,faq_flow,augmented,simple
9401,ЗДРАСВТВУЙТЕ!,conversational,greeting,conversation_flow,augmented,simple
6042,Клиника на высоте 😢,feedback,positive_general,feedback_flow,augmented,simple
10657,Какой амтериал лучше?,faq,procedure,faq_flow,augmented,simple
1988,передний зуб болит ночью,anamnesis,symptom,anamnesis_flow,variation,simple
1810,чистку у Иванова прошло замечательно,feedback,positive_quality,feedback_flow,variation,simple
1515,Интересуют брекеты,anamnesis,services,anamnesis_flow,template,simple
1088,Болит нижний зуб уже неделю,anamnesis,symptom,anamnesis_flow,variation,simple
10706,Перенесите на среду,booking,reschedule,booking_flow,variation,simple
2771,семёрка болит постоянно!!,anamnesis,symptom,anamnesis_flow,augmented,simple
7660,Запишите на лечение каналов,booking,new_appointment,booking_flow,variation,simple
4280,Привет.,conversational,greeting,conversation_flow,augmented,simple
2319,Точно нужно 😊,faq,followup,faq_flow,augmented,simple
5138,удаление сколько стоит пожалуйста,faq,price,faq_flow,augmented,simple
5097,Врач очень внимательный 😊,feedback,positive_staff,feedback_flow,augmented,simple
9230,Запись к детскому стоматологу на завтра,booking,new_appointment,booking_flow,variation,medium
820,ЗАПИШИТЕ КП АРОДОНТОЛОГУ,booking,new_appointment,booking_flow,augmented,simple
7573,Приниматее карту,faq,clinic_info,faq_flow,augmented,simple
6688,имплантацию это больно,faq,procedure,faq_flow,augmented,simple
10825,"Добрый день, я вам перезвоню?!",conversational,unclear,clarification_flow,augmented,complex
10451,Интересует протезирование 🦷,anamnesis,services,anamnesis_flow,augmented,simple
10002,"Подскажите, спасибо, всё понравилось",feedback,positive_general,feedback_flow,augmented,complex
2675,"Подскажите, спасибо, всё понянто",conversational,gratitude,conversation_flow,augmented,complex
5298,"Добрый день, работаете в воскресенье?",faq,clinic_info,faq_flow,augmented,complex
7927,"Привет, спасибо!",conversational,gratitude,conversation_flow,augmented,complex
11753,"Подскажите, спасибо, до свидания",conversational,gratitude,conversation_flow,augmented,complex
3633,Случилось шатается зуб,anamnesis,complaint,anamnesis_flow,variation,simple
338,КАК ПРОХОДИТ КОРОНКУ?!,faq,procedure,faq_flow,augmented,simple
9372,"Уточните,п ожалуйста",faq,followup,faq_flow,augmented,complex
7100,Можно перенести нав ечер?,booking,reschedule,booking_flow,augmented,simple
2976,"Подскажите, ладно",conversational,confirmation,conversation_flow,augmented,complex
6240,Хочу оставить ажлобу на Петровой,feedback,negative_general,escalation_flow,augmented,simple
5960,что вы еркомендуете?,faq,followup,faq_flow,augmented,simple
4336,"Добрый день, не понравилось",feedback,negative_general,escalation_flow,augmented,complex
8033,"Добрый день, консультацию у Смирновой прошло замечательно",feedback,positive_quality,feedback_flow,augmented,complex
2336,Коронка слетела...,anamnesis,complaint,anamnesis_flow,augmented,simple
5092,Как связаться?,faq,clinic_info,faq_flow,template,simple
10507,хочу оставить жалобу на Новикова 🙏,feedback,negative_general,escalation_flow,augmented,medium
6866,"Подскажите, кузнецовой был груб",feedback,negative_staff,escalation_flow,augmented,complex
9920,"Привет, что нельзя после профгигиену!!",faq,visit_prep,faq_flow,augmented,complex
3663,Сколько нельзя есть после снимок 🙏,faq,visit_prep,faq_flow,augmented,medium
11557,"Здравствуйте, привет 👍",conversational,greeting,conversation_flow,augmented,complex
11335,"Привет, крайне недоволен заранее спасибо",feedback,negative_general,escalation_flow,augmented,complex
3548,Есть ночной приём?,faq,clinic_info,faq_flow,template,simple
11367,отбеливание сколько стоит заранее спасибо,faq,price,faq_flow,augmented,simple
3808,Хочу оставить жалобу на Новикова!,feedback,negative_general,escalation_flow,augmented,simple
10306,"Подскажите, скажите, не уверен",conversational,unclear,clarification_flow,augmented,complex
4344,Запись к имплантологу на вторник,booking,new_appointment,booking_flow,variation,simple
7498,Ассистент была очень заботливая заранее спасибо,feedback,positive_staff,feedback_flow,augmented,medium
6499,Хочу консультацию пожалуйста,anamnesis,services,anamnesis_flow,augmented,simple
5755,"Скажите, здравствуйте, какая цена на осмотр?",faq,price,faq_flow,augmented,complex
2350,Можно записаться онлайн,faq,clinic_info,faq_flow,augmented,simple
4435,Торопили,feedback,negative_staff,escalation_flow,template,simple
2190,иванова настоящий профессионал 😊,feedback,positive_staff,feedback_flow,augmented,simple
3559,ЗУБЫ СТАЛИ ПОДВИЖНЫМИ 😢,anamnesis,complaint,anamnesis_flow,augmented,simple
7646,Персонал хамит,feedback,negative_staff,escalation_flow,template,simple
11408,Спасибо за информацию пожалуйста заранее спасибо,conversational,gratitude,conversation_flow,augmented,medium
3384,"Добрый день, у меня чувствительность несколько дней",anamnesis,symptom,anamnesis_flow,augmented,complex
5015,почём консультацию,faq,price,faq_flow,augmented,simple
6006,Добрый день!!,conversational,greeting,conversation_flow,augmented,simple
8497,Врач ничего не знает заранее спасибо,feedback,negative_staff,escalation_flow,augmented,medium
1006,"Подскажите, язвочки на слизистой",anamnesis,complaint,anamnesis_flow,augmented,complex
8166,"Добрый день, прощайте спасибо",conversational,farewell,conversation_flow,augmented,complex
2024,семёрка болит периодически 🙏,anamnesis,symptom,anamnesis_flow,augmented,simple
6520,Козловой отнёсся невнимательно спасибо,feedback,negative_staff,escalation_flow,augmented,simple
4184,Болит при надавливании,anamnesis,symptom,anamnesis_flow,template,simple
207,"Добрый день, спс!",conversational,gratitude,conversation_flow,augmented,complex
892,"Привет, планирую элайнеры",anamnesis,services,anamnesis_flow,augmented,complex
4255,"Подскажите, моя любимая клиника",feedback,positive_general,feedback_flow,augmented,complex
2502,"Скажите, здрсате",conversational,greeting,conversation_flow,augmented,complex
7060,Здорово,conversational,greeting,conversation_flow,template,simple
7251,"Здравствуйте, почмё снимок?",faq,price,faq_flow,augmented,complex
11204,"Подскажите, я вам перезвоню",conversational,unclear,clarification_flow,augmented,complex
7788,Нашёл свою клинику.,feedback,positive_general,feedback_flow,augmented,simple
10763,Можно перезаписатьСя?!,booking,reschedule,booking_flow,augmented,simple
723,хочу оставить жалобу 🦷,feedback,negative_general,escalation_flow,augmented,simple
4779,Случилось слетела корокна,anamnesis,complaint,anamnesis_flow,augmented,simple
3167,Мне нахамили спасибо,feedback,negative_staff,escalation_flow,augmented,simple
8562,"Добрый день, конечно",conversational,confirmation,conversation_flow,augmented,complex
2341,ВРАЧ ОПОЗДАЛ?!,feedback,negative_service,escalation_flow,augmented,simple
10355,Сколько длится протезирование,faq,procedure,faq_flow,augmented,simple
5296,А что лушче?,faq,followup,faq_flow,augmented,simple
6702,Какеи ещё варианты!,faq,followup,faq_flow,augmented,simple
2813,Челюсть заклинило,anamnesis,symptom,anamnesis_flow,template,simple
4298,Эй спасибо,conversational,greeting,conversation_flow,augmented,simple
3250,Быстро записали на среду!!,feedback,positive_service,feedback_flow,augmented,simple
4995,"Не смогу прийти, не смогу спасибо",booking,cancel,booking_flow,augmented,complex
10216,Подумаю 👍!!,conversational,unclear,clarification_flow,augmented,simple
11700,"Скажите, у меня откололся зуб...",anamnesis,complaint,anamnesis_flow,augmented,complex
8280,Сколько длится брекеты.,faq,procedure,faq_flow,augmented,simple
1056,Да,conversational,confirmation,conversation_flow,template,simple
10249,"Подскажите, можно позже?",booking,reschedule,booking_flow,augmented,complex
258,Сколько нельзя заниматься спортом после коронку?,faq,visit_prep,faq_flow,variation,medium
5505,Мне не перезвонили две недели?,feedback,negative_service,escalation_flow,augmented,simple
1885,Приевт,conversational,greeting,conversation_flow,augmented,simple
11919,работаете в утро!,faq,clinic_info,faq_flow,augmented,simple
4584,"добрый день, сайт не работает",feedback,negative_service,escalation_flow,augmented,complex
2544,"Спасибо, до свидания 🙏 заранее спасибо",conversational,gratitude,conversation_flow,augmented,complex
11270,"Скажите, здорово 😊",conversational,greeting,conversation_flow,augmented,complex
2572,Пока нер ешил,conversational,unclear,clarification_flow,augmented,simple
11190,Здорово пожалуйста заранее спасибо,conversational,greeting,conversation_flow,augmented,simple
2953,"Скажите, не Получится прийти",booking,cancel,booking_flow,augmented,complex
3669,Запись к терапевту на субботу,booking,new_appointment,booking_flow,variation,simple
4562,"Здравствуйте, запись к пародонтологу на субботу",booking,new_appointment,booking_flow,augmented,complex
10776,"Здравствуйте, запись куда-то пропала",feedback,negative_service,escalation_flow,augmented,complex
6659,"Скажите, отнеслись наплевательски 🙏",feedback,negative_staff,escalation_flow,augmented,complex
9593,Сколько нельзя курить после коронку?!,faq,visit_prep,faq_flow,augmented,simple
7658,"Привет, подскажите, запись к детскому стоматологу на вечер",booking,new_appointment,booking_flow,augmented,complex
10365,договорились спасибо,conversational,confirmation,conversation_flow,augmented,simple
1358,Возможно 😢 🙏,conversational,unclear,clarification_flow,augmented,simple
7688,Спасибо обльшое,conversational,gratitude,conversation_flow,augmented,simple
5810,Зуб потемнел 👍,anamnesis,complaint,anamnesis_flow,augmented,simple
3673,ВСЕГО ДОБРОГО 🦷,conversational,farewell,conversation_flow,augmented,simple
5027,"Подскажите, семёрка болит постоянно",anamnesis,symptom,anamnesis_flow,augmented,complex
2530,Хорошгео дня,conversational,farewell,conversation_flow,augmented,simple
8913,Ждал с утра 👍 спасибо,feedback,negative_service,escalation_flow,augmented,simple
11856,Интересеут осмотр,anamnesis,services,anamnesis_flow,augmented,simple
5218,врач лебедевой не объяснил!,feedback,negative_staff,escalation_flow,augmented,simple
10982,Естьн очной приём?,faq,clinic_info,faq_flow,augmented,simple
2049,Чтое сли не поможет?,faq,followup,faq_flow,augmented,simple
5993,Не сейчас.,conversational,unclear,clarification_flow,augmented,simple
5159,"Скажите, приятно удивлён качеством",feedback,positive_general,feedback_flow,augmented,complex
223,перезапишите на утро 👍,booking,reschedule,booking_flow,augmented,simple
4965,"Добрый день, не уверен?!",conversational,unclear,clarification_flow,augmented,complex
9733,"Добрый день, врач Иванова не объяснил",feedback,negative_staff,escalation_flow,augmented,complex
6513,"Подскажите, есть время на среду",booking,new_appointment,booking_flow,augmented,complex
8665,Быстро записали на пятницу 🙏,feedback,positive_service,feedback_flow,augmented,simple
8254,Перезапишите на день 😢,booking,reschedule,booking_flow,augmented,simple
1283,"ЖДУ УЖЕ НЕСКОЛЬКО ДНЕЙ, НИКТО НЕ ПОДХОДИТ СПАСИБО",feedback,negative_service,escalation_flow,augmented,complex
1992,"Спасбио, всё понятно!!",conversational,gratitude,conversation_flow,augmented,complex
8821,Наверное пожалуйста,conversational,unclear,clarification_flow,augmented,simple
942,"Жду уже неделю, никто не подходит 🦷 😊",feedback,negative_service,escalation_flow,augmented,complex
11974,Сколько стоит профгигиену,faq,price,faq_flow,augmented,simple
6391,Быстр озаписали на утро,feedback,positive_service,feedback_flow,augmented,simple
