id,text,label_l1,label_l2,scenario,source,complexity
6088,некомпетентный врач!,negative_feedback,staff,escalation_flow,augmented,simple
3327,"Добрый день, привет, отказ от записи",booking,cancel,booking_flow,augmented,complex
4829,Спасбио,conversational,gratitude,conversation_flow,augmented,simple
9330,Сколько нельзя курить после брекеты...,faq,visit_prep,faq_flow,augmented,simple
48,Сколько стоит удаление?,faq,price,faq_flow,variation,simple
4711,Сколько нельзя пить после осмотр?,faq,visit_prep,faq_flow,variation,simple
3838,До сивдания.,conversational,farewell,conversation_flow,augmented,simple
4125,Сказали что записи нет спасибо,negative_feedback,service_issue,escalation_flow,augmented,simple
993,Врач Иванован е объяснил,negative_feedback,staff,escalation_flow,augmented,simple
4846,Запишите к детскому стоматологу,booking,new_appointment,booking_flow,variation,simple
4208,Посоветуюсь 🦷,conversational,unclear,clarification_flow,augmented,simple
2639,Спасибо большое 🦷,conversational,gratitude,conversation_flow,augmented,simple
1098,"Не смогу прийти, занят на работе",booking,cancel,booking_flow,variation,medium
7048,"Подскажите, планирую исправить прикус",anamnesis,services,anamnesis_flow,augmented,complex
5675,Не понравилось пожалуйста!!,negative_feedback,general,escalation_flow,augmented,simple
8260,"Отмените, пожалуйста пожалуйста",booking,cancel,booking_flow,augmented,complex
2145,Мне не перезвонили с утра?!,negative_feedback,service_issue,escalation_flow,augmented,simple
3911,Хочу оставить жалобу заранее спасибо,negative_feedback,general,escalation_flow,augmented,simple
2026,виниры сколько стоит?,faq,price,faq_flow,variation,simple
5962,"Подскажите, добрый день пожалуйста",conversational,greeting,conversation_flow,augmented,complex
4565,После лечение каналов у Смирновой стало хуже?!,negative_feedback,quality,escalation_flow,augmented,medium
5850,удаление это больно 👍,faq,procedure,faq_flow,augmented,simple
9151,"Привет, привет?!",conversational,greeting,conversation_flow,augmented,complex
2866,У меня боль при жевании день,anamnesis,symptom,anamnesis_flow,variation,medium
7513,"Привет, не сейчас",conversational,unclear,clarification_flow,augmented,complex
1282,"Скажите, скажите, работаете в пятницу?",faq,clinic_info,faq_flow,augmented,complex
2060,"Добрый день, а можно по-другому?",faq,followup,faq_flow,augmented,complex
7788,Приду пожалуйста 👍,conversational,confirmation,conversation_flow,augmented,simple
1865,ЗДРАВСТВЙУТЕ!,conversational,greeting,conversation_flow,augmented,simple
2437,почём консультацию,faq,price,faq_flow,augmented,simple
6347,Интересует протезирование!!,anamnesis,services,anamnesis_flow,augmented,simple
8117,Добрыйд ень заранее спасибо,conversational,greeting,conversation_flow,augmented,simple
2711,Сколько нельзя есть после реставрацию?,faq,visit_prep,faq_flow,variation,simple
7776,Треснул зуб 🙏,anamnesis,complaint,anamnesis_flow,augmented,simple
4191,Можно перенести на сегодня спасибо,booking,reschedule,booking_flow,augmented,simple
2956,"Поясните, пожалусйта",faq,followup,faq_flow,augmented,complex
6680,Сколько стоит элайнеРы!!,faq,price,faq_flow,augmented,simple
4591,Запись к ортодонту на воскресенье 😊,booking,new_appointment,booking_flow,augmented,medium
1253,"Привет, хочу попасть на приём",booking,new_appointment,booking_flow,augmented,complex
5290,"Отмените запись, форс-мажор",booking,cancel,booking_flow,variation,simple
9993,Интересует КТ спасибо,anamnesis,services,anamnesis_flow,augmented,simple
136,"Привет, какая цена на чистку?",faq,price,faq_flow,augmented,complex
9036,Не уверен 😢,conversational,unclear,clarification_flow,augmented,simple
6900,После отбеливание у Новикова стало хуже,negative_feedback,quality,escalation_flow,variation,medium
7809,Зубы стали опдвижными,anamnesis,complaint,anamnesis_flow,augmented,simple
3743,Требую комепнсацию,negative_feedback,general,escalation_flow,augmented,simple
3761,Плохая клиника пожалуйста,negative_feedback,general,escalation_flow,augmented,simple
7771,Хочу снимок 😢,anamnesis,services,anamnesis_flow,augmented,simple
4784,Какая цена на протезирование?,faq,price,faq_flow,variation,simple
9471,Хочу отменить запись!,booking,cancel,booking_flow,augmented,simple
7104,"ПРИВЕТ, ОТМЕНИТЕ ЗАПИСЬ, УЕЗЖАЮ",booking,cancel,booking_flow,augmented,complex
4529,"Скажите, всего хорошего 😢",conversational,farewell,conversation_flow,augmented,complex
668,"Подскажите, сломался протез заранее спасибо",anamnesis,complaint,anamnesis_flow,augmented,complex
8804,Расскажите боьлше,faq,followup,faq_flow,augmented,simple
8262,Подскажите подробнее 😢,faq,followup,faq_flow,augmented,simple
5995,"Здравствуйте, возможно",conversational,unclear,clarification_flow,augmented,complex
9617,Как проходит отбеливание пожалуйста?!,faq,procedure,faq_flow,augmented,simple
3730,Надоп осоветоваться,conversational,unclear,clarification_flow,augmented,simple
2102,Интересуют элайнеры!!,anamnesis,services,anamnesis_flow,augmented,simple
9492,"Привет, есть 3D-томограф заранее спасибо",faq,clinic_info,faq_flow,augmented,complex
819,Волкова был груб пожалуйста,negative_feedback,staff,escalation_flow,augmented,simple
1065,"Подскажите, откололся кусочек зуба спасибо",anamnesis,complaint,anamnesis_flow,augmented,complex
5366,После элайнеры у Лебедевой стало хуже,negative_feedback,quality,escalation_flow,variation,medium
468,"Добрый день, хочу возврат",negative_feedback,general,escalation_flow,augmented,complex
8729,Посвоетуюсь,conversational,unclear,clarification_flow,augmented,simple
7423,Мне не перезвонили три дня?,negative_feedback,service_issue,escalation_flow,augmented,simple
3281,Не сообщиил о переносе,negative_feedback,service_issue,escalation_flow,augmented,simple
2951,"Здравствуйте, запись к ортодонту на воскресенье",booking,new_appointment,booking_flow,augmented,complex
9637,Никто не перезвонил!!,negative_feedback,service_issue,escalation_flow,augmented,simple
5050,Есть альетрнативы?,faq,procedure,faq_flow,augmented,simple
4729,"Привет, подскажите, запись к детскому стоматологу на вечер",booking,new_appointment,booking_flow,augmented,complex
4148,А если я нЕ буду!!,faq,followup,faq_flow,augmented,simple
7399,"Скажите, договорились",conversational,confirmation,conversation_flow,augmented,complex
3255,Здрасте пожалуйста спасибо,conversational,greeting,conversation_flow,augmented,simple
7418,Сколкьо держится?,faq,procedure,faq_flow,augmented,simple
8092,До встречи!!,conversational,farewell,conversation_flow,augmented,simple
5316,что делать если отёк!,faq,visit_prep,faq_flow,augmented,simple
4015,А вдруг не получится?,faq,followup,faq_flow,template,simple
6538,Нужно лечение кариеса 🙏,anamnesis,services,anamnesis_flow,augmented,simple
5349,лечение кариеса это блоьно!!,faq,procedure,faq_flow,augmented,simple
5398,чистку не помогло,negative_feedback,quality,escalation_flow,variation,simple
5670,"Добрый день, есть ортооднт?",faq,clinic_info,faq_flow,augmented,complex
6926,хочу поставить имплант 😢,anamnesis,services,anamnesis_flow,augmented,simple
7764,"Подскажите, понял?",conversational,confirmation,conversation_flow,augmented,complex
1044,Хочу записаться к стоматологу,booking,new_appointment,booking_flow,template,simple
2892,Перезвоню!!,conversational,unclear,clarification_flow,augmented,simple
8866,Прикусил язык пожалуйста...,anamnesis,complaint,anamnesis_flow,augmented,simple
1481,Всего доброг о👍,conversational,farewell,conversation_flow,augmented,simple
6093,Отказ от записи,booking,cancel,booking_flow,template,simple
9736,"шатается зуб, что делать 😢.",anamnesis,complaint,anamnesis_flow,augmented,complex
2963,Врач Волкова не объяснил!!,negative_feedback,staff,escalation_flow,augmented,simple
5793,КАКАЯ ЦЕНА НА КОНСУЛЬТАЦИЮ,faq,price,faq_flow,augmented,simple
2836,Когда работаете...,faq,clinic_info,faq_flow,augmented,simple
3676,"Здравствуйте, запись к гигиенисту на утро",booking,new_appointment,booking_flow,augmented,complex
9662,"ПОДСКАЖИТЕ, НЕДОПУСТИМО",negative_feedback,general,escalation_flow,augmented,complex
5617,А если я не буду 👍,faq,followup,faq_flow,augmented,medium
9413,Спсаибо 🙏,conversational,gratitude,conversation_flow,augmented,simple
8250,Надо посовеотваться спасибо,conversational,unclear,clarification_flow,augmented,simple
2073,Благодарю вас 👍,conversational,gratitude,conversation_flow,augmented,simple
4658,Что если не поможет?!,faq,followup,faq_flow,augmented,simple
708,Брекет откелился,anamnesis,complaint,anamnesis_flow,augmented,simple
6879,"Здравствуйте, что если не поможет?",faq,followup,faq_flow,augmented,complex
5563,Может быьт спасибо,conversational,unclear,clarification_flow,augmented,simple
3054,Ждалс о вчера,negative_feedback,service_issue,escalation_flow,augmented,simple
526,А что лучше заранее сапсибо,faq,followup,faq_flow,augmented,simple
6428,До свидания 😢 🦷,conversational,farewell,conversation_flow,augmented,simple
2476,Приём начался с опозданием,negative_feedback,service_issue,escalation_flow,template,simple
5483,Ждал давно,negative_feedback,service_issue,escalation_flow,variation,simple
8675,Что вы рекомендутее?,faq,followup,faq_flow,augmented,simple
7813,Хочу оставить жалобу...,negative_feedback,general,escalation_flow,augmented,simple
4983,Хочу КТ пожалуйста,anamnesis,services,anamnesis_flow,augmented,simple
184,согласен заранее спасибо,conversational,confirmation,conversation_flow,augmented,simple
3727,Что нельзя после чистку?,faq,visit_prep,faq_flow,variation,simple
1913,Спс 👍,conversational,gratitude,conversation_flow,augmented,simple
2366,"Добрый день, есть лазер",faq,clinic_info,faq_flow,augmented,complex
2817,Запись к эндодонтисту на понедельник,booking,new_appointment,booking_flow,variation,simple
2970,Надо посоветоваьтся,conversational,unclear,clarification_flow,augmented,simple
6972,Что выр екомендуете 👍,faq,followup,faq_flow,augmented,simple
9676,"Не смогу прийти, уезжаю заранее спасибо пожалуйста",booking,cancel,booking_flow,augmented,complex
4129,Врач иСдорова не объяснил,negative_feedback,staff,escalation_flow,augmented,simple
7971,"Отмените, пожалуйста?!",booking,cancel,booking_flow,augmented,complex
3874,Хорошего дня!!,conversational,farewell,conversation_flow,augmented,simple
552,"привет, привет",conversational,greeting,conversation_flow,augmented,complex
3443,"Добрый день, очень долго ждал 😊",negative_feedback,service_issue,escalation_flow,augmented,complex
1571,Спасибо большое 👍?,conversational,gratitude,conversation_flow,augmented,simple
714,Нужно лечение кариеса 😊,anamnesis,services,anamnesis_flow,augmented,simple
7146,Доброе утро 😊,conversational,greeting,conversation_flow,augmented,simple
61,Спаисбо,conversational,gratitude,conversation_flow,augmented,simple
1107,Есть время на пятницу?!,booking,new_appointment,booking_flow,augmented,simple
9329,Спс заарнее спасибо,conversational,gratitude,conversation_flow,augmented,simple
8232,"Да, хоршоо!",conversational,confirmation,conversation_flow,augmented,complex
870,Запись к ортодонту на четверг,booking,new_appointment,booking_flow,variation,simple
8772,"Подксажите, уберите мою запись",booking,cancel,booking_flow,augmented,complex
1360,"Здравствуйте, хочу имплантацию",anamnesis,services,anamnesis_flow,augmented,complex
7403,зубм удрости немного болит,anamnesis,symptom,anamnesis_flow,augmented,simple
8708,Доброе утро 🦷 👍,conversational,greeting,conversation_flow,augmented,simple
6943,"Подскажите, сколько стоит протезирование 👍",faq,price,faq_flow,augmented,complex
4601,КОРОНКА СЛЕТЕЛА пожалуйста,anamnesis,complaint,anamnesis_flow,augmented,simple
9981,"Добрый день, болит верхний зуб уже несколько дней",anamnesis,symptom,anamnesis_flow,augmented,complex
6640,После КТ у Лебедевой стало хуже,negative_feedback,quality,escalation_flow,variation,medium
4912,Нужно КТ,anamnesis,services,anamnesis_flow,variation,simple
1590,Работаете в вечер?,faq,clinic_info,faq_flow,variation,simple
7359,Моей записи нет 😊,negative_feedback,service_issue,escalation_flow,augmented,simple
216,"ЗАБОЛЕЛ, НЕ ПРИДУ 😢",booking,cancel,booking_flow,augmented,complex
4602,"Привет, долго ли это 🦷",faq,procedure,faq_flow,augmented,complex
9187,Лебедевой был груб пожалуйста,negative_feedback,staff,escalation_flow,augmented,simple
4337,Хочу брекеты 👍,anamnesis,services,anamnesis_flow,augmented,simple
7958,Стоимотсь удаления спасибо,faq,price,faq_flow,augmented,simple
377,Интересует протезирование 🦷,anamnesis,services,anamnesis_flow,augmented,simple
4661,Сколько нельзя есть после пломбирование?,faq,visit_prep,faq_flow,variation,simple
931,"Привет, сколько нельзя пить алкоголь после виниры пожалуйста",faq,visit_prep,faq_flow,augmented,complex
4583,Врач Лебедевой не объяснил!!,negative_feedback,staff,escalation_flow,augmented,simple
3410,Сколько нельзя пить после виниры пожалуйста,faq,visit_prep,faq_flow,augmented,medium
1269,Сколько нельзя пить алкоголь послек онсультацию?,faq,visit_prep,faq_flow,augmented,medium
5939,До свиданяи!,conversational,farewell,conversation_flow,augmented,simple
9578,"Подскажите, спасибо заранее спасибо",conversational,gratitude,conversation_flow,augmented,complex
1351,"Здравствуйте, верните деньги пожалуйста",negative_feedback,general,escalation_flow,augmented,complex
2954,ЗАПИСАЛ 🦷,conversational,confirmation,conversation_flow,augmented,simple
9998,"Спасибо, всё понятно спасибо",conversational,gratitude,conversation_flow,augmented,complex
3655,Перезпаишите на день,booking,reschedule,booking_flow,augmented,simple
7942,"Здравствуйте, привет пожалуйста",conversational,greeting,conversation_flow,augmented,complex
1309,"Подскажите, невежливое обслуживание",negative_feedback,staff,escalation_flow,augmented,complex
2179,Есть WhatsApp!,faq,clinic_info,faq_flow,augmented,simple
573,А если я не буду 🦷!!,faq,followup,faq_flow,augmented,medium
8664,Запись к ортодонту на утро 🙏,booking,new_appointment,booking_flow,augmented,medium
3972,Что нельзя после осмотр?,faq,visit_prep,faq_flow,variation,simple
13,"Спасбио, д освидания",conversational,gratitude,conversation_flow,augmented,complex
2809,"Привет, пдоумаю",conversational,unclear,clarification_flow,augmented,complex
1455,верхний зуб болит ночью,anamnesis,symptom,anamnesis_flow,variation,simple
6808,Врач Лебедевой не объяснил пожалуйста,negative_feedback,staff,escalation_flow,augmented,simple
9104,Очень долго жадл,negative_feedback,service_issue,escalation_flow,augmented,simple
8752,Хоуч пожаловаться,negative_feedback,general,escalation_flow,augmented,simple
5565,"Подскажите, приветствую",conversational,greeting,conversation_flow,augmented,complex
7030,А обязательон?,faq,followup,faq_flow,augmented,simple
1445,СКОЛЬКО НЕЛЬЗЯ ЗАНИМАТЬСЯ СПОРТОМ ПОСЛЕ ЭЛАЙНЕРЫ.,faq,visit_prep,faq_flow,augmented,medium
4899,Как подготовиться к пломбирование?,faq,visit_prep,faq_flow,variation,simple
5071,У меня чувствительность давно,anamnesis,symptom,anamnesis_flow,variation,simple
790,Ждал сов чера,negative_feedback,service_issue,escalation_flow,augmented,simple
6812,"Подскажите, принимаете рассрочку?",faq,clinic_info,faq_flow,augmented,complex
9326,Всего хорошего 🙏 заранее спасибо,conversational,farewell,conversation_flow,augmented,simple
4224,Сколько длится профгигиену 😢,faq,procedure,faq_flow,augmented,simple
6074,Сколько нельзя курить после снимок пожалуйста,faq,visit_prep,faq_flow,augmented,medium
2811,осмотр это больно,faq,procedure,faq_flow,augmented,simple
5449,"Скажите, какая цена на профгигиену?",faq,price,faq_flow,augmented,complex
3239,"Подскажите, можно перенести на пятницу?",booking,reschedule,booking_flow,augmented,complex
6936,"Здравствуйте, до встречи?",conversational,farewell,conversation_flow,augmented,complex
5038,Не могу дозвониться!!,negative_feedback,service_issue,escalation_flow,augmented,simple
3024,"Скажите, где находится клиника?",faq,clinic_info,faq_flow,augmented,complex
2979,Привет 😢,conversational,greeting,conversation_flow,augmented,simple
8245,Эт обезобразие,negative_feedback,general,escalation_flow,augmented,simple
9131,У меня треснул зуб пожалуйста,anamnesis,complaint,anamnesis_flow,augmented,simple
8196,"Привет, нужно удаление",anamnesis,services,anamnesis_flow,augmented,complex
4517,Брекет отклеился 🦷,anamnesis,complaint,anamnesis_flow,augmented,simple
2210,чистку это больно,faq,procedure,faq_flow,augmented,simple
5395,"Скажите, здравствуйте, какая цена на осмотр?",faq,price,faq_flow,augmented,complex
3954,Посл ереставрацию у Иванова стало хуже,negative_feedback,quality,escalation_flow,augmented,medium
2056,ПЛОМБИРОВАНИЕ ЭТО БОЛЬНО,faq,procedure,faq_flow,augmented,simple
3485,"Здравствуйте, работаете в понедельник?",faq,clinic_info,faq_flow,augmented,complex
7933,"ЗДРАВСТВУЙТЕ, ЧАСЫ РАБОТЫ?",faq,clinic_info,faq_flow,augmented,complex
7996,Подуамю,conversational,unclear,clarification_flow,augmented,simple
2595,"добрый день, как проходит удаление?",faq,procedure,faq_flow,augmented,complex
8997,ЛаДно 👍,conversational,confirmation,conversation_flow,augmented,simple
7540,"Привет, хочу почистить зубы",anamnesis,services,anamnesis_flow,augmented,complex
102,Почём пломбирование 🙏,faq,price,faq_flow,augmented,simple
6000,Какие врачи работают?,faq,clinic_info,faq_flow,template,simple
6486,зуб мудрости болит периодически,anamnesis,symptom,anamnesis_flow,variation,simple
4466,Ретейнер отклеился 😊,anamnesis,complaint,anamnesis_flow,augmented,simple
4651,Нагрубили 🦷,negative_feedback,staff,escalation_flow,augmented,simple
9835,"Спаисбо, до свидания",conversational,gratitude,conversation_flow,augmented,complex
8861,"Подскажите, врач Иванова не объяснил",negative_feedback,staff,escalation_flow,augmented,complex
4370,Отмена записи 🦷 😢,booking,cancel,booking_flow,augmented,simple
7459,Очень благдоарен,conversational,gratitude,conversation_flow,augmented,simple
5707,Приветствую 🦷 🦷,conversational,greeting,conversation_flow,augmented,simple
2335,Хочу возврат,negative_feedback,general,escalation_flow,template,simple
4704,"Здравствуйте, позже спасибо",conversational,unclear,clarification_flow,augmented,complex
1397,Перенесите на серду,booking,reschedule,booking_flow,augmented,simple
8950,Хочу сдвинуть время 😢,booking,reschedule,booking_flow,augmented,simple
9004,Сколько нельзя курить после КТ,faq,visit_prep,faq_flow,augmented,simple
1550,Есть WhatsApp 🦷,faq,clinic_info,faq_flow,augmented,simple
3551,Запись к эндодонтисту на на этой неделе!!,booking,new_appointment,booking_flow,augmented,medium
7415,"Привет, недоволен обслуживанеим",negative_feedback,general,escalation_flow,augmented,complex
2953,Есть имплатнолог?,faq,clinic_info,faq_flow,augmented,simple
4965,"Здравствуйте, доброе утро!",conversational,greeting,conversation_flow,augmented,complex
5152,профгигиенуэ то больно?,faq,procedure,faq_flow,augmented,simple
2580,Во сколько обойдётся,faq,price,faq_flow,augmented,simple
3241,Работаете по ДМС?,faq,clinic_info,faq_flow,template,simple
8817,А МОЖНО ПО-ДРУГОУМ?,faq,followup,faq_flow,augmented,simple
1004,Приду пожалуйста?!,conversational,confirmation,conversation_flow,augmented,simple
2619,Врач был невнимателен 🦷,negative_feedback,staff,escalation_flow,augmented,simple
2854,Болит верхняя десна уже день,anamnesis,symptom,anamnesis_flow,variation,simple
9039,"Подскажите, ждал неделю",negative_feedback,service_issue,escalation_flow,augmented,complex
8465,Хочу на эту неделю,booking,new_appointment,booking_flow,template,simple
3416,Перезапишите на 10:00 пожалуйста,booking,reschedule,booking_flow,augmented,simple
4757,Сколько дилтся протезирование?,faq,procedure,faq_flow,augmented,simple
9820,Что нельзя после реставрацию?,faq,visit_prep,faq_flow,variation,simple
8764,"Здравствуйте, хОЧУ ПОЖАЛОВАТЬСЯ",negative_feedback,general,escalation_flow,augmented,complex
9208,Сколько нельзя заниматься спортом после снимок пожалуйста,faq,visit_prep,faq_flow,augmented,medium
8854,Доброе утро.,conversational,greeting,conversation_flow,augmented,simple
4094,соглаесн,conversational,confirmation,conversation_flow,augmented,simple
6539,"Привет, здравствуйте, благодарю",conversational,gratitude,conversation_flow,augmented,complex
4194,"Поясните, поажлуйста",faq,followup,faq_flow,augmented,complex
8847,запись к ортопеду на утро 🦷,booking,new_appointment,booking_flow,augmented,medium
2232,"Добрый день, добрый день, всего доброго",conversational,farewell,conversation_flow,augmented,complex
2683,Работаете в утро,faq,clinic_info,faq_flow,augmented,simple
8459,Как проходит коронку?,faq,procedure,faq_flow,variation,simple
6963,Какая цена на осмотр?,faq,price,faq_flow,variation,simple
3697,Отменит езапись,booking,cancel,booking_flow,augmented,simple
1559,коронку сколько стоит 😢,faq,price,faq_flow,augmented,simple
8320,Отмените приём спасибо,booking,cancel,booking_flow,augmented,simple
4547,ЗАПИСЬ К ДЕТСКОМУ СТОМАТОЛОГУ НА ЧЕТВЕРГ?!,booking,new_appointment,booking_flow,augmented,medium
1444,Не знаю 😢,conversational,unclear,clarification_flow,augmented,simple
5526,Хорошего дня 🦷?!,conversational,farewell,conversation_flow,augmented,simple
9072,"Здравствуйте, а что будет если 🙏",faq,followup,faq_flow,augmented,complex
4906,"ПОЯСНИТЕ, ПОЖЛАУЙСТА",faq,followup,faq_flow,augmented,complex
3165,"Привет, договорились",conversational,confirmation,conversation_flow,augmented,complex
1042,"Здравствуйте, имплантацию это больно!",faq,procedure,faq_flow,augmented,complex
6310,Большое спасибо спасибо,conversational,gratitude,conversation_flow,augmented,simple
9739,Не знаю 👍!,conversational,unclear,clarification_flow,augmented,simple
5556,Ждал давно?!,negative_feedback,service_issue,escalation_flow,augmented,simple
1999,Перенесите на следующую неделю,booking,reschedule,booking_flow,template,simple
1906,"Заболел, не приду...",booking,cancel,booking_flow,augmented,complex
2342,коренной зуб болит немного,anamnesis,symptom,anamnesis_flow,variation,simple
6367,"Подскажите, треснул зуб",anamnesis,complaint,anamnesis_flow,augmented,complex
5480,"Добрый день, пРИНЯТО",conversational,confirmation,conversation_flow,augmented,complex
9782,"Подскажите, здравствуйте",conversational,greeting,conversation_flow,augmented,complex
3983,Хочу лечение каналов...,anamnesis,services,anamnesis_flow,augmented,simple
5604,Персонал хамит.,negative_feedback,staff,escalation_flow,augmented,simple
1443,Можно перенести на воскресенье пожалуйста,booking,reschedule,booking_flow,augmented,simple
2681,"Привет, сколько нельзя пить алкоголь после брекеты?",faq,visit_prep,faq_flow,augmented,complex
7521,Что нельзя после удаление,faq,visit_prep,faq_flow,augmented,simple
7070,Привет 🦷?,conversational,greeting,conversation_flow,augmented,simple
486,Как проходит имплантацию?,faq,procedure,faq_flow,variation,simple
7135,Что если неп оможет?,faq,followup,faq_flow,augmented,simple
9776,"отмените запись, заболел!!",booking,cancel,booking_flow,augmented,complex
6106,Сколько нельзя курить после элайнеры?,faq,visit_prep,faq_flow,variation,simple
8512,ОТМЕНА ЗАПИСИ!!,booking,cancel,booking_flow,augmented,simple
8518,"Здравствуйте, сколько стоит протезирование?",faq,price,faq_flow,augmented,complex
2071,снимите емня с записи,booking,cancel,booking_flow,augmented,simple
1367,"Здравствуйте, хорошего дня 😊",conversational,farewell,conversation_flow,augmented,complex
2566,можно перенести на в ближайшее время 😢,booking,reschedule,booking_flow,augmented,medium
653,консультацию сколько стоит?!,faq,price,faq_flow,augmented,simple
5405,Мне не перезвонили несколько дней 😢,negative_feedback,service_issue,escalation_flow,augmented,medium
6741,Перенесите на воскресенье спасибо,booking,reschedule,booking_flow,augmented,simple
8878,А врдуг не получится?,faq,followup,faq_flow,augmented,simple
7368,Запись к эндодонтисту на на этой неделе,booking,new_appointment,booking_flow,variation,medium
852,Сколько длится брекеты.,faq,procedure,faq_flow,augmented,simple
946,Не уверен 🙏,conversational,unclear,clarification_flow,augmented,simple
6489,А обязательно спасибо пожалуйста,faq,followup,faq_flow,augmented,simple
1516,"Добрый день, согласен",conversational,confirmation,conversation_flow,augmented,complex
9596,Петровойбы л груб,negative_feedback,staff,escalation_flow,augmented,simple
5026,"Подскажите, не решил ещё",conversational,unclear,clarification_flow,augmented,complex
6702,"Да, конечно?!",conversational,confirmation,conversation_flow,augmented,complex
8766,"Привет, сколько стоит протезирование...",faq,price,faq_flow,augmented,complex
423,Появиласья звочка во рту,anamnesis,complaint,anamnesis_flow,augmented,simple
1295,Сколько нельзя курить после пломбирование?,faq,visit_prep,faq_flow,variation,simple
3446,До встречи 😢,conversational,farewell,conversation_flow,augmented,simple
182,"Отмените запиьс, не смогу",booking,cancel,booking_flow,augmented,complex
8362,Сколько длиТся консультацию,faq,procedure,faq_flow,augmented,simple
2837,понял заранее спасибо,conversational,confirmation,conversation_flow,augmented,simple
1930,"Спасибо, од свиДания",conversational,gratitude,conversation_flow,augmented,complex
1659,Сколько стоит лечение кариеса,faq,price,faq_flow,augmented,simple
9615,Хочу возврат 🙏 👍,negative_feedback,general,escalation_flow,augmented,simple
4730,Верните деньги!!,negative_feedback,general,escalation_flow,augmented,simple
9704,Добрый вчеер,conversational,greeting,conversation_flow,augmented,simple
7684,"Здравствуйте, как проходит пломбирование?",faq,procedure,faq_flow,augmented,complex
4016,"Добрый день, подскажите подробнее",faq,followup,faq_flow,augmented,complex
5383,отбеливание сколько стоит?,faq,price,faq_flow,variation,simple
4683,Что вы рекомендуете?!,faq,followup,faq_flow,augmented,simple
7629,а чот лучше?,faq,followup,faq_flow,augmented,simple
3035,ПОКА пожалуйста,conversational,farewell,conversation_flow,augmented,simple
4617,"Здравствуйте, скажите, не решил ещё",conversational,unclear,clarification_flow,augmented,complex
4497,"Здравствуйте, ясно заранее спасибо",conversational,confirmation,conversation_flow,augmented,complex
4435,ПЕРЕНЕСИТЕ НА УТРО СПАСИБО,booking,reschedule,booking_flow,augmented,simple
1609,ДО СКОЛЬКИ РАБОТАЕТЕ!!,faq,clinic_info,faq_flow,augmented,simple
788,НАДО ПОДУМАТЬ 😊,conversational,unclear,clarification_flow,augmented,simple
5248,Требую компенсацию.,negative_feedback,general,escalation_flow,augmented,simple
8738,После чистку у Кузнецовой стало хуже...,negative_feedback,quality,escalation_flow,augmented,medium
8221,"не смогу прийти, форс-мажор спасибо",booking,cancel,booking_flow,augmented,complex
4371,У меня пульсирующая боль месяц,anamnesis,symptom,anamnesis_flow,variation,simple
1992,"Подскажите, возможно?",conversational,unclear,clarification_flow,augmented,complex
4024,Благодарю вас...,conversational,gratitude,conversation_flow,augmented,simple
5649,Приветствую спасибо,conversational,greeting,conversation_flow,augmented,simple
6395,доброе утро спасибо,conversational,greeting,conversation_flow,augmented,simple
8673,После виниры у Петровой стало хуже,negative_feedback,quality,escalation_flow,variation,medium
9272,Это безобразие?!,negative_feedback,general,escalation_flow,augmented,simple
4818,Запись к хирургу на пятницу заранее спасибо,booking,new_appointment,booking_flow,augmented,medium
848,Спасибо 🙏 😢,conversational,gratitude,conversation_flow,augmented,simple
7395,"Привет, сколько длится лечение каналов?",faq,procedure,faq_flow,augmented,complex
8097,почём читску?,faq,price,faq_flow,augmented,simple
9784,"Здравствуйте, интересует чистку",anamnesis,services,anamnesis_flow,augmented,complex
6863,Сколько стоит лечение?!,faq,price,faq_flow,augmented,simple
5518,"Привет, хочу удаление",anamnesis,services,anamnesis_flow,augmented,complex
2023,консультацию это больно.,faq,procedure,faq_flow,augmented,simple
1379,Запись к эндодонтисту ан сегодня,booking,new_appointment,booking_flow,augmented,simple
5144,Перезвоню спасибо,conversational,unclear,clarification_flow,augmented,simple
440,добрый днеь!,conversational,greeting,conversation_flow,augmented,simple
7355,КАК ПРОХОДИТ ЭЛАЙНЕРЫ ЗАРАНЕЕ СПАСИБО,faq,procedure,faq_flow,augmented,simple
469,Хочу выровнять зубы пожалуйста,anamnesis,services,anamnesis_flow,augmented,simple
6270,Запись к гигиенисту на четверг спасибо,booking,new_appointment,booking_flow,augmented,medium
9963,"Скажите, винир отклеился",anamnesis,complaint,anamnesis_flow,augmented,complex
4847,Врач Петровой не объяснил пожалуйста,negative_feedback,staff,escalation_flow,augmented,simple
4230,У меня шатается зуб пожалуйста,anamnesis,complaint,anamnesis_flow,augmented,simple
6896,Есть ли скидки?,faq,price,faq_flow,template,simple
6244,"Отменит езапись, не смогу",booking,cancel,booking_flow,augmented,complex
3839,Можно перенести на пятницу 🦷,booking,reschedule,booking_flow,augmented,simple
634,Какая цена на лечение каналов 🦷,faq,price,faq_flow,augmented,medium
5134,нижний зуб болит сильно,anamnesis,symptom,anamnesis_flow,variation,simple
8625,Хочу имплантацию спасибо заранее спасибо,anamnesis,services,anamnesis_flow,augmented,simple
9952,есть наркоз,faq,clinic_info,faq_flow,augmented,simple
3675,Можно записаться онлайн?,faq,clinic_info,faq_flow,template,simple
6009,Хочу поставить брекеты!,anamnesis,services,anamnesis_flow,augmented,simple
8375,"Отмените запись, не смогу 🦷",booking,cancel,booking_flow,augmented,complex
4653,"Добрый день, нужно снимок!!",anamnesis,services,anamnesis_flow,augmented,complex
1272,Буду спасибо спасибо,conversational,confirmation,conversation_flow,augmented,simple
5301,Болшьое спасибо 🙏,conversational,gratitude,conversation_flow,augmented,simple
7312,Есть WhatsApp?,faq,clinic_info,faq_flow,template,simple
6332,Что посоветуете 🙏,faq,followup,faq_flow,augmented,simple
1553,Какие ещё варианыт,faq,followup,faq_flow,augmented,simple
1306,Благодарю вас спасибо?,conversational,gratitude,conversation_flow,augmented,simple
8719,Сколько стоит лечение кариеса?!,faq,price,faq_flow,augmented,simple
7380,"Здравствуйте, скажите, врач Иванова не объяснил",negative_feedback,staff,escalation_flow,augmented,complex
4060,зуб мудрости болит немного,anamnesis,symptom,anamnesis_flow,variation,simple
1184,Где находится клиника?,faq,clinic_info,faq_flow,template,simple
7053,да спасибо,conversational,confirmation,conversation_flow,augmented,simple
522,Не ршеил ещё,conversational,unclear,clarification_flow,augmented,simple
640,Болит зуб мудрости уже три дня 😢,anamnesis,symptom,anamnesis_flow,augmented,medium
6132,"Привет, здравствуйте, позже",conversational,unclear,clarification_flow,augmented,complex
5610,"Добрый день, врач Смирновой не объяснил",negative_feedback,staff,escalation_flow,augmented,complex
7257,Спсаибо 😊,conversational,gratitude,conversation_flow,augmented,simple
281,Сидорова был груб!,negative_feedback,staff,escalation_flow,augmented,simple
833,Хочу оставить жалобу?,negative_feedback,general,escalation_flow,augmented,simple
360,Эй!,conversational,greeting,conversation_flow,augmented,simple
985,Требую компенсацию 😢,negative_feedback,general,escalation_flow,augmented,simple
3355,Болит зуб уже два дня,anamnesis,symptom,anamnesis_flow,variation,simple
3434,зуб очень болит,anamnesis,symptom,anamnesis_flow,variation,simple
1636,Сколько нельзя курить после удаление пожалуйста,faq,visit_prep,faq_flow,augmented,medium
8644,Спасибо за информацию,conversational,gratitude,conversation_flow,template,simple
3592,Благодарю 👍,conversational,gratitude,conversation_flow,augmented,simple
3629,Расскажите больше 👍,faq,followup,faq_flow,augmented,simple
9221,Перезапишите на день 🦷,booking,reschedule,booking_flow,augmented,simple
8694,Сколько нельзя куритьп осле КТ?,faq,visit_prep,faq_flow,augmented,simple
1610,Не сейчас,conversational,unclear,clarification_flow,template,simple
4340,Отмените запись...,booking,cancel,booking_flow,augmented,simple
2843,Перезапишите на день 👍,booking,reschedule,booking_flow,augmented,simple
6089,Болит коренной зуб уже с утра пожалуйста,anamnesis,symptom,anamnesis_flow,augmented,medium
2099,"Спасибо, до свидания?!",conversational,gratitude,conversation_flow,augmented,complex
6287,"Да, конечно пожалуйста",conversational,confirmation,conversation_flow,augmented,complex
5346,Ждал две недлеи,negative_feedback,service_issue,escalation_flow,augmented,simple
6586,"Скажите, подскажите, снимите меня с записи",booking,cancel,booking_flow,augmented,complex
3428,Врач Кзунецовой не объяснил,negative_feedback,staff,escalation_flow,augmented,simple
2738,Элайнер треснул!!,anamnesis,complaint,anamnesis_flow,augmented,simple
7911,Что лучше выбрать заранее спасибо,faq,procedure,faq_flow,augmented,simple
7386,Есть наркоз?,faq,clinic_info,faq_flow,variation,simple
9043,кузнецовой был груб?!,negative_feedback,staff,escalation_flow,augmented,simple
4795,"Спасибо, вс ёпонятно",conversational,gratitude,conversation_flow,augmented,complex
4202,Здравствутйе,conversational,greeting,conversation_flow,augmented,simple
8162,"Здравствуйте, недопустимо",negative_feedback,general,escalation_flow,augmented,complex
3948,Есть ночной приём.,faq,clinic_info,faq_flow,augmented,simple
5263,"СКАЖИТЕ, НЕВЕЖЛИВО ОТВЕТИЛИ",negative_feedback,staff,escalation_flow,augmented,complex
2468,"Привет, есть микроскоп?",faq,clinic_info,faq_flow,augmented,complex
3053,Можно на другой день?!,booking,reschedule,booking_flow,augmented,simple
7076,пердений зуб сильно болит,anamnesis,symptom,anamnesis_flow,augmented,simple
290,Хочу консультацию пожалуйста,anamnesis,services,anamnesis_flow,augmented,simple
6251,МН ЕНЕ ПЕРЕЗВОНИЛИ МЕСЯЦ,negative_feedback,service_issue,escalation_flow,augmented,simple
8278,Нес ейчас?,conversational,unclear,clarification_flow,augmented,simple
212,После виниры у Морозовой стало хуже,negative_feedback,quality,escalation_flow,variation,medium
131,Здрасет?,conversational,greeting,conversation_flow,augmented,simple
60,Можно епренести на среду?,booking,reschedule,booking_flow,augmented,simple
7288,А что лучше пожалуйста заранее спасибо,faq,followup,faq_flow,augmented,medium
817,коронку сколько стоит?,faq,price,faq_flow,variation,simple
108,"Не смогу прийти, занят на работе заранее спасибо",booking,cancel,booking_flow,augmented,complex
5858,"Скажите, у меня пульсирующа яболь день",anamnesis,symptom,anamnesis_flow,augmented,complex
2862,"Уточните, пожалуйста пожалуйста",faq,followup,faq_flow,augmented,complex
2095,Мне не перезвонили два ндя,negative_feedback,service_issue,escalation_flow,augmented,simple
6401,"Здравствуйте, перезапишите на день заранее спасибо",booking,reschedule,booking_flow,augmented,complex
1405,КОРОНКА СЛЕТЕЛА?!,anamnesis,complaint,anamnesis_flow,augmented,simple
3095,Точно нжуно?,faq,followup,faq_flow,augmented,simple
3036,Сколько нельзя пить после консультацию?,faq,visit_prep,faq_flow,variation,simple
4799,Планирую осмотр,anamnesis,services,anamnesis_flow,variation,simple
3392,Запись к челюстно-лицевому хирургу на завтра,booking,new_appointment,booking_flow,variation,medium
548,Принимаете ДМС спасибо 👍,faq,clinic_info,faq_flow,augmented,simple
8609,Врач Смирновой не объяснил?,negative_feedback,staff,escalation_flow,augmented,simple
7116,Невежливое обслуживание,negative_feedback,staff,escalation_flow,template,simple
773,"Подскажите, скажите, сколько длится консультацию?",faq,procedure,faq_flow,augmented,complex
8893,"Здравствуйте, прощайте?!",conversational,farewell,conversation_flow,augmented,complex
710,Привет пожалуйста!!,conversational,greeting,conversation_flow,augmented,simple
8552,"добрый день, не сообщили о переносе",negative_feedback,service_issue,escalation_flow,augmented,complex
2788,Перезапишите на утро спасибо,booking,reschedule,booking_flow,augmented,simple
8084,"не смогу прийти, уезжаю 🙏",booking,cancel,booking_flow,augmented,complex
8137,После лечения стало хуже...,negative_feedback,quality,escalation_flow,augmented,simple
6195,"Привет, здорово спасибо",conversational,greeting,conversation_flow,augmented,complex
1480,Это безобразие 😢...,negative_feedback,general,escalation_flow,augmented,simple
195,НАДО ПОСОВЕТОВАТЬСЯ?,conversational,unclear,clarification_flow,augmented,simple
1063,ГДЕ ОСТАВИТЬ ЖАЛОБУ СПАСИБО,negative_feedback,general,escalation_flow,augmented,simple
2838,После имплантацию у Иванова стало хуже 👍,negative_feedback,quality,escalation_flow,augmented,medium
3041,КОРОНКА ШАТАЕТСЯ?,anamnesis,complaint,anamnesis_flow,augmented,simple
3287,"Привет, подскажите, недопустимо",negative_feedback,general,escalation_flow,augmented,complex
6201,МОЖНО БЕЗ ЭТОГО,faq,followup,faq_flow,augmented,simple
1408,После осмотр уИ ванова стало хуже,negative_feedback,quality,escalation_flow,augmented,medium
289,"Отмените запись, заболел",booking,cancel,booking_flow,variation,simple
681,Отмена приёма,booking,cancel,booking_flow,template,simple
5485,Сколько стоит профгигиену?,faq,price,faq_flow,variation,simple
8015,После коронку у Морозовой стало хуже,negative_feedback,quality,escalation_flow,variation,medium
9458,Хочу оставить жалобу 😢,negative_feedback,general,escalation_flow,augmented,simple
3293,Хочу кроонку,anamnesis,services,anamnesis_flow,augmented,simple
7461,"Привет, понял",conversational,confirmation,conversation_flow,augmented,complex
9307,Сколько длится протезирование?,faq,procedure,faq_flow,variation,simple
9750,После снимок у Козловой стало хуже,negative_feedback,quality,escalation_flow,variation,medium
305,запись к ортопеду на сегодня заранее спасибо,booking,new_appointment,booking_flow,augmented,medium
3748,Хороешго дня,conversational,farewell,conversation_flow,augmented,simple
8504,"Здравствуйте, нагрубили 😊",negative_feedback,staff,escalation_flow,augmented,complex
7961,Новикова был груб,negative_feedback,staff,escalation_flow,variation,simple
625,"отмените запись, занят на работе!!",booking,cancel,booking_flow,augmented,complex
961,Спасибо 🦷.,conversational,gratitude,conversation_flow,augmented,simple
6567,Спасибо за информацию 🦷,conversational,gratitude,conversation_flow,augmented,simple
112,"Добрый день, ждал день",negative_feedback,service_issue,escalation_flow,augmented,complex
1343,"Привет, запись к челюстно-лицевому хирУргу на на этой неделе",booking,new_appointment,booking_flow,augmented,complex
8587,"Привет, после кт у лебедевой стало хуже",negative_feedback,quality,escalation_flow,augmented,complex
1086,"Здравствуйте, случилось откололся зуб",anamnesis,complaint,anamnesis_flow,augmented,complex
2187,Ужасный сервис...,negative_feedback,general,escalation_flow,augmented,simple
6958,Можно пеернести на сегодня,booking,reschedule,booking_flow,augmented,simple
6429,Может быть 😢,conversational,unclear,clarification_flow,augmented,simple
9639,Нужно лечение каналов,anamnesis,services,anamnesis_flow,variation,simple
6833,После снимок у Смирновой стало хуже,negative_feedback,quality,escalation_flow,variation,medium
6291,"Здравствуйте, спасибо, до свидания 😊",conversational,gratitude,conversation_flow,augmented,complex
1442,язвочки на слизистой спасибо,anamnesis,complaint,anamnesis_flow,augmented,simple
6650,зуб мудрости немного болит,anamnesis,symptom,anamnesis_flow,variation,simple
7343,Хочу отказаться отз аписи,booking,cancel,booking_flow,augmented,simple
5274,Хочув озврат?,negative_feedback,general,escalation_flow,augmented,simple
972,"Подскажите, отмените запись, не смогу",booking,cancel,booking_flow,augmented,complex
5908,"Скажите, до встречи 😊",conversational,farewell,conversation_flow,augmented,complex
8516,Привет!!,conversational,greeting,conversation_flow,augmented,simple
6082,Почём виниры?,faq,price,faq_flow,template,simple
8698,Запись потеряли...,negative_feedback,service_issue,escalation_flow,augmented,simple
6770,"Отемните запись, занят на работе",booking,cancel,booking_flow,augmented,complex
9570,Каакя цена на лечение каналов?,faq,price,faq_flow,augmented,simple
3391,Почём консультацию?,faq,price,faq_flow,variation,simple
3057,До сокрого,conversational,farewell,conversation_flow,augmented,simple
5441,"Добрый день, скажите, как проходит лечение каналов?",faq,procedure,faq_flow,augmented,complex
9246,После протезирование у Кузнецовой стало хуже,negative_feedback,quality,escalation_flow,variation,medium
9828,десна сильно болит спасибо,anamnesis,symptom,anamnesis_flow,augmented,simple
4718,Сколько стоит реставрацию?,faq,price,faq_flow,variation,simple
7159,Добрый еднь!,conversational,greeting,conversation_flow,augmented,simple
9519,Принято заранее спасибо,conversational,confirmation,conversation_flow,augmented,simple
9257,"Подскажите, запсиал",conversational,confirmation,conversation_flow,augmented,complex
7267,"Привет, приём начался с опозданием",negative_feedback,service_issue,escalation_flow,augmented,complex
7786,"Подскажите, да, конечно",conversational,confirmation,conversation_flow,augmented,complex
6070,Точон нужно?,faq,followup,faq_flow,augmented,simple
1031,Хочу реставрацию 🦷,anamnesis,services,anamnesis_flow,augmented,simple
9696,"Добрый день, здравствуйте!",conversational,greeting,conversation_flow,augmented,complex
2396,"ДОБРЫЙ ДЕНЬ, ЕСТЬ ВРЕМЯ НА НА СЛЕДУЮЩЕЙ НЕДЕЛЕ?",booking,new_appointment,booking_flow,augmented,complex
9098,Мне не перезвонили день 😊,negative_feedback,service_issue,escalation_flow,augmented,simple
4303,Ок.,conversational,confirmation,conversation_flow,augmented,simple
2558,"скажите, после консультацию у кузнецовой стало хуже",negative_feedback,quality,escalation_flow,augmented,complex
2020,В Чём разница 🙏,faq,procedure,faq_flow,augmented,simple
4093,Запись к имплантологу на евчер,booking,new_appointment,booking_flow,augmented,simple
2703,Не оплучится прийти,booking,cancel,booking_flow,augmented,simple
3030,"Здравствуйте, работаете в послезавтра?!",faq,clinic_info,faq_flow,augmented,complex
743,Расскажитеб ольше,faq,followup,faq_flow,augmented,simple
6257,Интересует протезирование заранее спасибо,anamnesis,services,anamnesis_flow,augmented,simple
6737,Перенесите наз автра,booking,reschedule,booking_flow,augmented,simple
1486,Можно есть перед приёмом,faq,visit_prep,faq_flow,augmented,simple
5072,работаете в утро!,faq,clinic_info,faq_flow,augmented,simple
9117,верхняя десна периодически болит,anamnesis,symptom,anamnesis_flow,variation,simple
4770,Планирую снимок заранее спасибо,anamnesis,services,anamnesis_flow,augmented,simple
8995,Отказ от записи 🙏,booking,cancel,booking_flow,augmented,simple
1804,Нужно изменить дату приёма,booking,reschedule,booking_flow,template,simple
915,"Подскажите, алло",conversational,greeting,conversation_flow,augmented,complex
7471,После коронку у Новикова стало хуже,negative_feedback,quality,escalation_flow,variation,medium
6302,Волкова был груб.,negative_feedback,staff,escalation_flow,augmented,simple
2445,Как подготовиться к снимок?,faq,visit_prep,faq_flow,variation,simple
9389,"Скажите, можно есть перед приёмом?",faq,visit_prep,faq_flow,augmented,complex
3919,Сколько стоит лечение кариеса!!,faq,price,faq_flow,augmented,simple
8987,Козловой былг руб,negative_feedback,staff,escalation_flow,augmented,simple
7852,"ЗДРАВСТВУЙТЕ, ИЗМЕНИЛИСЬ ПЛАНЫ, НУЖНО ПЕРЕНЕСТИ",booking,reschedule,booking_flow,augmented,complex
6922,Что посоветуете зараене спасибо,faq,followup,faq_flow,augmented,simple
4890,Добрый день заранее спасибо!,conversational,greeting,conversation_flow,augmented,simple
1931,"ЗДРАВСТВУЙТЕ, СИДОРОВА БЫЛ ГРУБ",negative_feedback,staff,escalation_flow,augmented,complex
6100,Хочу имплантацию 🦷,anamnesis,services,anamnesis_flow,augmented,simple
527,Спасибо за помощь заранее спасибо,conversational,gratitude,conversation_flow,augmented,simple
1448,Возомжно!,conversational,unclear,clarification_flow,augmented,simple
3780,До скорого 🦷 заранее спасибо,conversational,farewell,conversation_flow,augmented,simple
1238,сколько нельзя курить после удаление 🦷,faq,visit_prep,faq_flow,augmented,medium
7187,Может быть спасибо,conversational,unclear,clarification_flow,augmented,simple
4687,После КТ у Морозовой стало хуже,negative_feedback,quality,escalation_flow,variation,medium
2306,Спасбио за помощь,conversational,gratitude,conversation_flow,augmented,simple
8561,элайнеры скольок стоит?,faq,price,faq_flow,augmented,simple
5633,Посел чистку у Иванова стало хуже?!,negative_feedback,quality,escalation_flow,augmented,medium
4863,"Подскажите, не совсем понял заранее спасибо",faq,followup,faq_flow,augmented,complex
5027,Добрый день 😊,conversational,greeting,conversation_flow,augmented,simple
8548,КаК проходит реставарцию?,faq,procedure,faq_flow,augmented,simple
9694,Невежливо ответили заранее спасибо,negative_feedback,staff,escalation_flow,augmented,simple
9976,всего хоршоего,conversational,farewell,conversation_flow,augmented,simple
4569,Сколько нельзя пить после протезирование?!,faq,visit_prep,faq_flow,augmented,simple
3885,"Добрый день, не уделили внимания",negative_feedback,staff,escalation_flow,augmented,complex
1525,Элайнер треснул!,anamnesis,complaint,anamnesis_flow,augmented,simple
5305,"Да, конечно?",conversational,confirmation,conversation_flow,augmented,complex
8820,лечение кариеса это больно 👍,faq,procedure,faq_flow,augmented,simple
5734,"Добрый день, здрасте 👍",conversational,greeting,conversation_flow,augmented,complex
4272,"Скажите, после пломбирование у Лебедевой стало хуже",negative_feedback,quality,escalation_flow,augmented,complex
8133,Запись к ортодонту на воскресенье,booking,new_appointment,booking_flow,variation,simple
7217,"Здравствуйте, не смогу прийти, уезжаю",booking,cancel,booking_flow,augmented,complex
3136,Всего доброго?,conversational,farewell,conversation_flow,augmented,simple
1685,Смирновойб ыл груб,negative_feedback,staff,escalation_flow,augmented,simple
5337,"Привет, а если я не буду заранее спасибо",faq,followup,faq_flow,augmented,complex
3842,"Да, хорошо спасибо",conversational,confirmation,conversation_flow,augmented,complex
3096,ЗУБ ИЗМЕНИЛ ЦВЕТ 😢,anamnesis,complaint,anamnesis_flow,augmented,simple
2934,Хочу оставить жалобу спасибо,negative_feedback,general,escalation_flow,augmented,simple
9284,Работаете в на следующей неделе?,faq,clinic_info,faq_flow,variation,simple
3459,Дорбый день!,conversational,greeting,conversation_flow,augmented,simple
5291,Ага пожалуйста,conversational,confirmation,conversation_flow,augmented,simple
1332,Какая цена на отбеливание спасибо,faq,price,faq_flow,augmented,simple
3383,Запишите на уадление,booking,new_appointment,booking_flow,augmented,simple
9625,"ДОБРЫЙ ДЕНЬ, ОТКАЗ ОТ ЗАПИСИ",booking,cancel,booking_flow,augmented,complex
3390,А вдруг не получится 🦷,faq,followup,faq_flow,augmented,simple
8645,Поозвите главврача 🦷,negative_feedback,general,escalation_flow,augmented,simple
215,Можно без этого 😢,faq,followup,faq_flow,augmented,simple
1339,Всего доброго спасибо 🦷,conversational,farewell,conversation_flow,augmented,simple
7657,Перезапииште на 10:00,booking,reschedule,booking_flow,augmented,simple
4358,Недопустимо 🙏,negative_feedback,general,escalation_flow,augmented,simple
397,У меня острая боль два дня,anamnesis,symptom,anamnesis_flow,variation,medium
5506,Плохая клинкиа,negative_feedback,general,escalation_flow,augmented,simple
7585,Когда работаете?,faq,clinic_info,faq_flow,template,simple
9051,Не рекоменудю,negative_feedback,general,escalation_flow,augmented,simple
7158,нижняя десна болит периодически,anamnesis,symptom,anamnesis_flow,variation,simple
8748,Большое спасибо 🙏,conversational,gratitude,conversation_flow,augmented,simple
9523,После удаление у Лебдеевой стало хуже,negative_feedback,quality,escalation_flow,augmented,medium
8173,ИНТЕРЕСУЕТ ОСМОТР 🙏,anamnesis,services,anamnesis_flow,augmented,simple
942,"ПОДСКАЖИТЕ, ПЛОМБИРОВАНИЕ ЭТО БОЛЬНО?",faq,procedure,faq_flow,augmented,complex
1679,Сколько енльзя есть после отбеливание?,faq,visit_prep,faq_flow,augmented,simple
5501,Можно перенести на четверг 😊,booking,reschedule,booking_flow,augmented,simple
8211,Хорошо заранее спасибо,conversational,confirmation,conversation_flow,augmented,simple
6461,Есть время на послезавтра?,booking,new_appointment,booking_flow,variation,simple
161,СПАСИБО БЛОЬШОЕ!,conversational,gratitude,conversation_flow,augmented,simple
3179,Точно нужно 😢,faq,followup,faq_flow,augmented,simple
1084,отбеливание сколько стоит,faq,price,faq_flow,augmented,simple
2114,Хочу поговорить с руководством пожалуйста спасибо,negative_feedback,general,escalation_flow,augmented,medium
1511,"Здравствуйте, смирновой был груб.",negative_feedback,staff,escalation_flow,augmented,complex
8468,"выпала пломба, что делать...",anamnesis,complaint,anamnesis_flow,augmented,complex
2924,Есть WhatsApp,faq,clinic_info,faq_flow,augmented,simple
3617,Хочу пртоезирование,anamnesis,services,anamnesis_flow,augmented,simple
9947,Работатее в среду?,faq,clinic_info,faq_flow,augmented,simple
8464,Запись к хирургу на на этой неделе,booking,new_appointment,booking_flow,variation,medium
5190,"Добрый день, чем полоскать после удаления?",faq,visit_prep,faq_flow,augmented,complex
188,"привет, мне не перезвонили месяц",negative_feedback,service_issue,escalation_flow,augmented,complex
7443,Почём брекеыт?,faq,price,faq_flow,augmented,simple
6521,Зуб треснул пожалуйста спасибо,anamnesis,complaint,anamnesis_flow,augmented,simple
4869,Коронка шатается,anamnesis,complaint,anamnesis_flow,template,simple
3543,"Привет, ага",conversational,confirmation,conversation_flow,augmented,complex
2718,Удачи 🙏 пожалуйста,conversational,farewell,conversation_flow,augmented,simple
76,Это правда необходимо?,faq,followup,faq_flow,template,simple
1863,После осмотр у Козловой стало хуже,negative_feedback,quality,escalation_flow,variation,medium
3345,Запись на приём,booking,new_appointment,booking_flow,template,simple
2281,Отмена записи?!,booking,cancel,booking_flow,augmented,simple
7412,Запись к терапевту на послезавтра,booking,new_appointment,booking_flow,variation,simple
6553,Всего доброго 🙏?!,conversational,farewell,conversation_flow,augmented,simple
5641,После осмотр у Лебедевой стало хуже?!,negative_feedback,quality,escalation_flow,augmented,medium
2989,Какая цена?,faq,price,faq_flow,template,simple
5831,Долго ждал в очереди,negative_feedback,service_issue,escalation_flow,template,simple
1277,У меня шатается зуб заранее спасибо,anamnesis,complaint,anamnesis_flow,augmented,medium
4868,"Подскажите, добрый вечер!",conversational,greeting,conversation_flow,augmented,complex
5243,До свиадния?,conversational,farewell,conversation_flow,augmented,simple
5621,Позоивте главврача,negative_feedback,general,escalation_flow,augmented,simple
6185,Запишите к ортодонту,booking,new_appointment,booking_flow,variation,simple
5988,Запись к ортодонту на понедельник 🙏 пожалуйста,booking,new_appointment,booking_flow,augmented,medium
3764,семёрка сильно болит,anamnesis,symptom,anamnesis_flow,variation,simple
1633,Перенесите на на этой неделе 🙏 😢,booking,reschedule,booking_flow,augmented,medium
3832,Договорились,conversational,confirmation,conversation_flow,template,simple
2732,ЗАПИСЬ К ИМПЛАНТОЛОГУ НА ЧЕТВЕРГ спасибо,booking,new_appointment,booking_flow,augmented,medium
4417,Спсаибо за помощь,conversational,gratitude,conversation_flow,augmented,simple
2882,"спасибо, до свидания...",conversational,gratitude,conversation_flow,augmented,complex
9162,"Подскажите, рЕТЕЙНЕР ОТКЛЕИЛСЯ",anamnesis,complaint,anamnesis_flow,augmented,complex
8358,После лечение каналов у Новикова стало хуже,negative_feedback,quality,escalation_flow,variation,medium
1989,"Скажите, можно раньше?",booking,reschedule,booking_flow,augmented,complex
1054,А если не поможет 👍,faq,followup,faq_flow,augmented,simple
9105,Отказ отз аписи,booking,cancel,booking_flow,augmented,simple
2908,Мне анхамили,negative_feedback,staff,escalation_flow,augmented,simple
3757,"Подскажите, спасибо, до свидания...",conversational,gratitude,conversation_flow,augmented,complex
7555,как проходит осмотр пожалуйста,faq,procedure,faq_flow,augmented,simple
3570,перенос записи 👍,booking,reschedule,booking_flow,augmented,simple
2339,Болит коренной зуб уже две недели,anamnesis,symptom,anamnesis_flow,variation,medium
7109,сколько нельзя есть после пртоезирование?,faq,visit_prep,faq_flow,augmented,simple
3505,Запись к гигиенисту на на следующей неделе,booking,new_appointment,booking_flow,variation,medium
3534,Проволока от брекетов колет?!,anamnesis,complaint,anamnesis_flow,augmented,simple
22,Запись к детскому стоматологу на среду,booking,new_appointment,booking_flow,variation,medium
7307,"Добрый день, хочу пожаловаться 👍",negative_feedback,general,escalation_flow,augmented,complex
9352,Какой амтериал лучше?,faq,procedure,faq_flow,augmented,simple
4096,Добрый еднь,conversational,greeting,conversation_flow,augmented,simple
7219,Интересует снимок?,anamnesis,services,anamnesis_flow,augmented,simple
6933,хорошо 🙏,conversational,confirmation,conversation_flow,augmented,simple
7883,Хочу оставить жалобу?!,negative_feedback,general,escalation_flow,augmented,simple
9420,проащйте,conversational,farewell,conversation_flow,augmented,simple
723,"Скажите, работаете в субботу?",faq,clinic_info,faq_flow,augmented,complex
8628,"Привет, мне не перезвонили две недели",negative_feedback,service_issue,escalation_flow,augmented,complex
2980,Сколько нельзя заниматься спортом после лечение каналов.,faq,visit_prep,faq_flow,augmented,medium
10000,Хочу поговорить с руководством?!,negative_feedback,general,escalation_flow,augmented,simple
7525,"Скажите, доброе утро пожалуйста",conversational,greeting,conversation_flow,augmented,complex
2148,"Скажите, перезапишите на 18:00",booking,reschedule,booking_flow,augmented,complex
3172,"Здравствуйте, точно нужно?",faq,followup,faq_flow,augmented,complex
4105,"Подскажите, перенесите запись",booking,reschedule,booking_flow,augmented,complex
9193,Переенсите на вторник,booking,reschedule,booking_flow,augmented,simple
9942,Интересует реставрацию,anamnesis,services,anamnesis_flow,variation,simple
8555,Где оставить жалобу.,negative_feedback,general,escalation_flow,augmented,simple
6072,"Добрый день, срок службы?",faq,procedure,faq_flow,augmented,complex
7449,"Добрый день, планирую отбеливание",anamnesis,services,anamnesis_flow,augmented,complex
72,Окей спасибо пожалуйста,conversational,confirmation,conversation_flow,augmented,simple
6902,Отнеслись наплевательски пожалуйста,negative_feedback,staff,escalation_flow,augmented,simple
7148,Хочу поставить коронку,anamnesis,services,anamnesis_flow,template,simple
6998,консультаци юсколько стоит.,faq,price,faq_flow,augmented,simple
8734,Сколько стоит имплант?,faq,price,faq_flow,template,simple
2723,"Добрый день, запишите на имплантацию",booking,new_appointment,booking_flow,augmented,complex
8841,"Скажите, сколько длится виниры?",faq,procedure,faq_flow,augmented,complex
1578,Часы работы,faq,clinic_info,faq_flow,augmented,simple
7204,Работаетеп о ДМС?,faq,clinic_info,faq_flow,augmented,simple
3812,Сколько нельзя есть после лечение кариеса спасибо,faq,visit_prep,faq_flow,augmented,medium
7941,А ВДРУГ НЕ ОПЛУЧИТСЯ?,faq,followup,faq_flow,augmented,simple
2178,Добрйы день,conversational,greeting,conversation_flow,augmented,simple
5789,После чистку у Иванова сталох уже спасибо,negative_feedback,quality,escalation_flow,augmented,medium
5500,Ждалт ри дня,negative_feedback,service_issue,escalation_flow,augmented,simple
1577,"Добрый день, какая стоимость!",faq,price,faq_flow,augmented,complex
7937,А вдруг неп олучится...,faq,followup,faq_flow,augmented,simple
2847,СКОЛЬКО ДЛИТСЯ КОРОНКУ спасибо,faq,procedure,faq_flow,augmented,simple
1835,удаление это больно спасибо,faq,procedure,faq_flow,augmented,simple
3015,"Скажите, можно перенесТи на завтра?",booking,reschedule,booking_flow,augmented,complex
519,ЧТО БУДУТ ДЕЛАТЬ,faq,procedure,faq_flow,augmented,simple
5113,откололся зуб...,anamnesis,complaint,anamnesis_flow,augmented,simple
6670,КАК ПРОХОДИТ ПРОТЕЗИРОВАНИЕ ЗАРАНЕЕ СПАСИБО,faq,procedure,faq_flow,augmented,simple
9949,Как проходит имплантацию 🦷,faq,procedure,faq_flow,augmented,simple
4698,Благодарю 😊,conversational,gratitude,conversation_flow,augmented,simple
7210,"Привет, кузнецовой был груб",negative_feedback,staff,escalation_flow,augmented,complex
2781,Винир отклеился спасибо,anamnesis,complaint,anamnesis_flow,augmented,simple
4275,Сколько длится осмотр,faq,procedure,faq_flow,augmented,simple
4954,Недопустимо?,negative_feedback,general,escalation_flow,augmented,simple
7393,врач был груб 🙏,negative_feedback,staff,escalation_flow,augmented,simple
8412,Планирую реставрацию,anamnesis,services,anamnesis_flow,variation,simple
2134,"Скажите, врач Волкова не объяснил",negative_feedback,staff,escalation_flow,augmented,complex
5664,"Скажите, мне нахамили",negative_feedback,staff,escalation_flow,augmented,complex
2957,"привет, коронка шатается",anamnesis,complaint,anamnesis_flow,augmented,complex
7614,зуб потемнел 😢,anamnesis,complaint,anamnesis_flow,augmented,simple
2196,Благодарю вас 🙏 пожалуйста,conversational,gratitude,conversation_flow,augmented,simple
1934,"Добрый день, ага",conversational,confirmation,conversation_flow,augmented,complex
5866,Ждал день,negative_feedback,service_issue,escalation_flow,variation,simple
5192,Долго ждал в очереди 🙏,negative_feedback,service_issue,escalation_flow,augmented,simple
1128,"Здравствуйте, всего доброго пожалуйста",conversational,farewell,conversation_flow,augmented,complex
261,После КТ у Сидорова стало хуже,negative_feedback,quality,escalation_flow,variation,medium
9100,"Здравствуйте, не понравилось",negative_feedback,general,escalation_flow,augmented,complex
5780,Можно перенести на на следующей неделе.,booking,reschedule,booking_flow,augmented,medium
7066,После удаление у Козловой стало хуже...,negative_feedback,quality,escalation_flow,augmented,medium
8153,"Подскажите, очень благодарен 😊",conversational,gratitude,conversation_flow,augmented,complex
1795,сайт не работает 👍,negative_feedback,service_issue,escalation_flow,augmented,simple
2662,Сколько стоит пожалуйста,faq,price,faq_flow,augmented,simple
7276,Прождал час...,negative_feedback,service_issue,escalation_flow,augmented,simple
7292,"Скажите, почём профгигеину?",faq,price,faq_flow,augmented,complex
4649,ПринЯто пожалуйста,conversational,confirmation,conversation_flow,augmented,simple
8310,Хочу пожаловаться!,negative_feedback,general,escalation_flow,augmented,simple
7329,Эй спасибо!,conversational,greeting,conversation_flow,augmented,simple
5440,После протезирование у Смирновой стало хуже,negative_feedback,quality,escalation_flow,variation,medium
5359,ГРУБО ОБОШЛИСЬ 😊,negative_feedback,staff,escalation_flow,augmented,simple
5522,Мне не перезвонили день заранее спасибо,negative_feedback,service_issue,escalation_flow,augmented,medium
1671,Здравствуйте спасибо?,conversational,greeting,conversation_flow,augmented,simple
763,Перезовню,conversational,unclear,clarification_flow,augmented,simple
3467,Подскаижте подроБнее,faq,followup,faq_flow,augmented,simple
2441,Ясно заранее спасибо,conversational,confirmation,conversation_flow,augmented,simple
4584,Есть ортодонТ 😢,faq,clinic_info,faq_flow,augmented,simple
7801,Запись к эндодонтисту на послезавтра,booking,new_appointment,booking_flow,variation,simple
6544,После брекеты у Новикова стало хуже,negative_feedback,quality,escalation_flow,variation,medium
4009,У меня остраЯ боль месяц?,anamnesis,symptom,anamnesis_flow,augmented,simple
2764,"Отемните запись, уезжаю 🙏",booking,cancel,booking_flow,augmented,complex
4156,"Здравствуйте, скажите, доброе утро",conversational,greeting,conversation_flow,augmented,complex
631,У меня запах изо рта три дня,anamnesis,symptom,anamnesis_flow,variation,medium
2869,Не реокмендую!,negative_feedback,general,escalation_flow,augmented,simple
3079,Хочу профггииену,anamnesis,services,anamnesis_flow,augmented,simple
9999,Окей 😢 заранее спасибо,conversational,confirmation,conversation_flow,augmented,simple
6517,Какие врачи работают.,faq,clinic_info,faq_flow,augmented,simple
6085,доброе утор!,conversational,greeting,conversation_flow,augmented,simple
5025,Позже заранее спасибо 🙏,conversational,unclear,clarification_flow,augmented,simple
3679,"Подскажите, отмените запись",booking,cancel,booking_flow,augmented,complex
2029,Почём отбеливание?,faq,price,faq_flow,variation,simple
7111,Да?!,conversational,confirmation,conversation_flow,augmented,simple
1508,"Здравтсвуйте, случилось откололся зуб",anamnesis,complaint,anamnesis_flow,augmented,complex
2006,"Привет, до встречи 😢",conversational,farewell,conversation_flow,augmented,complex
5640,Можноп озже?,booking,reschedule,booking_flow,augmented,simple
8706,Угу спасибо,conversational,confirmation,conversation_flow,augmented,simple
398,Хороешго ндя,conversational,farewell,conversation_flow,augmented,simple
1390,Врач ничего не знает,negative_feedback,staff,escalation_flow,template,simple
9502,Благодарю 👍 пожалуйста,conversational,gratitude,conversation_flow,augmented,simple
3651,"Подскажите, отмена записи",booking,cancel,booking_flow,augmented,complex
141,Зуб тренсул,anamnesis,complaint,anamnesis_flow,augmented,simple
2872,"Скажите, пока!",conversational,farewell,conversation_flow,augmented,complex
282,"СКАЖИТЕ, ОЧЕНЬ БЛАГОДАРЕН",conversational,gratitude,conversation_flow,augmented,complex
3795,"подскажите, доброе утро",conversational,greeting,conversation_flow,augmented,complex
7166,Можно перенести на послезавтра 😢,booking,reschedule,booking_flow,augmented,simple
4247,Позовите главврача 🦷,negative_feedback,general,escalation_flow,augmented,simple
1409,До встречи!,conversational,farewell,conversation_flow,augmented,simple
5393,Можно без этого пожалуйста 👍,faq,followup,faq_flow,augmented,simple
1851,"Добрый день, буду пожалуйста",conversational,confirmation,conversation_flow,augmented,complex
448,"Здравствуйте, ждал неделю",negative_feedback,service_issue,escalation_flow,augmented,complex
7592,Какую анестезию используете.,faq,procedure,faq_flow,augmented,simple
8192,Врач Новикова не объяснил...,negative_feedback,staff,escalation_flow,augmented,simple
7906,Верните деньги 😊 спасибо,negative_feedback,general,escalation_flow,augmented,simple
1892,сколько нельзя заниматься спортом после лечение каиреса?,faq,visit_prep,faq_flow,augmented,medium
6012,"Здравствуйте, работаете в четверг?",faq,clinic_info,faq_flow,augmented,complex
9576,ЧТО ЛУЧШЕ ВЫБРТАЬ?,faq,procedure,faq_flow,augmented,simple
2710,"Привет, что если не поможет!",faq,followup,faq_flow,augmented,complex
7875,семёрка немного болит,anamnesis,symptom,anamnesis_flow,variation,simple
3769,"Привет, скажите, мне не перезвонили три дня",negative_feedback,service_issue,escalation_flow,augmented,complex
4062,Сколько нельзя заниматься спортом после консультацию?,faq,visit_prep,faq_flow,variation,medium
6360,Прай.с..,faq,price,faq_flow,augmented,simple
999,"ЗДРАВСТВУЙТЕ, КАКИЕ ВРАЧИ РАБОТАЮТ?",faq,clinic_info,faq_flow,augmented,complex
4086,десна немного болит?!,anamnesis,symptom,anamnesis_flow,augmented,simple
180,СКОЛЬКО НЕЛЬЗЯ ПИТЬ АЛКОГОЛЬ ПОСЛЕ ВИНИРЫ?!,faq,visit_prep,faq_flow,augmented,medium
4162,Перезвоню 🦷,conversational,unclear,clarification_flow,augmented,simple
585,Врач Козловой не объяснил спасибо,negative_feedback,staff,escalation_flow,augmented,simple
3508,Какие органичения,faq,visit_prep,faq_flow,augmented,simple
7747,работаете по дмс.,faq,clinic_info,faq_flow,augmented,simple
9781,Позовите главврача 👍,negative_feedback,general,escalation_flow,augmented,simple
9525,"Добрый день, доброе утро",conversational,greeting,conversation_flow,augmented,complex
6207,После синмок у Новикова стало хуже 👍,negative_feedback,quality,escalation_flow,augmented,medium
2055,Доброе утро 🙏...,conversational,greeting,conversation_flow,augmented,simple
8858,"Здравствуйте, сколько нельзя есть после имплантацию?",faq,visit_prep,faq_flow,augmented,complex
9372,"Здравствуйте, какие ещё варианты?",faq,followup,faq_flow,augmented,complex
5042,После протезирование у Лебедевой стало хуже,negative_feedback,quality,escalation_flow,variation,medium
1421,Сколько стоит имплантацию?,faq,price,faq_flow,variation,simple
2733,Не могу дозвониться заранее спасибо,negative_feedback,service_issue,escalation_flow,augmented,simple
2456,До встречи спасибо.,conversational,farewell,conversation_flow,augmented,simple
2784,Расскажите больше 😊?,faq,followup,faq_flow,augmented,simple
2483,Долго ли это спасибо,faq,procedure,faq_flow,augmented,simple
383,Сколько нельзя пить алкоголь после чистку?,faq,visit_prep,faq_flow,variation,medium
7633,"Здравствуйте, перезапишите на утро?",booking,reschedule,booking_flow,augmented,complex
4261,До встерчи!!,conversational,farewell,conversation_flow,augmented,simple
8676,"поясните, пожалуйста 😢",faq,followup,faq_flow,augmented,complex
9688,Как подготовиться к имплантацию пожалуйста,faq,visit_prep,faq_flow,augmented,simple
1602,"Скажите, как делают?",faq,procedure,faq_flow,augmented,complex
6455,Хочу сдвинуть врмея,booking,reschedule,booking_flow,augmented,simple
6526,Зуб реагирует на горячее,anamnesis,symptom,anamnesis_flow,template,simple
5900,Где вы находитесь!!,faq,clinic_info,faq_flow,augmented,simple
2603,После протезирование у Волкова стало хуже спасибо,negative_feedback,quality,escalation_flow,augmented,medium
3058,"Привет, здравствуйте!!",conversational,greeting,conversation_flow,augmented,complex
3137,"Подскажите, всего хорошего спасибо",conversational,farewell,conversation_flow,augmented,complex
5081,Добрый день 🙏 пожалуйста,conversational,greeting,conversation_flow,augmented,simple
5369,Првиет!,conversational,greeting,conversation_flow,augmented,simple
7831,Приём начался с опзоданием пожалуйста,negative_feedback,service_issue,escalation_flow,augmented,simple
5783,Хочу к пародонтологу,booking,new_appointment,booking_flow,variation,simple
5530,удаление сколько стоит пожалуйста,faq,price,faq_flow,augmented,simple
4574,Отмените приём?,booking,cancel,booking_flow,augmented,simple
3304,Есть ортодонт,faq,clinic_info,faq_flow,augmented,simple
5906,"Подксажите, благодарю вас",conversational,gratitude,conversation_flow,augmented,complex
8782,Здроово 😊,conversational,greeting,conversation_flow,augmented,simple
7698,У меня боль от горячего давно заранее спасибо,anamnesis,symptom,anamnesis_flow,augmented,medium
9716,Запись к ортодонту на на этой неделе,booking,new_appointment,booking_flow,variation,medium
958,требую компеснацию,negative_feedback,general,escalation_flow,augmented,simple
3401,После элайнеры у Петрвоой стало хуже,negative_feedback,quality,escalation_flow,augmented,medium
424,планирую элайнеры 😊,anamnesis,services,anamnesis_flow,augmented,simple
8543,А что будете сли?,faq,followup,faq_flow,augmented,simple
9161,"Здравствуйте, хочу возврат",negative_feedback,general,escalation_flow,augmented,complex
2409,Отмена записи,booking,cancel,booking_flow,template,simple
670,"Здравствуйте, зАБОЛЕЛ, НЕ ПРИДУ",booking,cancel,booking_flow,augmented,complex
7991,Это правда необходимо спасибо.,faq,followup,faq_flow,augmented,simple
3587,"Привет, после чисткуу  Смирновой стало хуже",negative_feedback,quality,escalation_flow,augmented,complex
9498,Врач Лебедевой не объяснил пожалуйста пожалуйста,negative_feedback,staff,escalation_flow,augmented,medium
4606,Планирую лечение каналов заранее спАсибо,anamnesis,services,anamnesis_flow,augmented,simple
387,Какая цена на КТ спасибо,faq,price,faq_flow,augmented,simple
8558,десна очень болит,anamnesis,symptom,anamnesis_flow,variation,simple
9469,Почём лечение каналов?,faq,price,faq_flow,variation,simple
206,"Добрый день, зубы стали подвижными спасибо",anamnesis,complaint,anamnesis_flow,augmented,complex
7025,"Здравствуйте, позже 👍",conversational,unclear,clarification_flow,augmented,complex
4213,СОГЛАСЕН?!,conversational,confirmation,conversation_flow,augmented,simple
4838,Перенесите запись,booking,reschedule,booking_flow,template,simple
6860,Ждал со чвера,negative_feedback,service_issue,escalation_flow,augmented,simple
8178,Сколько нельзя курить послев иниры?!,faq,visit_prep,faq_flow,augmented,simple
2185,профгигиену это больно.,faq,procedure,faq_flow,augmented,simple
2447,угу пожалуйста,conversational,confirmation,conversation_flow,augmented,simple
1230,После элайнеры у Козловой стало хуже,negative_feedback,quality,escalation_flow,variation,medium
1783,Доброе утро заранее спасибо,conversational,greeting,conversation_flow,augmented,simple
5802,Отмена записи 🦷,booking,cancel,booking_flow,augmented,simple
8421,"здравствуйте, хочу к детскому стоматологу",booking,new_appointment,booking_flow,augmented,complex
4876,Спс?!,conversational,gratitude,conversation_flow,augmented,simple
6430,"Скажите, сколько стоит протезирование?",faq,price,faq_flow,augmented,complex
528,Не смогу прийти!!,booking,cancel,booking_flow,augmented,simple
3647,Перезапишите на 18:00,booking,reschedule,booking_flow,variation,simple
7604,Врач ничего не знает 🦷,negative_feedback,staff,escalation_flow,augmented,simple
3866,Есть седация пожалуйста,faq,clinic_info,faq_flow,augmented,simple
2157,Верните деньги!,negative_feedback,general,escalation_flow,augmented,simple
1510,После лечение кариеса у Козловой стало хуже,negative_feedback,quality,escalation_flow,variation,medium
1374,"Подскажите, хочу сдвинуть время 😊",booking,reschedule,booking_flow,augmented,complex
1900,А ЧТО БУДТЕ ЕСЛИ?,faq,followup,faq_flow,augmented,simple
6493,Коронка не подошла 😢,negative_feedback,quality,escalation_flow,augmented,simple
9679,Принимаете наличные,faq,clinic_info,faq_flow,augmented,simple
6570,"Добрый день, перенесите на завтра",booking,reschedule,booking_flow,augmented,complex
2412,можно срочно записаться 🙏,booking,new_appointment,booking_flow,augmented,simple
1526,Почём имплантацию?,faq,price,faq_flow,variation,simple
5507,Это возмутительно заранее спасибо,negative_feedback,general,escalation_flow,augmented,simple
5840,Стоимост ькоронки?,faq,price,faq_flow,augmented,simple
8838,"Привет, отмена приёма",booking,cancel,booking_flow,augmented,complex
6872,"Добрый день, есть лазер?",faq,clinic_info,faq_flow,augmented,complex
8619,Сколько стоит?!,faq,price,faq_flow,augmented,simple
9753,"Здравствуйте, спасибо!",conversational,gratitude,conversation_flow,augmented,complex
8891,До встречи заранее спасибо!!,conversational,farewell,conversation_flow,augmented,simple
6760,"Не смогу прийт,и уезжаю",booking,cancel,booking_flow,augmented,complex
6438,"Здравствуйте, привет, до скорого",conversational,farewell,conversation_flow,augmented,complex
3819,Согласен 🙏 🦷,conversational,confirmation,conversation_flow,augmented,simple
7734,"Привет, хочу имплантацию",anamnesis,services,anamnesis_flow,augmented,complex
649,Есть 3D-томограф!!,faq,clinic_info,faq_flow,augmented,simple
5717,Хорошо 😢,conversational,confirmation,conversation_flow,augmented,simple
779,Сколько нельзя куртиь после виниры 😊,faq,visit_prep,faq_flow,augmented,medium
4276,Можно без эотго 😊,faq,followup,faq_flow,augmented,simple
3806,благодарю?,conversational,gratitude,conversation_flow,augmented,simple
7134,"здравствуйте, козловой был груб",negative_feedback,staff,escalation_flow,augmented,complex
2413,Всгео хорошего 🙏,conversational,farewell,conversation_flow,augmented,simple
3217,Как проходит лечение каналов?,faq,procedure,faq_flow,variation,simple
5903,Цена на лечение каиреса пожалуйста,faq,price,faq_flow,augmented,simple
1284,Запись к хирургу на понедельник,booking,new_appointment,booking_flow,variation,simple
6482,"Не смогу прийти, уезжаю",booking,cancel,booking_flow,variation,simple
3580,"Да, хорошо пожалуйста",conversational,confirmation,conversation_flow,augmented,complex
3447,Пока не решил заранее спасибо!,conversational,unclear,clarification_flow,augmented,simple
4804,Перезпаишите на 18:00,booking,reschedule,booking_flow,augmented,simple
3745,"Спасибо, дос видания 😊",conversational,gratitude,conversation_flow,augmented,complex
3558,"Не смогу прийти, не смогу 👍.",booking,cancel,booking_flow,augmented,complex
6704,"Скажтие, есть WhatsApp?",faq,clinic_info,faq_flow,augmented,complex
5615,Запись к терапевту на вторник,booking,new_appointment,booking_flow,variation,simple
7627,Удачи,conversational,farewell,conversation_flow,template,simple
1689,Стоимостьк оронки?,faq,price,faq_flow,augmented,simple
2539,Сколкьо длится коронку пожалуйста,faq,procedure,faq_flow,augmented,simple
4176,Требуюк омпенсацию,negative_feedback,general,escalation_flow,augmented,simple
6752,"Привет, работаете в сегодня?",faq,clinic_info,faq_flow,augmented,complex
4854,Есть ночной приём,faq,clinic_info,faq_flow,augmented,simple
4875,Запись к ортодонту на сегодня пожалуйста,booking,new_appointment,booking_flow,augmented,medium
6439,Нужно перенести заранее спасибо,booking,reschedule,booking_flow,augmented,simple
9024,Что будут делать?,faq,procedure,faq_flow,template,simple
4484,зуб изменил цвет!!,anamnesis,complaint,anamnesis_flow,augmented,simple
5399,Работаете в пятницу 😊,faq,clinic_info,faq_flow,augmented,simple
7976,Запись куда-то пропала?,negative_feedback,service_issue,escalation_flow,augmented,simple
4496,"Скажите, какие ещё варианты...",faq,followup,faq_flow,augmented,complex
5980,Алло пожалуйста,conversational,greeting,conversation_flow,augmented,simple
5468,"Подскажите, алло пожалуйста",conversational,greeting,conversation_flow,augmented,complex
3269,Здравствуйте пожалуйста,conversational,greeting,conversation_flow,augmented,simple
386,Перенесите на четверг пожалуйста,booking,reschedule,booking_flow,augmented,simple
9487,Позже спасибо,conversational,unclear,clarification_flow,augmented,simple
8682,"Привет, петровой был груб",negative_feedback,staff,escalation_flow,augmented,complex
3752,Скололась эмаль 👍,anamnesis,complaint,anamnesis_flow,augmented,simple
7199,"Скажите, здравствуйте",conversational,greeting,conversation_flow,augmented,complex
9204,"Отменит езапись, занят на работе",booking,cancel,booking_flow,augmented,complex
7059,"Здравствуйте, снимок это больно!",faq,procedure,faq_flow,augmented,complex
1148,"Здравствуйте, эй",conversational,greeting,conversation_flow,augmented,complex
2192,верхняя десна постоянно болит,anamnesis,symptom,anamnesis_flow,variation,simple
1874,"Здравствуйте, а обязательно?",faq,followup,faq_flow,augmented,complex
3482,Сколько нельзя пить после пломбирование?,faq,visit_prep,faq_flow,variation,simple
492,Интересует профгигиену,anamnesis,services,anamnesis_flow,variation,simple
5271,"Подскажите, запись к ортодонту на четверг",booking,new_appointment,booking_flow,augmented,complex
6071,Интерсеует виниры 🙏,anamnesis,services,anamnesis_flow,augmented,simple
7744,верхний зуб болит сильно!,anamnesis,symptom,anamnesis_flow,augmented,simple
6758,ЗАПСИЬ К ОРТОДОНТУ НА ПОНЕДЕЛЬНИК,booking,new_appointment,booking_flow,augmented,simple
2555,Врач Новикова не объсянил,negative_feedback,staff,escalation_flow,augmented,simple
4428,Эй пожалуйста,conversational,greeting,conversation_flow,augmented,simple
5492,КТ сколько стоит 🙏,faq,price,faq_flow,augmented,simple
7123,Большое сапсибо,conversational,gratitude,conversation_flow,augmented,simple
9935,Перенесите на послезавтра!,booking,reschedule,booking_flow,augmented,simple
7754,После отбеливание у Морозовой стало хуже,negative_feedback,quality,escalation_flow,variation,medium
5453,После протезирование у Петровой стало хуже 🦷,negative_feedback,quality,escalation_flow,augmented,medium
4397,"Не смогу прийти, уежзаю",booking,cancel,booking_flow,augmented,complex
8500,СКОЛЬКО ДЛИТСЯ ВИНИРЫ,faq,procedure,faq_flow,augmented,simple
2025,Отмена записи 😊 заранее спасибо,booking,cancel,booking_flow,augmented,simple
2058,"Добрый день, прощайте пожалуйста",conversational,farewell,conversation_flow,augmented,complex
4034,"Здравствуйте, подскажите, ужасный сервис",negative_feedback,general,escalation_flow,augmented,complex
3530,Не смогу прийти 🦷!!,booking,cancel,booking_flow,augmented,simple
5977,невежливое обслуживание пожалуйста,negative_feedback,staff,escalation_flow,augmented,simple
9283,Перенесите на лседующую неделю,booking,reschedule,booking_flow,augmented,simple
1157,Работаете в послезавтра?,faq,clinic_info,faq_flow,variation,simple
2057,Появилась язвочка во рту,anamnesis,complaint,anamnesis_flow,template,simple
9436,Я вам перезвоню?,conversational,unclear,clarification_flow,augmented,simple
9177,Что посовЕтуете заранее спасибо,faq,followup,faq_flow,augmented,simple
8151,Сколько тсоит элайнеры?,faq,price,faq_flow,augmented,simple
6598,Сколько длится имплантацию?,faq,procedure,faq_flow,variation,simple
439,Интересуе ткоронка,anamnesis,services,anamnesis_flow,augmented,simple
1910,"Скажите, здравствуйте, не решил ещё",conversational,unclear,clarification_flow,augmented,complex
9414,"Здравствуйте, не понравилось заранее спасибо",negative_feedback,general,escalation_flow,augmented,complex
96,"Скажите, планирую исправить прикус",anamnesis,services,anamnesis_flow,augmented,complex
6520,Отказ от записи?,booking,cancel,booking_flow,augmented,simple
4478,Работаете в в ближайшее время.,faq,clinic_info,faq_flow,augmented,simple
8977,имплантацию это больно 😢,faq,procedure,faq_flow,augmented,simple
2900,Планирую отбеливание 🙏,anamnesis,services,anamnesis_flow,augmented,simple
5015,"Подскажите, эй",conversational,greeting,conversation_flow,augmented,complex
1535,У меня боль от холодного давно,anamnesis,symptom,anamnesis_flow,variation,medium
6193,Сайт не работает заранее спасибо,negative_feedback,service_issue,escalation_flow,augmented,simple
2387,Сколько нельзя пить алкоголь после лечение каналов 😢,faq,visit_prep,faq_flow,augmented,medium
8438,До скорого заранее спаисбо,conversational,farewell,conversation_flow,augmented,simple
9245,верхняя десна очень болит,anamnesis,symptom,anamnesis_flow,variation,simple
5578,Зуб изменил цвет 🦷 👍,anamnesis,complaint,anamnesis_flow,augmented,simple
4392,"Скажите, почём удлаение?",faq,price,faq_flow,augmented,complex
2834,Спасибо 👍,conversational,gratitude,conversation_flow,augmented,simple
6518,Торопили 🦷,negative_feedback,staff,escalation_flow,augmented,simple
5642,Снимиет меня с записи,booking,cancel,booking_flow,augmented,simple
38,это возмуттиельно,negative_feedback,general,escalation_flow,augmented,simple
4985,"Скажите, расскажите больше",faq,followup,faq_flow,augmented,complex
8374,"Заболел, не приду заранее спасибо",booking,cancel,booking_flow,augmented,complex
9267,Не сейчас спасибо!!,conversational,unclear,clarification_flow,augmented,simple
6226,Коненчо 😢,conversational,confirmation,conversation_flow,augmented,simple
892,Сколько длится чистку?!,faq,procedure,faq_flow,augmented,simple
4914,нужон коронку,anamnesis,services,anamnesis_flow,augmented,simple
8372,Случилоьс откололся зуб заранее спасибо,anamnesis,complaint,anamnesis_flow,augmented,simple
7100,"Здравствуйте, перенос записи",booking,reschedule,booking_flow,augmented,complex
6377,Нез наю,conversational,unclear,clarification_flow,augmented,simple
4851,РЯДОМ ЕСТЬ МЕТРО...,faq,clinic_info,faq_flow,augmented,simple
460,Можно перенести на утро,booking,reschedule,booking_flow,augmented,simple
8696,Хорошего дня спасибо!!,conversational,farewell,conversation_flow,augmented,simple
8842,"Скажите, хочу пожаловаться спасибо",negative_feedback,general,escalation_flow,augmented,complex
540,Мне не перезвонили давно спасибо,negative_feedback,service_issue,escalation_flow,augmented,simple
411,Что делать если отёк,faq,visit_prep,faq_flow,augmented,simple
2696,"Скажите, сколько стоит осмотр?",faq,price,faq_flow,augmented,complex
3506,Ужасный сервис спасибо,negative_feedback,general,escalation_flow,augmented,simple
3847,Откололся кусочек зуба?,anamnesis,complaint,anamnesis_flow,augmented,simple
1035,Нужно отменить 😊,booking,cancel,booking_flow,augmented,simple
872,"Скажите, ясно",conversational,confirmation,conversation_flow,augmented,complex
8206,МОЖНО ПЕРЕНЕСТИ НА ЗАВТРА спасибо,booking,reschedule,booking_flow,augmented,simple
1319,Здрасте 🦷 пожалуйста,conversational,greeting,conversation_flow,augmented,simple
7909,зуб очень болит 🦷,anamnesis,symptom,anamnesis_flow,augmented,simple
5943,"Привет, спасибо, до свидания",conversational,gratitude,conversation_flow,augmented,complex
9550,Невежливо ответили,negative_feedback,staff,escalation_flow,template,simple
4104,реставрацию это больно?,faq,procedure,faq_flow,variation,simple
1805,Врач Новикова не объяснил 😢,negative_feedback,staff,escalation_flow,augmented,simple
6172,"Подскажите, а что лучше?",faq,followup,faq_flow,augmented,complex
1614,МОЖНО ПЕЕРНЕСТИ НА ВЕЧЕР?,booking,reschedule,booking_flow,augmented,simple
7884,Врач Новикова не объяснил 👍,negative_feedback,staff,escalation_flow,augmented,simple
5424,"Добрый день, сколько нельзя пить алкоголь после чистку?",faq,visit_prep,faq_flow,augmented,complex
1801,"Здравствуйте, хорошего дня",conversational,farewell,conversation_flow,augmented,complex
1655,Пока пожалуйста.,conversational,farewell,conversation_flow,augmented,simple
8964,"Добрый день, винирыс колько стоит?",faq,price,faq_flow,augmented,complex
7295,"Добрый день, когда прийти на осмотр?",faq,visit_prep,faq_flow,augmented,complex
5933,Сколько длится лечение каналов?,faq,procedure,faq_flow,variation,simple
2656,Стоимость удаления спасибо,faq,price,faq_flow,augmented,simple
3803,"Скажите, не знаю",conversational,unclear,clarification_flow,augmented,complex
7899,"Да, хорошо 😢",conversational,confirmation,conversation_flow,augmented,complex
9951,ИВАНОВА БЫЛ ГРУБ пожалуйста,negative_feedback,staff,escalation_flow,augmented,simple
374,"Привет, подскажите подробнее",faq,followup,faq_flow,augmented,complex
4444,У меня выпалап ломба,anamnesis,complaint,anamnesis_flow,augmented,simple
658,"Здравствуйте, мне не перезвонили три дня",negative_feedback,service_issue,escalation_flow,augmented,complex
8483,Нужно протезирование спасибо,anamnesis,services,anamnesis_flow,augmented,simple
2867,Запись к хирургу на на следующей неделе,booking,new_appointment,booking_flow,variation,medium
8379,Спасибо зап омощь,conversational,gratitude,conversation_flow,augmented,simple
7767,Ждалм есяц!,negative_feedback,service_issue,escalation_flow,augmented,simple
3768,"Добрый день, можно перенести на воскресенье",booking,reschedule,booking_flow,augmented,complex
5390,"Добрый день, персонал хамит 👍",negative_feedback,staff,escalation_flow,augmented,complex
7640,Не совсем понял 🦷 заранее спасибо,faq,followup,faq_flow,augmented,medium
8302,Врач Кузнецовой не объяснил!!,negative_feedback,staff,escalation_flow,augmented,simple
5149,интересует снимок спасибо,anamnesis,services,anamnesis_flow,augmented,simple
5606,требую компенсацию!!,negative_feedback,general,escalation_flow,augmented,simple
3229,Какая цена на пломбирование заранее спасибо,faq,price,faq_flow,augmented,medium
4600,ПОСЛЕ ПЛОМБИРОВАНИЕ У КОЗЛОВОЙ СТАЛО ХУЖЕ спасибо,negative_feedback,quality,escalation_flow,augmented,medium
8526,Сколько стоит виниры!!,faq,price,faq_flow,augmented,simple
2753,"Здравствуйте, всего хорошего заранее спасибо",conversational,farewell,conversation_flow,augmented,complex
2224,Надо посоветоавться,conversational,unclear,clarification_flow,augmented,simple
891,"Добрый день, консультацию сколько стоит?",faq,price,faq_flow,augmented,complex
4119,Какая цена на протезирование пожалуйста,faq,price,faq_flow,augmented,simple
5166,Очень благодарен...,conversational,gratitude,conversation_flow,augmented,simple
3453,Сколько нельзя пить после лечениек ариеСа?,faq,visit_prep,faq_flow,augmented,medium
5203,"Скажите, после имплантацию у Волкова стало хуже?",negative_feedback,quality,escalation_flow,augmented,complex
5889,Запишите кг игиенисту,booking,new_appointment,booking_flow,augmented,simple
104,"Привет, здравствуйте",conversational,greeting,conversation_flow,augmented,complex
922,"Привет, невежливо ответили",negative_feedback,staff,escalation_flow,augmented,complex
9198,Не предупредили об изменеинях,negative_feedback,service_issue,escalation_flow,augmented,simple
804,Некомпетентный врач,negative_feedback,staff,escalation_flow,template,simple
9346,"Подскажите, администратор нахамил",negative_feedback,staff,escalation_flow,augmented,complex
496,Беспокоит острая боль,anamnesis,symptom,anamnesis_flow,variation,simple
8568,Запись к пародонтологу на завтра,booking,new_appointment,booking_flow,variation,simple
6058,"Привет, может быть",conversational,unclear,clarification_flow,augmented,complex
7978,Сколько нельзя пить алкоголь после протезирование?,faq,visit_prep,faq_flow,variation,medium
9020,Хочу поставить имплант 👍 пожалуйста,anamnesis,services,anamnesis_flow,augmented,simple
4896,Нужно протезирование,anamnesis,services,anamnesis_flow,variation,simple
9847,Сколько стоит осмотр спасибо,faq,price,faq_flow,augmented,simple
6316,"Привет, а вдруг не получится?",faq,followup,faq_flow,augmented,complex
7041,Сколько стоит имплант,faq,price,faq_flow,augmented,simple
7632,После снимок у петровой стало хуже 🦷,negative_feedback,quality,escalation_flow,augmented,medium
4100,Зубы стали подвижными!!,anamnesis,complaint,anamnesis_flow,augmented,simple
6641,Запись к хирургу на утро?!,booking,new_appointment,booking_flow,augmented,simple
5335,Нужен осмотр,booking,new_appointment,booking_flow,template,simple
5925,Зуб изменил цвет пожалуйста,anamnesis,complaint,anamnesis_flow,augmented,simple
1333,Доброе утро пожалуйста пожалуйста,conversational,greeting,conversation_flow,augmented,simple
610,Хочу имплантацию?!,anamnesis,services,anamnesis_flow,augmented,simple
45,На десне появилась шишка,anamnesis,symptom,anamnesis_flow,template,simple
1152,"Привет, здрасте 🦷",conversational,greeting,conversation_flow,augmented,complex
2464,"Отмените запись, уезжаю спасибо пожалуйста",booking,cancel,booking_flow,augmented,complex
8094,"Скажите, посоветуюсь 😊",conversational,unclear,clarification_flow,augmented,complex
9225,ЗДРАСТЕ 👍,conversational,greeting,conversation_flow,augmented,simple
3353,ПОКА НЕ ЕРШИЛ,conversational,unclear,clarification_flow,augmented,simple
238,"Скажите, прикусил язык",anamnesis,complaint,anamnesis_flow,augmented,complex
5970,ПОСЛЕ ПРОТЕЗИРОВАНИЕ У ПЕТРОВОЙ СТАОЛ ХУЖЕ,negative_feedback,quality,escalation_flow,augmented,medium
3479,"Скажите, хочу отказаться от записи",booking,cancel,booking_flow,augmented,complex
6326,Принимаете Apple Pay?,faq,clinic_info,faq_flow,template,simple
9224,"Подскажите, после пломбирование у Лебедевой стало хуже",negative_feedback,quality,escalation_flow,augmented,complex
9604,Беспокоит пульсирующая боль спасибо,anamnesis,symptom,anamnesis_flow,augmented,simple
1166,"Да, хорошо 👍",conversational,confirmation,conversation_flow,augmented,complex
4330,"Привет, надо посоветоваться",conversational,unclear,clarification_flow,augmented,complex
1897,Какой матерИал лучше,faq,procedure,faq_flow,augmented,simple
315,"ПРИВЕТ, ПЕРЕНЕСИТЕ НА СЕГОДНЯ",booking,reschedule,booking_flow,augmented,complex
6298,Болит нижний зуб уже день,anamnesis,symptom,anamnesis_flow,variation,simple
6410,Поак 👍,conversational,farewell,conversation_flow,augmented,simple
2516,Можно перенести на вечер 🙏 👍,booking,reschedule,booking_flow,augmented,medium
966,Хочу лечениек аналов,anamnesis,services,anamnesis_flow,augmented,simple
3721,"Здравствуйте, всего доброго",conversational,farewell,conversation_flow,augmented,complex
73,Добрый день пожалуйста!,conversational,greeting,conversation_flow,augmented,simple
7626,Будет больно?,faq,procedure,faq_flow,template,simple
1995,Этово змутительно,negative_feedback,general,escalation_flow,augmented,simple
4354,"Привет, треснул зуб, что делать?",anamnesis,complaint,anamnesis_flow,augmented,complex
4449,Сколько нельзя курить после снимок 😢,faq,visit_prep,faq_flow,augmented,medium
4750,"Привет, до свидания",conversational,farewell,conversation_flow,augmented,complex
2858,надо подумать спасибо,conversational,unclear,clarification_flow,augmented,simple
338,"Скажите, не смогу прийти, форс-мажор",booking,cancel,booking_flow,augmented,complex
126,осмотр это больно!!,faq,procedure,faq_flow,augmented,simple
7675,МОЖНО ПЕРЕНЕСТИ НА ЧЕТВЕРГ заранее спасибо,booking,reschedule,booking_flow,augmented,medium
6726,снимок сколько стоит!,faq,price,faq_flow,augmented,simple
2273,Нужно чистку,anamnesis,services,anamnesis_flow,variation,simple
7043,Хочу пожаловАться?,negative_feedback,general,escalation_flow,augmented,simple
592,Угу!!,conversational,confirmation,conversation_flow,augmented,simple
6556,КАК ДОБРАТЬСЯ!,faq,clinic_info,faq_flow,augmented,simple
4830,Никто не перезвонил,negative_feedback,service_issue,escalation_flow,template,simple
1100,"Привет, сайт не работает",negative_feedback,service_issue,escalation_flow,augmented,complex
1905,КАК ПРОХОДИТ ЛЕЧЕНИЕ КАНАЛОВ заранее спасибо,faq,procedure,faq_flow,augmented,medium
8596,НЕ СОВСЕМ ПОНЯЛ пожалуйста,faq,followup,faq_flow,augmented,simple
5493,передний зуб болит ночью,anamnesis,symptom,anamnesis_flow,variation,simple
3237,"ДОБРЫЙ ДЕНЬ, ОНЕМЕЛА ГУБА",anamnesis,symptom,anamnesis_flow,augmented,complex
840,"Скажите, приду",conversational,confirmation,conversation_flow,augmented,complex
8648,Срок службы 🙏,faq,procedure,faq_flow,augmented,simple
3493,Во сколько открываетесь,faq,clinic_info,faq_flow,augmented,simple
258,Ладно 🙏,conversational,confirmation,conversation_flow,augmented,simple
2431,Можно на сегодня 😢,booking,new_appointment,booking_flow,augmented,simple
9672,"Скажите, уберите мою запись",booking,cancel,booking_flow,augmented,complex
1190,"Подскажите, врач Новикова не объяснил",negative_feedback,staff,escalation_flow,augmented,complex
2670,А обязательно 😊,faq,followup,faq_flow,augmented,simple
8048,ОТМЕНА ЗАПИСИ...,booking,cancel,booking_flow,augmented,simple
2527,"Скажите, не приду",booking,cancel,booking_flow,augmented,complex
5605,Понятно заранее спасибо,conversational,confirmation,conversation_flow,augmented,simple
2352,"Подскажите, сколько нельзя пить алкоголь после коронку?",faq,visit_prep,faq_flow,augmented,complex
5920,Работаете в пОнедельник 😊,faq,clinic_info,faq_flow,augmented,simple
4115,Позже 😢,conversational,unclear,clarification_flow,augmented,simple
9008,Какая цена на протезирование,faq,price,faq_flow,augmented,simple
5935,Не понравилось?,negative_feedback,general,escalation_flow,augmented,simple
1576,Вра чВолкова не объяснил,negative_feedback,staff,escalation_flow,augmented,simple
3880,Запись к имплантологу на субботу,booking,new_appointment,booking_flow,variation,simple
336,Мне не перезвонили несколько дней.,negative_feedback,service_issue,escalation_flow,augmented,simple
269,Добырй вечер!,conversational,greeting,conversation_flow,augmented,simple
9960,"Здравствуйте, есть детский кабинет?",faq,clinic_info,faq_flow,augmented,complex
8187,Торопили?!,negative_feedback,staff,escalation_flow,augmented,simple
8277,Спасибо за помощь 😢 пожалуйста,conversational,gratitude,conversation_flow,augmented,simple
2008,Перзевоню,conversational,unclear,clarification_flow,augmented,simple
3243,А если не поможет заранее спасибо 👍,faq,followup,faq_flow,augmented,medium
2999,Сайт не работает спасибо,negative_feedback,service_issue,escalation_flow,augmented,simple
4820,ПРИНТЯО,conversational,confirmation,conversation_flow,augmented,simple
155,"НЕ СМОГУ ПРИЙТИ, ЗАНЯТ НА РАБОТЕ!!",booking,cancel,booking_flow,augmented,complex
4778,"Скажите, недопустимо",negative_feedback,general,escalation_flow,augmented,complex
854,Интересует лечение кариеса пожалуйста,anamnesis,services,anamnesis_flow,augmented,simple
3300,Сколько нельзя пить алкоголь после элайнеры?,faq,visit_prep,faq_flow,variation,medium
4168,почём чискту?,faq,price,faq_flow,augmented,simple
4737,Не такой результат ожидал,negative_feedback,quality,escalation_flow,template,simple
6551,"Да, конечно заранее спасибо",conversational,confirmation,conversation_flow,augmented,complex
6211,Беспокоит чувствительность,anamnesis,symptom,anamnesis_flow,variation,simple
2261,После имплантацию у Козловой стало хуже,negative_feedback,quality,escalation_flow,variation,medium
2757,Перенос записи!,booking,reschedule,booking_flow,augmented,simple
7321,"Подскажите, подскажите, до скорого",conversational,farewell,conversation_flow,augmented,complex
7745,Ждла несколько дней,negative_feedback,service_issue,escalation_flow,augmented,simple
3666,Хорошего дня 😊,conversational,farewell,conversation_flow,augmented,simple
8168,Надо подумать!!,conversational,unclear,clarification_flow,augmented,simple
9108,Сколько длится пломбирование!!,faq,procedure,faq_flow,augmented,simple
2443,"Здравствуйте, откололсяк усочек зуба",anamnesis,complaint,anamnesis_flow,augmented,complex
1903,У меня боль от горячего неделю,anamnesis,symptom,anamnesis_flow,variation,medium
8158,Смирновой был груб пожалуЙста,negative_feedback,staff,escalation_flow,augmented,simple
9137,Ага?!,conversational,confirmation,conversation_flow,augmented,simple
2479,хорошо 🦷,conversational,confirmation,conversation_flow,augmented,simple
6660,"Скажите, благодарю вас",conversational,gratitude,conversation_flow,augmented,complex
7518,"Добрый день, добрый день, здравствуйте!",conversational,greeting,conversation_flow,augmented,complex
2027,Принимаете полис ОМС?,faq,clinic_info,faq_flow,template,simple
454,Врач Петрово йне объяснил!,negative_feedback,staff,escalation_flow,augmented,simple
5269,Никто не перезвонил.,negative_feedback,service_issue,escalation_flow,augmented,simple
1246,"Скажите, часы работы?",faq,clinic_info,faq_flow,augmented,complex
5698,Есть альтернативы 👍,faq,procedure,faq_flow,augmented,simple
2747,"Привет, врач Иванова не объяснил заранее спасибо",negative_feedback,staff,escalation_flow,augmented,complex
8859,десна немного болит,anamnesis,symptom,anamnesis_flow,variation,simple
748,ПЕРЕНЕСИТЕ НА ВОСКРЕСЕНЬЕ ПОЖАЛУЙСТА,booking,reschedule,booking_flow,augmented,simple
536,Всего доброго!!,conversational,farewell,conversation_flow,augmented,simple
3413,"Да, конечно 🙏",conversational,confirmation,conversation_flow,augmented,complex
6753,приложение глючит.,negative_feedback,service_issue,escalation_flow,augmented,simple
382,верхний зуб болит немного заранее спасибо,anamnesis,symptom,anamnesis_flow,augmented,medium
2721,"да, коенчно",conversational,confirmation,conversation_flow,augmented,complex
5886,"Добрый день, а если я не буду?",faq,followup,faq_flow,augmented,complex
4803,ЕСТЬ ИМПЛАНТОЛОГ!,faq,clinic_info,faq_flow,augmented,simple
8022,"Добрый день, да, хорошо 😊",conversational,confirmation,conversation_flow,augmented,complex
2307,У меня выпала пломба 👍 👍,anamnesis,complaint,anamnesis_flow,augmented,medium
4895,десна сильно болит,anamnesis,symptom,anamnesis_flow,variation,simple
8744,"Привет, сколько нельзя пить алкоголь после снимок пожалуйста",faq,visit_prep,faq_flow,augmented,complex
9767,"Привет, спасибо большое!",conversational,gratitude,conversation_flow,augmented,complex
7834,"Добрый день, можно перенести на субботу?",booking,reschedule,booking_flow,augmented,complex
7233,"Скажите, привет, спасибо большое!",conversational,gratitude,conversation_flow,augmented,complex
9936,Врач был невнимателен пожалуйста,negative_feedback,staff,escalation_flow,augmented,simple
656,Посоветуюсь?!,conversational,unclear,clarification_flow,augmented,simple
3861,Хочу лечение каналов,anamnesis,services,anamnesis_flow,variation,simple
1164,Случилось треснул зуб 🦷,anamnesis,complaint,anamnesis_flow,augmented,simple
6487,Можно перенести на в ближайшее время!,booking,reschedule,booking_flow,augmented,medium
4174,Можно перенести на на этой неделе,booking,reschedule,booking_flow,augmented,medium
3259,"Добрый день, добрый день",conversational,greeting,conversation_flow,augmented,complex
837,Можно перенести на завтра 😊,booking,reschedule,booking_flow,augmented,simple
555,Долго ли это 🙏,faq,procedure,faq_flow,augmented,simple
954,Перезапишите на другое время 👍 🦷,booking,reschedule,booking_flow,augmented,medium
3150,Почём пломбирование спасибо,faq,price,faq_flow,augmented,simple
3438,"Привет, спс",conversational,gratitude,conversation_flow,augmented,complex
9915,А что лучше,faq,followup,faq_flow,augmented,simple
127,Что нельзя после чистку 👍,faq,visit_prep,faq_flow,augmented,simple
5582,Перезапишите на 10:00 заранее спасибо,booking,reschedule,booking_flow,augmented,simple
4579,сколько нельзя пить алкоголь после отбеливание,faq,visit_prep,faq_flow,augmented,medium
331,Благодарю 🦷,conversational,gratitude,conversation_flow,augmented,simple
8530,"скажите, запись к эндодонтисту на послезавтра",booking,new_appointment,booking_flow,augmented,complex
9560,Планирую протезирование,anamnesis,services,anamnesis_flow,variation,simple
8154,"Скажите, откололся кусочек зуба",anamnesis,complaint,anamnesis_flow,augmented,complex
3922,Торопили.,negative_feedback,staff,escalation_flow,augmented,simple
1858,пломбирование эот больно?,faq,procedure,faq_flow,augmented,simple
350,Нужно осмотр?,anamnesis,services,anamnesis_flow,augmented,simple
434,Какая цена на осмотр 🙏,faq,price,faq_flow,augmented,simple
7265,Добрыйв ечер,conversational,greeting,conversation_flow,augmented,simple
4320,"Здравствуйте, перенесите на следующую неделю",booking,reschedule,booking_flow,augmented,complex
5240,"Отмените запись, занят на работе 😢",booking,cancel,booking_flow,augmented,complex
4002,можно перенести приём спасибо,booking,reschedule,booking_flow,augmented,simple
6761,плохая клиника спасибо,negative_feedback,general,escalation_flow,augmented,simple
2716,Приянто спасибо,conversational,confirmation,conversation_flow,augmented,simple
1675,Хочу возврат 🙏,negative_feedback,general,escalation_flow,augmented,simple
103,Сколько длится элайнеры 👍,faq,procedure,faq_flow,augmented,simple
5011,Почём лечение кариеса пожалуйста,faq,price,faq_flow,augmented,simple
8591,Болит верхняя десна уже со вчера,anamnesis,symptom,anamnesis_flow,variation,medium
2923,Ага 😢,conversational,confirmation,conversation_flow,augmented,simple
3500,Сколько нельзя пить после имплантацию?,faq,visit_prep,faq_flow,variation,simple
3529,"Добрый день, поясните, пожалуйста",faq,followup,faq_flow,augmented,complex
2705,Случилось треснул зуб заранее спасибо,anamnesis,complaint,anamnesis_flow,augmented,simple
1620,Хочу вовзрат,negative_feedback,general,escalation_flow,augmented,simple
5653,"Привет, какие ещё варианты?",faq,followup,faq_flow,augmented,complex
8330,Алло!,conversational,greeting,conversation_flow,augmented,simple
5872,случилось слетела коронка...,anamnesis,complaint,anamnesis_flow,augmented,simple
9140,"ДОБРЫЙ ДЕНЬ, ЗДРАВСТВУЙТЕ",conversational,greeting,conversation_flow,augmented,complex
314,"Скажите, есть парйс-лист?",faq,price,faq_flow,augmented,complex
6396,Првиет,conversational,greeting,conversation_flow,augmented,simple
3771,Спасибо обльшое!,conversational,gratitude,conversation_flow,augmented,simple
9048,Коронка мешает,negative_feedback,quality,escalation_flow,template,simple
1264,КАК ПРОХОДИТ КОРОНКУ?!,faq,procedure,faq_flow,augmented,simple
4747,"Скажите, что будут делать?",faq,procedure,faq_flow,augmented,complex
5185,"Добрый день, у меня чувствительность несколько дней",anamnesis,symptom,anamnesis_flow,augmented,complex
781,больше не приду...,negative_feedback,general,escalation_flow,augmented,simple
8865,можно на другой день 🦷,booking,reschedule,booking_flow,augmented,simple
8674,Сколько нельзя курить после удаление?,faq,visit_prep,faq_flow,variation,simple
1870,"Скажите, проволока от брекетов колет",anamnesis,complaint,anamnesis_flow,augmented,complex
5017,Перенесите на пятницу 👍,booking,reschedule,booking_flow,augmented,simple
3995,"Скажите, а если не поможет?",faq,followup,faq_flow,augmented,complex
9641,НЕ УДЛЕИЛИ ВНИМАНИЯ,negative_feedback,staff,escalation_flow,augmented,simple
2648,Всегох орошего.,conversational,farewell,conversation_flow,augmented,simple
4389,Что взять с собой?,faq,visit_prep,faq_flow,template,simple
3046,что вы еркомендуете?,faq,followup,faq_flow,augmented,simple
3324,Сколько длится виниры.,faq,procedure,faq_flow,augmented,simple
8931,хочу перенести запись?,booking,reschedule,booking_flow,augmented,simple
4372,"Скажите, запишите на отбеливание",booking,new_appointment,booking_flow,augmented,complex
6081,Я вам перезвоню пожалуйста,conversational,unclear,clarification_flow,augmented,simple
4242,Ага?,conversational,confirmation,conversation_flow,augmented,simple
6382,Случилось слетела коронка заранее спасибо,anamnesis,complaint,anamnesis_flow,augmented,simple
3,ПОСОВЕТУЮСЬ СПАСИБО,conversational,unclear,clarification_flow,augmented,simple
7597,Наверное?,conversational,unclear,clarification_flow,augmented,simple
8523,"нес могу прийти, заболел",booking,cancel,booking_flow,augmented,complex
6810,Перенесите на следующую неделю?,booking,reschedule,booking_flow,augmented,simple
1832,Волкова был груб,negative_feedback,staff,escalation_flow,variation,simple
5237,У меня боль от холодного неделю,anamnesis,symptom,anamnesis_flow,variation,medium
9082,Хорошего ндя.,conversational,farewell,conversation_flow,augmented,simple
1432,"Привет, запись к имплантологу на на следующей неделе",booking,new_appointment,booking_flow,augmented,complex
5744,До скорого 🙏,conversational,farewell,conversation_flow,augmented,simple
1748,"Скажите, долго джал в очереди",negative_feedback,service_issue,escalation_flow,augmented,complex
5475,Можно перенести на завтра заранее спасибо,booking,reschedule,booking_flow,augmented,medium
3352,Можно перенести на среду,booking,reschedule,booking_flow,augmented,simple
3804,Планирую КТ 🙏,anamnesis,services,anamnesis_flow,augmented,simple
7566,Запись к гигиенисту на завтра,booking,new_appointment,booking_flow,variation,simple
9018,Есть время на завтра?,booking,new_appointment,booking_flow,variation,simple
3630,Можно перенести на утро!,booking,reschedule,booking_flow,augmented,simple
5462,Врач был невнимателен...,negative_feedback,staff,escalation_flow,augmented,simple
4616,Добрый деьн 🦷,conversational,greeting,conversation_flow,augmented,simple
1962,Можно перезаписаться...,booking,reschedule,booking_flow,augmented,simple
5766,Хочу перенести запись,booking,reschedule,booking_flow,template,simple
6762,Хочу сдвинуть время!!,booking,reschedule,booking_flow,augmented,simple
4431,НАДО ПОСОВЕТОВАТЬСЯ...,conversational,unclear,clarification_flow,augmented,simple
3146,"Подскажите, добрый день, можно перенести приём?",booking,reschedule,booking_flow,augmented,complex
7112,"Скажите, дА, КОНЕЧНО",conversational,confirmation,conversation_flow,augmented,complex
8370,Хочу возврат 🦷,negative_feedback,general,escalation_flow,augmented,simple
3897,есть детсикй кабинет?,faq,clinic_info,faq_flow,augmented,simple
3971,"Скажите, запишите на КТ",booking,new_appointment,booking_flow,augmented,complex
4659,"Добрый день, а есл ия не буду?",faq,followup,faq_flow,augmented,complex
9258,челюсть постоянно болит,anamnesis,symptom,anamnesis_flow,variation,simple
8588,"Здрасвтвуйте, удачи",conversational,farewell,conversation_flow,augmented,complex
6676,"Скажите, эй!!",conversational,greeting,conversation_flow,augmented,complex
9805,Почём снимок заранее спасибо,faq,price,faq_flow,augmented,simple
4749,Как связтаься заранее спасибо,faq,clinic_info,faq_flow,augmented,simple
2360,МожнО в рассрочку.,faq,price,faq_flow,augmented,simple
725,Хочу поставить брекеты 😊,anamnesis,services,anamnesis_flow,augmented,simple
8312,Сколько стоит лечение каналов?,faq,price,faq_flow,variation,simple
4050,Хочул ечение кариеса,anamnesis,services,anamnesis_flow,augmented,simple
5133,Я вам перезвоню 🦷 заранее спасибо,conversational,unclear,clarification_flow,augmented,medium
8175,"СКАЖИТЕ, БОЛЬШОЕ СПАСИБО",conversational,gratitude,conversation_flow,augmented,complex
2898,"Здравствуйте, спасибо, всё понятно",conversational,gratitude,conversation_flow,augmented,complex
394,Врач Лебедевой не объяснил,negative_feedback,staff,escalation_flow,variation,simple
1155,"Отмените запись, занят на работе?!",booking,cancel,booking_flow,augmented,complex
4882,врач смирновой не объяснил 😢,negative_feedback,staff,escalation_flow,augmented,simple
4967,Хочу отказаться от записи заранее спасибо пожалуйста,booking,cancel,booking_flow,augmented,medium
8258,верхний зуб сильно болит,anamnesis,symptom,anamnesis_flow,variation,simple
3456,"Здравствуйте, не смогу прийти, заболел",booking,cancel,booking_flow,augmented,complex
4143,работаете  впослезавтра?,faq,clinic_info,faq_flow,augmented,simple
9589,После коронку у Кузнецовой стало хуже заранее спасибо,negative_feedback,quality,escalation_flow,augmented,medium
9014,Работаете в субботу?,faq,clinic_info,faq_flow,template,simple
2608,Больше не приду 😊,negative_feedback,general,escalation_flow,augmented,simple
8794,После КТ у Смирновой стало хуже!,negative_feedback,quality,escalation_flow,augmented,medium
3829,"Привет, большое спасибо заранее спасибо",conversational,gratitude,conversation_flow,augmented,complex
7651,Запись к хирургу на послезавтра,booking,new_appointment,booking_flow,variation,simple
3199,"Скажите, хочу лечение кариеса",anamnesis,services,anamnesis_flow,augmented,complex
4763,Что посоветуете пожалуйста,faq,followup,faq_flow,augmented,simple
9830,Есть ночной рпиём?,faq,clinic_info,faq_flow,augmented,simple
4295,Здравствуйте 👍,conversational,greeting,conversation_flow,augmented,simple
7013,"Скажите, отмените запись, занят на работе",booking,cancel,booking_flow,augmented,complex
6311,Дов стерчи,conversational,farewell,conversation_flow,augmented,simple
5069,Конечно 👍,conversational,confirmation,conversation_flow,augmented,simple
7440,"Скажите, некомпетентный врач",negative_feedback,staff,escalation_flow,augmented,complex
5941,Стоимость виниров?,faq,price,faq_flow,template,simple
5012,Сколько нельзя заниматься спортом после реставрацию?,faq,visit_prep,faq_flow,variation,medium
1070,реставрацию сколько стоит?,faq,price,faq_flow,variation,simple
9034,Сколько длится элайнеры 👍...,faq,procedure,faq_flow,augmented,simple
1613,СНИМИТЕ МЕНЯ С ЗАПИСИ...,booking,cancel,booking_flow,augmented,simple
6866,"Скажите, а можно по-другому...",faq,followup,faq_flow,augmented,complex
433,Да спасибо заранее спасибо,conversational,confirmation,conversation_flow,augmented,simple
9748,Сколько нельзя пить алкоголь после удаление заранее спасибо,faq,visit_prep,faq_flow,augmented,medium
6130,После виниры у Козловой стало хуже,negative_feedback,quality,escalation_flow,variation,medium
1815,Верните деньги.,negative_feedback,general,escalation_flow,augmented,simple
7636,"Привет, отмена приёма заранее спасибо",booking,cancel,booking_flow,augmented,complex
4918,Интересует лечение каналов,anamnesis,services,anamnesis_flow,variation,simple
9702,Удачи спасибо спасибо,conversational,farewell,conversation_flow,augmented,simple
8485,"Привет, коронка шатается 🦷",anamnesis,complaint,anamnesis_flow,augmented,complex
8078,А что лчуше?,faq,followup,faq_flow,augmented,simple
9128,Во сколько открываеетсь спасибо,faq,clinic_info,faq_flow,augmented,simple
3909,"Подскажите, не смогу прийти",booking,cancel,booking_flow,augmented,complex
2774,До встрчеи,conversational,farewell,conversation_flow,augmented,simple
7775,"Добрый день, прикусил щёку",anamnesis,complaint,anamnesis_flow,augmented,complex
376,зуб болит немного,anamnesis,symptom,anamnesis_flow,variation,simple
9287,нужно элайнеры?,anamnesis,services,anamnesis_flow,augmented,simple
9172,"Привет, отмените запись",booking,cancel,booking_flow,augmented,complex
627,До встречи спасибо,conversational,farewell,conversation_flow,augmented,simple
2684,"Подскажите, а если я не буду 😢",faq,followup,faq_flow,augmented,complex
9903,Не сообщили оп ереносе,negative_feedback,service_issue,escalation_flow,augmented,simple
6983,как долго прослужит пожалуйста,faq,procedure,faq_flow,augmented,simple
8690,АДМИНИТСРАТОР НАХАМИЛ,negative_feedback,staff,escalation_flow,augmented,simple
3339,Брекет токлеился заранее спасибо,anamnesis,complaint,anamnesis_flow,augmented,simple
5524,плохая клиника.,negative_feedback,general,escalation_flow,augmented,simple
1723,Подуамю!!,conversational,unclear,clarification_flow,augmented,simple
8064,Зуб потемнел,anamnesis,complaint,anamnesis_flow,template,simple
4080,Перенесите на сегодня!,booking,reschedule,booking_flow,augmented,simple
4318,"Привет, перезапишите на вечер",booking,reschedule,booking_flow,augmented,complex
3862,Очень благодарен 😊,conversational,gratitude,conversation_flow,augmented,simple
2301,"ДОБРЫЙ ДЕНЬ, КУЗНЕЦОВОЙ БЫЛ ГРУБ",negative_feedback,staff,escalation_flow,augmented,complex
4756,"Здравствйуте, коронка слетела",anamnesis,complaint,anamnesis_flow,augmented,complex
5628,Есть WhatsApp заранее спасибо,faq,clinic_info,faq_flow,augmented,simple
3206,Хочу поставить виниры 😊,anamnesis,services,anamnesis_flow,augmented,simple
9149,"спасибо, до свидания!!",conversational,gratitude,conversation_flow,augmented,complex
5803,СЛОМАЛСЯ ПРОТЕЗ!,anamnesis,complaint,anamnesis_flow,augmented,simple
8036,Прикусил язык 🦷,anamnesis,complaint,anamnesis_flow,augmented,simple
1320,Это безопасно заранее спасибо,faq,procedure,faq_flow,augmented,simple
7980,"Не смогу пирйти, заболел",booking,cancel,booking_flow,augmented,complex
5230,"Подскажите, у меня откололся зуб",anamnesis,complaint,anamnesis_flow,augmented,complex
7298,"Подскажите, после виниры у ВолковА стало хуже",negative_feedback,quality,escalation_flow,augmented,complex
6046,Ок 🦷,conversational,confirmation,conversation_flow,augmented,simple
3111,Почём имплантацию заранее спасибо,faq,price,faq_flow,augmented,simple
8316,Можно сегодня?,booking,new_appointment,booking_flow,template,simple
7766,Лечение не помогло.,negative_feedback,quality,escalation_flow,augmented,simple
2113,"Здравствуйте, элайнеры это больно?",faq,procedure,faq_flow,augmented,complex
4866,У меня кровоточивость со вчера 😊,anamnesis,symptom,anamnesis_flow,augmented,medium
2288,"Подскажите, а если не поможет?",faq,followup,faq_flow,augmented,complex
5307,Как проходит КТ!!,faq,procedure,faq_flow,augmented,simple
2142,Мне не перезвонили день 🦷 😊,negative_feedback,service_issue,escalation_flow,augmented,medium
1767,у меня шатается зуб?,anamnesis,complaint,anamnesis_flow,augmented,simple
8851,"ДОБРЫЙ ДЕНЬ, КАКАЯ ЦЕНА НА ОТБЕЛИВАНИЕ?",faq,price,faq_flow,augmented,complex
4561,"Здравствуйте, спасибо большое",conversational,gratitude,conversation_flow,augmented,complex
1656,До свидания заранее спасибо 😊,conversational,farewell,conversation_flow,augmented,simple
5188,После имплантацию у Смирновой стало хуже,negative_feedback,quality,escalation_flow,variation,medium
9308,Какая цена на профгигиену.,faq,price,faq_flow,augmented,simple
7125,"Здравствуйте, а если не поомжет?",faq,followup,faq_flow,augmented,complex
5126,"Добрый день, спасибо за информацию",conversational,gratitude,conversation_flow,augmented,complex
6011,Зуб измнеил цвет,anamnesis,complaint,anamnesis_flow,augmented,simple
5062,Можно без этого?,faq,followup,faq_flow,template,simple
9063,Врач ничего не знает.,negative_feedback,staff,escalation_flow,augmented,simple
5821,зуб сиьлно болит,anamnesis,symptom,anamnesis_flow,augmented,simple
7235,Сколько нельзя пить алкоголь после пломбирование 👍,faq,visit_prep,faq_flow,augmented,medium
3581,Ждал несколько дней,negative_feedback,service_issue,escalation_flow,variation,simple
4095,"Здравствуйте, удачи спасибо",conversational,farewell,conversation_flow,augmented,complex
8593,"Здравствуйте, интересует брекеты",anamnesis,services,anamnesis_flow,augmented,complex
4120,Ждал неделю 😊,negative_feedback,service_issue,escalation_flow,augmented,simple
4893,"спасибо, всё понятно 🙏",conversational,gratitude,conversation_flow,augmented,complex
4708,У меня боль от холодноог неделю,anamnesis,symptom,anamnesis_flow,augmented,medium
4311,Случилось выпала пломба,anamnesis,complaint,anamnesis_flow,variation,simple
509,Запись к пародонтологу на сегодня,booking,new_appointment,booking_flow,variation,simple
5632,"Подскажите, сколько нельзя пить алкоголь после лечение каналов.",faq,visit_prep,faq_flow,augmented,complex
9323,нижняя десна сильно болит,anamnesis,symptom,anamnesis_flow,variation,simple
1300,"Добрый день, над опосоветоваться",conversational,unclear,clarification_flow,augmented,complex
3703,А можно по-другому.,faq,followup,faq_flow,augmented,simple
8637,Ладно?,conversational,confirmation,conversation_flow,augmented,simple
4800,Добрый вечер 😢 😢,conversational,greeting,conversation_flow,augmented,simple
8887,Врач ничего не знает?,negative_feedback,staff,escalation_flow,augmented,simple
4823,"Скажите, элайнеры это больно?",faq,procedure,faq_flow,augmented,complex
9677,"Здравстувйте, понятно",conversational,confirmation,conversation_flow,augmented,complex
3414,ХОЧУ НА ЭТУ НЕДЕЛЮ.,booking,new_appointment,booking_flow,augmented,simple
2906,ОТКАЗ ОТ ЗАПИСИ.,booking,cancel,booking_flow,augmented,simple
563,"Добрый день, алло",conversational,greeting,conversation_flow,augmented,complex
5627,Сколько нельзя есть после имплантацию?,faq,visit_prep,faq_flow,variation,simple
7923,"Подскажите, очен ьблагодарен",conversational,gratitude,conversation_flow,augmented,complex
6840,Сколько стоит консультацию?,faq,price,faq_flow,variation,simple
270,"Добрый день, может быть",conversational,unclear,clarification_flow,augmented,complex
4518,"Привет, интересует отбеливание",anamnesis,services,anamnesis_flow,augmented,complex
7659,Хочу к челюстно-лицевому хирургу 😊,booking,new_appointment,booking_flow,augmented,simple
3762,Нер екомендую,negative_feedback,general,escalation_flow,augmented,simple
6128,Ок,conversational,confirmation,conversation_flow,template,simple
6509,Запись к имплантологу на на следующей неделе,booking,new_appointment,booking_flow,variation,medium
1173,Не понравилось 😊?,negative_feedback,general,escalation_flow,augmented,simple
7052,Хочу коронку?!,anamnesis,services,anamnesis_flow,augmented,simple
5753,Сколько длится осмотр пожалуйста,faq,procedure,faq_flow,augmented,simple
224,Перенесите на среду спасибо,booking,reschedule,booking_flow,augmented,simple
6717,Спсаибо!,conversational,gratitude,conversation_flow,augmented,simple
4454,"Подскажите, спасибо, до свидания",conversational,gratitude,conversation_flow,augmented,complex
8238,После чистку у Лебедевой стало хуже,negative_feedback,quality,escalation_flow,variation,medium
4956,"острая боль, что делать?",anamnesis,symptom,anamnesis_flow,variation,simple
3868,Как подготовиться к виинры спасибо,faq,visit_prep,faq_flow,augmented,simple
4427,У меня ноющая боль давно,anamnesis,symptom,anamnesis_flow,variation,simple
9055,"Не мсогуп рийти, уезжаю",booking,cancel,booking_flow,augmented,complex
1907,"Добрый день, иванова был груб!!",negative_feedback,staff,escalation_flow,augmented,complex
7952,болит зуб мудрости уже с утра пожалуйста,anamnesis,symptom,anamnesis_flow,augmented,medium
5036,После профгигиену у Новикова стало хуже пожалуйста,negative_feedback,quality,escalation_flow,augmented,medium
3393,Какие ещё аврианты?,faq,followup,faq_flow,augmented,simple
3043,Есть лаьтернативы?,faq,procedure,faq_flow,augmented,simple
3013,Планирую коронку,anamnesis,services,anamnesis_flow,variation,simple
3289,Монжо перенести на на следующйе неделе?,booking,reschedule,booking_flow,augmented,medium
3577,Что вы рекомнедуете?,faq,followup,faq_flow,augmented,simple
4393,Запись потеряли,negative_feedback,service_issue,escalation_flow,template,simple
484,После имплантацию у Лебедевой стало хуже,negative_feedback,quality,escalation_flow,variation,medium
306,"Добрый день, плохая клиника",negative_feedback,general,escalation_flow,augmented,complex
3256,УБЕРИТЕ МОЮ ЗАПИСЬ спасибо,booking,cancel,booking_flow,augmented,simple
2690,Окей 🙏,conversational,confirmation,conversation_flow,augmented,simple
5909,"Здравствуйте, можно перенести на послезавтра...",booking,reschedule,booking_flow,augmented,complex
2529,Снимите меня с записи пожалуйста,booking,cancel,booking_flow,augmented,simple
7928,Винир отклеился,anamnesis,complaint,anamnesis_flow,template,simple
7650,"боль от горячего, что делать?",anamnesis,symptom,anamnesis_flow,variation,simple
4363,Отёк под глазом,anamnesis,symptom,anamnesis_flow,template,simple
4557,Планирую чистку,anamnesis,services,anamnesis_flow,variation,simple
4169,Спасибо большое,conversational,gratitude,conversation_flow,template,simple
4996,"Подскажите, планирую брекеты",anamnesis,services,anamnesis_flow,augmented,complex
2641,шестёрка болит немного,anamnesis,symptom,anamnesis_flow,variation,simple
6788,До которого часа приём,faq,clinic_info,faq_flow,augmented,simple
144,После осмотр у Лебедевой стало хуже пожалуйста,negative_feedback,quality,escalation_flow,augmented,medium
8711,После реставрацию у Лебедевой стало хуже,negative_feedback,quality,escalation_flow,variation,medium
2890,А ЕСЛИ Я НЕ БУДУ...,faq,followup,faq_flow,augmented,simple
9112,Какая цена на снимок опжалуйста,faq,price,faq_flow,augmented,simple
9763,СКОЛЬКО НЕЛЬЗЯ ПИЬТ АЛКОГОЛЬ ПОСЛЕ СНИМОК?,faq,visit_prep,faq_flow,augmented,medium
8732,Когда прийти на осмотр?,faq,visit_prep,faq_flow,template,simple
8727,Перезапишите на утро заранее спасибо,booking,reschedule,booking_flow,augmented,simple
3931,Больше не приду?!,negative_feedback,general,escalation_flow,augmented,simple
4047,Врач не объяснил...,negative_feedback,staff,escalation_flow,augmented,simple
3793,"Здарвствуйте, случилось выпала пломба",anamnesis,complaint,anamnesis_flow,augmented,complex
6278,Планирую удаление...,anamnesis,services,anamnesis_flow,augmented,simple
4507,"Подскажите, большоес пасибо",conversational,gratitude,conversation_flow,augmented,complex
7892,Как проходит элайнеры 🙏,faq,procedure,faq_flow,augmented,simple
4313,Хочу сдвинуть время,booking,reschedule,booking_flow,template,simple
8166,Интересует протезирование 😢 пожалуйста,anamnesis,services,anamnesis_flow,augmented,simple
5845,Ждал два дня 🦷,negative_feedback,service_issue,escalation_flow,augmented,simple
2358,"Отмените запись, заболел спасибо",booking,cancel,booking_flow,augmented,complex
1617,"Добрый день, где остАвить жалобу?",negative_feedback,general,escalation_flow,augmented,complex
9989,Конечно!!,conversational,confirmation,conversation_flow,augmented,simple
6318,После чистку у Смирновой стало хуже,negative_feedback,quality,escalation_flow,variation,medium
2974,очень блгаодарен,conversational,gratitude,conversation_flow,augmented,simple
9638,ДО СВИДАНИЯ.,conversational,farewell,conversation_flow,augmented,simple
5434,Хочу поговориьт с руководством,negative_feedback,general,escalation_flow,augmented,simple
4560,Долгоо формляли документы 🦷,negative_feedback,service_issue,escalation_flow,augmented,simple
1289,Болит челюсть уже несколько дней,anamnesis,symptom,anamnesis_flow,variation,simple
2005,СКОЛЬКО НЕЛЬЗЯ ПИТЬ ПОСЛЕ ЧИСТКУ,faq,visit_prep,faq_flow,augmented,simple
9050,Здорово.,conversational,greeting,conversation_flow,augmented,simple
8385,Сколько длится осмотр?,faq,procedure,faq_flow,variation,simple
9731,После брекеты у Сидроова стало хуже,negative_feedback,quality,escalation_flow,augmented,medium
7096,до скорого?,conversational,farewell,conversation_flow,augmented,simple
4374,"Здравствуйте, блаогдарю",conversational,gratitude,conversation_flow,augmented,complex
3119,Современный метод?,faq,procedure,faq_flow,template,simple
3532,"Привет, удачи",conversational,farewell,conversation_flow,augmented,complex
6630,Ждал меясц,negative_feedback,service_issue,escalation_flow,augmented,simple
8557,Можно на субботу?,booking,new_appointment,booking_flow,variation,simple
4734,Можно перенести на среду.,booking,reschedule,booking_flow,augmented,simple
385,Не знаю спасибо,conversational,unclear,clarification_flow,augmented,simple
4871,нужно пломбирование спасибо,anamnesis,services,anamnesis_flow,augmented,simple
885,"Не смогу прийти, заболел спасибо",booking,cancel,booking_flow,augmented,complex
6239,"Добрый день, недопустимо",negative_feedback,general,escalation_flow,augmented,complex
2103,ЧтО вы рекомендуете заранее спасибо,faq,followup,faq_flow,augmented,simple
7867,Большое спасибо?!,conversational,gratitude,conversation_flow,augmented,simple
9362,ДОБРОЕУ ТРО,conversational,greeting,conversation_flow,augmented,simple
359,"Отмените запись, заболел 👍",booking,cancel,booking_flow,augmented,complex
7993,Появилась язвочка во рту 😢,anamnesis,complaint,anamnesis_flow,augmented,simple
6806,"Здравствуйте, всего хорошего пожалуйста",conversational,farewell,conversation_flow,augmented,complex
2108,Хочу возврат...,negative_feedback,general,escalation_flow,augmented,simple
5491,Работаете в завтра пожалуйста пожалуйста,faq,clinic_info,faq_flow,augmented,simple
7609,"Здравствуйте, большое спасибо.",conversational,gratitude,conversation_flow,augmented,complex
4443,Так и не перезвонили спасибо,negative_feedback,service_issue,escalation_flow,augmented,simple
2234,"Привет, до встречи!",conversational,farewell,conversation_flow,augmented,complex
6208,ДА!!,conversational,confirmation,conversation_flow,augmented,simple
9252,Волкоав был груб,negative_feedback,staff,escalation_flow,augmented,simple
5295,Сколько длится!,faq,procedure,faq_flow,augmented,simple
8253,"Привет, пернеесите на следующую неделю",booking,reschedule,booking_flow,augmented,complex
8745,Ретейнер отклеился?!,anamnesis,complaint,anamnesis_flow,augmented,simple
9494,Делаете панорамный снимок?,faq,clinic_info,faq_flow,template,simple
2225,"Добрый день, снимите меня с записи 😊",booking,cancel,booking_flow,augmented,complex
7296,ПОСЛЕ ЛЕЧЕНИЕ КАНАЛОВ У ЛЕБЕДЕВОЙ СТАЛО ХУЖЕ заранее спасибо,negative_feedback,quality,escalation_flow,augmented,medium
1222,Рядом есть метро спасибо,faq,clinic_info,faq_flow,augmented,simple
421,Моей записи нет пожалуйста,negative_feedback,service_issue,escalation_flow,augmented,simple
7055,Приложение глючит...,negative_feedback,service_issue,escalation_flow,augmented,simple
6684,Приём начался с опозданием пожалуйста.,negative_feedback,service_issue,escalation_flow,augmented,simple
7904,Отмените запись.,booking,cancel,booking_flow,augmented,simple
8541,Хочу возварт 😊,negative_feedback,general,escalation_flow,augmented,simple
8002,"Подскажите, нужно КТ",anamnesis,services,anamnesis_flow,augmented,complex
2336,После осмотр у Кузнецовой стало хуже,negative_feedback,quality,escalation_flow,variation,medium
2775,Посоветуюсь заранее спасибо,conversational,unclear,clarification_flow,augmented,simple
2348,персона лхамит,negative_feedback,staff,escalation_flow,augmented,simple
5173,Что сели не поможет?,faq,followup,faq_flow,augmented,simple
2451,Сколько стОит ипмлант?,faq,price,faq_flow,augmented,simple
7172,Так и не перезвонили!!,negative_feedback,service_issue,escalation_flow,augmented,simple
9725,"Подскажите, сколько нельзя заниматься спортом после профгигиену?",faq,visit_prep,faq_flow,augmented,complex
7089,Пока не решил 😢,conversational,unclear,clarification_flow,augmented,simple
3810,Сколько стоит КТ?,faq,price,faq_flow,variation,simple
856,После консультацию у Сидорова стало хуже,negative_feedback,quality,escalation_flow,variation,medium
1055,ПОСЛЕ СНИМОК УП ЕТРОВОЙ СТАЛО ХУЖЕ,negative_feedback,quality,escalation_flow,augmented,medium
7723,"Здравствуйте, сколько нельзя пить после элайнеры?",faq,visit_prep,faq_flow,augmented,complex
4455,Мне не перезвонили несколько денй заранее спасибо,negative_feedback,service_issue,escalation_flow,augmented,medium
686,"Скажите, можно перенести на вторник?",booking,reschedule,booking_flow,augmented,complex
692,"Добрый день, как подготовиться к реставрацию?",faq,visit_prep,faq_flow,augmented,complex
7724,Посел консультацию у Волкова стало хуже?,negative_feedback,quality,escalation_flow,augmented,medium
4740,"Скажите, врач не слушал",negative_feedback,staff,escalation_flow,augmented,complex
1020,Коронкаш атается,anamnesis,complaint,anamnesis_flow,augmented,simple
7010,Может ыбть,conversational,unclear,clarification_flow,augmented,simple
9924,ДОБРЫЙ ВЕЧЕР...,conversational,greeting,conversation_flow,augmented,simple
1402,"Подскажите, понятно",conversational,confirmation,conversation_flow,augmented,complex
6612,Запись к ортопеду на субботу,booking,new_appointment,booking_flow,variation,simple
8573,нижний зуб сильно болит,anamnesis,symptom,anamnesis_flow,variation,simple
9594,Ждал дв енедели,negative_feedback,service_issue,escalation_flow,augmented,simple
7237,"Добрый день, появилась язвочка во рту",anamnesis,complaint,anamnesis_flow,augmented,complex
2861,Зуб потменел,anamnesis,complaint,anamnesis_flow,augmented,simple
1201,После отбеливание у Новикова стало хуже спасибо,negative_feedback,quality,escalation_flow,augmented,medium
7129,"Привет, чт опосоветуете?",faq,followup,faq_flow,augmented,complex
1420,Надо подумать пожалуйста,conversational,unclear,clarification_flow,augmented,simple
7553,Болит нижний зуб уже неделю,anamnesis,symptom,anamnesis_flow,variation,simple
3349,Сколько нельзя курить после чистку?,faq,visit_prep,faq_flow,variation,simple
6441,Здравсвтуйте 😊,conversational,greeting,conversation_flow,augmented,simple
5849,Можно перенетси на четверг?,booking,reschedule,booking_flow,augmented,simple
3407,Благодарю авс,conversational,gratitude,conversation_flow,augmented,simple
4508,Ждал несколько дней 😊,negative_feedback,service_issue,escalation_flow,augmented,simple
1567,У меня откололся зуб 👍 🦷,anamnesis,complaint,anamnesis_flow,augmented,medium
5338,"Скажите, ужасный сервис...",negative_feedback,general,escalation_flow,augmented,complex
8418,"Здравствуйте, добрый день, после отбеливание у Кузнецовой стало хуже",negative_feedback,quality,escalation_flow,augmented,complex
9007,Привет!,conversational,greeting,conversation_flow,template,simple
561,Болит коренной зуб уже неделю!,anamnesis,symptom,anamnesis_flow,augmented,simple
3318,После осмотр у Новикова стало хуже,negative_feedback,quality,escalation_flow,variation,medium
185,Хочу отказаться от записи 😢 пожалуйста,booking,cancel,booking_flow,augmented,medium
1482,НИЧЕГО НЕ ОБЪЯСНИЛИ!,negative_feedback,staff,escalation_flow,augmented,simple
9312,"Здравствуйте, сКОЛЬКО НЕЛЬЗЯ ЕСТЬ ПОСЛЕ РЕСТАВРАЦИЮ?",faq,visit_prep,faq_flow,augmented,complex
3278,Мне не перезвонили месяц?!,negative_feedback,service_issue,escalation_flow,augmented,simple
4280,После коронку у Кузнецовой стало хуже,negative_feedback,quality,escalation_flow,variation,medium
3533,Какая цена на коронку?,faq,price,faq_flow,variation,simple
4971,"Добрый день, привет",conversational,greeting,conversation_flow,augmented,complex
2871,После осмотр у Сидорова стало хуже,negative_feedback,quality,escalation_flow,variation,medium
1177,Здравствуйте заранее спасибо?,conversational,greeting,conversation_flow,augmented,simple
8239,"боль при жевании, что делать?",anamnesis,symptom,anamnesis_flow,variation,simple
9959,"Здравствуйте, можно записаться онлайн пожалуйста",faq,clinic_info,faq_flow,augmented,complex
3544,Хочуи зменить время записи,booking,reschedule,booking_flow,augmented,simple
2458,Сколько нельзя есть после лечение кариеса?,faq,visit_prep,faq_flow,variation,medium
6099,А если я не буду 😊,faq,followup,faq_flow,augmented,medium
5114,Торопили,negative_feedback,staff,escalation_flow,template,simple
1733,Хочу пожаловаться 🦷 пожалуйста,negative_feedback,general,escalation_flow,augmented,simple
2189,отбеливание это больно?,faq,procedure,faq_flow,variation,simple
4571,"Привет, сколько нельзя пить после брекеты?",faq,visit_prep,faq_flow,augmented,complex
5208,"Здравствуйте, до свидания?!",conversational,farewell,conversation_flow,augmented,complex
7346,Запишите на протезирование,booking,new_appointment,booking_flow,variation,simple
3123,Ничего не объяснили?!,negative_feedback,staff,escalation_flow,augmented,simple
4268,Принимаете рассрочку?,faq,clinic_info,faq_flow,variation,simple
7722,ЗАПИСЬ К ОРТОДОНТУ НА ВТОРНИК...,booking,new_appointment,booking_flow,augmented,simple
941,Запись к хирургу на утро заранее спасибо,booking,new_appointment,booking_flow,augmented,medium
7570,Хочу выровнять зубы,anamnesis,services,anamnesis_flow,template,simple
5541,"Подскажите, позже",conversational,unclear,clarification_flow,augmented,complex
5124,Добрый вечер спасибо спасибо,conversational,greeting,conversation_flow,augmented,simple
5645,Врач Волкова не объяснил заранее спасибо,negative_feedback,staff,escalation_flow,augmented,medium
3398,Отмените запись спасибо,booking,cancel,booking_flow,augmented,simple
5807,Хооршо спасибо,conversational,confirmation,conversation_flow,augmented,simple
5837,После лечение кариеса у Морозовой стало хуже,negative_feedback,quality,escalation_flow,variation,medium
1949,Запись к парОдонтологун а послезавтра,booking,new_appointment,booking_flow,augmented,simple
1471,Как проходит лечение заранее спасибо,faq,procedure,faq_flow,augmented,simple
1625,Добрый деьн!,conversational,greeting,conversation_flow,augmented,simple
6867,передний зуб постоянно болит,anamnesis,symptom,anamnesis_flow,variation,simple
6348,Результат не тот что обещали,negative_feedback,quality,escalation_flow,template,simple
8116,отбеливание сколкьо стоит?,faq,price,faq_flow,augmented,simple
8037,Сколько стоит лечение.,faq,price,faq_flow,augmented,simple
138,Почём виниры.,faq,price,faq_flow,augmented,simple
8066,После консультацию у Петровой стало хуже!!,negative_feedback,quality,escalation_flow,augmented,medium
3285,Нужно обтеливание,anamnesis,services,anamnesis_flow,augmented,simple
302,"Привет, не понравилось пожалуйста",negative_feedback,general,escalation_flow,augmented,complex
2864,Запишите на лечение каналов,booking,new_appointment,booking_flow,variation,simple
7912,Болит челюсть уже со вчера,anamnesis,symptom,anamnesis_flow,variation,simple
3663,Иванова был груб?!,negative_feedback,staff,escalation_flow,augmented,simple
6645,Недоовлен обслуживанием,negative_feedback,general,escalation_flow,augmented,simple
3962,"Добрый день, отбеливание сколько стоит?!",faq,price,faq_flow,augmented,complex
6297,После виниры у Иванова стало хуже,negative_feedback,quality,escalation_flow,variation,medium
6030,"Привет, иНТЕРЕСУЕТ ОТБЕЛИВАНИЕ ЗУБОВ",anamnesis,services,anamnesis_flow,augmented,complex
7865,НЕ СМОГУ ПРИЙТИ?!,booking,cancel,booking_flow,augmented,simple
7194,НЕ СЕЙЧАС 😢,conversational,unclear,clarification_flow,augmented,simple
4027,запись к детскому стоматологу на четверг 🦷,booking,new_appointment,booking_flow,augmented,medium
2590,"Подскажите, можно без этого!",faq,followup,faq_flow,augmented,complex
8318,"шатается зуб, что делать 🙏",anamnesis,complaint,anamnesis_flow,augmented,complex
8590,Почём коронку.,faq,price,faq_flow,augmented,simple
5220,Почём лечение каналов?!,faq,price,faq_flow,augmented,simple
7935,"Здравствуйте, алло 😢",conversational,greeting,conversation_flow,augmented,complex
2093,коронку сколько стоит?!,faq,price,faq_flow,augmented,simple
9709,Врач опоздал на полчаса...,negative_feedback,service_issue,escalation_flow,augmented,simple
476,"Подскажите, буду!!",conversational,confirmation,conversation_flow,augmented,complex
3105,Нез наю 😊,conversational,unclear,clarification_flow,augmented,simple
4779,"Добрый день, можно записаться онлайн?",faq,clinic_info,faq_flow,augmented,complex
6605,Беспокоит отёк,anamnesis,symptom,anamnesis_flow,variation,simple
4575,Работаете в в ближайшее время заранее сПасибо,faq,clinic_info,faq_flow,augmented,medium
8700,Интересует виниры,anamnesis,services,anamnesis_flow,variation,simple
7913,Как проходит протезирование?,faq,procedure,faq_flow,variation,simple
8272,"НЕ СМОГУ ПРИЙТИ, НЕ СМОГУ 🙏",booking,cancel,booking_flow,augmented,complex
9855,Как подготовиться к КТ?,faq,visit_prep,faq_flow,variation,simple
9584,Алло пожалуйста?!,conversational,greeting,conversation_flow,augmented,simple
5570,Нагрубили,negative_feedback,staff,escalation_flow,template,simple
3014,Запись к челюстно-лицевому хирургу на сегодня,booking,new_appointment,booking_flow,variation,medium
2323,Болит передний зуб уже две недели,anamnesis,symptom,anamnesis_flow,variation,medium
2150,"Здравствуйте, ужасынй сервис",negative_feedback,general,escalation_flow,augmented,complex
5560,пломбиРование это больно заранее спасибо,faq,procedure,faq_flow,augmented,simple
7908,"Скажите, мне не перезвонили два дня",negative_feedback,service_issue,escalation_flow,augmented,complex
6842,"Скажите, да заранее спасибо",conversational,confirmation,conversation_flow,augmented,complex
4030,Как делАют 🙏,faq,procedure,faq_flow,augmented,simple
9147,Ждла три дня,negative_feedback,service_issue,escalation_flow,augmented,simple
6594,После консультацию у Петровой стало хуже,negative_feedback,quality,escalation_flow,variation,medium
5489,Ага,conversational,confirmation,conversation_flow,template,simple
8604,ЕСТЬ АЛЬТЕРНАТИВЫ,faq,procedure,faq_flow,augmented,simple
4378,Почём осмотр?,faq,price,faq_flow,variation,simple
3742,Плохая клиника 🙏,negative_feedback,general,escalation_flow,augmented,simple
2901,"Подскажите, сколько нельзя курить после осмотр?",faq,visit_prep,faq_flow,augmented,complex
9623,После реставрацию у Козловой стало хуже,negative_feedback,quality,escalation_flow,variation,medium
1717,Интересует консультацию 🙏,anamnesis,services,anamnesis_flow,augmented,simple
6331,"Отменитез апись, занЯт на работе",booking,cancel,booking_flow,augmented,complex
3844,не предупредили об измененяих,negative_feedback,service_issue,escalation_flow,augmented,simple
8657,А вдруг не оплучится,faq,followup,faq_flow,augmented,simple
7587,плохая килника,negative_feedback,general,escalation_flow,augmented,simple
6179,ВСЕГО ХОРОШЕГО 😢,conversational,farewell,conversation_flow,augmented,simple
2332,Хочу к имплантологу 🙏,booking,new_appointment,booking_flow,augmented,simple
5998,"Добрый день, смирновой был груб",negative_feedback,staff,escalation_flow,augmented,complex
9203,"Скажите, спасибо!",conversational,gratitude,conversation_flow,augmented,complex
5107,Есть парковка...,faq,clinic_info,faq_flow,augmented,simple
5254,"Скажите, сколько нельзя заниматься спортом после удаление?",faq,visit_prep,faq_flow,augmented,complex
859,Не прдиу,booking,cancel,booking_flow,augmented,simple
2110,Случилось октололся зуб,anamnesis,complaint,anamnesis_flow,augmented,simple
6350,Почём протезирование,faq,price,faq_flow,augmented,simple
6622,"Подскажите, благодарю вас",conversational,gratitude,conversation_flow,augmented,complex
3698,"Да, окнечно",conversational,confirmation,conversation_flow,augmented,complex
4793,Привет пожалуйста,conversational,greeting,conversation_flow,augmented,simple
8928,Ждал две недели 👍,negative_feedback,service_issue,escalation_flow,augmented,simple
6131,Ничего не объяснили,negative_feedback,staff,escalation_flow,template,simple
8567,Невежливо ответили!!,negative_feedback,staff,escalation_flow,augmented,simple
5975,у меня чувствительность давно 🦷,anamnesis,symptom,anamnesis_flow,augmented,simple
7067,"ОтмеНите запись, занят на работе...",booking,cancel,booking_flow,augmented,complex
4286,Что нельзя после элайнеры?,faq,visit_prep,faq_flow,variation,simple
2546,Расскажите больше 😢,faq,followup,faq_flow,augmented,simple
6513,Хочу красивую улыбку,anamnesis,services,anamnesis_flow,template,simple
3074,Работаете в утро?,faq,clinic_info,faq_flow,variation,simple
6809,Нужно перенести!!,booking,reschedule,booking_flow,augmented,simple
1784,Перенесите на пятницу спасибо,booking,reschedule,booking_flow,augmented,simple
5341,Что вы рекомендуете пожалуйста,faq,followup,faq_flow,augmented,simple
247,После лечение каналов у Морозовой стало хуже,negative_feedback,quality,escalation_flow,variation,medium
4768,Десна отошла от зуба,anamnesis,symptom,anamnesis_flow,template,simple
1037,Интересуют виниры 🦷,anamnesis,services,anamnesis_flow,augmented,simple
8519,До скорого 😊,conversational,farewell,conversation_flow,augmented,simple
7973,Работаете в понедельник заранее спасибо,faq,clinic_info,faq_flow,augmented,simple
2714,После виниры у Кузнецовой стало хуже,negative_feedback,quality,escalation_flow,variation,medium
1047,Как подготовиться к приёму,faq,visit_prep,faq_flow,augmented,simple
6259,Брекет отклеился,anamnesis,complaint,anamnesis_flow,template,simple
7083,Ждал нескольок дней.,negative_feedback,service_issue,escalation_flow,augmented,simple
7099,Ждал две недели...,negative_feedback,service_issue,escalation_flow,augmented,simple
3700,Может быть спасибо спасибо,conversational,unclear,clarification_flow,augmented,simple
6413,Недоволено бслуживанием,negative_feedback,general,escalation_flow,augmented,simple
1243,У меня отёк с утра,anamnesis,symptom,anamnesis_flow,variation,simple
7444,"запах изо рта, что делать",anamnesis,symptom,anamnesis_flow,augmented,complex
7058,Принимаете ДМС,faq,clinic_info,faq_flow,augmented,simple
2939,Доброе утро 👍,conversational,greeting,conversation_flow,augmented,simple
9806,Сколько будет стоить всё лечение спасибо?!,faq,price,faq_flow,augmented,medium
6528,"Отмените запись, уезжаю 👍?!",booking,cancel,booking_flow,augmented,complex
983,Сколько нельзя курить после консультацию?,faq,visit_prep,faq_flow,variation,simple
1921,"Заболел, не приду",booking,cancel,booking_flow,template,simple
3547,"Добрый день, что нельзя после реставрацию!!",faq,visit_prep,faq_flow,augmented,complex
4141,"Добрый день, всего хорошего спасибо",conversational,farewell,conversation_flow,augmented,complex
2916,Ждал двад ня,negative_feedback,service_issue,escalation_flow,augmented,simple
2165,Блаогдарю,conversational,gratitude,conversation_flow,augmented,simple
8873,"Привет, как подготовиться?",faq,visit_prep,faq_flow,augmented,complex
6688,"Привет, разочарован?!",negative_feedback,general,escalation_flow,augmented,complex
813,Благодаюр вас пожалуйста,conversational,gratitude,conversation_flow,augmented,simple
4067,Что лучше вЫбраьт?,faq,procedure,faq_flow,augmented,simple
2962,"Скажите, есть противопоказания?",faq,procedure,faq_flow,augmented,complex
5074,Я вам перезвоню спасибо 🦷,conversational,unclear,clarification_flow,augmented,simple
4999,ЗАПИСЬ К ПАРОДОНТОЛОГУ НА СРЕДУ?,booking,new_appointment,booking_flow,augmented,simple
4626,Элайнерт реСнул,anamnesis,complaint,anamnesis_flow,augmented,simple
9424,"ЗДРАВСТВУЙТЕ, ПРИВЕТ",conversational,greeting,conversation_flow,augmented,complex
6049,После консультацию у Новикова стало хуже!,negative_feedback,quality,escalation_flow,augmented,medium
1287,"Заболел, не прдиу",booking,cancel,booking_flow,augmented,complex
8246,Перенесите на вторник...,booking,reschedule,booking_flow,augmented,simple
8855,"Подскажите, до свидания пожалуйста",conversational,farewell,conversation_flow,augmented,complex
1273,Есть микроскоп 👍,faq,clinic_info,faq_flow,augmented,simple
8120,"откололся зуб, что делать спасибо",anamnesis,complaint,anamnesis_flow,augmented,complex
1722,Запись потреяли!!,negative_feedback,service_issue,escalation_flow,augmented,simple
4238,"Здравствуйте, не сейчас?",conversational,unclear,clarification_flow,augmented,complex
4717,"скажите, ок",conversational,confirmation,conversation_flow,augmented,complex
6042,"Добрый день, верните деньги...",negative_feedback,general,escalation_flow,augmented,complex
5536,Хочу на консультацию,booking,new_appointment,booking_flow,template,simple
119,болит коренной зуб уже две недели 🦷,anamnesis,symptom,anamnesis_flow,augmented,medium
7434,После снимок у Лебедевой стало хуже,negative_feedback,quality,escalation_flow,variation,medium
9474,Врач Петровой не объяснил заранее спасибо,negative_feedback,staff,escalation_flow,augmented,medium
1877,удаление эот больно?,faq,procedure,faq_flow,augmented,simple
2960,"Подскажите, вСЕГО ДОБРОГО",conversational,farewell,conversation_flow,augmented,complex
4777,уберите мою запись 😢,booking,cancel,booking_flow,augmented,simple
1197,сколько нельзя заниматься спортом после брекеты 🙏,faq,visit_prep,faq_flow,augmented,medium
2200,"Добрый день, врач не слушал",negative_feedback,staff,escalation_flow,augmented,complex
123,Большое спасибо 😊,conversational,gratitude,conversation_flow,augmented,simple
8346,"Привет, работаете в вечер?",faq,clinic_info,faq_flow,augmented,complex
7064,"Здравствуйте, спасибо, всё понятно спасибо",conversational,gratitude,conversation_flow,augmented,complex
9766,"подскажите, привет!",conversational,greeting,conversation_flow,augmented,complex
4909,Алло?!,conversational,greeting,conversation_flow,augmented,simple
9856,Хочу перенести запись 🙏,booking,reschedule,booking_flow,augmented,simple
8652,Как проходит консультаицю заранее спасибо,faq,procedure,faq_flow,augmented,simple
7999,Отмена приЁма 😊,booking,cancel,booking_flow,augmented,simple
5005,"Здравствуйте, отмените запись пожалуйста",booking,cancel,booking_flow,augmented,complex
9199,Позовите галвврача,negative_feedback,general,escalation_flow,augmented,simple
4294,Мне не перезвонили неделю.,negative_feedback,service_issue,escalation_flow,augmented,simple
6615,Чтон ельзя после коронку 😊,faq,visit_prep,faq_flow,augmented,simple
3321,Перенесите на сегодня пожалуйста,booking,reschedule,booking_flow,augmented,simple
730,До скорого 😊 😢,conversational,farewell,conversation_flow,augmented,simple
2161,Запись к ортопеду на сегодня,booking,new_appointment,booking_flow,variation,simple
877,"не смогу прийти, не смогу!",booking,cancel,booking_flow,augmented,complex
9239,Зуб изменил цвет 😊,anamnesis,complaint,anamnesis_flow,augmented,simple
1976,Понял 😊,conversational,confirmation,conversation_flow,augmented,simple
7035,"Добрый день, сколько длится консультацию?",faq,procedure,faq_flow,augmented,complex
805,"Скажите, шатается зуб, что делать заранее спасибо",anamnesis,complaint,anamnesis_flow,augmented,complex
3831,Позовите главврача 😢,negative_feedback,general,escalation_flow,augmented,simple
868,"Здравствуйте, хочу пломбирование",anamnesis,services,anamnesis_flow,augmented,complex
9182,Может быть...,conversational,unclear,clarification_flow,augmented,simple
5743,"Подскажите, здарсте",conversational,greeting,conversation_flow,augmented,complex
4950,После профгигиену у Кузнецовой стало хуже спасибо,negative_feedback,quality,escalation_flow,augmented,medium
7378,"Скажите, уточните, пожалуйста",faq,followup,faq_flow,augmented,complex
8585,удаление это больно?,faq,procedure,faq_flow,variation,simple
4259,Где оставить жалобу 🙏,negative_feedback,general,escalation_flow,augmented,simple
3151,Не работает онлайн-запись?,negative_feedback,service_issue,escalation_flow,augmented,simple
4035,После пломбирование у Сидроова стало хуже пожалуйста,negative_feedback,quality,escalation_flow,augmented,medium
3290,"Привет, добрый вечер!",conversational,greeting,conversation_flow,augmented,complex
5574,Какой материал лучше?,faq,procedure,faq_flow,template,simple
2762,"Скажите, до скольк иработаете?",faq,clinic_info,faq_flow,augmented,complex
3596,Нужно элайенры,anamnesis,services,anamnesis_flow,augmented,simple
6577,врач не слушал пожалуйста,negative_feedback,staff,escalation_flow,augmented,simple
3176,"Подскажите, подскажите, выпала пломба",anamnesis,complaint,anamnesis_flow,augmented,complex
7841,"Привет, прикусил щёку 🦷",anamnesis,complaint,anamnesis_flow,augmented,complex
3988,Благдоарю вас 👍,conversational,gratitude,conversation_flow,augmented,simple
6734,Почём осмотр 👍,faq,price,faq_flow,augmented,simple
5394,Приём начался с оопзданием,negative_feedback,service_issue,escalation_flow,augmented,simple
3560,Подумаю?,conversational,unclear,clarification_flow,augmented,simple
4217,"Здравствуйте, спасиоб!",conversational,gratitude,conversation_flow,augmented,complex
8410,Случилось слетела коронка спасибо,anamnesis,complaint,anamnesis_flow,augmented,simple
4835,Прощайте 🦷,conversational,farewell,conversation_flow,augmented,simple
2902,Работаете в сегодня!!,faq,clinic_info,faq_flow,augmented,simple
8886,Непрофессиональное отношение спасибо,negative_feedback,staff,escalation_flow,augmented,simple
2311,Это правда необходимо?!,faq,followup,faq_flow,augmented,simple
2820,Благодарю вас заранее спасибо?,conversational,gratitude,conversation_flow,augmented,simple
9195,"Подскажите, зуб мудрости болит постоянно",anamnesis,symptom,anamnesis_flow,augmented,complex
2508,Врач Сидорова не Объяснил.,negative_feedback,staff,escalation_flow,augmented,simple
731,лечение каналов это больно 🙏,faq,procedure,faq_flow,augmented,simple
5681,Нужно реставрацию...,anamnesis,services,anamnesis_flow,augmented,simple
9712,ВСЕГО ДОБРОГО 🙏,conversational,farewell,conversation_flow,augmented,simple
7579,Хочу осмотр,anamnesis,services,anamnesis_flow,variation,simple
9088,Перезвоню,conversational,unclear,clarification_flow,template,simple
1831,Случилось откололся зуб,anamnesis,complaint,anamnesis_flow,variation,simple
3235,"Скажите, зуб реагирует на сладкое",anamnesis,symptom,anamnesis_flow,augmented,complex
3089,нужно кт?,anamnesis,services,anamnesis_flow,augmented,simple
9317,Врча Иванова не объясинл,negative_feedback,staff,escalation_flow,augmented,simple
3394,Появилась дырка в зубе,anamnesis,complaint,anamnesis_flow,template,simple
7905,Температура и болит зуб,anamnesis,symptom,anamnesis_flow,template,simple
6813,"Здравствуйте, какие ещё варианты.",faq,followup,faq_flow,augmented,complex
7583,Запись к детскому стоматологу на в ближайшее время пожалуйста,booking,new_appointment,booking_flow,augmented,medium
1504,Нужно КТ 😊 заранее спасибо,anamnesis,services,anamnesis_flow,augmented,simple
8435,"Спасибо, вёс понятно",conversational,gratitude,conversation_flow,augmented,complex
2330,снимок сколько стоит 😊,faq,price,faq_flow,augmented,simple
5345,"Отмените запиьс, уезжаю",booking,cancel,booking_flow,augmented,complex
6370,"Здравствуйте, спасибо 😢",conversational,gratitude,conversation_flow,augmented,complex
3738,Ждал три дня,negative_feedback,service_issue,escalation_flow,variation,simple
9160,до свтречи,conversational,farewell,conversation_flow,augmented,simple
1584,Уберите мою запись,booking,cancel,booking_flow,template,simple
6146,как подготовиться кп ротезирование?,faq,visit_prep,faq_flow,augmented,simple
26,Эт оправда необходимо?,faq,followup,faq_flow,augmented,simple
5847,"отмените запись, уезжаю!!",booking,cancel,booking_flow,augmented,complex
4618,Почём импланатцию?,faq,price,faq_flow,augmented,simple
1634,После виниры у Новикова стало хуже!!,negative_feedback,quality,escalation_flow,augmented,medium
880,Как записаться  квам?,booking,new_appointment,booking_flow,augmented,simple
936,"Здравствуйте, нЕ СМОГУ ПРИЙТИ",booking,cancel,booking_flow,augmented,complex
824,Здрваствуйте,conversational,greeting,conversation_flow,augmented,simple
6543,Есть рентген спасибо,faq,clinic_info,faq_flow,augmented,simple
3152,Перенесите запись 👍,booking,reschedule,booking_flow,augmented,simple
4338,язвочки на слизистой!,anamnesis,complaint,anamnesis_flow,augmented,simple
750,"Скажите, кАК ПОДГОТОВИТЬСЯ К РЕСТАВРАЦИЮ?",faq,visit_prep,faq_flow,augmented,complex
2184,Надо посвоетоваться,conversational,unclear,clarification_flow,augmented,simple
2542,"Скажите, как подготовиться 🦷",faq,visit_prep,faq_flow,augmented,complex
9985,Сколько нельзя курить после виниры 😢,faq,visit_prep,faq_flow,augmented,medium
6534,Можно перенести приём 😢,booking,reschedule,booking_flow,augmented,simple
7712,Нужно чистить зубы перед визитом 🦷,faq,visit_prep,faq_flow,augmented,medium
2725,"Скажите, спасибо ,до свидания",conversational,gratitude,conversation_flow,augmented,complex
5979,Здравствуйте 🙏 заранее спасибо,conversational,greeting,conversation_flow,augmented,simple
933,Почём лечение кариеса 👍,faq,price,faq_flow,augmented,simple
4927,Можно позже,booking,reschedule,booking_flow,augmented,simple
8736,Пок ане решил,conversational,unclear,clarification_flow,augmented,simple
4550,Скололась эамль,anamnesis,complaint,anamnesis_flow,augmented,simple
3702,Мне не перезвонили две недели 😊,negative_feedback,service_issue,escalation_flow,augmented,medium
7997,Непрофессиональное отношение заранее спасибо,negative_feedback,staff,escalation_flow,augmented,simple
7713,"Подскажите, невежливое обслуживание!!",negative_feedback,staff,escalation_flow,augmented,complex
7812,Нужно переделать!!,negative_feedback,quality,escalation_flow,augmented,simple
1961,Принято 😢 заранее спасибо,conversational,confirmation,conversation_flow,augmented,simple
2600,После элайнеры у Иванова стало хуже,negative_feedback,quality,escalation_flow,variation,medium
8839,Перенесите на пятницу 😢,booking,reschedule,booking_flow,augmented,simple
3378,Как проходит лечение каналов спасибо,faq,procedure,faq_flow,augmented,simple
8213,Запись к терапевту на воскресенье,booking,new_appointment,booking_flow,variation,simple
5004,У меня треснул зуб 🙏,anamnesis,complaint,anamnesis_flow,augmented,simple
6700,Уберите мою запись 🙏,booking,cancel,booking_flow,augmented,simple
2391,Сколько стоит элайнеры?,faq,price,faq_flow,variation,simple
9243,У меня боль от горячего три дня 🦷,anamnesis,symptom,anamnesis_flow,augmented,medium
1028,Что вы рекомендуете!!,faq,followup,faq_flow,augmented,simple
293,Можно на понедельник 😢?!,booking,new_appointment,booking_flow,augmented,simple
1769,"Привет, возможно пожалуйста",conversational,unclear,clarification_flow,augmented,complex
759,"Здравствуйте, а что лучше?",faq,followup,faq_flow,augmented,complex
626,"Скажите, до встречи пожалуйста",conversational,farewell,conversation_flow,augmented,complex
234,"Скажите, до свидания",conversational,farewell,conversation_flow,augmented,complex
3526,Сколько нельзя заниматься спортом после КТ заранее спасибо.,faq,visit_prep,faq_flow,augmented,medium
8322,Планирую снимок,anamnesis,services,anamnesis_flow,variation,simple
2182,Хочу отказаться от записи заранее спасибо,booking,cancel,booking_flow,augmented,medium
7031,"ПОДСКАЖИТЕ, ВРАЧ СМИРНОВОЙ НЕ ОБЪЯСНИЛ",negative_feedback,staff,escalation_flow,augmented,complex
4203,Что если не поможет!,faq,followup,faq_flow,augmented,simple
6604,Всего хроошего,conversational,farewell,conversation_flow,augmented,simple
5075,Мне не перезвонили день пожалуйста,negative_feedback,service_issue,escalation_flow,augmented,simple
6491,"Поясните, пожалуйста пожалуйста",faq,followup,faq_flow,augmented,complex
7037,Отклеиласьо кронка,anamnesis,complaint,anamnesis_flow,augmented,simple
4437,осмотр сколько стоит,faq,price,faq_flow,augmented,simple
5326,У меня боль от горячего три дня,anamnesis,symptom,anamnesis_flow,variation,medium
5083,"Здравствуйте, рпиду",conversational,confirmation,conversation_flow,augmented,complex
98,Запись к пародонтологу на пятницу,booking,new_appointment,booking_flow,variation,simple
2372,"Добрый день, спасибо.",conversational,gratitude,conversation_flow,augmented,complex
5408,"Привет, можно позже пожалуйста",booking,reschedule,booking_flow,augmented,complex
8415,Сколько стоит имплант 👍,faq,price,faq_flow,augmented,simple
9192,Сколько длится коронку пожалуйста.,faq,procedure,faq_flow,augmented,simple
1797,"Привет, врач Морозовой не объяснил",negative_feedback,staff,escalation_flow,augmented,complex
9191,Навероне,conversational,unclear,clarification_flow,augmented,simple
1358,После брекеты у Кузнецовой стало хуже,negative_feedback,quality,escalation_flow,variation,medium
2602,Приду 🙏,conversational,confirmation,conversation_flow,augmented,simple
2990,ХОЧУ ПОГОВОИРТЬ С РУКОВОДСТВОМ,negative_feedback,general,escalation_flow,augmented,simple
1188,"Добрый день, петровой был груб",negative_feedback,staff,escalation_flow,augmented,complex
9977,Цена на импланатцию,faq,price,faq_flow,augmented,simple
5557,Сколько длится брекеты?,faq,procedure,faq_flow,variation,simple
9416,Работаете в утро!!,faq,clinic_info,faq_flow,augmented,simple
3477,Сколько нельзя заниматься спортом после осмотр?,faq,visit_prep,faq_flow,variation,medium
3420,Как долго прослужит,faq,procedure,faq_flow,augmented,simple
8305,Хочу поговорить с руководством 🙏,negative_feedback,general,escalation_flow,augmented,simple
312,Интересуют элайнеры пожалуйста,anamnesis,services,anamnesis_flow,augmented,simple
928,Планирую лечение каналов?!,anamnesis,services,anamnesis_flow,augmented,simple
2402,Здрасте?,conversational,greeting,conversation_flow,augmented,simple
3163,"Привет, отмените приём",booking,cancel,booking_flow,augmented,complex
2650,Перенесите на понедельник спасибо,booking,reschedule,booking_flow,augmented,simple
8979,Сколько длится снимок 🙏,faq,procedure,faq_flow,augmented,simple
2256,Может быть?,conversational,unclear,clarification_flow,augmented,simple
8072,Хочу отменить запись заранее спасибо,booking,cancel,booking_flow,augmented,simple
2046,Пломба выпала через неделю,negative_feedback,quality,escalation_flow,template,simple
6039,Как проходит консультацию 🦷,faq,procedure,faq_flow,augmented,simple
4631,Нужно коронку,anamnesis,services,anamnesis_flow,variation,simple
2702,Пока 🦷,conversational,farewell,conversation_flow,augmented,simple
150,ОКЕЙ.,conversational,confirmation,conversation_flow,augmented,simple
9917,"подскажите, хорошего дня",conversational,farewell,conversation_flow,augmented,complex
4173,"Подскажите, что делать если болит после приёма?",faq,visit_prep,faq_flow,augmented,complex
2936,Верните деньги 😊,negative_feedback,general,escalation_flow,augmented,simple
3379,"Привет, отмените запись, форс-мажор 😊",booking,cancel,booking_flow,augmented,complex
4000,зуб мудрости болит постоянно,anamnesis,symptom,anamnesis_flow,variation,simple
2453,Можно перенести на пятницу заранее спасибо,booking,reschedule,booking_flow,augmented,medium
6952,Зуб изменил цвет 😊 👍,anamnesis,complaint,anamnesis_flow,augmented,simple
6077,десна болит сильно,anamnesis,symptom,anamnesis_flow,variation,simple
9266,После коронку у Лебедевой стало хуже пожалуйста спасибо,negative_feedback,quality,escalation_flow,augmented,medium
5643,коронку это больно 🦷,faq,procedure,faq_flow,augmented,simple
3198,Запишите ан удаление,booking,new_appointment,booking_flow,augmented,simple
5856,СпаСибо заранее спасибо,conversational,gratitude,conversation_flow,augmented,simple
3463,Верниет деньги,negative_feedback,general,escalation_flow,augmented,simple
9684,Здрасте 🙏,conversational,greeting,conversation_flow,augmented,simple
738,Да 😊,conversational,confirmation,conversation_flow,augmented,simple
6949,Сколько нельзя занимаьтся спортом после элайнеры?,faq,visit_prep,faq_flow,augmented,medium
4993,Проблема осталась?,negative_feedback,quality,escalation_flow,augmented,simple
9274,ЗаПись к хирургу нав ечер,booking,new_appointment,booking_flow,augmented,simple
7372,Сколько стоит брекеты?,faq,price,faq_flow,variation,simple
2818,Точнон ужно 😢,faq,followup,faq_flow,augmented,simple
7866,Врач Новикова не объяснил 😢 спасибо,negative_feedback,staff,escalation_flow,augmented,medium
4221,МОРОЗОВОЙ БЫЛ ГРУБ 😢,negative_feedback,staff,escalation_flow,augmented,simple
7593,Большое спасибо...,conversational,gratitude,conversation_flow,augmented,simple
9612,Сколько нельзя курить псоле пломбирование?!,faq,visit_prep,faq_flow,augmented,simple
2795,Врач Новикова не объяснил заранее спасибо,negative_feedback,staff,escalation_flow,augmented,medium
2116,Добрый вечер.,conversational,greeting,conversation_flow,augmented,simple
1180,"Привет, мне нахамили",negative_feedback,staff,escalation_flow,augmented,complex
7150,"Скажите, рабтоаете в вечер?",faq,clinic_info,faq_flow,augmented,complex
5110,После элайнеры у Морозовой стало хуже,negative_feedback,quality,escalation_flow,variation,medium
5669,Сколько нельзя курить после лечение каналов спасибо,faq,visit_prep,faq_flow,augmented,medium
5854,Не нзаю,conversational,unclear,clarification_flow,augmented,simple
1572,Запись к ортопеду на на следующей неделе,booking,new_appointment,booking_flow,variation,medium
4432,жда лдва дня,negative_feedback,service_issue,escalation_flow,augmented,simple
2996,лечениек ариеса не помогло,negative_feedback,quality,escalation_flow,augmented,simple
6927,Угу 🙏,conversational,confirmation,conversation_flow,augmented,simple
3045,"Скажите, нужно протезирование",anamnesis,services,anamnesis_flow,augmented,complex
1676,Позовите главврача?!,negative_feedback,general,escalation_flow,augmented,simple
7450,Есть у вас рентген,faq,clinic_info,faq_flow,augmented,simple
5588,Сколько длится осморт,faq,procedure,faq_flow,augmented,simple
6309,Не смогуп рийти,booking,cancel,booking_flow,augmented,simple
4453,Запись к челюстно-лицевому хирургу на понедельник,booking,new_appointment,booking_flow,variation,medium
5718,Работатее в вечер 😢,faq,clinic_info,faq_flow,augmented,simple
135,"Подскажите, до свидания?",conversational,farewell,conversation_flow,augmented,complex
1226,Сколько длится удаление.,faq,procedure,faq_flow,augmented,simple
3903,Сколько длится консультацию?,faq,procedure,faq_flow,variation,simple
9873,Сколько нельзя заниматься спортом после брекеты заранее спасибо,faq,visit_prep,faq_flow,augmented,medium
1909,"Добрый день, интересует элайнеры",anamnesis,services,anamnesis_flow,augmented,complex
5639,"Подскажите, запись куда-то пропала",negative_feedback,service_issue,escalation_flow,augmented,complex
7564,"Добрый день, спасибо большое!",conversational,gratitude,conversation_flow,augmented,complex
2544,Здорово спасибо,conversational,greeting,conversation_flow,augmented,simple
1786,Спасибо большое спасибо заранее спасибо,conversational,gratitude,conversation_flow,augmented,simple
5874,Не есйчас,conversational,unclear,clarification_flow,augmented,simple
6230,Буду.,conversational,confirmation,conversation_flow,augmented,simple
3660,Хочу перенести на утро,booking,reschedule,booking_flow,template,simple
6333,"Скажите, здравствуйте, не предупредили об изменениях",negative_feedback,service_issue,escalation_flow,augmented,complex
9005,Запись к челюстно-лицевому хирургу на на следующей неделе,booking,new_appointment,booking_flow,variation,medium
9089,Сколько стоит осмотр...,faq,price,faq_flow,augmented,simple
6653,У меня чувствительность три дня,anamnesis,symptom,anamnesis_flow,variation,simple
222,У меня кровоточивость три дня,anamnesis,symptom,anamnesis_flow,variation,simple
41,"Подскажите, после отбеливание у Новикова стало хуже заранее спасибо",negative_feedback,quality,escalation_flow,augmented,complex
9632,Планирую отбеливание,anamnesis,services,anamnesis_flow,variation,simple
4856,Сколько нельзя есть после лечение каналов пожалуйста,faq,visit_prep,faq_flow,augmented,medium
4092,семёрка постоянно болит,anamnesis,symptom,anamnesis_flow,variation,simple
6043,Врач Новикова не объясинл,negative_feedback,staff,escalation_flow,augmented,simple
2699,После виниры у Иванова стало хуже?!,negative_feedback,quality,escalation_flow,augmented,medium
300,"Подскажите, отмените запись, уезжаю",booking,cancel,booking_flow,augmented,complex
960,"Добрый день, ждал со вчера",negative_feedback,service_issue,escalation_flow,augmented,complex
1012,Пока пожлауйста,conversational,farewell,conversation_flow,augmented,simple
4928,Цена на лечение кариеса?,faq,price,faq_flow,template,simple
2674,Проте зсломался,anamnesis,complaint,anamnesis_flow,augmented,simple
6887,Спс спасибо,conversational,gratitude,conversation_flow,augmented,simple
1114,а можно по-другому заранее спасибо,faq,followup,faq_flow,augmented,simple
3360,"Не смогу прийти, форс-мажор?",booking,cancel,booking_flow,augmented,complex
1761,Принимаете ДМС?,faq,clinic_info,faq_flow,variation,simple
3562,Ужасный сервис 😊,negative_feedback,general,escalation_flow,augmented,simple
5407,Что нельзя после брекеты!!,faq,visit_prep,faq_flow,augmented,simple
2265,протезирование это больно,faq,procedure,faq_flow,augmented,simple
8737,Работаете в завтра?,faq,clinic_info,faq_flow,variation,simple
9844,"Здравствуйте, брекет отклеился",anamnesis,complaint,anamnesis_flow,augmented,complex
3294,"Скажит,е большое спасибо",conversational,gratitude,conversation_flow,augmented,complex
4723,Можно на сегодня?,booking,new_appointment,booking_flow,variation,simple
1348,После реставрацию у Козловой стало хуже 😢,negative_feedback,quality,escalation_flow,augmented,medium
5348,Требую компенсацию,negative_feedback,general,escalation_flow,template,simple
5221,Прождал час,negative_feedback,service_issue,escalation_flow,template,simple
3455,протезирование сколько стоит спасибо 🙏,faq,price,faq_flow,augmented,simple
8834,Ждал несколько дней пожалуйста,negative_feedback,service_issue,escalation_flow,augmented,simple
4696,ЗДООРВО,conversational,greeting,conversation_flow,augmented,simple
4279,Сколько длится профгигиену 🦷 спасибо,faq,procedure,faq_flow,augmented,simple
2164,"НЕ СМОГУ ПРИЙТИ, ФРОС-МАЖОР",booking,cancel,booking_flow,augmented,complex
8361,"Добрый день, у меня треснул зуб заранее спасибо",anamnesis,complaint,anamnesis_flow,augmented,complex
9013,"Скажите, буду?!",conversational,confirmation,conversation_flow,augmented,complex
1438,Не решил ещё!,conversational,unclear,clarification_flow,augmented,simple
5637,Запись к ортопеду на послезавтра?!,booking,new_appointment,booking_flow,augmented,simple
9660,"Добрый день, конечно",conversational,confirmation,conversation_flow,augmented,complex
887,Мне не перезвонили две недели?,negative_feedback,service_issue,escalation_flow,augmented,simple
2497,Сколько стоит пломба?,faq,price,faq_flow,template,simple
7931,"Подскажите, интересует элайнеры",anamnesis,services,anamnesis_flow,augmented,complex
62,Ок 🦷?,conversational,confirmation,conversation_flow,augmented,simple
1731,ХОЧУ ОСТАВИТЬ ЖАЛОБУ 😊,negative_feedback,general,escalation_flow,augmented,simple
4045,Перенесите на четверг 😊,booking,reschedule,booking_flow,augmented,simple
1661,Перенесите на пятницу,booking,reschedule,booking_flow,variation,simple
8183,Благодарю заранее спасибо,conversational,gratitude,conversation_flow,augmented,simple
2615,"Отмените запись, форс-мажор...",booking,cancel,booking_flow,augmented,complex
7645,Телефон не отвечает 🙏,negative_feedback,service_issue,escalation_flow,augmented,simple
2039,ОТКАЗ ОТ ЗАПИСИ 👍,booking,cancel,booking_flow,augmented,simple
5542,Персонал хамит?!,negative_feedback,staff,escalation_flow,augmented,simple
1823,Вра чопоздал на полчаса,negative_feedback,service_issue,escalation_flow,augmented,simple
6899,Мне не перезвонилис  утра,negative_feedback,service_issue,escalation_flow,augmented,simple
5059,Может быть?!,conversational,unclear,clarification_flow,augmented,simple
1836,"Подскажите, до скорого",conversational,farewell,conversation_flow,augmented,complex
69,"Скажите, сколько длится пломбирование?",faq,procedure,faq_flow,augmented,complex
7589,Возможно пожалуйста...,conversational,unclear,clarification_flow,augmented,simple
271,прождал час заранее спасибо,negative_feedback,service_issue,escalation_flow,augmented,simple
6169,отбеливание не помогло?,negative_feedback,quality,escalation_flow,augmented,simple
6151,Хочу КТ,anamnesis,services,anamnesis_flow,variation,simple
5504,Не понраивлось,negative_feedback,general,escalation_flow,augmented,simple
2101,"Подскажите, пока",conversational,farewell,conversation_flow,augmented,complex
49,Что посоветутее?,faq,followup,faq_flow,augmented,simple
9064,"Привет, невежливо ответили заранее спасибо",negative_feedback,staff,escalation_flow,augmented,complex
6306,А что лучше 😢 спасибо,faq,followup,faq_flow,augmented,simple
8776,Позовите главврача.,negative_feedback,general,escalation_flow,augmented,simple
1314,Можно перенести на вечер!!,booking,reschedule,booking_flow,augmented,simple
8759,"Привет, да",conversational,confirmation,conversation_flow,augmented,complex
1813,Врач Лебедевой не объяснил 🙏,negative_feedback,staff,escalation_flow,augmented,simple
6434,Смирновой был груб,negative_feedback,staff,escalation_flow,variation,simple
7156,Приветствую!,conversational,greeting,conversation_flow,augmented,simple
3148,Запись к детскому стоматологу на субботу,booking,new_appointment,booking_flow,variation,medium
3729,Запись к ортодонту на сегодня,booking,new_appointment,booking_flow,variation,simple
2815,Сколько длится лечение кариеса?!,faq,procedure,faq_flow,augmented,simple
6931,"Скажите, требую компенсацию",negative_feedback,general,escalation_flow,augmented,complex
9084,Пока заранее спасибо заранее спасибо,conversational,farewell,conversation_flow,augmented,simple
8572,Интересует лечение каналов 👍,anamnesis,services,anamnesis_flow,augmented,simple
51,Зуб изменил цвет,anamnesis,complaint,anamnesis_flow,template,simple
6437,"отмените запись, не смогу спасибо",booking,cancel,booking_flow,augmented,complex
2935,отбеливание не помогло,negative_feedback,quality,escalation_flow,variation,simple
3141,Не приду 😊,booking,cancel,booking_flow,augmented,simple
3342,"Привет, эй?",conversational,greeting,conversation_flow,augmented,complex
1799,Сколько нельзя заниматься спортом после удаление,faq,visit_prep,faq_flow,augmented,medium
6199,Болит десна уже со вчера,anamnesis,symptom,anamnesis_flow,variation,simple
4448,Работаете в четверг!!,faq,clinic_info,faq_flow,augmented,simple
1299,Запись к хирургу на четверг 😢,booking,new_appointment,booking_flow,augmented,medium
5936,перенесите на вторник пожалуйста,booking,reschedule,booking_flow,augmented,simple
4222,"Не смогу прийит, заболел.",booking,cancel,booking_flow,augmented,complex
16,"Подскажите, снимок сколько стоит?",faq,price,faq_flow,augmented,complex
7655,Перезапишите на день 🙏,booking,reschedule,booking_flow,augmented,simple
8179,Приложение глючит!,negative_feedback,service_issue,escalation_flow,augmented,simple
1038,Опухла щека?!,anamnesis,symptom,anamnesis_flow,augmented,simple
3197,После элайнеры у Петровой стало хуже!,negative_feedback,quality,escalation_flow,augmented,medium
4475,Не приду пожалуйста,booking,cancel,booking_flow,augmented,simple
2499,Првиет?,conversational,greeting,conversation_flow,augmented,simple
4714,Можно записаться онлайн пожалуйста,faq,clinic_info,faq_flow,augmented,simple
3982,"Здравствуйте, не рекомендую 😊",negative_feedback,general,escalation_flow,augmented,complex
9804,Надо подумать!,conversational,unclear,clarification_flow,augmented,simple
2276,"Подскажите, спасибо за помощь заранее спасибо",conversational,gratitude,conversation_flow,augmented,complex
7622,У Меня боль от холодного неделю заранее спасибо,anamnesis,symptom,anamnesis_flow,augmented,medium
3301,"Привет, спасибо большое",conversational,gratitude,conversation_flow,augmented,complex
2069,После элайнеры у Сидорова стало хуже,negative_feedback,quality,escalation_flow,variation,medium
3989,Привет пожалуйста пожалуйста,conversational,greeting,conversation_flow,augmented,simple
9643,шестёрка немного болит,anamnesis,symptom,anamnesis_flow,variation,simple
4413,можно перенести на в ближайшее время?!,booking,reschedule,booking_flow,augmented,medium
7925,"скажите, торопили",negative_feedback,staff,escalation_flow,augmented,complex
2241,Заипсал,conversational,confirmation,conversation_flow,augmented,simple
2043,ОТКЛЕИЛАСЬ КОРОНКА 🙏,anamnesis,complaint,anamnesis_flow,augmented,simple
3624,"Привет, можно перенести на на этой неделе?",booking,reschedule,booking_flow,augmented,complex
6881,Мне не перезвонили со вчера?!,negative_feedback,service_issue,escalation_flow,augmented,simple
3893,Здорово?!,conversational,greeting,conversation_flow,augmented,simple
3441,Планирую исправить прикус?,anamnesis,services,anamnesis_flow,augmented,simple
9399,"Добрый день, врач ВолКова не объяснил",negative_feedback,staff,escalation_flow,augmented,complex
7623,Болит семёрка жуе месяц,anamnesis,symptom,anamnesis_flow,augmented,simple
3555,Какая цена на лечение каналов?,faq,price,faq_flow,variation,simple
9772,До скорого заранее спасибо 👍,conversational,farewell,conversation_flow,augmented,simple
6632,"Уточните, пожалуйста?!",faq,followup,faq_flow,augmented,complex
9363,профгигиену сколько стоит пожалуйста,faq,price,faq_flow,augmented,simple
407,Рядом есть метро,faq,clinic_info,faq_flow,augmented,simple
8150,пломбирование это больно 😊,faq,procedure,faq_flow,augmented,simple
8243,Как длеают?,faq,procedure,faq_flow,augmented,simple
5371,Новикова был груб заранее спасибо,negative_feedback,staff,escalation_flow,augmented,simple
7205,Как связаться?,faq,clinic_info,faq_flow,template,simple
7907,"Здравствуйте, не решил ещё",conversational,unclear,clarification_flow,augmented,complex
5843,Сколько длится КТ спасибо,faq,procedure,faq_flow,augmented,simple
477,ПОЯВИЛАСЬ ДЫРКА  ВЗУБЕ,anamnesis,complaint,anamnesis_flow,augmented,simple
6655,"Скажите, а можно по-другому?!",faq,followup,faq_flow,augmented,complex
3599,После брекеты у Козловой стало хуже,negative_feedback,quality,escalation_flow,variation,medium
8216,До свидани я🙏,conversational,farewell,conversation_flow,augmented,simple
6965,Всего доброго заранее спасибо,conversational,farewell,conversation_flow,augmented,simple
6768,Првиетствую,conversational,greeting,conversation_flow,augmented,simple
1064,"Здравствуйте, можно перенести на субботу?",booking,reschedule,booking_flow,augmented,complex
9106,Хорошего дня пожалуйста!!,conversational,farewell,conversation_flow,augmented,simple
576,Перенесите на субботу 👍,booking,reschedule,booking_flow,augmented,simple
8536,Посоевтуюсь,conversational,unclear,clarification_flow,augmented,simple
1436,нижняя десна болит постоянно?,anamnesis,symptom,anamnesis_flow,augmented,simple
4195,"Привет, что если не поможет",faq,followup,faq_flow,augmented,complex
3492,ПОЧЁМ ОТБЕЛИВАНИЕ,faq,price,faq_flow,augmented,simple
9591,Ага 👍,conversational,confirmation,conversation_flow,augmented,simple
6301,Интересует имплантацию заранее спасибо,anamnesis,services,anamnesis_flow,augmented,simple
2140,ЕСТ ЬСЕДАЦИЯ?,faq,clinic_info,faq_flow,augmented,simple
3442,"Здравствуйте, хочу отказаться от записи",booking,cancel,booking_flow,augmented,complex
5332,"Скажите, почём элайнеры?",faq,price,faq_flow,augmented,complex
4975,Подумаю,conversational,unclear,clarification_flow,template,simple
5893,"Привет, доброе утро спасибо",conversational,greeting,conversation_flow,augmented,complex
7071,Мне не перезвонили несколько дней!,negative_feedback,service_issue,escalation_flow,augmented,simple
9256,Запишите на протезирование 😢 🙏,booking,new_appointment,booking_flow,augmented,simple
2751,Планирую лечение каналов,anamnesis,services,anamnesis_flow,variation,simple
1862,"Скажите, принято 🦷",conversational,confirmation,conversation_flow,augmented,complex
1998,Брекет отклеился спасибо,anamnesis,complaint,anamnesis_flow,augmented,simple
4695,Консультцаия платная?,faq,price,faq_flow,augmented,simple
8113,Точно нужно?,faq,followup,faq_flow,template,simple
6065,У меня откололся зуб.,anamnesis,complaint,anamnesis_flow,augmented,simple
8476,Запись к терапевту на среду,booking,new_appointment,booking_flow,variation,simple
7611,коренной зуб болит сильно,anamnesis,symptom,anamnesis_flow,variation,simple
5862,Не смогу прийти пожалуйста,booking,cancel,booking_flow,augmented,simple
6008,Планирую снимок 😢,anamnesis,services,anamnesis_flow,augmented,simple
5140,У меня кровоточивость с утра 🦷,anamnesis,symptom,anamnesis_flow,augmented,medium
2439,десна болит сильно!!,anamnesis,symptom,anamnesis_flow,augmented,simple
5630,"Не смогу прийти, уезжаю пожалуйста",booking,cancel,booking_flow,augmented,complex
2658,"Здравствуйте, пОЗЖЕ",conversational,unclear,clarification_flow,augmented,complex
7106,"Скажите, стоимость коронки?",faq,price,faq_flow,augmented,complex
4887,"Добрый день, хорошег одня",conversational,farewell,conversation_flow,augmented,complex
7364,Сколько нельзя есть после консультацию!!,faq,visit_prep,faq_flow,augmented,simple
7036,Какая цена на консультацию?,faq,price,faq_flow,variation,simple
9867,"Добрый день, понял",conversational,confirmation,conversation_flow,augmented,complex
6242,перенесите на в ближайшее время спасибо,booking,reschedule,booking_flow,augmented,medium
976,Где оставитьж алобу 😊,negative_feedback,general,escalation_flow,augmented,simple
1539,Мне не перезвонили несколько дней 🦷,negative_feedback,service_issue,escalation_flow,augmented,medium
6617,передний зуб болит периодически,anamnesis,symptom,anamnesis_flow,variation,simple
6139,Запись к хирургу на четверг,booking,new_appointment,booking_flow,variation,simple
9619,"Привет, можно перенести на среду?",booking,reschedule,booking_flow,augmented,complex
1219,Запись к ортопеду на воскресенье,booking,new_appointment,booking_flow,variation,simple
512,Сколько нельзя курить после виниры!,faq,visit_prep,faq_flow,augmented,simple
5256,"Привет, всего хорошего",conversational,farewell,conversation_flow,augmented,complex
3850,Добрый веечр!!,conversational,greeting,conversation_flow,augmented,simple
9787,Работаете в на этой неделе спасибо,faq,clinic_info,faq_flow,augmented,medium
2297,Как проходит осмотр...,faq,procedure,faq_flow,augmented,simple
5815,Возможно заранее спасибо спасибо,conversational,unclear,clarification_flow,augmented,simple
4814,Есть у вас рентген 😢!,faq,clinic_info,faq_flow,augmented,simple
652,Большое спасибо 👍,conversational,gratitude,conversation_flow,augmented,simple
8487,Запись к имплантологу на вечер,booking,new_appointment,booking_flow,variation,simple
4326,"Привет, добрый день",conversational,greeting,conversation_flow,augmented,complex
8788,"Привет, сколько нельзя пить алкоголь после лечение каналов?",faq,visit_prep,faq_flow,augmented,complex
1533,"Привет, не рекомендую",negative_feedback,general,escalation_flow,augmented,complex
3552,"добрый день, приду",conversational,confirmation,conversation_flow,augmented,complex
8462,"Подскажите, договорились",conversational,confirmation,conversation_flow,augmented,complex
9350,"Здравствуйте, добрый день",conversational,greeting,conversation_flow,augmented,complex
7258,Сколько нельзя курить после отбеливание,faq,visit_prep,faq_flow,augmented,simple
415,Хорошего дня зраанее спасибо,conversational,farewell,conversation_flow,augmented,simple
4471,После элайнеры у Новикова стало хуже,negative_feedback,quality,escalation_flow,variation,medium
7738,Запись к терапевту на завтра?,booking,new_appointment,booking_flow,augmented,simple
5108,"Добрый день, что вы рекомендуете спасибо",faq,followup,faq_flow,augmented,complex
7328,зуб мудрости болит сильно,anamnesis,symptom,anamnesis_flow,variation,simple
595,Спасибо за ифнормацию,conversational,gratitude,conversation_flow,augmented,simple
2291,Ждал оС вчера,negative_feedback,service_issue,escalation_flow,augmented,simple
5061,Сказали что записи нет пожалуйста,negative_feedback,service_issue,escalation_flow,augmented,simple
2636,Посоветуюсь 😢,conversational,unclear,clarification_flow,augmented,simple
4433,какие ещё варианты спасибо,faq,followup,faq_flow,augmented,simple
1674,"Добрый день, работаете в послезавтра?",faq,clinic_info,faq_flow,augmented,complex
1658,Буду 👍,conversational,confirmation,conversation_flow,augmented,simple
5671,Точн онужно?,faq,followup,faq_flow,augmented,simple
9146,"треснул зуб, что делать...",anamnesis,complaint,anamnesis_flow,augmented,complex
8892,нижняя десна периодически болит 👍,anamnesis,symptom,anamnesis_flow,augmented,simple
2571,виниры это больно?,faq,procedure,faq_flow,variation,simple
9322,"Добрый день, пока не решил",conversational,unclear,clarification_flow,augmented,complex
6890,Можно без этого!!,faq,followup,faq_flow,augmented,simple
3466,всего хорошего заранее спасибо,conversational,farewell,conversation_flow,augmented,simple
4761,"ЗДРАВСТВУЙТЕ, ДО ВСТРЕЧИ",conversational,farewell,conversation_flow,augmented,complex
9690,Расскажите больше.,faq,followup,faq_flow,augmented,simple
2124,Не знаю?!,conversational,unclear,clarification_flow,augmented,simple
9880,Принимаете карту?,faq,clinic_info,faq_flow,variation,simple
4836,ЭТО ВОЗМУТИТЕЛЬНО!,negative_feedback,general,escalation_flow,augmented,simple
5452,ОТНЕСЛИСЬ НАПЛЕВАТЕЛЬСКИ...,negative_feedback,staff,escalation_flow,augmented,simple
811,лечение кариеса не помогло,negative_feedback,quality,escalation_flow,variation,simple
6874,Перезвоню 👍!,conversational,unclear,clarification_flow,augmented,simple
7115,Сколько длится чистку,faq,procedure,faq_flow,augmented,simple
8953,Не смогу притйи...,booking,cancel,booking_flow,augmented,simple
2221,Сколько длится имплантацию,faq,procedure,faq_flow,augmented,simple
8263,"Подскажите, брекет отклеился",anamnesis,complaint,anamnesis_flow,augmented,complex
5987,Отмена записи?,booking,cancel,booking_flow,augmented,simple
7994,"Спасибо, всё понятно...",conversational,gratitude,conversation_flow,augmented,complex
9795,"Спсаибо, всё понятно",conversational,gratitude,conversation_flow,augmented,complex
2176,Спс заранее спасибо?,conversational,gratitude,conversation_flow,augmented,simple
8717,А если не поможет 🦷,faq,followup,faq_flow,augmented,simple
662,"Спасибо, всё понятно заранее спасибо",conversational,gratitude,conversation_flow,augmented,complex
580,Как проходит лечение кариеса,faq,procedure,faq_flow,augmented,simple
3029,Спасибо за информацию спасибо,conversational,gratitude,conversation_flow,augmented,simple
9537,Всгео доброго,conversational,farewell,conversation_flow,augmented,simple
9111,"Скажите, спс спасибо",conversational,gratitude,conversation_flow,augmented,complex
4215,Так и не перезвонили.,negative_feedback,service_issue,escalation_flow,augmented,simple
6587,перенесите на в ближайшее время.,booking,reschedule,booking_flow,augmented,simple
2763,КОНСУЛЬТАЦИЯП ЛАТНАЯ?,faq,price,faq_flow,augmented,simple
6234,Здорово,conversational,greeting,conversation_flow,template,simple
1891,"Добрый день, отмените запись, форс-мажор 😊",booking,cancel,booking_flow,augmented,complex
9289,После пломбирование у Новикова стало хуже,negative_feedback,quality,escalation_flow,variation,medium
7726,Хочу возврат 👍,negative_feedback,general,escalation_flow,augmented,simple
227,Какая цена на чистку,faq,price,faq_flow,augmented,simple
9972,Спасибо!,conversational,gratitude,conversation_flow,template,simple
8233,Что нельзя после коронку!!,faq,visit_prep,faq_flow,augmented,simple
7687,Как проходит брекеты 😢,faq,procedure,faq_flow,augmented,simple
8996,Цена отбеливания?,faq,price,faq_flow,template,simple
735,ПОСЛЕ КОНСУЛЬТАЦИЮ У ИВАНОВА СТАЛО ХУЖЕ 😢,negative_feedback,quality,escalation_flow,augmented,medium
4351,Случилось выпал апломба 😢,anamnesis,complaint,anamnesis_flow,augmented,simple
9734,До которого часа приём!!,faq,clinic_info,faq_flow,augmented,simple
7122,"Скажите, точно нужно спасибо",faq,followup,faq_flow,augmented,complex
4327,"Здравствуйте, спасибо за помощь",conversational,gratitude,conversation_flow,augmented,complex
565,Как часто нужна чистка?,faq,visit_prep,faq_flow,template,simple
94,У меня треснул зуб?,anamnesis,complaint,anamnesis_flow,augmented,simple
2810,Есть наркоз спасибо,faq,clinic_info,faq_flow,augmented,simple
3522,"слетела коронка, что делать",anamnesis,complaint,anamnesis_flow,augmented,complex
636,Снимите меня с записи 😢,booking,cancel,booking_flow,augmented,simple
2792,У меня ноющая боль со вчера,anamnesis,symptom,anamnesis_flow,variation,medium
4038,Запишите на пломбирование 😊,booking,new_appointment,booking_flow,augmented,simple
5812,Спасибо за инфромацию,conversational,gratitude,conversation_flow,augmented,simple
7246,Плхоая клиника,negative_feedback,general,escalation_flow,augmented,simple
243,После лечение каналов у Кузнецовой стало хуже,negative_feedback,quality,escalation_flow,variation,medium
2501,После чистку у Петровой стало хуже,negative_feedback,quality,escalation_flow,variation,medium
7920,Работаете в вторник пожалуйста,faq,clinic_info,faq_flow,augmented,simple
5937,Большое спасибо,conversational,gratitude,conversation_flow,template,simple
6029,Заипсь к ортопеду на субботу,booking,new_appointment,booking_flow,augmented,simple
8148,грубо обошлсиь,negative_feedback,staff,escalation_flow,augmented,simple
4884,Хорошего дня спасибо 😢,conversational,farewell,conversation_flow,augmented,simple
2931,Запсиь к гигиенисту на вечер,booking,new_appointment,booking_flow,augmented,simple
6807,"ПОДСКАЖИТЕ, ДО ВСТРЕЧИ",conversational,farewell,conversation_flow,augmented,complex
2693,"Отмените, пожалуйста",booking,cancel,booking_flow,template,simple
6060,"Привет, случилось откололся зуб",anamnesis,complaint,anamnesis_flow,augmented,complex
5990,отбеливание сколько стоит 👍!,faq,price,faq_flow,augmented,simple
7798,Случилось откололся зуб заранее спасибо.,anamnesis,complaint,anamnesis_flow,augmented,simple
8273,У меня чувствительность со вчера спасибо,anamnesis,symptom,anamnesis_flow,augmented,medium
6847,"Добрый день, появилась дырка в зубе",anamnesis,complaint,anamnesis_flow,augmented,complex
1738,"ПРИВЕТ, ЛАДНО",conversational,confirmation,conversation_flow,augmented,complex
5106,"Привет, волкова был груб",negative_feedback,staff,escalation_flow,augmented,complex
5053,Добрый вечер!,conversational,greeting,conversation_flow,template,simple
3223,"Подскажите, есть парковка?",faq,clinic_info,faq_flow,augmented,complex
5899,спаисбо большое,conversational,gratitude,conversation_flow,augmented,simple
4807,Можно на воскресенье?,booking,new_appointment,booking_flow,variation,simple
3081,"Подскажите, до свидания...",conversational,farewell,conversation_flow,augmented,complex
9681,СЛУЧИЛОСЬ ШАТАЕТСЯ ЗУБ 🙏,anamnesis,complaint,anamnesis_flow,augmented,simple
4486,Часы работы...,faq,clinic_info,faq_flow,augmented,simple
6503,ПОЗЖЕ заранее спасибо,conversational,unclear,clarification_flow,augmented,simple
2631,Это безобразие спасибо спасибо,negative_feedback,general,escalation_flow,augmented,simple
2117,У меня откололся зуб!!,anamnesis,complaint,anamnesis_flow,augmented,simple
3012,Прощайте...,conversational,farewell,conversation_flow,augmented,simple
6094,"Здравствуйте, у меня выпала пломба",anamnesis,complaint,anamnesis_flow,augmented,complex
9854,Запись к терапевту на пятницу,booking,new_appointment,booking_flow,variation,simple
9515,Какую наестезию используете?,faq,procedure,faq_flow,augmented,simple
4117,Хочу лечение кариеса,anamnesis,services,anamnesis_flow,variation,simple
8646,Принимаете рассрочку 🙏,faq,clinic_info,faq_flow,augmented,simple
7454,"Скажите, нужно отменить.",booking,cancel,booking_flow,augmented,complex
2309,Перенесите на утро!,booking,reschedule,booking_flow,augmented,simple
774,Можно перенести на в ближайшее время заранее спасибо,booking,reschedule,booking_flow,augmented,medium
2204,Хорошего дня спасибо спасибо,conversational,farewell,conversation_flow,augmented,simple
3328,МОЖНО ЗАНИМАТЬСЯ СПОРТОМ ПОСЛЕ пожалуйста,faq,visit_prep,faq_flow,augmented,simple
2333,Можно перенести на в ближайшее время 🙏,booking,reschedule,booking_flow,augmented,medium
1980,"Привет, врач Козловой не объяснил пожалуйста",negative_feedback,staff,escalation_flow,augmented,complex
9717,Хочу сдвинтуь время,booking,reschedule,booking_flow,augmented,simple
8993,У меня выпала пломба пожалуйста,anamnesis,complaint,anamnesis_flow,augmented,simple
6393,Сколько нельзя заниматься спортом после удаление?,faq,visit_prep,faq_flow,variation,medium
3682,"Добрый день, приветствую!!",conversational,greeting,conversation_flow,augmented,complex
5386,Какая цена на удаление пожалуйста,faq,price,faq_flow,augmented,simple
9347,"Спасибо, всё понятно спсаибо",conversational,gratitude,conversation_flow,augmented,complex
1326,"ЗДРАВСТВУЙТЕ, СКОЛЬКО НЕЛЬЗЯ ЕСТЬ ПОСЛЕ КОРОНКУ?",faq,visit_prep,faq_flow,augmented,complex
268,Хочу изменить время записи...,booking,reschedule,booking_flow,augmented,simple
9325,Когда контрольный визит?,faq,visit_prep,faq_flow,template,simple
784,Прощатйе?!,conversational,farewell,conversation_flow,augmented,simple
7236,верхняя десна болит периодически 👍,anamnesis,symptom,anamnesis_flow,augmented,simple
7998,Очень долго ждал!!,negative_feedback,service_issue,escalation_flow,augmented,simple
1603,Вернитед еньги,negative_feedback,general,escalation_flow,augmented,simple
8767,"кровоточивость, что делать?",anamnesis,symptom,anamnesis_flow,variation,simple
871,Примё начался с опозданием...,negative_feedback,service_issue,escalation_flow,augmented,simple
1842,Мнен е перезвонили два дня?!,negative_feedback,service_issue,escalation_flow,augmented,simple
9741,протезирование сколько стоти?,faq,price,faq_flow,augmented,simple
8533,Запись к челюстно-лицевому хирургу на вечер заранее спасибо,booking,new_appointment,booking_flow,augmented,medium
3145,"Привет, больше не приду",negative_feedback,general,escalation_flow,augmented,complex
6388,"Подскажите, принимаете наличные?",faq,clinic_info,faq_flow,augmented,complex
8023,Боль отдаёт в ухо?,anamnesis,symptom,anamnesis_flow,augmented,simple
2848,Сколько нельзя курить после снимок?,faq,visit_prep,faq_flow,variation,simple
2701,Сколько нельзя заниматься спортом псоле реставрацию 😊,faq,visit_prep,faq_flow,augmented,medium
4883,Есть у вас рентген заранее спасибо 😢,faq,clinic_info,faq_flow,augmented,medium
3343,Интересует чистку заранее спасибо,anamnesis,services,anamnesis_flow,augmented,simple
2622,"Подскажите, запись к челюстно-лицевому хирургу на пятницу",booking,new_appointment,booking_flow,augmented,complex
900,Привет заранее спасибо,conversational,greeting,conversation_flow,augmented,simple
9517,"Подскажите, у меня слетела коронка",anamnesis,complaint,anamnesis_flow,augmented,complex
6457,КОНЕЧНО СПАСИБО,conversational,confirmation,conversation_flow,augmented,simple
1763,Что вы рекомендуете 🦷,faq,followup,faq_flow,augmented,simple
5168,Отмените запсиь,booking,cancel,booking_flow,augmented,simple
3129,Сколько нельзя курить после виниры?,faq,visit_prep,faq_flow,variation,simple
8105,Мн енахамили,negative_feedback,staff,escalation_flow,augmented,simple
8386,Прикусил щёку!!,anamnesis,complaint,anamnesis_flow,augmented,simple
9530,"Спасибо, до свидания спасибо 🦷",conversational,gratitude,conversation_flow,augmented,complex
5070,нижний зуб ночью болит!,anamnesis,symptom,anamnesis_flow,augmented,simple
9807,верхняя десна периодически болит заранее спасибо,anamnesis,symptom,anamnesis_flow,augmented,medium
7084,"здравствуйте, сколько нельзя пить после брекеты?",faq,visit_prep,faq_flow,augmented,complex
6773,ЕСТЬ ЛИ СКИДКИ,faq,price,faq_flow,augmented,simple
9706,"Подскажите, врач не слушал",negative_feedback,staff,escalation_flow,augmented,complex
9658,Почём виниры заранее спасибо,faq,price,faq_flow,augmented,simple
8844,Сидорова былг руб,negative_feedback,staff,escalation_flow,augmented,simple
7768,Прикус изменился после лечения,negative_feedback,quality,escalation_flow,template,simple
9316,Прикусил язык спасибо,anamnesis,complaint,anamnesis_flow,augmented,simple
6313,"Скажите, после протезирование у МорОзовой стало хуже",negative_feedback,quality,escalation_flow,augmented,complex
3901,перенесите на на этой неделе...,booking,reschedule,booking_flow,augmented,simple
9141,Удачи спасбио,conversational,farewell,conversation_flow,augmented,simple
5251,Сколько стоит коронку!,faq,price,faq_flow,augmented,simple
6527,Зуыб стали подвижными,anamnesis,complaint,anamnesis_flow,augmented,simple
6277,Болит коренной зуб уже день,anamnesis,symptom,anamnesis_flow,variation,simple
8741,винир отклеился!,anamnesis,complaint,anamnesis_flow,augmented,simple
3406,"Здравствуйте, спасибо",conversational,gratitude,conversation_flow,augmented,complex
3965,Запись к детскому стоматологу на вечер,booking,new_appointment,booking_flow,variation,medium
1728,Сколько стоит чистку?,faq,price,faq_flow,variation,simple
42,Ужасный сервис 😢,negative_feedback,general,escalation_flow,augmented,simple
1544,Прощайте 👍,conversational,farewell,conversation_flow,augmented,simple
8556,Ага!,conversational,confirmation,conversation_flow,augmented,simple
4023,"Добрый день, стоимость виниров?",faq,price,faq_flow,augmented,complex
6422,Стоимость коронки!!,faq,price,faq_flow,augmented,simple
2208,Как подготовиться к брекеты,faq,visit_prep,faq_flow,augmented,simple
8082,Приветствую 🙏,conversational,greeting,conversation_flow,augmented,simple
3194,Мне не перезвонили два дня,negative_feedback,service_issue,escalation_flow,variation,simple
4743,"Подскажите, требую компенсацию",negative_feedback,general,escalation_flow,augmented,complex
2324,Я вам перезвоню спасибо,conversational,unclear,clarification_flow,augmented,simple
4309,Хочу протезирование 😊,anamnesis,services,anamnesis_flow,augmented,simple
7382,ПОКА НЕ РЕШИЛ ЗАРАНЕЕ СПАСИБО,conversational,unclear,clarification_flow,augmented,simple
1720,спс...,conversational,gratitude,conversation_flow,augmented,simple
4546,Пока не решил,conversational,unclear,clarification_flow,template,simple
2492,Врач Волкова не объяснил 🙏,negative_feedback,staff,escalation_flow,augmented,simple
2130,"Скажите, интересует коронку",anamnesis,services,anamnesis_flow,augmented,complex
2531,"Добрый день, понятно",conversational,confirmation,conversation_flow,augmented,complex
7136,Понятно!!,conversational,confirmation,conversation_flow,augmented,simple
1071,ПЕРЕЗВОНЮ 😢,conversational,unclear,clarification_flow,augmented,simple
1102,Сколько нельзя курить после отбеливание?,faq,visit_prep,faq_flow,variation,simple
4669,СЛУЧИЛОСЬ СЛЕТЕЛА КОРОНКА 🦷,anamnesis,complaint,anamnesis_flow,augmented,simple
3297,Приду заранее спасибо.,conversational,confirmation,conversation_flow,augmented,simple
2617,"Подскажите, расскажите больше",faq,followup,faq_flow,augmented,complex
7538,Это безобразие пожалуйста,negative_feedback,general,escalation_flow,augmented,simple
8317,Персонал хамит...,negative_feedback,staff,escalation_flow,augmented,simple
9747,Что нельзя после консультацию?,faq,visit_prep,faq_flow,variation,simple
4587,"Скажите, ждал два дня",negative_feedback,service_issue,escalation_flow,augmented,complex
6714,"привет, после имплантацию у новикова стало хуже",negative_feedback,quality,escalation_flow,augmented,complex
5904,Планирюу удаление,anamnesis,services,anamnesis_flow,augmented,simple
5187,"Привет, планирую лечение кариеса",anamnesis,services,anamnesis_flow,augmented,complex
6102,Разочарован спасибо?!,negative_feedback,general,escalation_flow,augmented,simple
5234,Отакз от записи,booking,cancel,booking_flow,augmented,simple
1778,Невежливо отвеитли!,negative_feedback,staff,escalation_flow,augmented,simple
6754,Болит шестёрка уже две недели,anamnesis,symptom,anamnesis_flow,variation,simple
1923,Цена отбеливания 🦷 заранее спасибо,faq,price,faq_flow,augmented,simple
7060,Раобтаете в пятницу?,faq,clinic_info,faq_flow,augmented,simple
6914,ПЕРЕНЕСИТЕ НА СУББОТУ 😢,booking,reschedule,booking_flow,augmented,simple
8963,ждал два дня...,negative_feedback,service_issue,escalation_flow,augmented,simple
3109,"Скажите, удачи.",conversational,farewell,conversation_flow,augmented,complex
248,"Добрый день, ждал неделю",negative_feedback,service_issue,escalation_flow,augmented,complex
4434,ПОДУМАЮ 😢,conversational,unclear,clarification_flow,augmented,simple
3233,"Здравствуйте, спасибо за помощь спасибо",conversational,gratitude,conversation_flow,augmented,complex
2530,Сколько времени занимаЕт?!,faq,procedure,faq_flow,augmented,simple
7469,"Добрый день, коронка слетела",anamnesis,complaint,anamnesis_flow,augmented,complex
3405,Сколько нельзя пить алкоголь после виниры 😢,faq,visit_prep,faq_flow,augmented,medium
4225,Посоветуюсь,conversational,unclear,clarification_flow,template,simple
280,Появился неприятный привкус,anamnesis,symptom,anamnesis_flow,template,simple
4553,Запись к детскому стоматологу на среду.,booking,new_appointment,booking_flow,augmented,medium
9738,"Поясните, пожалуйста?",faq,followup,faq_flow,augmented,complex
4865,Нужно лечение каналов.,anamnesis,services,anamnesis_flow,augmented,simple
3134,НУЖНА ПОДГОТОВКА заранее спасибо,faq,visit_prep,faq_flow,augmented,simple
9626,А можно по-другому 😊,faq,followup,faq_flow,augmented,simple
9503,Врач был невнимателен заранее спасибо,negative_feedback,staff,escalation_flow,augmented,simple
2565,Благодарю.,conversational,gratitude,conversation_flow,augmented,simple
6124,Консультация платная,faq,price,faq_flow,augmented,simple
6407,Запись к ортопеду нав торник,booking,new_appointment,booking_flow,augmented,simple
3696,"Здравствуйте, зуб шатается",anamnesis,complaint,anamnesis_flow,augmented,complex
4190,Принимаете МДС?,faq,clinic_info,faq_flow,augmented,simple
8352,"Подскажите, прощайте",conversational,farewell,conversation_flow,augmented,complex
9462,Работаете с наркозом.,faq,clinic_info,faq_flow,augmented,simple
8774,Сколькон ельзя есть после виниры?,faq,visit_prep,faq_flow,augmented,simple
5336,а можно по-другому пожалуйста,faq,followup,faq_flow,augmented,simple
1291,После протезированиеу  НовикОва стало хуже,negative_feedback,quality,escalation_flow,augmented,simple
5389,"Спасибо, до свидания 🦷",conversational,gratitude,conversation_flow,augmented,complex
8364,Позже!!,conversational,unclear,clarification_flow,augmented,simple
3974,Администратор нахамил пожалуйста,negative_feedback,staff,escalation_flow,augmented,simple
4613,Договорились...,conversational,confirmation,conversation_flow,augmented,simple
9483,Блгаодарю вас,conversational,gratitude,conversation_flow,augmented,simple
7313,Не уеврен,conversational,unclear,clarification_flow,augmented,simple
19,"Да, конечно!!",conversational,confirmation,conversation_flow,augmented,complex
6740,Приложение глючит спасибо...,negative_feedback,service_issue,escalation_flow,augmented,simple
3181,Не рекомендую,negative_feedback,general,escalation_flow,template,simple
3473,НЕДОВОЛЕН ОБСЛУЖИВАНИЕМ!!,negative_feedback,general,escalation_flow,augmented,simple
4384,"СкажитЕ, спс",conversational,gratitude,conversation_flow,augmented,complex
1638,До свидания 😢 заранее спасибо,conversational,farewell,conversation_flow,augmented,simple
6584,После имплантацию у Иванова стало хуже,negative_feedback,quality,escalation_flow,variation,medium
8259,"Подскажите, можно позже?",booking,reschedule,booking_flow,augmented,complex
7711,"Добрый день, случилось откололся зуб...",anamnesis,complaint,anamnesis_flow,augmented,complex
7780,Нагрубили 🙏,negative_feedback,staff,escalation_flow,augmented,simple
473,"Скажите, нагрублии",negative_feedback,staff,escalation_flow,augmented,complex
2049,Хочу оставить жалобу,negative_feedback,general,escalation_flow,template,simple
7401,Доброе утро!,conversational,greeting,conversation_flow,template,simple
3292,Сколько стоит протезирование пожалуйста,faq,price,faq_flow,augmented,simple
1350,Алло заранее спасибо!!,conversational,greeting,conversation_flow,augmented,simple
618,Перезапишите на вечер 👍,booking,reschedule,booking_flow,augmented,simple
4274,Расскажите больше 😊,faq,followup,faq_flow,augmented,simple
7191,"Здравствуйте, хочу КТ",anamnesis,services,anamnesis_flow,augmented,complex
4177,"Скажите, у меня слетела коронка пожалуйста",anamnesis,complaint,anamnesis_flow,augmented,complex
1109,Ждал месяц?,negative_feedback,service_issue,escalation_flow,augmented,simple
5654,Работатее в субботу?,faq,clinic_info,faq_flow,augmented,simple
5868,А что будет если пожалуйста спасибо,faq,followup,faq_flow,augmented,medium
3652,Интересует коронка 😊,anamnesis,services,anamnesis_flow,augmented,simple
8710,Зуб реагирует на холодное пожалуйста,anamnesis,symptom,anamnesis_flow,augmented,simple
3076,Пока не решил спасибо,conversational,unclear,clarification_flow,augmented,simple
2251,Здарвствуйте заранее спасибо,conversational,greeting,conversation_flow,augmented,simple
4347,"Не смогу прийти, заболел...",booking,cancel,booking_flow,augmented,complex
202,Нужно приходить повторно?,faq,visit_prep,faq_flow,template,simple
5779,После КТ у Кузнецовой стало хуже,negative_feedback,quality,escalation_flow,variation,medium
605,Работаете в завтра пожалуйста,faq,clinic_info,faq_flow,augmented,simple
6336,Больше не приду 🙏 😊,negative_feedback,general,escalation_flow,augmented,simple
4648,Врач Сидорова не объяснил,negative_feedback,staff,escalation_flow,variation,simple
1022,У меян треснул зуб,anamnesis,complaint,anamnesis_flow,augmented,simple
3782,а монжо по-другому?,faq,followup,faq_flow,augmented,simple
9394,"Подскажите, после удаление у Иванова стало хуже",negative_feedback,quality,escalation_flow,augmented,complex
8454,Запись к хирургу на в ближайшее время,booking,new_appointment,booking_flow,variation,medium
5516,Где вы находитесь,faq,clinic_info,faq_flow,augmented,simple
6345,Перенесите на понедельник,booking,reschedule,booking_flow,variation,simple
5376,"Здравствуйте, доброе утро 😊",conversational,greeting,conversation_flow,augmented,complex
9958,После реставрацию у Морозовой стало хуже,negative_feedback,quality,escalation_flow,variation,medium
6666,Я вам перезовню,conversational,unclear,clarification_flow,augmented,simple
6380,"Добрый день, доброе утро!",conversational,greeting,conversation_flow,augmented,complex
1879,"Здравствуйте, что нельзя после элайнеры?",faq,visit_prep,faq_flow,augmented,complex
2961,"Скажите, здорово",conversational,greeting,conversation_flow,augmented,complex
28,Сколько длится профгигиену?,faq,procedure,faq_flow,variation,simple
3531,Не пирду,booking,cancel,booking_flow,augmented,simple
2087,Ок 😢,conversational,confirmation,conversation_flow,augmented,simple
6895,Эй!!,conversational,greeting,conversation_flow,augmented,simple
2252,Ясно 😢,conversational,confirmation,conversation_flow,augmented,simple
8343,В чём разница.,faq,procedure,faq_flow,augmented,simple
4725,Разочарован заранее спасибо,negative_feedback,general,escalation_flow,augmented,simple
9680,А ЕСЛИ НЕ ПОМОЖЕТ.,faq,followup,faq_flow,augmented,simple
664,сказали что записи нет 😊,negative_feedback,service_issue,escalation_flow,augmented,simple
7898,"Здравствуйте, отмените приём",booking,cancel,booking_flow,augmented,complex
4558,"Добрый день, у меня шатается зуб",anamnesis,complaint,anamnesis_flow,augmented,complex
685,Недоволен обслуживанием 👍,negative_feedback,general,escalation_flow,augmented,simple
128,"Добрый день, здрасте заранее спасибо",conversational,greeting,conversation_flow,augmented,complex
5250,Посоветуюсь?,conversational,unclear,clarification_flow,augmented,simple
3276,После лечение каналов у Сидорова стало хуже пожалуйста,negative_feedback,quality,escalation_flow,augmented,medium
2964,"пульсирующая боль, что делать?!",anamnesis,symptom,anamnesis_flow,augmented,complex
5528,"Привет, привет, не смогу прийти, уезжаю",booking,cancel,booking_flow,augmented,complex
9275,"Добрый день, подскажите, буду",conversational,confirmation,conversation_flow,augmented,complex
7970,пеердний зуб болит очень,anamnesis,symptom,anamnesis_flow,augmented,simple
8230,Мне не перезвонили с утра 🦷,negative_feedback,service_issue,escalation_flow,augmented,medium
5314,Рядом есть метро?,faq,clinic_info,faq_flow,template,simple
4420,Хочу отменить запись пожалуйста,booking,cancel,booking_flow,augmented,simple
9926,Благодарюв ас,conversational,gratitude,conversation_flow,augmented,simple
5181,"Добрый день, перенесите на сегодня",booking,reschedule,booking_flow,augmented,complex
1855,есть детский стоматолог...,faq,clinic_info,faq_flow,augmented,simple
8009,ХОЧУ ЭЛАНЙЕРЫ,anamnesis,services,anamnesis_flow,augmented,simple
782,НЕ СЕЙЧАС заранее спасибо,conversational,unclear,clarification_flow,augmented,simple
570,"Добрый день, как связаться",faq,clinic_info,faq_flow,augmented,complex
5853,Хочу удаление 👍,anamnesis,services,anamnesis_flow,augmented,simple
2885,Не сейчас пожалуйста,conversational,unclear,clarification_flow,augmented,simple
5897,Что нельзя после бреекты?,faq,visit_prep,faq_flow,augmented,simple
7914,Врач Иванова не объяснил 😊,negative_feedback,staff,escalation_flow,augmented,simple
5328,После снимок у Сидорова стало хжуе,negative_feedback,quality,escalation_flow,augmented,medium
2802,Прощайте пожалуйста,conversational,farewell,conversation_flow,augmented,simple
1982,Очнеь благодарен 👍,conversational,gratitude,conversation_flow,augmented,simple
7677,Петровой был груб 😢,negative_feedback,staff,escalation_flow,augmented,simple
5239,"Отмените запись, занятн а работе",booking,cancel,booking_flow,augmented,complex
5143,До свидани?я!,conversational,farewell,conversation_flow,augmented,simple
7127,"Подскажите, буду 🦷",conversational,confirmation,conversation_flow,augmented,complex
4917,Хочу возврат заранее спасибо,negative_feedback,general,escalation_flow,augmented,simple
3086,"Скажите, не смогу прийти, заболел пожалуйста",booking,cancel,booking_flow,augmented,complex
6061,Брекет отклеился 😢,anamnesis,complaint,anamnesis_flow,augmented,simple
1352,Сколько длится элайнеры.,faq,procedure,faq_flow,augmented,simple
1654,челюсть нменого болит,anamnesis,symptom,anamnesis_flow,augmented,simple
9526,Десна опухла,anamnesis,symptom,anamnesis_flow,template,simple
2761,КАК ПОДГОТОВИТЬСЯ К ОСМОТР заранее спасибо,faq,visit_prep,faq_flow,augmented,medium
4452,Сколько длится снимок 👍,faq,procedure,faq_flow,augmented,simple
9042,"Уточните, пожалуйста 😢",faq,followup,faq_flow,augmented,complex
3354,"Привет, большое спасибо?!",conversational,gratitude,conversation_flow,augmented,complex
4345,РАЗОЧАРОВАН 🦷,negative_feedback,general,escalation_flow,augmented,simple
8251,Что вы рекомендуете,faq,followup,faq_flow,augmented,simple
8755,Точно нужно!,faq,followup,faq_flow,augmented,simple
2760,Не рипду,booking,cancel,booking_flow,augmented,simple
9817,"Спасибо, всё понятно пожалуйста 🙏",conversational,gratitude,conversation_flow,augmented,complex
9194,Верните деньги 🦷,negative_feedback,general,escalation_flow,augmented,simple
2248,А обязательно,faq,followup,faq_flow,augmented,simple
6423,Принято заранее спасибо 🙏,conversational,confirmation,conversation_flow,augmented,simple
6063,верхний зуб болит псотоянно,anamnesis,symptom,anamnesis_flow,augmented,simple
2904,"Подскажите, ясно пожалуйста",conversational,confirmation,conversation_flow,augmented,complex
7480,Интересует Air-Flow...,anamnesis,services,anamnesis_flow,augmented,simple
5647,"Привет, до скорого заранее спасибо",conversational,farewell,conversation_flow,augmented,complex
9053,Перенесите на послезавтра 😊,booking,reschedule,booking_flow,augmented,simple
1601,Какп роходит процедура?,faq,procedure,faq_flow,augmented,simple
8945,Хочу пломбирование,anamnesis,services,anamnesis_flow,variation,simple
7736,Можно на среду!,booking,new_appointment,booking_flow,augmented,simple
6846,После элайнеры у Волкова стало хуже спасибо,negative_feedback,quality,escalation_flow,augmented,medium
3451,"подскажите, запись к эндодонтисту на на этой неделе",booking,new_appointment,booking_flow,augmented,complex
3840,Есть детский стоматолог 😊,faq,clinic_info,faq_flow,augmented,simple
7517,СКОЛЬК ОНЕЛЬЗЯ ПИТЬ ПОСЛЕ КОНСУЛЬТАЦИЮ?,faq,visit_prep,faq_flow,augmented,simple
4719,Врач опоздал!!,negative_feedback,service_issue,escalation_flow,augmented,simple
4685,Работаете в пятницу 🙏,faq,clinic_info,faq_flow,augmented,simple
9073,КАКИЕ РИСКИ,faq,procedure,faq_flow,augmented,simple
9850,Очень благодарен,conversational,gratitude,conversation_flow,template,simple
1315,Что нельзя после брекеты?,faq,visit_prep,faq_flow,variation,simple
8718,Не получится прийти,booking,cancel,booking_flow,template,simple
2354,Запишите на виниры,booking,new_appointment,booking_flow,variation,simple
8229,Понял спасибо,conversational,confirmation,conversation_flow,augmented,simple
7714,зуб болит очень,anamnesis,symptom,anamnesis_flow,variation,simple
8984,"Скажите, да, хорошо",conversational,confirmation,conversation_flow,augmented,complex
4772,Здравствуйте 🙏,conversational,greeting,conversation_flow,augmented,simple
6505,Ка кпроходит осмотр пожалуйста,faq,procedure,faq_flow,augmented,simple
311,Я вам перезвоню!!,conversational,unclear,clarification_flow,augmented,simple
1212,"Не смогу прийти, не смогу пожалуйста",booking,cancel,booking_flow,augmented,complex
6732,"Добрый день, после брекеты у Лебедевой стало хуже",negative_feedback,quality,escalation_flow,augmented,complex
8353,"Подскажите, работаете в вечер?",faq,clinic_info,faq_flow,augmented,complex
6458,Можно перенести на усбботу 😢,booking,reschedule,booking_flow,augmented,simple
9228,НЕ ЗНАЮ 🙏,conversational,unclear,clarification_flow,augmented,simple
7808,"Здравствуйте, это правда необходимо",faq,followup,faq_flow,augmented,complex
3319,Понтяно,conversational,confirmation,conversation_flow,augmented,simple
6738,До встречи 😢...,conversational,farewell,conversation_flow,augmented,simple
2139,"Не смогу рпийти, не смогу",booking,cancel,booking_flow,augmented,complex
197,"Добрый день, случилось откололся зуб",anamnesis,complaint,anamnesis_flow,augmented,complex
5790,Не уверен,conversational,unclear,clarification_flow,template,simple
4144,"Подскажите, заболел, не приду",booking,cancel,booking_flow,augmented,complex
8968,Каки ееЩё варианты?,faq,followup,faq_flow,augmented,simple
1781,Какие матераилы используете?,faq,procedure,faq_flow,augmented,simple
260,Здорово?,conversational,greeting,conversation_flow,augmented,simple
7896,"Подскажите, добрый день!",conversational,greeting,conversation_flow,augmented,complex
480,"Привет, цена отбеливания?",faq,price,faq_flow,augmented,complex
2685,"Привет, скажите, пока",conversational,farewell,conversation_flow,augmented,complex
1684,Есть акици?,faq,price,faq_flow,augmented,simple
9577,нижняя десна болит очень,anamnesis,symptom,anamnesis_flow,variation,simple
2800,Мне не перезвонили с утра 😢,negative_feedback,service_issue,escalation_flow,augmented,medium
5145,"Добрый день, всего доброго.",conversational,farewell,conversation_flow,augmented,complex
3135,"Подскажите, работаете в завтра?",faq,clinic_info,faq_flow,augmented,complex
1924,"Здравствуйте, спс заранее спасибо",conversational,gratitude,conversation_flow,augmented,complex
5016,"Скажите, так и не перезвонили",negative_feedback,service_issue,escalation_flow,augmented,complex
4650,А если я не буду!,faq,followup,faq_flow,augmented,simple
9853,У мнея треСнул зуб,anamnesis,complaint,anamnesis_flow,augmented,simple
1045,"Привет, врач Кузнецовой не объяснил",negative_feedback,staff,escalation_flow,augmented,complex
9169,"Скажите, до сокрого",conversational,farewell,conversation_flow,augmented,complex
1372,"Подскажите, сколько нельзя есть после лечение каналов?",faq,visit_prep,faq_flow,augmented,complex
7242,"Подскажите, есть детский кабинет спасибо",faq,clinic_info,faq_flow,augmented,complex
9569,"Спасибо, до свидания пожалуйста",conversational,gratitude,conversation_flow,augmented,complex
4952,До свидания...,conversational,farewell,conversation_flow,augmented,simple
81,Можно перенести на утро...,booking,reschedule,booking_flow,augmented,simple
163,передний зуб сильно болит 🦷,anamnesis,symptom,anamnesis_flow,augmented,simple
8930,После лечениек ариеса у Морозовой стало хуже,negative_feedback,quality,escalation_flow,augmented,medium
6488,Спасибо большое заранее спасибо...,conversational,gratitude,conversation_flow,augmented,simple
8480,врач кузнецовой не объяснил 😊,negative_feedback,staff,escalation_flow,augmented,simple
34,Принимаете рассрочку 🦷,faq,clinic_info,faq_flow,augmented,simple
7756,Сказали чот записи нет,negative_feedback,service_issue,escalation_flow,augmented,simple
9425,"Добрый день, есть свободное время 😊",booking,new_appointment,booking_flow,augmented,complex
5242,телефон не отвечает!,negative_feedback,service_issue,escalation_flow,augmented,simple
5249,Сколько длится виниры?,faq,procedure,faq_flow,variation,simple
8299,"Скажите, сколько длится кт?",faq,procedure,faq_flow,augmented,complex
6562,Интересует КТ 🦷,anamnesis,services,anamnesis_flow,augmented,simple
500,Доброе утро?!,conversational,greeting,conversation_flow,augmented,simple
3589,"Подскажите, больше не приду",negative_feedback,general,escalation_flow,augmented,complex
4040,лечнеие каналов это больно?,faq,procedure,faq_flow,augmented,simple
1203,Верните днеьги,negative_feedback,general,escalation_flow,augmented,simple
4200,"Добрый день, добрый веечр!",conversational,greeting,conversation_flow,augmented,complex
400,Запись к хирургу на утро,booking,new_appointment,booking_flow,variation,simple
8905,врча не слушал,negative_feedback,staff,escalation_flow,augmented,simple
3504,Верните деньги 😢,negative_feedback,general,escalation_flow,augmented,simple
5054,"ДОБРЫЙ ДЕНЬ, ИНТЕРЕСУЕТ ОТБЕЛИВАНИЕ",anamnesis,services,anamnesis_flow,augmented,complex
7417,перенесите на воскресенье?!,booking,reschedule,booking_flow,augmented,simple
425,Откололся зуб 🙏,anamnesis,complaint,anamnesis_flow,augmented,simple
6372,Какая цена на чистку 🦷,faq,price,faq_flow,augmented,simple
9060,нужно реставрацию?,anamnesis,services,anamnesis_flow,augmented,simple
3488,ПОСЛЕ ЭЛАЙНЕРЫ У СИДОРОВА СТАЛО ХУЖЕ?,negative_feedback,quality,escalation_flow,augmented,medium
2801,Невежливое обслуживание?,negative_feedback,staff,escalation_flow,augmented,simple
5022,Сколько нельзя есть после чистку?,faq,visit_prep,faq_flow,variation,simple
7467,Сильно болит зуб,anamnesis,symptom,anamnesis_flow,template,simple
4754,Болит верхний зуб уже несколько дней,anamnesis,symptom,anamnesis_flow,variation,medium
5699,У меня острая боль со вчера,anamnesis,symptom,anamnesis_flow,variation,medium
5292,во сколько открываетесь 🦷,faq,clinic_info,faq_flow,augmented,simple
6748,Винир отклеился!!,anamnesis,complaint,anamnesis_flow,augmented,simple
2295,после удаление у сидорова стало хуже...,negative_feedback,quality,escalation_flow,augmented,medium
8169,Где вы находитесь 😢 😢,faq,clinic_info,faq_flow,augmented,simple
3643,семёрка немного боЛит?,anamnesis,symptom,anamnesis_flow,augmented,simple
9590,Нужно снимок,anamnesis,services,anamnesis_flow,variation,simple
978,"Скажите, как проходит имплантацию?",faq,procedure,faq_flow,augmented,complex
1186,"Подскажите, пока не решил",conversational,unclear,clarification_flow,augmented,complex
5252,"Здравствуйте, отказ от записи",booking,cancel,booking_flow,augmented,complex
557,Запишите на лечение каналов!,booking,new_appointment,booking_flow,augmented,simple
2216,Отклеилась коронка 😢,anamnesis,complaint,anamnesis_flow,augmented,simple
4525,Спс пожалуйста,conversational,gratitude,conversation_flow,augmented,simple
5716,"ПодсКажите, не смогу прийти, не смогу",booking,cancel,booking_flow,augmented,complex
149,Запись к терапевту на четверг,booking,new_appointment,booking_flow,variation,simple
8941,"Спасибо, всё понятно 😊...",conversational,gratitude,conversation_flow,augmented,complex
8692,НАДО ПОСОВЕТОВАТЬСЯ?!,conversational,unclear,clarification_flow,augmented,simple
2891,Болит верхняя десна уже неделю,anamnesis,symptom,anamnesis_flow,variation,simple
2016,Можно перенести на понедельник.,booking,reschedule,booking_flow,augmented,simple
9720,Можно без этого?!,faq,followup,faq_flow,augmented,simple
9558,"Подскажите, здравствуйте, запись к гигиенисту на на этой неделе",booking,new_appointment,booking_flow,augmented,complex
1619,"Здравствуйте, запись куда-то пропала",negative_feedback,service_issue,escalation_flow,augmented,complex
9331,Коронка слетела 😢,anamnesis,complaint,anamnesis_flow,augmented,simple
4216,Сколько нельзя заниматься спортом после лечение кариеса?,faq,visit_prep,faq_flow,variation,medium
9049,"Отмените запись, уезжаю...",booking,cancel,booking_flow,augmented,complex
6849,Хочу оставить жалобуз аранее спасибо,negative_feedback,general,escalation_flow,augmented,simple
644,После осмотр у Лебедевой стало хуже!!,negative_feedback,quality,escalation_flow,augmented,medium
1449,"Скажите, где оставить жалобу?",negative_feedback,general,escalation_flow,augmented,complex
3295,Как подготовиться к отбеливание 🙏,faq,visit_prep,faq_flow,augmented,simple
8754,Есть время на субботу 👍 спасибо,booking,new_appointment,booking_flow,augmented,medium
1106,Ага 🙏!!,conversational,confirmation,conversation_flow,augmented,simple
3265,"Скажите, хорошего дня заранее спасибо",conversational,farewell,conversation_flow,augmented,complex
8888,У меня боль от холодного три дня,anamnesis,symptom,anamnesis_flow,variation,medium
6785,Цена на лечение кариеса.,faq,price,faq_flow,augmented,simple
8688,Что нельзя после снимок...,faq,visit_prep,faq_flow,augmented,simple
572,Какая цена на осмотр пожалуйста,faq,price,faq_flow,augmented,simple
3273,Запись к пародонтологу на в ближайшее время,booking,new_appointment,booking_flow,variation,medium
1838,После пломбирование у Волкова стало хуже,negative_feedback,quality,escalation_flow,variation,medium
5952,Сколько стоит профгигиену,faq,price,faq_flow,augmented,simple
2419,Запишите к эндодонтисту,booking,new_appointment,booking_flow,variation,simple
1406,ХОЧУ ВОЗРВАТ,negative_feedback,general,escalation_flow,augmented,simple
8982,Появилась язвочка в орту,anamnesis,complaint,anamnesis_flow,augmented,simple
5268,Интересует брекеты пожалуйста,anamnesis,services,anamnesis_flow,augmented,simple
6614,Угу,conversational,confirmation,conversation_flow,template,simple
4446,Цена на брекеты,faq,price,faq_flow,augmented,simple
8760,Принимаете Apple Pay,faq,clinic_info,faq_flow,augmented,simple
3384,Срочно нужен приём,booking,new_appointment,booking_flow,template,simple
4821,Интересует коронку,anamnesis,services,anamnesis_flow,variation,simple
1866,"Добрый день, спасибо",conversational,gratitude,conversation_flow,augmented,complex
5512,Врач Петровой не объяснил 🦷,negative_feedback,staff,escalation_flow,augmented,simple
1925,Запишите к терапевту,booking,new_appointment,booking_flow,variation,simple
6561,"Не смогу прийти, форс-мажор 😊",booking,cancel,booking_flow,augmented,complex
2144,А если не поможет 🙏 спасибо,faq,followup,faq_flow,augmented,medium
9179,Хороош!,conversational,confirmation,conversation_flow,augmented,simple
3683,Уберите мюо запись,booking,cancel,booking_flow,augmented,simple
1194,"Здравствуйте, большое спасибо 🦷",conversational,gratitude,conversation_flow,augmented,complex
8739,"Подскажите, хочу к челюстно-лицевому хирургу спасибо",booking,new_appointment,booking_flow,augmented,complex
8611,А если я не буду заранее спасибо,faq,followup,faq_flow,augmented,medium
1268,Сколько длится лечение кариеса?,faq,procedure,faq_flow,variation,simple
1807,верхний зуб периодически болит,anamnesis,symptom,anamnesis_flow,variation,simple
4182,Планирую исправить прикус,anamnesis,services,anamnesis_flow,template,simple
4477,врач иванова не объяснил.,negative_feedback,staff,escalation_flow,augmented,simple
5626,Нужно отменить?!,booking,cancel,booking_flow,augmented,simple
2392,"Подскажите, работаете в в ближайшее время?",faq,clinic_info,faq_flow,augmented,complex
5105,Не сейчас?!,conversational,unclear,clarification_flow,augmented,simple
4154,"Скажите, пломба выпала",anamnesis,complaint,anamnesis_flow,augmented,complex
1520,Надо опдумать,conversational,unclear,clarification_flow,augmented,simple
7492,Запись к гигиенисту на четверг,booking,new_appointment,booking_flow,variation,simple
2975,"Спасибо, до свидания спасибо 😊",conversational,gratitude,conversation_flow,augmented,complex
6056,Почём снимок?,faq,price,faq_flow,variation,simple
4813,пломба выпала заранее спасибо,anamnesis,complaint,anamnesis_flow,augmented,simple
3996,ПлОхая клниика,negative_feedback,general,escalation_flow,augmented,simple
2652,"Отмените запись, уезжаю?",booking,cancel,booking_flow,augmented,complex
9240,После удаление у Лебедевой стало хуже,negative_feedback,quality,escalation_flow,variation,medium
9937,Работаете в пятницу!!,faq,clinic_info,faq_flow,augmented,simple
6675,Приложенеи глючит,negative_feedback,service_issue,escalation_flow,augmented,simple
6601,Врач ничего не знает 👍,negative_feedback,staff,escalation_flow,augmented,simple
9656,"Привет, в чём разница?",faq,procedure,faq_flow,augmented,complex
7621,Перенесите нА на этой неделе заранее спасибо,booking,reschedule,booking_flow,augmented,medium
1562,После снимок у Иавнова стало хуже,negative_feedback,quality,escalation_flow,augmented,medium
9286,"Подскажите, отклеилась коронка",anamnesis,complaint,anamnesis_flow,augmented,complex
4962,Добрый вечер!!,conversational,greeting,conversation_flow,augmented,simple
4811,Можно позже пожалуйста,booking,reschedule,booking_flow,augmented,simple
899,"Скажите, добрый вечер",conversational,greeting,conversation_flow,augmented,complex
3183,ПланируюК Т,anamnesis,services,anamnesis_flow,augmented,simple
7114,"Привет, благдоарю",conversational,gratitude,conversation_flow,augmented,complex
8827,Нужно пломбирование заранее спасибо,anamnesis,services,anamnesis_flow,augmented,simple
339,Как подготовиться к удаление?,faq,visit_prep,faq_flow,variation,simple
7939,Спсаибо?!,conversational,gratitude,conversation_flow,augmented,simple
4102,Запись к детскому стоматологу на завтра,booking,new_appointment,booking_flow,variation,medium
5413,Где оставитьж алобу?,negative_feedback,general,escalation_flow,augmented,simple
5660,Согласен.,conversational,confirmation,conversation_flow,augmented,simple
6143,Какие врачи работают,faq,clinic_info,faq_flow,augmented,simple
2634,Иванова был груб!,negative_feedback,staff,escalation_flow,augmented,simple
6731,Дос корого?!,conversational,farewell,conversation_flow,augmented,simple
9219,У меня острая боль две недели,anamnesis,symptom,anamnesis_flow,variation,medium
8176,"Подскажите, болит верхняя десна уже Со вчера",anamnesis,symptom,anamnesis_flow,augmented,complex
3084,Во сколько открываетесь?,faq,clinic_info,faq_flow,template,simple
7577,"Подскажите, вЕРНИТЕ ДЕНЬГИ",negative_feedback,general,escalation_flow,augmented,complex
5616,Можно без этого пожалуйста.,faq,followup,faq_flow,augmented,simple
1323,Спасиоб большое 🦷,conversational,gratitude,conversation_flow,augmented,simple
3990,Стоиомсть чистки?,faq,price,faq_flow,augmented,simple
3367,Планирюу коронку 😢,anamnesis,services,anamnesis_flow,augmented,simple
2296,Приложнеие глючит,negative_feedback,service_issue,escalation_flow,augmented,simple
8159,ДО СВИДАИНЯ!,conversational,farewell,conversation_flow,augmented,simple
9142,Нужно лечение каналов?,anamnesis,services,anamnesis_flow,augmented,simple
9729,Волкова был груб 😊,negative_feedback,staff,escalation_flow,augmented,simple
1890,"Скажите, етсь наркоз?",faq,clinic_info,faq_flow,augmented,complex
190,Сколько нельзя есть после протезирование,faq,visit_prep,faq_flow,augmented,simple
9247,После осмотр у Морозовой стало хуже 😊,negative_feedback,quality,escalation_flow,augmented,medium
533,здравствуйет!,conversational,greeting,conversation_flow,augmented,simple
650,Почём снимок 😊,faq,price,faq_flow,augmented,simple
6508,"Добрый день, отмените запись, форс-мажор 🙏",booking,cancel,booking_flow,augmented,complex
1974,"Подскажите, привет спасибо",conversational,greeting,conversation_flow,augmented,complex
7895,"Привет, работаете в в ближайшее время?",faq,clinic_info,faq_flow,augmented,complex
7331,принимаете карту пожалуйста,faq,clinic_info,faq_flow,augmented,simple
1096,МонЖо без этого?,faq,followup,faq_flow,augmented,simple
7522,Спс,conversational,gratitude,conversation_flow,template,simple
860,Перезапишите на другое время,booking,reschedule,booking_flow,template,simple
5719,"НЕ СМОГУ ПРИЙТИ, ЗАНЯТ НА РАБОТЕ 🙏",booking,cancel,booking_flow,augmented,complex
5302,Сколько длится брекеты,faq,procedure,faq_flow,augmented,simple
1686,верхний зуб болит очень,anamnesis,symptom,anamnesis_flow,variation,simple
6476,здрасте.,conversational,greeting,conversation_flow,augmented,simple
139,У меня слетела коронка заранее спасибо,anamnesis,complaint,anamnesis_flow,augmented,medium
5755,"Скажите, пломба выпала...",anamnesis,complaint,anamnesis_flow,augmented,complex
4864,Перенесите на вечер!!,booking,reschedule,booking_flow,augmented,simple
1199,"Привет, спасибо...",conversational,gratitude,conversation_flow,augmented,complex
543,Перезапишите на 14:00,booking,reschedule,booking_flow,variation,simple
2709,"Скажите, здрасте",conversational,greeting,conversation_flow,augmented,complex
9815,До встречи 😢!!,conversational,farewell,conversation_flow,augmented,simple
8527,"Добрый день, работаете в воскресенье?",faq,clinic_info,faq_flow,augmented,complex
4922,"Здравствуйте, есть имплантолог?",faq,clinic_info,faq_flow,augmented,complex
3248,"Добрый день, ужасный сервис",negative_feedback,general,escalation_flow,augmented,complex
7646,Что нельзя после лечение каналов,faq,visit_prep,faq_flow,augmented,simple
8733,Есть 3D-томограф?,faq,clinic_info,faq_flow,template,simple
7956,Сказали что записи нет,negative_feedback,service_issue,escalation_flow,template,simple
8951,"Подскажите, пломба выпала",anamnesis,complaint,anamnesis_flow,augmented,complex
8184,Очнеь благодарен,conversational,gratitude,conversation_flow,augmented,simple
3792,шестёрка болит периодически,anamnesis,symptom,anamnesis_flow,variation,simple
5697,Записал пожалуйста,conversational,confirmation,conversation_flow,augmented,simple
7988,У меня слетела коронк а😊,anamnesis,complaint,anamnesis_flow,augmented,simple
3490,"Подскажите, до встречи спасибо",conversational,farewell,conversation_flow,augmented,complex
4902,"Подскажите, прощайте заранее спасибо",conversational,farewell,conversation_flow,augmented,complex
9165,Плохая клиника 😢,negative_feedback,general,escalation_flow,augmented,simple
4479,"Привет, спасибоз а помощь",conversational,gratitude,conversation_flow,augmented,complex
1392,"Добрый день, никто не перезвонил",negative_feedback,service_issue,escalation_flow,augmented,complex
4459,"Добрый день, оТМЕНИТЕ, ПОЖАЛУЙСТА",booking,cancel,booking_flow,augmented,complex
401,Болшьое спасибо,conversational,gratitude,conversation_flow,augmented,simple
1864,Какая цена на профгигиену 😊,faq,price,faq_flow,augmented,simple
5740,"Подскажите, запись к гигиенисту на пятницу",booking,new_appointment,booking_flow,augmented,complex
6852,У меня боль от горячего со вчера,anamnesis,symptom,anamnesis_flow,variation,medium
5509,МНЕ НААХМИЛИ,negative_feedback,staff,escalation_flow,augmented,simple
1466,"шатается зуб, что делать 🦷",anamnesis,complaint,anamnesis_flow,augmented,complex
6362,Не знаю пожалуйтса,conversational,unclear,clarification_flow,augmented,simple
7607,Интересеут осмотр,anamnesis,services,anamnesis_flow,augmented,simple
2152,Сколько нельзя курить после коронку?,faq,visit_prep,faq_flow,variation,simple
8484,"Подскажите, ок",conversational,confirmation,conversation_flow,augmented,complex
1509,Стоимость удаления?,faq,price,faq_flow,template,simple
7924,Не совсем понял!,faq,followup,faq_flow,augmented,simple
5333,Почём коронка спасибо,faq,price,faq_flow,augmented,simple
7618,"Скажите, пока 🦷",conversational,farewell,conversation_flow,augmented,complex
4624,Запишите к челюстно-лицевому хирургу 👍!!,booking,new_appointment,booking_flow,augmented,simple
5907,Планирую лечение кариеса!,anamnesis,services,anamnesis_flow,augmented,simple
7145,"Здравствуйте, ужасный сервис спасибо",negative_feedback,general,escalation_flow,augmented,complex
2077,Приду 👍!,conversational,confirmation,conversation_flow,augmented,simple
9040,Сколько нельзя пить после снимок,faq,visit_prep,faq_flow,augmented,simple
7541,Понятно спасибо,conversational,confirmation,conversation_flow,augmented,simple
125,Почём профгигиену пожалуйста,faq,price,faq_flow,augmented,simple
2857,у меня откололся зуб 🙏,anamnesis,complaint,anamnesis_flow,augmented,simple
5760,"Привет, ждал день",negative_feedback,service_issue,escalation_flow,augmented,complex
9501,ОткаЗ от записи заранее спасибо,booking,cancel,booking_flow,augmented,simple
3917,"Не смогу прийти, занят на работе...",booking,cancel,booking_flow,augmented,complex
6398,"Скажите, хочу пожаловаться",negative_feedback,general,escalation_flow,augmented,complex
1990,Добро еутро,conversational,greeting,conversation_flow,augmented,simple
263,Есть время на на этой неделе 🙏,booking,new_appointment,booking_flow,augmented,medium
1005,Болит зуб уже несколько дней,anamnesis,symptom,anamnesis_flow,template,simple
7155,"Скажите, поняТно",conversational,confirmation,conversation_flow,augmented,complex
2147,"Добрый день, привет!",conversational,greeting,conversation_flow,augmented,complex
399,Как проходит протезирование 👍,faq,procedure,faq_flow,augmented,simple
6988,Запись к ортодонту на среду,booking,new_appointment,booking_flow,variation,simple
1349,"Привет, запись к терапевту на вечер",booking,new_appointment,booking_flow,augmented,complex
1789,После пломбирование у Морозовой стало хуже,negative_feedback,quality,escalation_flow,variation,medium
6795,Добырй вечер,conversational,greeting,conversation_flow,augmented,simple
5478,После профгигиену у Морозовой стало хуже,negative_feedback,quality,escalation_flow,variation,medium
8641,"СКАЖИТЕ, ПЛАНИРУЮ ЛЕЧЕНИЕ КАНАЛОВ",anamnesis,services,anamnesis_flow,augmented,complex
1747,Что будут делать...,faq,procedure,faq_flow,augmented,simple
680,Добрый день!,conversational,greeting,conversation_flow,template,simple
7683,"Пояснит,е пожалуйста",faq,followup,faq_flow,augmented,complex
8049,Протезс ломался,anamnesis,complaint,anamnesis_flow,augmented,simple
8802,Сколько нельзя курить пОсле консультацию 😊,faq,visit_prep,faq_flow,augmented,medium
9858,Записал?!,conversational,confirmation,conversation_flow,augmented,simple
737,Администратор нахамил,negative_feedback,staff,escalation_flow,template,simple
316,"Привет, добрйы вечер!",conversational,greeting,conversation_flow,augmented,complex
594,"Добрый день, выпала пломба, что делать?",anamnesis,complaint,anamnesis_flow,augmented,complex
4506,"Подскажите, приду 🙏",conversational,confirmation,conversation_flow,augmented,complex
6308,"Добрый день, договорились",conversational,confirmation,conversation_flow,augmented,complex
882,После чистк уу Кузнецовой стало хуже,negative_feedback,quality,escalation_flow,augmented,medium
5545,Благодарю 🙏,conversational,gratitude,conversation_flow,augmented,simple
4997,РАБОТАЕТЕ В ПОНЕДЕЛЬНИК,faq,clinic_info,faq_flow,augmented,simple
9361,НЕ СЕЙЧАС.,conversational,unclear,clarification_flow,augmented,simple
6460,"Добрый день, здравствуйте 🙏",conversational,greeting,conversation_flow,augmented,complex
5559,МОЖНО ПЕРЕНЕСТИ НА ВЕЧЕР,booking,reschedule,booking_flow,augmented,simple
1229,нужно лечениек аналов,anamnesis,services,anamnesis_flow,augmented,simple
9094,Запись к имплантологу на среду,booking,new_appointment,booking_flow,variation,simple
5825,"Привет, планирую исправить прикус",anamnesis,services,anamnesis_flow,augmented,complex
5888,"Изменились планы, нужно перенести!!",booking,reschedule,booking_flow,augmented,complex
2000,"Привет, ладно спасибо",conversational,confirmation,conversation_flow,augmented,complex
6909,Всегох орошего,conversational,farewell,conversation_flow,augmented,simple
8420,Хочу перенести запись!,booking,reschedule,booking_flow,augmented,simple
3260,"Скажите, большое спасибо!!",conversational,gratitude,conversation_flow,augmented,complex
2559,ясно 😊,conversational,confirmation,conversation_flow,augmented,simple
8970,наверное!,conversational,unclear,clarification_flow,augmented,simple
8279,РАБОТАЕТЕ В ЧЕТВЕРГ,faq,clinic_info,faq_flow,augmented,simple
4196,"Добрый день, сколько нельзя курить после лечение каналов?",faq,visit_prep,faq_flow,augmented,complex
1001,После пломбирование у Лебедевой стало хуже 😊,negative_feedback,quality,escalation_flow,augmented,medium
8147,Это безопасно!!,faq,procedure,faq_flow,augmented,simple
8225,ПРОЩАТЙЕ,conversational,farewell,conversation_flow,augmented,simple
7432,ЗУБ ПОТЕМНЕЛ!!,anamnesis,complaint,anamnesis_flow,augmented,simple
65,"Скажите, моежт быть",conversational,unclear,clarification_flow,augmented,complex
9918,После удаление у Смирновой стало хуже,negative_feedback,quality,escalation_flow,variation,medium
7479,Не сйечас,conversational,unclear,clarification_flow,augmented,simple
333,"Не Смогу прийти, заболел пожалуйста",booking,cancel,booking_flow,augmented,complex
1564,"Отмените, пожалуйста 🦷",booking,cancel,booking_flow,augmented,complex
4088,"Здравствуйте, что вы рекомендуете?",faq,followup,faq_flow,augmented,complex
6631,Буду!!,conversational,confirmation,conversation_flow,augmented,simple
1809,Здрасте заранее спасибо,conversational,greeting,conversation_flow,augmented,simple
8678,КАК ПРОХОДИТ КОНСУЛЬТАЦИЮ спасибо,faq,procedure,faq_flow,augmented,simple
9813,"Здравствуйте, волкова был груб",negative_feedback,staff,escalation_flow,augmented,complex
5620,"Привет, перенесите на в ближайшее время",booking,reschedule,booking_flow,augmented,complex
4676,"Скажите, у меня ноющая боль несколько дней",anamnesis,symptom,anamnesis_flow,augmented,complex
6047,Уберите мою запись 👍 спасибо,booking,cancel,booking_flow,augmented,simple
85,Не рекомендую?,negative_feedback,general,escalation_flow,augmented,simple
6643,Запись к ортодонту на в ближайшее время,booking,new_appointment,booking_flow,variation,medium
1926,Современный метод...,faq,procedure,faq_flow,augmented,simple
4520,Врач Лебедевой не объяснил спасибо,negative_feedback,staff,escalation_flow,augmented,simple
9556,Очень благодарен 😢,conversational,gratitude,conversation_flow,augmented,simple
7885,После осмотр у Иванова стало хуже,negative_feedback,quality,escalation_flow,variation,medium
4959,Благодарю,conversational,gratitude,conversation_flow,template,simple
4888,Как подготовиться?,faq,visit_prep,faq_flow,template,simple
9794,"Скажите, планирую пломбирование",anamnesis,services,anamnesis_flow,augmented,complex
6649,Всего доброго спасибо,conversational,farewell,conversation_flow,augmented,simple
5996,"Подскажите, нужно лечение кариеса пожалуйста",anamnesis,services,anamnesis_flow,augmented,complex
996,верхняя десна болит периодически,anamnesis,symptom,anamnesis_flow,variation,simple
5153,Сколько стоит осмотр.,faq,price,faq_flow,augmented,simple
1753,Есть экСтренный приём 👍,booking,new_appointment,booking_flow,augmented,simple
1176,"Добрый день, почём реставрацию?",faq,price,faq_flow,augmented,complex
4134,"Скажите, спасибо за информацию!",conversational,gratitude,conversation_flow,augmented,complex
1033,Что посоветуете 🦷,faq,followup,faq_flow,augmented,simple
3585,"Добрый день, всегох орошего",conversational,farewell,conversation_flow,augmented,complex
9622,Понятно 👍,conversational,confirmation,conversation_flow,augmented,simple
2038,ЛЕБЕДЕВОЙ БЫЛ ГРУБ ЗАРАНЕЕ СПАСИБО,negative_feedback,staff,escalation_flow,augmented,simple
3788,Здравсвтуйте,conversational,greeting,conversation_flow,augmented,simple
8894,Покан е решил,conversational,unclear,clarification_flow,augmented,simple
3704,"привет, уберите мою запись",booking,cancel,booking_flow,augmented,complex
1260,"Скажите, нагрубили?",negative_feedback,staff,escalation_flow,augmented,complex
6692,"Спасибо, до свидания",conversational,gratitude,conversation_flow,template,simple
2096,Договорлиись 👍,conversational,confirmation,conversation_flow,augmented,simple
5810,Сколько нельзя курить после пломбирование 🙏,faq,visit_prep,faq_flow,augmented,medium
8988,"Привет, что нельзя после осмотр?",faq,visit_prep,faq_flow,augmented,complex
9818,"Подскажите, пока!",conversational,farewell,conversation_flow,augmented,complex
6013,Может быть.,conversational,unclear,clarification_flow,augmented,simple
9429,Что опсоветуете?,faq,followup,faq_flow,augmented,simple
1718,удаление не помогло,negative_feedback,quality,escalation_flow,variation,simple
8679,Есть микроскоп,faq,clinic_info,faq_flow,augmented,simple
6950,"привет, после виниры у сидорова стало хуже",negative_feedback,quality,escalation_flow,augmented,complex
8052,Отнеслис ьнапелвательски,negative_feedback,staff,escalation_flow,augmented,simple
1956,Цена на брЕкеты!,faq,price,faq_flow,augmented,simple
1,"Спасибо, всёп онятно",conversational,gratitude,conversation_flow,augmented,complex
6898,"Здравствуйте, больше не приду",negative_feedback,general,escalation_flow,augmented,complex
1461,Интересуети мплантацию,anamnesis,services,anamnesis_flow,augmented,simple
7485,А это больно?,faq,procedure,faq_flow,template,simple
3059,Можно переенсти на четверг?,booking,reschedule,booking_flow,augmented,simple
930,Нужно снимок 😊,anamnesis,services,anamnesis_flow,augmented,simple
6600,Запись к хирургу ан на этой неДеле,booking,new_appointment,booking_flow,augmented,medium
7498,"Здравствуйте, рядом есть метро?",faq,clinic_info,faq_flow,augmented,complex
4716,Хочу сдвинуть время 👍?!,booking,reschedule,booking_flow,augmented,simple
9645,Случилось выпала плобма 😊,anamnesis,complaint,anamnesis_flow,augmented,simple
4758,"Привет, брекет отклеился",anamnesis,complaint,anamnesis_flow,augmented,complex
567,Это безобразие спасибо 👍,negative_feedback,general,escalation_flow,augmented,simple
236,Спасибо боьлшое,conversational,gratitude,conversation_flow,augmented,simple
7828,Ладно,conversational,confirmation,conversation_flow,template,simple
8852,После коронку у Волкова стало хуже,negative_feedback,quality,escalation_flow,variation,medium
8161,Дорбое утро 🙏,conversational,greeting,conversation_flow,augmented,simple
467,До свидаиня,conversational,farewell,conversation_flow,augmented,simple
6541,Что нельяз после коронку?,faq,visit_prep,faq_flow,augmented,simple
8328,ВСЕГО ХОРОШГЕО,conversational,farewell,conversation_flow,augmented,simple
1787,После коронку у Козловой стало хуже?,negative_feedback,quality,escalation_flow,augmented,medium
6767,После реставрацию у Смирновой стало хуже,negative_feedback,quality,escalation_flow,variation,medium
879,после снимок у кузнецовой стало хуже?,negative_feedback,quality,escalation_flow,augmented,medium
2552,Сколько нельзя курить после консультацию 👍,faq,visit_prep,faq_flow,augmented,medium
6271,У меня пульсирующая боль две недели,anamnesis,symptom,anamnesis_flow,variation,medium
995,Пока спасибо спасибо,conversational,farewell,conversation_flow,augmented,simple
4382,ХОЧУ ПРОФГИГИЕНУ СПАСИБО,anamnesis,services,anamnesis_flow,augmented,simple
6241,Надо посоветоваться пожалуйста,conversational,unclear,clarification_flow,augmented,simple
6841,"Добрый день, можно перенести на вторник!!",booking,reschedule,booking_flow,augmented,complex
8540,"Не смогу прийти, форс-мажор 👍",booking,cancel,booking_flow,augmented,complex
4299,Хочув озврат,negative_feedback,general,escalation_flow,augmented,simple
3147,"Здравствуйте, хочу отбелить зубы",anamnesis,services,anamnesis_flow,augmented,complex
8614,У меня шатается зуб...,anamnesis,complaint,anamnesis_flow,augmented,simple
5122,"Подскажите, работаете с наркозом?",faq,clinic_info,faq_flow,augmented,complex
2741,Сколько нельзя есть после виниры!!,faq,visit_prep,faq_flow,augmented,simple
4218,Сколько нельзя пить алкоголь после имплантацию,faq,visit_prep,faq_flow,augmented,medium
1424,нижняя десна болит постоянно,anamnesis,symptom,anamnesis_flow,variation,simple
7839,"Здравствуйте, не проходит онемение после лечения",anamnesis,symptom,anamnesis_flow,augmented,complex
4535,Подумаю 🙏 пожалуйста,conversational,unclear,clarification_flow,augmented,simple
7701,"Добрый день, очень благодарен",conversational,gratitude,conversation_flow,augmented,complex
7641,Можно позже...,booking,reschedule,booking_flow,augmented,simple
5658,ВолковА был груб 👍,negative_feedback,staff,escalation_flow,augmented,simple
862,Мне не перезвонили две недели,negative_feedback,service_issue,escalation_flow,variation,simple
1673,"Привет, а что лучше",faq,followup,faq_flow,augmented,complex
1396,Что нельзя после лечение кариеса?,faq,visit_prep,faq_flow,variation,simple
5667,Прощайте пожалуйста пожалуйста,conversational,farewell,conversation_flow,augmented,simple
6519,Ждал три дня заранее спасибо,negative_feedback,service_issue,escalation_flow,augmented,simple
7124,Доборе утро,conversational,greeting,conversation_flow,augmented,simple
8661,Всего хорошего,conversational,farewell,conversation_flow,template,simple
5984,Врач Волкова не объяснил...,negative_feedback,staff,escalation_flow,augmented,simple
9925,"ПРИВЕТ, ПОКА НЕ РЕШИЛ",conversational,unclear,clarification_flow,augmented,complex
3613,брекеты не помогло?,negative_feedback,quality,escalation_flow,augmented,simple
9116,Спасибо за опмощь?,conversational,gratitude,conversation_flow,augmented,simple
9887,"ЗДРАВСТВУЙТЕ, У МЕНЯ ЗАПАХ ИЗО РТА НЕСКОЛЬКО ДНЕЙ",anamnesis,symptom,anamnesis_flow,augmented,complex
2337,После лечение кариеса у Кузнецовой стало хуже 🦷,negative_feedback,quality,escalation_flow,augmented,medium
1967,Запись к ортодонту на завтра,booking,new_appointment,booking_flow,variation,simple
8960,"Здравствуйте, случилось шатается зуб",anamnesis,complaint,anamnesis_flow,augmented,complex
9369,"Подскажите, имплантацию это больно?",faq,procedure,faq_flow,augmented,complex
8703,Можно перенести на на этой неделе...,booking,reschedule,booking_flow,augmented,medium
6659,Запишите к ортодонту?!,booking,new_appointment,booking_flow,augmented,simple
5693,"отмените запись, не смогу?!",booking,cancel,booking_flow,augmented,complex
9282,"Подскажите, добрый день, привет",conversational,greeting,conversation_flow,augmented,complex
9760,Не понравилось 🦷?!,negative_feedback,general,escalation_flow,augmented,simple
3687,"Привет, работаете в субботу?",faq,clinic_info,faq_flow,augmented,complex
1460,МОЖНО ПЕРЕНЕСТИ НА ВОСКРЕСЕНЬЕ заранее спасибо,booking,reschedule,booking_flow,augmented,medium
4128,До свидания 😢,conversational,farewell,conversation_flow,augmented,simple
1693,Случилось тресунл зуб,anamnesis,complaint,anamnesis_flow,augmented,simple
9967,"Здравствуйте, ничего не объяснили",negative_feedback,staff,escalation_flow,augmented,complex
4011,После отбеливание у Сидорова стало хуже!,negative_feedback,quality,escalation_flow,augmented,medium
8747,"Скажите, отбеливание сколько стоит?",faq,price,faq_flow,augmented,complex
8128,Лебеедвой был груб,negative_feedback,staff,escalation_flow,augmented,simple
2666,Хорошо пожалуйста,conversational,confirmation,conversation_flow,augmented,simple
1220,нижня ядесна очень болит,anamnesis,symptom,anamnesis_flow,augmented,simple
1937,Персонал хамит 😢,negative_feedback,staff,escalation_flow,augmented,simple
2018,Как подготовИтьсяк  осмотр?,faq,visit_prep,faq_flow,augmented,simple
822,А можно по-другому,faq,followup,faq_flow,augmented,simple
7823,Запись к хирургу на пятницу,booking,new_appointment,booking_flow,variation,simple
429,Надо подумать...,conversational,unclear,clarification_flow,augmented,simple
1497,Случилось шатается зуб 😊,anamnesis,complaint,anamnesis_flow,augmented,simple
1140,семёрка болит периодически 🙏,anamnesis,symptom,anamnesis_flow,augmented,simple
7056,"Привет, согласен",conversational,confirmation,conversation_flow,augmented,complex
7502,"Добрый день, верните деньги",negative_feedback,general,escalation_flow,augmented,complex
7213,Тончо нужно?,faq,followup,faq_flow,augmented,simple
474,"Подскажите, спасибо",conversational,gratitude,conversation_flow,augmented,complex
3257,Есть альтернативы?,faq,procedure,faq_flow,template,simple
7414,После снимок у Иванова стало хжуе 👍,negative_feedback,quality,escalation_flow,augmented,medium
4672,Спасибо спасибо,conversational,gratitude,conversation_flow,augmented,simple
667,Что делать если отёк?,faq,visit_prep,faq_flow,template,simple
8551,"Добрый день, запись к ортопеду на вечер",booking,new_appointment,booking_flow,augmented,complex
3326,После виниры у Смирновой стало хуже,negative_feedback,quality,escalation_flow,variation,medium
4787,Непрофессиональное отношение 🦷...,negative_feedback,staff,escalation_flow,augmented,simple
8006,Это больно?,faq,procedure,faq_flow,template,simple
3805,Не смог дозвониться 👍,negative_feedback,service_issue,escalation_flow,augmented,simple
6312,У меня болит зуб,anamnesis,symptom,anamnesis_flow,template,simple
851,"Подскажите, нес могу прийти, форс-мажор",booking,cancel,booking_flow,augmented,complex
7815,Конечно...,conversational,confirmation,conversation_flow,augmented,simple
3313,До свиданияс пасибо,conversational,farewell,conversation_flow,augmented,simple
4007,А что лучше...,faq,followup,faq_flow,augmented,simple
5495,Сколько нельзя заниматься спортом после коронку 😢,faq,visit_prep,faq_flow,augmented,medium
987,Спасибо за информацию?,conversational,gratitude,conversation_flow,augmented,simple
1700,передний зуб болит сильно 😢,anamnesis,symptom,anamnesis_flow,augmented,simple
8298,семёрка ночью болит,anamnesis,symptom,anamnesis_flow,variation,simple
2168,"Подскажите, привет, случилось выпала пломба",anamnesis,complaint,anamnesis_flow,augmented,complex
7357,Не предупредили об изменениях 🦷,negative_feedback,service_issue,escalation_flow,augmented,simple
861,После коснультацию у Петровой стало хуже,negative_feedback,quality,escalation_flow,augmented,medium
2677,Что нельзя после КТ?,faq,visit_prep,faq_flow,variation,simple
1868,Болит зуб уже неделю,anamnesis,symptom,anamnesis_flow,variation,simple
2475,Есть у вас рентген пожалуйста,faq,clinic_info,faq_flow,augmented,simple
7948,Спасибо за информцаию?,conversational,gratitude,conversation_flow,augmented,simple
3943,"Подскажите, у меня пульсирующая боль день",anamnesis,symptom,anamnesis_flow,augmented,complex
3661,Можно на другой день заранее спасибо спасибо,booking,reschedule,booking_flow,augmented,medium
7605,Ждал несколько дней 😢,negative_feedback,service_issue,escalation_flow,augmented,simple
8933,Сколько нельзя питьп осле профгигиену.,faq,visit_prep,faq_flow,augmented,simple
4654,Какая цена на снимок?,faq,price,faq_flow,variation,simple
3753,Есть рассрочка,faq,price,faq_flow,augmented,simple
7586,"Посяните, пожалуйста",faq,followup,faq_flow,augmented,complex
6490,Отказ от записи 🦷,booking,cancel,booking_flow,augmented,simple
7560,Всег охорошего,conversational,farewell,conversation_flow,augmented,simple
1957,Сколько стоит чистку.,faq,price,faq_flow,augmented,simple
1875,"Здравствуйте, слетела коронка, что делать?",anamnesis,complaint,anamnesis_flow,augmented,complex
1770,"Скажите, до скорого заранее спасибо",conversational,farewell,conversation_flow,augmented,complex
7428,челюсть немного болит,anamnesis,symptom,anamnesis_flow,variation,simple
6214,корокну это больно?,faq,procedure,faq_flow,augmented,simple
8450,Принимаете ОМС 😢 😢,faq,clinic_info,faq_flow,augmented,simple
1433,После профгигиену у Кузнецвоой стало хуже,negative_feedback,quality,escalation_flow,augmented,medium
2919,Спасиоб большое,conversational,gratitude,conversation_flow,augmented,simple
5788,"Здравствуйте, сколько длится удаление спасибо",faq,procedure,faq_flow,augmented,complex
1400,У меня запах изо рта со вчера,anamnesis,symptom,anamnesis_flow,variation,medium
5199,"СКАЖИТЕ, НЕ РЕКОМЕНДУЮ",negative_feedback,general,escalation_flow,augmented,complex
380,Долго оформляли документы 🙏,negative_feedback,service_issue,escalation_flow,augmented,simple
8067,Сайт не раобтает пожалуйста,negative_feedback,service_issue,escalation_flow,augmented,simple
7330,До свидания заранее спасибо 👍,conversational,farewell,conversation_flow,augmented,simple
1281,"Здравствуйте, а если я не буду...",faq,followup,faq_flow,augmented,complex
818,"Скажите, перенесите на пятницу...",booking,reschedule,booking_flow,augmented,complex
3546,"Да, конечно!",conversational,confirmation,conversation_flow,augmented,complex
7220,"Скажите, можно оплатить картой пожалуйста",faq,clinic_info,faq_flow,augmented,complex
3669,"Скажите, можно перенести на пятницу?",booking,reschedule,booking_flow,augmented,complex
806,Врач был груб,negative_feedback,staff,escalation_flow,template,simple
4426,Что вы рекомендуете 😢,faq,followup,faq_flow,augmented,simple
1632,Сколько стоит КТ 👍,faq,price,faq_flow,augmented,simple
3356,Плохая клиника 👍 заранее спасибо,negative_feedback,general,escalation_flow,augmented,simple
5206,Болит верхняя десна уже давно,anamnesis,symptom,anamnesis_flow,variation,simple
7105,семёрка болит немного 🙏,anamnesis,symptom,anamnesis_flow,augmented,simple
3572,Лебедевой был груб 🦷,negative_feedback,staff,escalation_flow,augmented,simple
9969,верхний зуб постоянно болит!,anamnesis,symptom,anamnesis_flow,augmented,simple
4771,"Добрый день, до встречи заранее спасибо",conversational,farewell,conversation_flow,augmented,complex
8347,Ждал с утра 🦷,negative_feedback,service_issue,escalation_flow,augmented,simple
8925,Сколькон ельзя курить после элайнеры,faq,visit_prep,faq_flow,augmented,simple
4253,Ретейнер отклеился спасибо,anamnesis,complaint,anamnesis_flow,augmented,simple
5392,Благодарю!,conversational,gratitude,conversation_flow,augmented,simple
9138,"Привет, привет!",conversational,greeting,conversation_flow,augmented,complex
7833,Интересуют виниры?!,anamnesis,services,anamnesis_flow,augmented,simple
8156,челюсьт сильно болит.,anamnesis,symptom,anamnesis_flow,augmented,simple
6961,После снимок у Иванова стало хуже,negative_feedback,quality,escalation_flow,variation,medium
1955,"Скажите, не Получится прийти",booking,cancel,booking_flow,augmented,complex
9571,"Подскажите, не понравилось",negative_feedback,general,escalation_flow,augmented,complex
9183,Есть время на субботу?!,booking,new_appointment,booking_flow,augmented,simple
5827,сколько нельзя есть после пломбирование пожалуйста,faq,visit_prep,faq_flow,augmented,medium
9566,"Скажите, до свидания 😊",conversational,farewell,conversation_flow,augmented,complex
1523,После осмотр у Смирновой стало хуже,negative_feedback,quality,escalation_flow,variation,medium
478,"Привет, как долго прослужит!",faq,procedure,faq_flow,augmented,complex
5829,Сколько длится брекеты...,faq,procedure,faq_flow,augmented,simple
6579,А оябзательно пожалуйста,faq,followup,faq_flow,augmented,simple
6724,НедоволЕн обслуживанием заранее спасибо,negative_feedback,general,escalation_flow,augmented,simple
6116,Есть наркоз 😢 спасибо,faq,clinic_info,faq_flow,augmented,simple
9237,Ждал две недели!!,negative_feedback,service_issue,escalation_flow,augmented,simple
1488,Хорошего дня пожалуйста спасибо,conversational,farewell,conversation_flow,augmented,simple
2047,"Подскажите, работаете по ДМС?",faq,clinic_info,faq_flow,augmented,complex
7019,Не решиле щё!,conversational,unclear,clarification_flow,augmented,simple
2771,ХОЧУ ПОГОВОРИТЬ  СРУКОВОДСТВОМ,negative_feedback,general,escalation_flow,augmented,simple
751,У меня отёк неделю,anamnesis,symptom,anamnesis_flow,variation,simple
3282,Делаете панорамный снимок спасибо,faq,clinic_info,faq_flow,augmented,simple
4630,"Здравствуйте, хочу на КТ",booking,new_appointment,booking_flow,augmented,complex
7693,хочу поговорить с руководством 😢,negative_feedback,general,escalation_flow,augmented,simple
9768,"Привет, не сейчас 😢",conversational,unclear,clarification_flow,augmented,complex
2215,Коронка слетела спасибо,anamnesis,complaint,anamnesis_flow,augmented,simple
583,Врач Морозовой не объяснил спасибо,negative_feedback,staff,escalation_flow,augmented,simple
6187,"Добрый день, требую компенсацию",negative_feedback,general,escalation_flow,augmented,complex
4249,Телефон не отвечает.,negative_feedback,service_issue,escalation_flow,augmented,simple
8605,Нагрубили...,negative_feedback,staff,escalation_flow,augmented,simple
1380,Мне не перезвонили с утра.,negative_feedback,service_issue,escalation_flow,augmented,simple
5598,Перенесите на сегдоня,booking,reschedule,booking_flow,augmented,simple
2282,Коронка шатается!,anamnesis,complaint,anamnesis_flow,augmented,simple
1162,"боль от холодного, что делать?",anamnesis,symptom,anamnesis_flow,variation,simple
1951,Персонал хАмит пожалуйста,negative_feedback,staff,escalation_flow,augmented,simple
9449,Спс спасибо...,conversational,gratitude,conversation_flow,augmented,simple
2269,нижняя десна постоянно болит,anamnesis,symptom,anamnesis_flow,variation,simple
9166,Где вы нахдоитесь,faq,clinic_info,faq_flow,augmented,simple
7131,У меня боль при жевании со вчера,anamnesis,symptom,anamnesis_flow,variation,medium
532,Почём брекеты,faq,price,faq_flow,augmented,simple
403,"Привет, хочу почистить зубы!",anamnesis,services,anamnesis_flow,augmented,complex
2507,Очень долго ждал!,negative_feedback,service_issue,escalation_flow,augmented,simple
5759,Болит нижняя десна уже давно,anamnesis,symptom,anamnesis_flow,variation,simple
6817,Эй спасибо,conversational,greeting,conversation_flow,augmented,simple
614,"Добрый день, привет, позовите главврача",negative_feedback,general,escalation_flow,augmented,complex
6944,Перезвоню спасибо 🦷,conversational,unclear,clarification_flow,augmented,simple
3999,Врач был груб...,negative_feedback,staff,escalation_flow,augmented,simple
4165,Лебедевой был груб?!,negative_feedback,staff,escalation_flow,augmented,simple
4843,"Скажите, мне не перезвонили с утра пожалуйста",negative_feedback,service_issue,escalation_flow,augmented,complex
6364,"Подскажите, можно перенести на послезавтра?",booking,reschedule,booking_flow,augmented,complex
6054,Требую компенсацию 🦷,negative_feedback,general,escalation_flow,augmented,simple
9752,Болит зуб мудрости уже два дня,anamnesis,symptom,anamnesis_flow,variation,medium
2932,Пока 😢 😊,conversational,farewell,conversation_flow,augmented,simple
2303,"Добрый день, да 👍",conversational,confirmation,conversation_flow,augmented,complex
1103,Пока пожалуйста спасибо,conversational,farewell,conversation_flow,augmented,simple
5721,Ага 🦷,conversational,confirmation,conversation_flow,augmented,simple
9130,Как проходит осмотр 🙏,faq,procedure,faq_flow,augmented,simple
4260,"Подскажите, спасибо, до свидания 😢",conversational,gratitude,conversation_flow,augmented,complex
7087,"Добрый день, работаете в вечер?",faq,clinic_info,faq_flow,augmented,complex
1618,"Здравствуйте, приём начался с опозданием",negative_feedback,service_issue,escalation_flow,augmented,complex
5264,"ДОБРЫЙ ДЕНЬ, ЦЕНА НА ЛЕЧЕНИЕ КАРИЕСА?",faq,price,faq_flow,augmented,complex
6340,Посоветусюь,conversational,unclear,clarification_flow,augmented,simple
5931,Не понравилось...,negative_feedback,general,escalation_flow,augmented,simple
9056,"скажите, врач иванова не объяснил",negative_feedback,staff,escalation_flow,augmented,complex
6537,"Здравствуйте, пока",conversational,farewell,conversation_flow,augmented,complex
1303,Хочу конслуьтацию,anamnesis,services,anamnesis_flow,augmented,simple
9797,привте!,conversational,greeting,conversation_flow,augmented,simple
5972,Хочу виниры спасибо,anamnesis,services,anamnesis_flow,augmented,simple
3120,"Здравствуйте, не предупредили об изменениях",negative_feedback,service_issue,escalation_flow,augmented,complex
5315,"Здравствуйте, а это больно?",faq,procedure,faq_flow,augmented,complex
471,Врач Волкова не объяснил?,negative_feedback,staff,escalation_flow,augmented,simple
325,Здорово 😊 спасибо,conversational,greeting,conversation_flow,augmented,simple
8560,Не понравилось.,negative_feedback,general,escalation_flow,augmented,simple
5730,сколько держится.,faq,procedure,faq_flow,augmented,simple
8200,У МЕНЯ ОТЁК ДВЕ НЕДЕЛИ...,anamnesis,symptom,anamnesis_flow,augmented,simple
3060,Понял 👍,conversational,confirmation,conversation_flow,augmented,simple
483,А если я неб уду?,faq,followup,faq_flow,augmented,simple
4285,После лечение каналов уВ олкова стало хуже,negative_feedback,quality,escalation_flow,augmented,medium
2240,"Скажите, запись потеряли",negative_feedback,service_issue,escalation_flow,augmented,complex
5165,Удачи?,conversational,farewell,conversation_flow,augmented,simple
3499,есть лазер,faq,clinic_info,faq_flow,augmented,simple
8640,Хочу на гигиену,booking,new_appointment,booking_flow,template,simple
7474,Как подготовиться к лечение акналов?,faq,visit_prep,faq_flow,augmented,simple
962,Можно перезаписаться спасибо,booking,reschedule,booking_flow,augmented,simple
7012,"Добрый день, до встречи",conversational,farewell,conversation_flow,augmented,complex
31,"Да, хорошо 🙏.",conversational,confirmation,conversation_flow,augmented,complex
5712,Врач Морозовой не объяснил,negative_feedback,staff,escalation_flow,variation,simple
9269,МОЖНО ПЕРЕНЕСТИ НА ЗАВТРА...,booking,reschedule,booking_flow,augmented,simple
7703,Запись к челюстно-лицевому хирургу на вторник,booking,new_appointment,booking_flow,variation,medium
2226,"Подскажите, планирую имплантацию",anamnesis,services,anamnesis_flow,augmented,complex
444,Запись к детскому стоматологу на на этой неделе.,booking,new_appointment,booking_flow,augmented,medium
4726,Расскажите больше!,faq,followup,faq_flow,augmented,simple
8433,"Скажите, сКОЛЬКО НЕЛЬЗЯ КУРИТЬ ПОСЛЕ РЕСТАВРАЦИЮ?",faq,visit_prep,faq_flow,augmented,complex
6905,Как добраться пожалуйста,faq,clinic_info,faq_flow,augmented,simple
3573,"Привет, у меня пульсирующая боль день",anamnesis,symptom,anamnesis_flow,augmented,complex
5265,"Спасибо, д освидания?!",conversational,gratitude,conversation_flow,augmented,complex
4142,Сколько длитяс удаление 👍,faq,procedure,faq_flow,augmented,simple
8575,Нужно удаление,anamnesis,services,anamnesis_flow,variation,simple
1821,"Отмените запис,ь уезжаю",booking,cancel,booking_flow,augmented,complex
8127,Не сечйас,conversational,unclear,clarification_flow,augmented,simple
2816,"Добрый день, да, конечно",conversational,confirmation,conversation_flow,augmented,complex
3250,Когда есть запись?,booking,new_appointment,booking_flow,template,simple
1039,Интересует удаление пожалуйста,anamnesis,services,anamnesis_flow,augmented,simple
4252,Договорились пожалуйста,conversational,confirmation,conversation_flow,augmented,simple
1136,Какие ещёв арианты?,faq,followup,faq_flow,augmented,simple
9085,Болит зуб мудрости уже два дня!!,anamnesis,symptom,anamnesis_flow,augmented,medium
9321,"Отмените запись, занят на работе спасибо",booking,cancel,booking_flow,augmented,complex
5915,Элайнер трЕснул 🙏,anamnesis,complaint,anamnesis_flow,augmented,simple
1046,Хочуп ломбирование,anamnesis,services,anamnesis_flow,augmented,simple
8635,Нужно брекеты,anamnesis,services,anamnesis_flow,variation,simple
7097,Есть ночной приём?,faq,clinic_info,faq_flow,template,simple
756,Как подготовиться к консультацию 😢,faq,visit_prep,faq_flow,augmented,simple
9232,Отмена приёма 👍,booking,cancel,booking_flow,augmented,simple
2743,Запись к эндодонтисту на сегодня,booking,new_appointment,booking_flow,variation,simple
7819,Как делают.,faq,procedure,faq_flow,augmented,simple
5404,"ПОДСКАЖИТЕ, СКОЛЬКО ДЛИТСЯ ВИНИРЫ?",faq,procedure,faq_flow,augmented,complex
9438,Прощйате,conversational,farewell,conversation_flow,augmented,simple
5179,"Подскажите, до свидания!",conversational,farewell,conversation_flow,augmented,complex
5725,Как часто нужна чистка,faq,visit_prep,faq_flow,augmented,simple
7949,"Здравствуйте, я вам перезвоню",conversational,unclear,clarification_flow,augmented,complex
2971,Нагрубили пожалуйста,negative_feedback,staff,escalation_flow,augmented,simple
1587,"поясните, пожалуйста 👍",faq,followup,faq_flow,augmented,complex
7868,"Скажите, привет, до встречи",conversational,farewell,conversation_flow,augmented,complex
7314,Не знаю...,conversational,unclear,clarification_flow,augmented,simple
172,Мне не перезвонили с утра 🙏,negative_feedback,service_issue,escalation_flow,augmented,medium
4920,Принято спасибо,conversational,confirmation,conversation_flow,augmented,simple
569,После чистку у Новикова стало хуже,negative_feedback,quality,escalation_flow,variation,medium
5098,лечение каналов это больно?,faq,procedure,faq_flow,variation,simple
574,Зуб шатается!!,anamnesis,complaint,anamnesis_flow,augmented,simple
9442,Запись к челюстно-лицевому хирургу на воскресенье,booking,new_appointment,booking_flow,variation,medium
8643,Принимаете ОМС?!,faq,clinic_info,faq_flow,augmented,simple
5368,ХОЧУ ЭЛАЙНЕРЫ...,anamnesis,services,anamnesis_flow,augmented,simple
3707,Как связаться!,faq,clinic_info,faq_flow,augmented,simple
586,Что лучше выбрать?,faq,procedure,faq_flow,template,simple
8488,Планирую виниры,anamnesis,services,anamnesis_flow,variation,simple
6602,"Скажите, нес могу в назначенное время",booking,reschedule,booking_flow,augmented,complex
7660,Я вам перзевоню,conversational,unclear,clarification_flow,augmented,simple
9319,"Здравствуйте, пердений зуб периодически болит",anamnesis,symptom,anamnesis_flow,augmented,complex
8620,Хочу поставить коронку заранее спасибо заранее спасибо,anamnesis,services,anamnesis_flow,augmented,medium
742,КТ ЭТО БОЛЬНО?!,faq,procedure,faq_flow,augmented,simple
4362,"Скажите, язвочки на слизИстой",anamnesis,complaint,anamnesis_flow,augmented,complex
3890,принимаете appl epay?,faq,clinic_info,faq_flow,augmented,simple
9315,нижний зуб болит очень,anamnesis,symptom,anamnesis_flow,variation,simple
7272,"ПрИвет, спасибо!",conversational,gratitude,conversation_flow,augmented,complex
4862,"отёк, что делать?",anamnesis,symptom,anamnesis_flow,variation,simple
9541,что посоветуете,faq,followup,faq_flow,augmented,simple
8220,"Привет, верните деньги пожалуйста",negative_feedback,general,escalation_flow,augmented,complex
9686,Здравствутйе?,conversational,greeting,conversation_flow,augmented,simple
5458,А можно по-Другому?!,faq,followup,faq_flow,augmented,simple
6433,"Здравствуйте, принимаете рассрочку?",faq,clinic_info,faq_flow,augmented,complex
7778,Всего Дорбого,conversational,farewell,conversation_flow,augmented,simple
7741,Требую компенсацию?,negative_feedback,general,escalation_flow,augmented,simple
6198,"Здравствуйте, не приду",booking,cancel,booking_flow,augmented,complex
4720,Протез сломлася,anamnesis,complaint,anamnesis_flow,augmented,simple
3961,Перенесите на субботу 🙏,booking,reschedule,booking_flow,augmented,simple
53,Врач Иванова не объяснил пожалуйста,negative_feedback,staff,escalation_flow,augmented,simple
265,ЭТО БЕЗОБРАЗИЕ 👍,negative_feedback,general,escalation_flow,augmented,simple
9833,Понятно,conversational,confirmation,conversation_flow,template,simple
7230,Случилось шатается зуб,anamnesis,complaint,anamnesis_flow,variation,simple
1428,Как проходит удаление,faq,procedure,faq_flow,augmented,simple
9186,Какие гарантии?,faq,procedure,faq_flow,template,simple
6903,Пока нер ешил пожалуйста,conversational,unclear,clarification_flow,augmented,simple
6657,Перенесите на в ближашйее время,booking,reschedule,booking_flow,augmented,simple
2907,Подумаю!,conversational,unclear,clarification_flow,augmented,simple
8896,Мне не перезвонили три дня,negative_feedback,service_issue,escalation_flow,variation,simple
8149,консультацию сколько стоит 🦷,faq,price,faq_flow,augmented,simple
7721,СКОЛЬКО НЕЛЬЗЯ ПИТЬ АЛКОГОЛЬ ПОСЛЕ СНИМОК...,faq,visit_prep,faq_flow,augmented,medium
8965,"Здравствуйте, перезвоню",conversational,unclear,clarification_flow,augmented,complex
1774,"Привет, как проходит пломбирование?",faq,procedure,faq_flow,augmented,complex
1297,"Здравствуйте, нужно профгигиену",anamnesis,services,anamnesis_flow,augmented,complex
4697,"Приевт, понял",conversational,confirmation,conversation_flow,augmented,complex
2070,"Привет, врач ничего не знает",negative_feedback,staff,escalation_flow,augmented,complex
1972,"Скажите, случилось слетела коронка",anamnesis,complaint,anamnesis_flow,augmented,complex
5566,Спасибо большое 🙏 🦷,conversational,gratitude,conversation_flow,augmented,simple
4166,Есть микросКоп 😢,faq,clinic_info,faq_flow,augmented,simple
6797,А что убдет если пожалуйста,faq,followup,faq_flow,augmented,simple
8449,НЕВЕЖЛИВО ОТВЕТИЛИ.,negative_feedback,staff,escalation_flow,augmented,simple
5247,Надо посоветоваться пожалуйста?!,conversational,unclear,clarification_flow,augmented,simple
5013,Планирую чистку.,anamnesis,services,anamnesis_flow,augmented,simple
3182,Склоько нельзя курить после КТ?,faq,visit_prep,faq_flow,augmented,simple
4071,"Здравствуйте, перенесите на пятницу",booking,reschedule,booking_flow,augmented,complex
2994,Здрасте заранее спасибо 😢,conversational,greeting,conversation_flow,augmented,simple
9456,После реставрацию у Волкова стало хуже,negative_feedback,quality,escalation_flow,variation,medium
6414,"Подскажите, подумаю",conversational,unclear,clarification_flow,augmented,complex
6962,У меня ноющая боль месяц,anamnesis,symptom,anamnesis_flow,variation,simple
1467,"Здравствуйте, откололс язуб, что делать?",anamnesis,complaint,anamnesis_flow,augmented,complex
947,"Уточните, пожалуйста...",faq,followup,faq_flow,augmented,complex
3763,Болит верхний зуб уже месяц,anamnesis,symptom,anamnesis_flow,variation,simple
3164,"Добрый день, хорошего дня 😊",conversational,farewell,conversation_flow,augmented,complex
952,"Привет, как делают?",faq,procedure,faq_flow,augmented,complex
1113,Приду спасибо,conversational,confirmation,conversation_flow,augmented,simple
8828,"скажите, сколько длится имплантацию?",faq,procedure,faq_flow,augmented,complex
1341,Перенесите на пятницу!,booking,reschedule,booking_flow,augmented,simple
4805,Буду 😢 спасибо,conversational,confirmation,conversation_flow,augmented,simple
1919,"запах изо рта, что делать?",anamnesis,symptom,anamnesis_flow,variation,simple
1927,Окей 😊,conversational,confirmation,conversation_flow,augmented,simple
7342,Хорошо спасибо заранее спасибо,conversational,confirmation,conversation_flow,augmented,simple
7509,"Привет, есть времян а завтра?",booking,new_appointment,booking_flow,augmented,complex
9954,осмотр не помогло,negative_feedback,quality,escalation_flow,variation,simple
4237,"Добрый день, хочу к ортопеду",booking,new_appointment,booking_flow,augmented,complex
2686,"Скажите, можно перенести приём",booking,reschedule,booking_flow,augmented,complex
7229,Приветствую 😊,conversational,greeting,conversation_flow,augmented,simple
7470,"Добрый день, есть парковка?",faq,clinic_info,faq_flow,augmented,complex
2105,До свиднаия,conversational,farewell,conversation_flow,augmented,simple
7110,Перенесите на среду 😊,booking,reschedule,booking_flow,augmented,simple
9032,Удачи 😊 🦷,conversational,farewell,conversation_flow,augmented,simple
9241,"Добрый день, а если я не буду!",faq,followup,faq_flow,augmented,complex
1528,Запись к пародонтологу на послезавтра,booking,new_appointment,booking_flow,variation,simple
1688,"Подскажите, я вам перезвоню!!",conversational,unclear,clarification_flow,augmented,complex
9385,Хочу отменить запись спасибо,booking,cancel,booking_flow,augmented,simple
187,Благодарю вас пожалуйста?!,conversational,gratitude,conversation_flow,augmented,simple
6285,ДО ВСТРЕЧИ...,conversational,farewell,conversation_flow,augmented,simple
7749,Петровой был груб заранее спасибо,negative_feedback,staff,escalation_flow,augmented,simple
8926,Я вам перезвоню.,conversational,unclear,clarification_flow,augmented,simple
7983,Лебедевой был груб,negative_feedback,staff,escalation_flow,variation,simple
6607,"Привет, наверное",conversational,unclear,clarification_flow,augmented,complex
3513,перенесите на послезавтра заранее спасибо,booking,reschedule,booking_flow,augmented,simple
7078,До свидания 🦷,conversational,farewell,conversation_flow,augmented,simple
9801,Коронка Шатаестя,anamnesis,complaint,anamnesis_flow,augmented,simple
8479,"Скажите, плохая клиника",negative_feedback,general,escalation_flow,augmented,complex
4680,Не рекомендую 🙏,negative_feedback,general,escalation_flow,augmented,simple
6725,Какая цена на профгигиену 🙏,faq,price,faq_flow,augmented,simple
6378,Хочу к детскому стоматологу,booking,new_appointment,booking_flow,template,simple
4198,"Здравствуйте, позовите главврача",negative_feedback,general,escalation_flow,augmented,complex
7017,Здравствуйте...,conversational,greeting,conversation_flow,augmented,simple
5439,Приду,conversational,confirmation,conversation_flow,template,simple
7170,После лечение кариеса у Кузнецовой стало хуже,negative_feedback,quality,escalation_flow,variation,medium
1129,Да.,conversational,confirmation,conversation_flow,augmented,simple
8901,Я вам перезвоню?!,conversational,unclear,clarification_flow,augmented,simple
4091,Приветстувю,conversational,greeting,conversation_flow,augmented,simple
1600,Возмонжо,conversational,unclear,clarification_flow,augmented,simple
1902,"Привет, да, хорошо 🙏",conversational,confirmation,conversation_flow,augmented,complex
4036,"шатается зуб, что делать...",anamnesis,complaint,anamnesis_flow,augmented,complex
8831,Можно заниматься спортом после...,faq,visit_prep,faq_flow,augmented,simple
3978,"Добрый день, добры йдень!",conversational,greeting,conversation_flow,augmented,complex
6940,Записаться к терапевту,booking,new_appointment,booking_flow,template,simple
3927,Не понравилось?!,negative_feedback,general,escalation_flow,augmented,simple
6173,"Привет, врач Новикова не объяснил",negative_feedback,staff,escalation_flow,augmented,complex
6822,Не понравилось пожалуйста,negative_feedback,general,escalation_flow,augmented,simple
3052,Болит зуб мудрости уже день спасибо пожалуйста,anamnesis,symptom,anamnesis_flow,augmented,medium
9480,"привет, благодарю вас",conversational,gratitude,conversation_flow,augmented,complex
3274,После лечение каналов у Петровой стало хуже,negative_feedback,quality,escalation_flow,variation,medium
6627,Запишите на профгигиену,booking,new_appointment,booking_flow,variation,simple
9962,Нужно брекеты 😊,anamnesis,services,anamnesis_flow,augmented,simple
4789,Согласен заранее спасибо 😊,conversational,confirmation,conversation_flow,augmented,simple
1247,"Добрый день, отмените приём пожалуйста",booking,cancel,booking_flow,augmented,complex
21,Запись на снимок,booking,new_appointment,booking_flow,template,simple
4052,"Подскажите, добрОе утро!",conversational,greeting,conversation_flow,augmented,complex
8392,"Добрый день, добрый день, привет",conversational,greeting,conversation_flow,augmented,complex
7706,Как подготовиться к лечение кариеса?,faq,visit_prep,faq_flow,variation,simple
8537,Врач Кузнецовой не объяснил 👍,negative_feedback,staff,escalation_flow,augmented,simple
8521,Окей 👍,conversational,confirmation,conversation_flow,augmented,simple
2596,Нужно пломбирование 👍,anamnesis,services,anamnesis_flow,augmented,simple
1240,перезвоню?!,conversational,unclear,clarification_flow,augmented,simple
8522,"Скажите, пульсирующая боль, что делать 🙏",anamnesis,symptom,anamnesis_flow,augmented,complex
3671,Как проходит брекеты!,faq,procedure,faq_flow,augmented,simple
1694,Принято!,conversational,confirmation,conversation_flow,augmented,simple
2849,Надо поосветоваться,conversational,unclear,clarification_flow,augmented,simple
9439,Это боезбразие,negative_feedback,general,escalation_flow,augmented,simple
2925,"Здравствуйте, долго ли это?",faq,procedure,faq_flow,augmented,complex
6757,"Добрый день, откололся зуб",anamnesis,complaint,anamnesis_flow,augmented,complex
4572,Кузнецоовй был груб,negative_feedback,staff,escalation_flow,augmented,simple
5752,"Добрый день, требую компенсацию спасибо",negative_feedback,general,escalation_flow,augmented,complex
3774,Принимаете карту 👍,faq,clinic_info,faq_flow,augmented,simple
5564,"Подскажите, никто не перезвонил",negative_feedback,service_issue,escalation_flow,augmented,complex
7814,Что нельзя после элайнеры заранее спасибо,faq,visit_prep,faq_flow,augmented,medium
3307,У меня боль от горячего с утра 🙏,anamnesis,symptom,anamnesis_flow,augmented,medium
343,Посоветуюсь 😊,conversational,unclear,clarification_flow,augmented,simple
9499,ЧТО БУДУТ ДЕЛАТЬ?!,faq,procedure,faq_flow,augmented,simple
8846,"Здравствуйте, сколько нельзя пить после чистку?",faq,visit_prep,faq_flow,augmented,complex
3228,Сколько длится снимок?,faq,procedure,faq_flow,variation,simple
8032,Сколько нельзя пить после коронку?,faq,visit_prep,faq_flow,variation,simple
9759,До свидания заранее спасибо,conversational,farewell,conversation_flow,augmented,simple
499,Нер ешил ещё,conversational,unclear,clarification_flow,augmented,simple
9568,Интересует Air-Flow?,anamnesis,services,anamnesis_flow,augmented,simple
5374,Коенчно...,conversational,confirmation,conversation_flow,augmented,simple
2406,НЕ СЕЙЧАС СПАСИБО,conversational,unclear,clarification_flow,augmented,simple
5422,Ждал две недели,negative_feedback,service_issue,escalation_flow,variation,simple
8715,Сколько длится элайнеры?,faq,procedure,faq_flow,variation,simple
8477,плохая клиника 👍,negative_feedback,general,escalation_flow,augmented,simple
1205,Конечно,conversational,confirmation,conversation_flow,template,simple
8146,До скоргоо,conversational,farewell,conversation_flow,augmented,simple
9250,"Добрый день, не смогу прийти, не смогу",booking,cancel,booking_flow,augmented,complex
5726,"Скажите, отмените запись, заболел",booking,cancel,booking_flow,augmented,complex
1077,"Скажите, брекет отклеился.",anamnesis,complaint,anamnesis_flow,augmented,complex
8013,"Скажите, недопустимо.",negative_feedback,general,escalation_flow,augmented,complex
283,"Скажите, какая цена на отбеливание!",faq,price,faq_flow,augmented,complex
2708,"Скажите, спасибо.",conversational,gratitude,conversation_flow,augmented,complex
5592,До встречи?,conversational,farewell,conversation_flow,augmented,simple
1058,После консультацию у Смирновой стало хуже 🙏 👍,negative_feedback,quality,escalation_flow,augmented,medium
7309,Наверное!!,conversational,unclear,clarification_flow,augmented,simple
7269,Прайс пожалуйста,faq,price,faq_flow,augmented,simple
4980,Прождал час пожалуйста,negative_feedback,service_issue,escalation_flow,augmented,simple
8617,Сколько стоит 🙏,faq,price,faq_flow,augmented,simple
2485,Долго ждал в очереди?!,negative_feedback,service_issue,escalation_flow,augmented,simple
4710,Как подготовиться к отбеливание?,faq,visit_prep,faq_flow,variation,simple
5007,После профгигиену у Кузнецовой стало хуже 🦷 😢,negative_feedback,quality,escalation_flow,augmented,medium
9908,После профгигиену у Петровой стало хуже 🦷,negative_feedback,quality,escalation_flow,augmented,medium
2977,"Здравствуйте, привет!",conversational,greeting,conversation_flow,augmented,complex
1335,Возможно 🙏,conversational,unclear,clarification_flow,augmented,simple
6677,волкова был груб заранее спасибо,negative_feedback,staff,escalation_flow,augmented,simple
3773,Отмените приём 😊,booking,cancel,booking_flow,augmented,simple
7732,Планирую снмиок,anamnesis,services,anamnesis_flow,augmented,simple
9118,Когда работаете спасибо,faq,clinic_info,faq_flow,augmented,simple
2537,Перенесите на сегодня пожалуйста?!,booking,reschedule,booking_flow,augmented,simple
8881,"Подскажите, зуб изменил цвет заранее спасибо",anamnesis,complaint,anamnesis_flow,augmented,complex
9265,"Подскажите, привет, здрасте",conversational,greeting,conversation_flow,augmented,complex
5973,здорово 😢,conversational,greeting,conversation_flow,augmented,simple
5448,Запись к пародонтологу на овскресенье,booking,new_appointment,booking_flow,augmented,simple
3754,"Скажите, спасибо большое 🙏",conversational,gratitude,conversation_flow,augmented,complex
6104,"Изменились планы, нужно перенести спасибо?!",booking,reschedule,booking_flow,augmented,complex
381,"Скажите, пока пожалуйста",conversational,farewell,conversation_flow,augmented,complex
3740,"Здравствуйте, спасибо большое заранее спасибо",conversational,gratitude,conversation_flow,augmented,complex
9769,Спс 🙏,conversational,gratitude,conversation_flow,augmented,simple
9417,Почём коронка?,faq,price,faq_flow,template,simple
2268,После лечение кариеса у Волкова стало хуже,negative_feedback,quality,escalation_flow,variation,medium
3627,"Скажите, мне не перезвонили две недели",negative_feedback,service_issue,escalation_flow,augmented,complex
6504,"Привет, до встречи заранее спасибо",conversational,farewell,conversation_flow,augmented,complex
6010,Возможно,conversational,unclear,clarification_flow,template,simple
7291,Во сколько открываетесь 😊,faq,clinic_info,faq_flow,augmented,simple
6389,Не уделили внимания 😊,negative_feedback,staff,escalation_flow,augmented,simple
4995,"Здравствуйте, не уверен",conversational,unclear,clarification_flow,augmented,complex
9536,МНЕ НЕ ПЕРЕЗВОНИЛИ 🙏,negative_feedback,service_issue,escalation_flow,augmented,simple
6281,Можно на другой день 🙏,booking,reschedule,booking_flow,augmented,simple
3642,"выпала пломба, что делать",anamnesis,complaint,anamnesis_flow,augmented,complex
3380,Коорнка шатается,anamnesis,complaint,anamnesis_flow,augmented,simple
4271,Приду!,conversational,confirmation,conversation_flow,augmented,simple
5193,"Привет, будет больно?",faq,procedure,faq_flow,augmented,complex
2582,это возмутительно...,negative_feedback,general,escalation_flow,augmented,simple
7367,До свидания заранее спасибо.,conversational,farewell,conversation_flow,augmented,simple
3161,"Добрый день, отказ от записи?!",booking,cancel,booking_flow,augmented,complex
9426,"Скажите, есть микроскоп?",faq,clinic_info,faq_flow,augmented,complex
4849,"Скажите, пока не решил.",conversational,unclear,clarification_flow,augmented,complex
2415,Согласен спасибо,conversational,confirmation,conversation_flow,augmented,simple
5461,Волкова был груб!!,negative_feedback,staff,escalation_flow,augmented,simple
3815,Благодарю?!,conversational,gratitude,conversation_flow,augmented,simple
7038,Приуксил щёку,anamnesis,complaint,anamnesis_flow,augmented,simple
7668,Принимаете рассрочку?!,faq,clinic_info,faq_flow,augmented,simple
1885,До скорого спасибо 🦷,conversational,farewell,conversation_flow,augmented,simple
495,Запись к терапевту на завтра,booking,new_appointment,booking_flow,variation,simple
2467,Всего доброг о😢,conversational,farewell,conversation_flow,augmented,simple
1915,Ладно!!,conversational,confirmation,conversation_flow,augmented,simple
5650,нижняя десна периодически болит,anamnesis,symptom,anamnesis_flow,variation,simple
3369,"Здравствуйте, это возмутительно 👍",negative_feedback,general,escalation_flow,augmented,complex
7327,Прождал час 😊 😊,negative_feedback,service_issue,escalation_flow,augmented,simple
1968,Перезвоню?,conversational,unclear,clarification_flow,augmented,simple
3483,"Привет, спасибо большое.",conversational,gratitude,conversation_flow,augmented,complex
5746,Как проходит пломбирование,faq,procedure,faq_flow,augmented,simple
8712,Запись к хирургу на вторник,booking,new_appointment,booking_flow,variation,simple
1593,"Подскажите, прощайте!!",conversational,farewell,conversation_flow,augmented,complex
6216,Какой материал лучше пожалуйста,faq,procedure,faq_flow,augmented,simple
2316,Запиьс к эндодонтисту на пятницу 😢,booking,new_appointment,booking_flow,augmented,medium
3921,ПРИВТЕСТВУЮ,conversational,greeting,conversation_flow,augmented,simple
1368,Работаете в пятницу,faq,clinic_info,faq_flow,augmented,simple
2659,"Подскажите, интересует имплантацию",anamnesis,services,anamnesis_flow,augmented,complex
6386,Мне не перезвонили с утра 😊,negative_feedback,service_issue,escalation_flow,augmented,medium
2604,Сломался протез,anamnesis,complaint,anamnesis_flow,template,simple
5576,Я вам перезвоню 😢,conversational,unclear,clarification_flow,augmented,simple
5764,Добрйы день пожалуйста,conversational,greeting,conversation_flow,augmented,simple
2839,"Здравствуйте, скажите, можно записаться онлайн?",faq,clinic_info,faq_flow,augmented,complex
9711,Сколько нельзя заниматься спортом после брекеты?,faq,visit_prep,faq_flow,variation,medium
9687,"Привет, хорошего дня",conversational,farewell,conversation_flow,augmented,complex
3247,Надо посоветоваться спасибо?,conversational,unclear,clarification_flow,augmented,simple
5762,Не понравилоьс...,negative_feedback,general,escalation_flow,augmented,simple
9344,"Добрый день, спасибо, всё понятно пожалуйста",conversational,gratitude,conversation_flow,augmented,complex
1394,Можно на понедельник?,booking,new_appointment,booking_flow,variation,simple
3678,Случилось слетелак оронка,anamnesis,complaint,anamnesis_flow,augmented,simple
3208,"Здравствуйте, после виниры у Морозовой стало хуже",negative_feedback,quality,escalation_flow,augmented,complex
9475,"выпала пломба, что делать?",anamnesis,complaint,anamnesis_flow,variation,simple
4157,ПЕРЕНЕСИТЕ НА СУББОТУ...,booking,reschedule,booking_flow,augmented,simple
2694,"Подскажите, у меня запах изо рта с утра",anamnesis,symptom,anamnesis_flow,augmented,complex
5713,"Скажите, что вы рекомендуете?!",faq,followup,faq_flow,augmented,complex
8008,"Скажите, алло!",conversational,greeting,conversation_flow,augmented,complex
8424,"Привет, приду",conversational,confirmation,conversation_flow,augmented,complex
6217,Работаете в сегодня пожалуйста,faq,clinic_info,faq_flow,augmented,simple
3538,Здрваствуйте!!,conversational,greeting,conversation_flow,augmented,simple
4409,Врач опоздал на полчаса заранее спасибо,negative_feedback,service_issue,escalation_flow,augmented,medium
5045,Ждал емсяц,negative_feedback,service_issue,escalation_flow,augmented,simple
3284,часыр аботы?,faq,clinic_info,faq_flow,augmented,simple
2879,"Подскажите, не совсем понял",faq,followup,faq_flow,augmented,complex
1588,Так и не перезвонили 🙏,negative_feedback,service_issue,escalation_flow,augmented,simple
7805,"Отмените запись, занят на работе 🦷 спасибо",booking,cancel,booking_flow,augmented,complex
3680,Работаете с наркозом?,faq,clinic_info,faq_flow,template,simple
1013,"Здравствуйте, сколько нельзя есть после виниры?",faq,visit_prep,faq_flow,augmented,complex
1076,Запись к пародонтологу на сегодня 👍,booking,new_appointment,booking_flow,augmented,medium
893,Запись к терапевту на сегодня,booking,new_appointment,booking_flow,variation,simple
1841,ЕСТЬ СКИДКИ ПЕНСИОНЕРАМ.,faq,price,faq_flow,augmented,simple
8917,Треснул зуб.,anamnesis,complaint,anamnesis_flow,augmented,simple
8285,Ужасный сервис,negative_feedback,general,escalation_flow,template,simple
4872,Сколько нельзя пить после профгигиену?,faq,visit_prep,faq_flow,variation,simple
7426,"Подскажите, перезапишите на 10:00",booking,reschedule,booking_flow,augmented,complex
6716,Запишите на снимок,booking,new_appointment,booking_flow,variation,simple
4461,"Привет, хочу поговорить с руководством",negative_feedback,general,escalation_flow,augmented,complex
4364,Возможно 😊 😢,conversational,unclear,clarification_flow,augmented,simple
7196,Винир отклеился 🙏,anamnesis,complaint,anamnesis_flow,augmented,simple
4877,"Привет, хочу лечение кариеса!",anamnesis,services,anamnesis_flow,augmented,complex
1736,Здравствуйте 😢.,conversational,greeting,conversation_flow,augmented,simple
1124,Запись куда-то пропала спасибо 👍,negative_feedback,service_issue,escalation_flow,augmented,simple
1592,Хочу реставрацию зуба заранее спасибо,anamnesis,services,anamnesis_flow,augmented,simple
1987,"Добрый день, пРОВОЛОКА ОТ БРЕКЕТОВ КОЛЕТ",anamnesis,complaint,anamnesis_flow,augmented,complex
4301,Записал спасибо,conversational,confirmation,conversation_flow,augmented,simple
7750,Сколько нельзя пить после удаление?,faq,visit_prep,faq_flow,variation,simple
5594,Можно есть после процедуры...,faq,visit_prep,faq_flow,augmented,simple
3649,Работаете в среду заранее спасибо,faq,clinic_info,faq_flow,augmented,simple
675,Можон перенести на пятницу?,booking,reschedule,booking_flow,augmented,simple
3843,Может быть 🦷 🙏,conversational,unclear,clarification_flow,augmented,simple
5373,Какая цена на лечение каналов спасибо,faq,price,faq_flow,augmented,medium
9646,Запись к эндодонтисту на среду,booking,new_appointment,booking_flow,variation,simple
2081,Интересует омсотр,anamnesis,services,anamnesis_flow,augmented,simple
3579,Долго ждал в очереди 👍,negative_feedback,service_issue,escalation_flow,augmented,simple
5135,"Не смогу прийти, форс-мажор!",booking,cancel,booking_flow,augmented,complex
2993,"Добрый день, надо посоветовтаься",conversational,unclear,clarification_flow,augmented,complex
5080,согласен?,conversational,confirmation,conversation_flow,augmented,simple
7483,"Добрый день, персонал хамит",negative_feedback,staff,escalation_flow,augmented,complex
5768,Очень долго ждал.,negative_feedback,service_issue,escalation_flow,augmented,simple
588,Прощайте!,conversational,farewell,conversation_flow,augmented,simple
8505,"Здравствуйте, профгигиену сколько стоит...",faq,price,faq_flow,augmented,complex
1151,Планирую отбеливание заранее спасибо,anamnesis,services,anamnesis_flow,augmented,simple
7615,"Привет,п озовите главврача",negative_feedback,general,escalation_flow,augmented,complex
9599,"Привет, это безобразие",negative_feedback,general,escalation_flow,augmented,complex
4607,Зубы стали подвижными,anamnesis,complaint,anamnesis_flow,template,simple
7431,До свиадния,conversational,farewell,conversation_flow,augmented,simple
6995,Врач не слушал,negative_feedback,staff,escalation_flow,template,simple
3132,Запись к миплантологу на завтра спасибо,booking,new_appointment,booking_flow,augmented,medium
5351,"Здравствуйте, сКОЛЬКО ДЛИТСЯ ОТБЕЛИВАНИЕ?",faq,procedure,faq_flow,augmented,complex
4355,Ок?,conversational,confirmation,conversation_flow,augmented,simple
5066,"Скажите, здравствуйте, перезапишите на вечер",booking,reschedule,booking_flow,augmented,complex
3157,Хочу перенести на утро спасибо,booking,reschedule,booking_flow,augmented,simple
8781,"подскажите, хочу возврат",negative_feedback,general,escalation_flow,augmented,complex
3799,"Добрый день, доброе утро пожалуйста",conversational,greeting,conversation_flow,augmented,complex
8451,А обязательно 👍!,faq,followup,faq_flow,augmented,simple
2053,Может быть 😊,conversational,unclear,clarification_flow,augmented,simple
2654,Ясно!!,conversational,confirmation,conversation_flow,augmented,simple
1051,Сколько нельзя пить после виниры?,faq,visit_prep,faq_flow,variation,simple
4438,КаК проходит реставрацию?!,faq,procedure,faq_flow,augmented,simple
2128,"Да, хорошо 😊",conversational,confirmation,conversation_flow,augmented,complex
8422,"Подскажите, вИНИР ОТКЛЕИЛСЯ",anamnesis,complaint,anamnesis_flow,augmented,complex
9390,Почём коронку спасибо,faq,price,faq_flow,augmented,simple
4083,зуб мудрости постоянно болит,anamnesis,symptom,anamnesis_flow,variation,simple
1459,"Скажите, запись к имплантологу на среду",booking,new_appointment,booking_flow,augmented,complex
507,Договорились?!,conversational,confirmation,conversation_flow,augmented,simple
3958,ПЛАНИРУЮ КТ спасибо,anamnesis,services,anamnesis_flow,augmented,simple
9922,"слетела коронка, что делтаь?",anamnesis,complaint,anamnesis_flow,augmented,complex
6885,ВрачВ олкова не объяснил пожалуйста,negative_feedback,staff,escalation_flow,augmented,simple
682,Добры йдень!,conversational,greeting,conversation_flow,augmented,simple
9823,Надо подумать.,conversational,unclear,clarification_flow,augmented,simple
5317,Это возмутительно 😊,negative_feedback,general,escalation_flow,augmented,simple
3584,Удачи спасибо.,conversational,farewell,conversation_flow,augmented,simple
2195,Ужасынй сервис,negative_feedback,general,escalation_flow,augmented,simple
8163,Не смог дозвониться,negative_feedback,service_issue,escalation_flow,template,simple
5082,"Здравствуйте, болит десна уже неделю 😢",anamnesis,symptom,anamnesis_flow,augmented,complex
9070,"Отмените запись, заболел?",booking,cancel,booking_flow,augmented,complex
3113,"Здравствуйте, сколько стоит виниры заранее спасибо",faq,price,faq_flow,augmented,complex
8775,Здравствуйте 🙏 😊,conversational,greeting,conversation_flow,augmented,simple
927,Какая цена на элайнеры спасибо,faq,price,faq_flow,augmented,simple
3100,Мне нахаимли,negative_feedback,staff,escalation_flow,augmented,simple
1223,Точно нужно?!,faq,followup,faq_flow,augmented,simple
4122,Сколько времени занимает?,faq,procedure,faq_flow,template,simple
6024,Случилось слетела коронка!!,anamnesis,complaint,anamnesis_flow,augmented,simple
1536,"Здравствуйте, что будут делать?",faq,procedure,faq_flow,augmented,complex
181,У меня выпала полмба,anamnesis,complaint,anamnesis_flow,augmented,simple
9602,Добрый день 👍,conversational,greeting,conversation_flow,augmented,simple
361,"Добрый день, планирую удаление",anamnesis,services,anamnesis_flow,augmented,complex
9881,Ждал давнО 😢,negative_feedback,service_issue,escalation_flow,augmented,simple
8460,После протезирование у Петровой стало хуже,negative_feedback,quality,escalation_flow,variation,medium
835,Сколько нельзя пить псоле лечение каналов!,faq,visit_prep,faq_flow,augmented,medium
8336,"Привет, а обязатеьлно?",faq,followup,faq_flow,augmented,complex
3865,Запись к имплатнологу на в ближайшее время,booking,new_appointment,booking_flow,augmented,medium
9726,"Подскажите, прщоайте",conversational,farewell,conversation_flow,augmented,complex
7360,Персонал хамит заранее спасибо,negative_feedback,staff,escalation_flow,augmented,simple
9683,"Здравствуйте, спасибо за помощь 🙏",conversational,gratitude,conversation_flow,augmented,complex
3606,Сколько нельзя есть после виниры?,faq,visit_prep,faq_flow,variation,simple
9758,Морозовойб ыл груб спасибо,negative_feedback,staff,escalation_flow,augmented,simple
5262,"Добрый день, до встречи пожалуйста",conversational,farewell,conversation_flow,augmented,complex
4076,Всего доброго.,conversational,farewell,conversation_flow,augmented,simple
6155,"ЗДРАВСТВУЙТЕ, НУЖНО ОТМЕНИТЬ",booking,cancel,booking_flow,augmented,complex
7263,Хочу профгигиену,anamnesis,services,anamnesis_flow,variation,simple
9901,До скорого?!,conversational,farewell,conversation_flow,augmented,simple
1570,"Отмените запись, уезжаю",booking,cancel,booking_flow,variation,simple
1916,Консультация платная 🙏,faq,price,faq_flow,augmented,simple
795,"Скажите, есть ли скидки?",faq,price,faq_flow,augmented,complex
4339,"Добрый день, не смогу прийти спасибо",booking,cancel,booking_flow,augmented,complex
3605,Прождал час 🦷,negative_feedback,service_issue,escalation_flow,augmented,simple
4512,После удаление у Петровой стало хуже,negative_feedback,quality,escalation_flow,variation,medium
762,Пока 🦷 👍,conversational,farewell,conversation_flow,augmented,simple
9633,Какие ещё варианты 👍,faq,followup,faq_flow,augmented,simple
5520,"Добрый день, перенесите на четверг",booking,reschedule,booking_flow,augmented,complex
5183,Рабтоаете в четверг?,faq,clinic_info,faq_flow,augmented,simple
459,Запишите к ортопеду,booking,new_appointment,booking_flow,variation,simple
2423,Интересуют виниры 😊 😢,anamnesis,services,anamnesis_flow,augmented,simple
8091,зуб реагирует на сладкое спасибо,anamnesis,symptom,anamnesis_flow,augmented,simple
4209,"Скажите, эй",conversational,greeting,conversation_flow,augmented,complex
4732,Рабтоаете в на следующей неделе?,faq,clinic_info,faq_flow,augmented,simple
4850,"Уточните,п ожалуйста",faq,followup,faq_flow,augmented,complex
6869,"отмените запись, заболел пожалуйста",booking,cancel,booking_flow,augmented,complex
5971,Сколько длится протезирование заранее спасибо,faq,procedure,faq_flow,augmented,simple
2572,Ждал Давно 👍,negative_feedback,service_issue,escalation_flow,augmented,simple
8255,"Скажите, есть ли скидки спасибо",faq,price,faq_flow,augmented,complex
4812,Нужно изменить дату приёма спасибо,booking,reschedule,booking_flow,augmented,simple
4235,"ЗДРАВСТВУЙТЕ, А ЕСЛИ НЕ ПОМОЖЕТ?",faq,followup,faq_flow,augmented,complex
6052,Понятно 😊.,conversational,confirmation,conversation_flow,augmented,simple
6703,"Скажите, очень благодарен заранее спасибо",conversational,gratitude,conversation_flow,augmented,complex
6469,Я вам перезвоню 👍 😊,conversational,unclear,clarification_flow,augmented,simple
4886,"привет, до свидания!",conversational,farewell,conversation_flow,augmented,complex
4542,Большое спасибо заранее спасибо,conversational,gratitude,conversation_flow,augmented,simple
5277,"уточните, пожалуйста!",faq,followup,faq_flow,augmented,complex
6464,"Добрый день, планирую брекеты",anamnesis,services,anamnesis_flow,augmented,complex
6955,Хочу отказаться от записи спасибо,booking,cancel,booking_flow,augmented,simple
5275,"Скажите, торопили?",negative_feedback,staff,escalation_flow,augmented,complex
6227,"Здравствуйте, можно без этого?",faq,followup,faq_flow,augmented,complex
2331,Ужасный севрис,negative_feedback,general,escalation_flow,augmented,simple
2880,Запись к челюстно-лицевому хирургу на на следующей неделе!!,booking,new_appointment,booking_flow,augmented,medium
7439,Добрый день 🙏 спасибо,conversational,greeting,conversation_flow,augmented,simple
518,Подумаю.,conversational,unclear,clarification_flow,augmented,simple
9510,Интересует имплантация 🙏,anamnesis,services,anamnesis_flow,augmented,simple
3591,Запись к ортодонту на послезавтра,booking,new_appointment,booking_flow,variation,simple
9557,Расскжаите больше,faq,followup,faq_flow,augmented,simple
8726,Сколько будет стоить всё лечение?,faq,price,faq_flow,template,simple
8129,РАБОТАЕТЕ В СУББОТУ СПАСИБО,faq,clinic_info,faq_flow,augmented,simple
8724,Больше не приду 🙏,negative_feedback,general,escalation_flow,augmented,simple
4577,"Спасибо ,всё понятно",conversational,gratitude,conversation_flow,augmented,complex
9535,Случилось шатается зуб заранее спасибо,anamnesis,complaint,anamnesis_flow,augmented,simple
5039,моежт быть,conversational,unclear,clarification_flow,augmented,simple
1245,"Уточните, пожалуйста спасибо",faq,followup,faq_flow,augmented,complex
4020,может быть!,conversational,unclear,clarification_flow,augmented,simple
2713,Договорились 😢,conversational,confirmation,conversation_flow,augmented,simple
3853,"Не смогу прийти, занят на работе спасибо",booking,cancel,booking_flow,augmented,complex
255,Запись к пародонтологу на пятницу 🦷,booking,new_appointment,booking_flow,augmented,medium
9290,Благодарю вас 😊,conversational,gratitude,conversation_flow,augmented,simple
2785,"Подскажите, интересуеТ снимок",anamnesis,services,anamnesis_flow,augmented,complex
8520,Нужна профессиональная чистка пожалуйста,anamnesis,services,anamnesis_flow,augmented,simple
1181,Можно на на этой неделе?,booking,new_appointment,booking_flow,variation,simple
4628,Запишите на имплантацию,booking,new_appointment,booking_flow,variation,simple
9527,Не ершил ещё,conversational,unclear,clarification_flow,augmented,simple
3184,"Привет, сколько держится?",faq,procedure,faq_flow,augmented,complex
4668,КОРОНКА СЛЕТЕЛА!!,anamnesis,complaint,anamnesis_flow,augmented,simple
4332,Посоветуюсь спасибо.,conversational,unclear,clarification_flow,augmented,simple
4580,"Привет, не получится прийти",booking,cancel,booking_flow,augmented,complex
8350,Позовите главврача...,negative_feedback,general,escalation_flow,augmented,simple
9124,ЧИСТКУ СКОЛЬКО СТОТИ?,faq,price,faq_flow,augmented,simple
4451,Боьлшое спасибо,conversational,gratitude,conversation_flow,augmented,simple
982,корокна не подошла,negative_feedback,quality,escalation_flow,augmented,simple
2777,Здравстувйте 🙏,conversational,greeting,conversation_flow,augmented,simple
2680,Пломбаб ыстро выпала,negative_feedback,quality,escalation_flow,augmented,simple
6679,После пломбирование у Козловой стало хуже,negative_feedback,quality,escalation_flow,variation,medium
6803,Есть альтернативы 🦷,faq,procedure,faq_flow,augmented,simple
8730,Как проходит брекеты 😊,faq,procedure,faq_flow,augmented,simple
1353,Понял 😊.,conversational,confirmation,conversation_flow,augmented,simple
6119,Как проходит профгигиену,faq,procedure,faq_flow,augmented,simple
200,Благодарю вас!!,conversational,gratitude,conversation_flow,augmented,simple
6625,Ждал Три дня!!,negative_feedback,service_issue,escalation_flow,augmented,simple
3397,Врач Иванова не объяснил заранее спасибо,negative_feedback,staff,escalation_flow,augmented,medium
2704,коренной зуб болит постоянно,anamnesis,symptom,anamnesis_flow,variation,simple
6243,хочу кт 😢,anamnesis,services,anamnesis_flow,augmented,simple
5411,удаление сколько стоит?,faq,price,faq_flow,variation,simple
760,"Здравствуйте, врач был груб заранее спасибо",negative_feedback,staff,escalation_flow,augmented,complex
6048,Скололасьэ маль,anamnesis,complaint,anamnesis_flow,augmented,simple
1819,"Здравствуйте, добрый день, разочарован",negative_feedback,general,escalation_flow,augmented,complex
544,"УТОЧНТИЕ, ПОЖАЛУЙСТА",faq,followup,faq_flow,augmented,complex
2599,"Здравствуйте, эй заранее спасибо",conversational,greeting,conversation_flow,augmented,complex
2842,НЕ УДЕЛИЛИ ВНИМАНИЯ?,negative_feedback,staff,escalation_flow,augmented,simple
5636,не смог одзвониться,negative_feedback,service_issue,escalation_flow,augmented,simple
7929,"Отмените, пожалуйста?",booking,cancel,booking_flow,augmented,complex
1837,"Подскажите, пломбирование сколько стоит 🦷",faq,price,faq_flow,augmented,complex
9318,Какая цнеа?,faq,price,faq_flow,augmented,simple
1099,Спасибо за помощь!!,conversational,gratitude,conversation_flow,augmented,simple
6568,"Уточните, пожалуйста?",faq,followup,faq_flow,augmented,complex
9592,Алло заранее спасибо...,conversational,greeting,conversation_flow,augmented,simple
2030,"Скажите, до скорого",conversational,farewell,conversation_flow,augmented,complex
8288,"Скажите, не смогу прийти, заболел",booking,cancel,booking_flow,augmented,complex
6033,Ясно?!,conversational,confirmation,conversation_flow,augmented,simple
8689,"Не смогу прийти, уезжаю...",booking,cancel,booking_flow,augmented,complex
2573,Можн озаписаться онлайн?,faq,clinic_info,faq_flow,augmented,simple
5060,КАК ПРОХОДИТ ЭЛЙАНЕРЫ?,faq,procedure,faq_flow,augmented,simple
8017,"Подскажите, спасибо большое!",conversational,gratitude,conversation_flow,augmented,complex
5785,Спасибо за помощь 👍,conversational,gratitude,conversation_flow,augmented,simple
4943,После виниры у Волкова стало хуже,negative_feedback,quality,escalation_flow,variation,medium
419,Какие документы взять 🦷,faq,visit_prep,faq_flow,augmented,simple
294,А ОБЯЗАТЕЛЬНО!,faq,followup,faq_flow,augmented,simple
5079,СПАСБИО!,conversational,gratitude,conversation_flow,augmented,simple
5178,"Скажите, всего доброго спасибо",conversational,farewell,conversation_flow,augmented,complex
8613,коронку сколько стоти?,faq,price,faq_flow,augmented,simple
5169,До свидания заранее спасибо 🙏,conversational,farewell,conversation_flow,augmented,simple
2167,Есть ортодонт заранее спасибо,faq,clinic_info,faq_flow,augmented,simple
5209,"Подскажите, мне не перезвонили с утра",negative_feedback,service_issue,escalation_flow,augmented,complex
3755,"Скажите, это безоБразие",negative_feedback,general,escalation_flow,augmented,complex
1385,После брекеты у Ноивкова стало хуже,negative_feedback,quality,escalation_flow,augmented,medium
286,после имплантацию у лебедевой стало хуже 🦷,negative_feedback,quality,escalation_flow,augmented,medium
554,Сколько нельзя заниматься спортом после коронку 👍,faq,visit_prep,faq_flow,augmented,medium
3317,Петровой был груб пожалуйста 🙏,negative_feedback,staff,escalation_flow,augmented,simple
6095,Не смогд озвониться 😢,negative_feedback,service_issue,escalation_flow,augmented,simple
659,"Подскажите, планирую профгигиену",anamnesis,services,anamnesis_flow,augmented,complex
1154,Работаете в сегодня...,faq,clinic_info,faq_flow,augmented,simple
7582,Ждал два дНя?!,negative_feedback,service_issue,escalation_flow,augmented,simple
7532,передний зуб болит сильно,anamnesis,symptom,anamnesis_flow,variation,simple
6356,Есть микроскоп 🙏,faq,clinic_info,faq_flow,augmented,simple
5367,Интересуют виниры пожалуйста,anamnesis,services,anamnesis_flow,augmented,simple
9206,Как проходит пломбирование?,faq,procedure,faq_flow,variation,simple
7057,"Здравствуйте, принимаетЕ ДМС?",faq,clinic_info,faq_flow,augmented,complex
2663,"Отмнеите запись, заболел",booking,cancel,booking_flow,augmented,complex
447,Приду 😊,conversational,confirmation,conversation_flow,augmented,simple
1648,"Привет, как проходит реставрацию?",faq,procedure,faq_flow,augmented,complex
1052,Недоволен обслуживанием 🦷 заранее спасибо,negative_feedback,general,escalation_flow,augmented,simple
521,Есть свободное время?,booking,new_appointment,booking_flow,template,simple
6129,Дорбы йвечер!,conversational,greeting,conversation_flow,augmented,simple
87,Непрофессиональное отношение 🙏,negative_feedback,staff,escalation_flow,augmented,simple
7476,Врач не объяснил спасибо?!,negative_feedback,staff,escalation_flow,augmented,simple
1829,Телефон не отвечает спасибо,negative_feedback,service_issue,escalation_flow,augmented,simple
5954,Сколько нельзя пить после КТ?,faq,visit_prep,faq_flow,variation,simple
2865,ВсеГо доброго!,conversational,farewell,conversation_flow,augmented,simple
816,Естьл и скидки?,faq,price,faq_flow,augmented,simple
1871,Здрасте 😊,conversational,greeting,conversation_flow,augmented,simple
2380,"Добрый день, не знаю заранее спасибо",conversational,unclear,clarification_flow,augmented,complex
964,Запись к имплантологу на вторник 👍,booking,new_appointment,booking_flow,augmented,medium
4084,До скоорго,conversational,farewell,conversation_flow,augmented,simple
1206,ДА ПОЖАЛУЙСТА,conversational,confirmation,conversation_flow,augmented,simple
5704,Плхоая клиника 😢,negative_feedback,general,escalation_flow,augmented,simple
5608,Отмените запись?!,booking,cancel,booking_flow,augmented,simple
299,Что посоветуете пожалуйста спасибо,faq,followup,faq_flow,augmented,simple
3566,"откололся зуб, что делать пожалуйста спасибо",anamnesis,complaint,anamnesis_flow,augmented,complex
8248,какие ещё варианты...,faq,followup,faq_flow,augmented,simple
5227,"Скажите, добрый день!",conversational,greeting,conversation_flow,augmented,complex
5514,"Привет, всего доброго",conversational,farewell,conversation_flow,augmented,complex
4439,СВОБОДНО ЛИ ЗАВТРА заранее спасибо,booking,new_appointment,booking_flow,augmented,simple
6453,"Привет, работаете в выходные?",faq,clinic_info,faq_flow,augmented,complex
6921,"Подскажите, окей",conversational,confirmation,conversation_flow,augmented,complex
6855,Болит шестёрка уже день,anamnesis,symptom,anamnesis_flow,variation,simple
9440,Случилось треснул зуб пожалуйста,anamnesis,complaint,anamnesis_flow,augmented,simple
7890,брекеты сколько стоит?,faq,price,faq_flow,variation,simple
4126,"Подскажите, пока спасибо",conversational,farewell,conversation_flow,augmented,complex
9446,Какие ещё варианты?,faq,followup,faq_flow,template,simple
1642,Не работаето нлайн-запись,negative_feedback,service_issue,escalation_flow,augmented,simple
7427,После коронку у Иванова стало хуже 😊,negative_feedback,quality,escalation_flow,augmented,medium
2832,Алло 🦷,conversational,greeting,conversation_flow,augmented,simple
208,Сколько нельзя есть после снимок?,faq,visit_prep,faq_flow,variation,simple
4691,Понял,conversational,confirmation,conversation_flow,template,simple
6473,Врач Смиронвой не объяснил,negative_feedback,staff,escalation_flow,augmented,simple
3159,Снова болит после лечения,negative_feedback,quality,escalation_flow,template,simple
7985,"Привет, телефон не отвечает",negative_feedback,service_issue,escalation_flow,augmented,complex
5235,Как делают,faq,procedure,faq_flow,augmented,simple
8663,Спасибо за помощь спасибо,conversational,gratitude,conversation_flow,augmented,simple
9722,Надо посоветоваться спасибо!,conversational,unclear,clarification_flow,augmented,simple
867,какп роходит профгигиену?,faq,procedure,faq_flow,augmented,simple
9305,Есть ночной приём заранее спасибо,faq,clinic_info,faq_flow,augmented,simple
2434,"скажите, ждал день",negative_feedback,service_issue,escalation_flow,augmented,complex
7416,Не рекомнедую,negative_feedback,general,escalation_flow,augmented,simple
3695,Нужно реставрацию спасибо,anamnesis,services,anamnesis_flow,augmented,simple
2118,Благодарю...,conversational,gratitude,conversation_flow,augmented,simple
8955,В чём разница,faq,procedure,faq_flow,augmented,simple
4114,Торопили пожалуйста,negative_feedback,staff,escalation_flow,augmented,simple
1009,Не знаю 👍,conversational,unclear,clarification_flow,augmented,simple
7370,Пока 🙏 пожалуйста,conversational,farewell,conversation_flow,augmented,simple
8186,"Добрый день, как проходит лечение каналов?",faq,procedure,faq_flow,augmented,complex
8061,Отмените запись 🦷 заранее спасибо,booking,cancel,booking_flow,augmented,simple
3004,Подскажите подробнее?,faq,followup,faq_flow,augmented,simple
3168,Болит нижний зуб уже неделю пожалуйста,anamnesis,symptom,anamnesis_flow,augmented,medium
7442,"Подскажите, врач был невнимателен",negative_feedback,staff,escalation_flow,augmented,complex
9668,Сколько длится реставрацию...,faq,procedure,faq_flow,augmented,simple
4987,откололся зуб пожалуйста,anamnesis,complaint,anamnesis_flow,augmented,simple
5425,После отбеливание у Смирновой стало хуже,negative_feedback,quality,escalation_flow,variation,medium
747,до сивдания,conversational,farewell,conversation_flow,augmented,simple
3760,Не получитяс прийти,booking,cancel,booking_flow,augmented,simple
6249,"Добрый день, спасибо, до свидания?",conversational,gratitude,conversation_flow,augmented,complex
2808,Врач Иванова не объяснил?!,negative_feedback,staff,escalation_flow,augmented,simple
4945,"привет, ждал несколько дней",negative_feedback,service_issue,escalation_flow,augmented,complex
2121,Эй 🙏!,conversational,greeting,conversation_flow,augmented,simple
577,Спс?,conversational,gratitude,conversation_flow,augmented,simple
7818,Плохая клиника 🦷,negative_feedback,general,escalation_flow,augmented,simple
2430,Сколько длится лечение кариеса,faq,procedure,faq_flow,augmented,simple
3091,А можно по-другому 👍,faq,followup,faq_flow,augmented,simple
7694,Нужно отбеливание...,anamnesis,services,anamnesis_flow,augmented,simple
8132,"Здравствуйте, добрый вечер",conversational,greeting,conversation_flow,augmented,complex
8967,Нужно коронку!!,anamnesis,services,anamnesis_flow,augmented,simple
7349,На когда можно записаться?,booking,new_appointment,booking_flow,template,simple
3582,Перезапишите на другое время 🙏,booking,reschedule,booking_flow,augmented,simple
7770,реставрацию не помогло 🦷?!,negative_feedback,quality,escalation_flow,augmented,simple
1641,"Подскажите, что если не поможет?",faq,followup,faq_flow,augmented,complex
4001,Болит семёрка уж есо вчера,anamnesis,symptom,anamnesis_flow,augmented,simple
5600,"Подскажите, посоветуюсь заранее спасибо",conversational,unclear,clarification_flow,augmented,complex
4474,Как проходит элайнеры,faq,procedure,faq_flow,augmented,simple
9932,Очень благодарен пожалуйста пожалуйста,conversational,gratitude,conversation_flow,augmented,simple
9125,"Отмените запись ,занят на работе 🦷",booking,cancel,booking_flow,augmented,complex
3631,После брекеты у Сидорова стало хуже,negative_feedback,quality,escalation_flow,variation,medium
2812,"Отмените запись, не смогу пожалуйста?",booking,cancel,booking_flow,augmented,complex
341,"Здравствуйте, до свидания!",conversational,farewell,conversation_flow,augmented,complex
9533,"Подскажите, благодарю",conversational,gratitude,conversation_flow,augmented,complex
3154,Мне не перезвонили день спасибо,negative_feedback,service_issue,escalation_flow,augmented,simple
7616,"Скажите, есть скидки пенсионерам?",faq,price,faq_flow,augmented,complex
6554,Здрсате,conversational,greeting,conversation_flow,augmented,simple
3872,Хочу пожаловаться,negative_feedback,general,escalation_flow,template,simple
3310,Эй 😊,conversational,greeting,conversation_flow,augmented,simple
6796,Требую компенсацию пожалуйста?!,negative_feedback,general,escalation_flow,augmented,simple
3431,Планирюу элайнеры,anamnesis,services,anamnesis_flow,augmented,simple
2014,Интересует КТ,anamnesis,services,anamnesis_flow,variation,simple
6932,"Скажите, есть наркоз?",faq,clinic_info,faq_flow,augmented,complex
3423,Ждал три дня спасибо,negative_feedback,service_issue,escalation_flow,augmented,simple
8408,Ладно спасибо,conversational,confirmation,conversation_flow,augmented,simple
9896,"скажите, прощайте",conversational,farewell,conversation_flow,augmented,complex
3067,После лечение кариеса у Смирновой стало хуже пожалуйста,negative_feedback,quality,escalation_flow,augmented,medium
9158,Хочу к терапевту спасибо,booking,new_appointment,booking_flow,augmented,simple
5055,Приветз аранее спасибо,conversational,greeting,conversation_flow,augmented,simple
2277,Сколько нельзя есть после отбеливаниЕ 😢,faq,visit_prep,faq_flow,augmented,medium
4660,Интересует брекеты,anamnesis,services,anamnesis_flow,variation,simple
9493,Наверное спасибо,conversational,unclear,clarification_flow,augmented,simple
2755,"Здравствуйте, интересует эстетическая стоматология",anamnesis,services,anamnesis_flow,augmented,complex
6224,Подумаю пожалуйста,conversational,unclear,clarification_flow,augmented,simple
5362,"ЗДРАВСТВУЙТЕ, НЕ ЗНАЮ",conversational,unclear,clarification_flow,augmented,complex
9788,Большо еспасибо!!,conversational,gratitude,conversation_flow,augmented,simple
3966,Ждал день...,negative_feedback,service_issue,escalation_flow,augmented,simple
3857,Спасибоб ольшое!!,conversational,gratitude,conversation_flow,augmented,simple
8721,"Привет, врач Петровой не объяснил",negative_feedback,staff,escalation_flow,augmented,complex
6739,Почём коронку?,faq,price,faq_flow,variation,simple
4386,Можно без этого заранее спасибо,faq,followup,faq_flow,augmented,simple
7481,"Привет, доброе утро",conversational,greeting,conversation_flow,augmented,complex
7697,"острая боль, что делать.",anamnesis,symptom,anamnesis_flow,augmented,complex
9655,Очень благодарен 🙏,conversational,gratitude,conversation_flow,augmented,simple
5684,Есть нАркоз?!,faq,clinic_info,faq_flow,augmented,simple
6656,"Привет, до свидания спасибо",conversational,farewell,conversation_flow,augmented,complex
7014,"Да, кноечно",conversational,confirmation,conversation_flow,augmented,complex
7528,"ДОБРЫЙ ДЕНЬ, ВРАЧ КОЗЛОВОЙ НЕ ОБЪЯСНИЛ",negative_feedback,staff,escalation_flow,augmented,complex
1596,"Отемните запись, заболел",booking,cancel,booking_flow,augmented,complex
1568,ВраЧ Петровой не объянсил,negative_feedback,staff,escalation_flow,augmented,simple
6868,"Скажите, перенесите на следующую неделю",booking,reschedule,booking_flow,augmented,complex
6284,Благодарю вас спасибо,conversational,gratitude,conversation_flow,augmented,simple
2562,"Подскажите, приду",conversational,confirmation,conversation_flow,augmented,complex
2036,Позже 👍!!,conversational,unclear,clarification_flow,augmented,simple
366,Есть парковка,faq,clinic_info,faq_flow,augmented,simple
6148,Какойа дрес?,faq,clinic_info,faq_flow,augmented,simple
3373,Алло.,conversational,greeting,conversation_flow,augmented,simple
9616,а вдруг не получтися?,faq,followup,faq_flow,augmented,simple
1698,Рядом есть метро 😊,faq,clinic_info,faq_flow,augmented,simple
1092,"Подскажите, коронка шатается",anamnesis,complaint,anamnesis_flow,augmented,complex
324,"Подскажите, пока!!",conversational,farewell,conversation_flow,augmented,complex
1059,челюсть болит немного,anamnesis,symptom,anamnesis_flow,variation,simple
4388,"Привет, долго ждал в очереди",negative_feedback,service_issue,escalation_flow,augmented,complex
7496,До скорого спасибо!!,conversational,farewell,conversation_flow,augmented,simple
5043,"Подскажите, это правда необходимо",faq,followup,faq_flow,augmented,complex
3907,"Скажите, торопили пожалуйста",negative_feedback,staff,escalation_flow,augmented,complex
4349,Ждал несклоько дней,negative_feedback,service_issue,escalation_flow,augmented,simple
6939,"Добрый день, это правда необходимо.",faq,followup,faq_flow,augmented,complex
3797,хорошего ндя,conversational,farewell,conversation_flow,augmented,simple
3115,"Скажите, подумаю",conversational,unclear,clarification_flow,augmented,complex
7249,не решил ещё?,conversational,unclear,clarification_flow,augmented,simple
9378,"Здравствуйте, болит семёрка уже неделю",anamnesis,symptom,anamnesis_flow,augmented,complex
4480,Очень благодарен заранее спасибо спасибо,conversational,gratitude,conversation_flow,augmented,simple
8466,"Добрый день, перенесите на среду",booking,reschedule,booking_flow,augmented,complex
6415,Не смогу прийти 👍,booking,cancel,booking_flow,augmented,simple
2765,Какой адрес пожалуйста,faq,clinic_info,faq_flow,augmented,simple
1660,"Добрый день, не сейчас",conversational,unclear,clarification_flow,augmented,complex
5436,Это безобарзие,negative_feedback,general,escalation_flow,augmented,simple
6456,Ждал день 🦷,negative_feedback,service_issue,escalation_flow,augmented,simple
3959,Болит семёрка уже несколько дней 🙏...,anamnesis,symptom,anamnesis_flow,augmented,medium
2313,После имплантацию у Кузнецовой стало хуже,negative_feedback,quality,escalation_flow,variation,medium
8906,Планирую виниры заранее спасибо,anamnesis,services,anamnesis_flow,augmented,simple
5848,Догвоорились,conversational,confirmation,conversation_flow,augmented,simple
4530,Сколько нельзя пить после отбеливание?,faq,visit_prep,faq_flow,variation,simple
8903,"Здравствуйте, подскажите, приду",conversational,confirmation,conversation_flow,augmented,complex
9559,"Скажите, сколько лдится реставрацию?",faq,procedure,faq_flow,augmented,complex
1517,"Привет, сидорова был груб",negative_feedback,staff,escalation_flow,augmented,complex
3964,До свидания пожалуйста заранее спасибо,conversational,farewell,conversation_flow,augmented,simple
4885,Запись к детскому стоматологу на послезавтра,booking,new_appointment,booking_flow,variation,medium
9546,"Не смогу прийт,и занят на работе",booking,cancel,booking_flow,augmented,complex
7337,когда можно есть твёдрое?,faq,visit_prep,faq_flow,augmented,simple
8803,Не увреен 👍,conversational,unclear,clarification_flow,augmented,simple
344,"Скажит,е привет!",conversational,greeting,conversation_flow,augmented,complex
6744,Как проходит протезирование спасибо,faq,procedure,faq_flow,augmented,simple
9196,Перезапишите на утро!,booking,reschedule,booking_flow,augmented,simple
3330,Не увеерн!,conversational,unclear,clarification_flow,augmented,simple
749,"Подскажите, после снимок у СмирноВой стало хуже",negative_feedback,quality,escalation_flow,augmented,complex
4978,нижний зуб ночью болит,anamnesis,symptom,anamnesis_flow,variation,simple
596,сколько нельзя пить после реставрацию 👍,faq,visit_prep,faq_flow,augmented,medium
6374,"Спасибо, всё понятно.",conversational,gratitude,conversation_flow,augmented,complex
909,Запишите на брекеты заранее спасибо,booking,new_appointment,booking_flow,augmented,simple
4267,До свидания пожалуйста 😊,conversational,farewell,conversation_flow,augmented,simple
5018,десна болит ночью,anamnesis,symptom,anamnesis_flow,variation,simple
3892,"Привет, протезирование это больно!!",faq,procedure,faq_flow,augmented,complex
2428,нужно протезирование 🦷,anamnesis,services,anamnesis_flow,augmented,simple
4043,Точно нужно!!,faq,followup,faq_flow,augmented,simple
2598,Торопили заранее спасибо,negative_feedback,staff,escalation_flow,augmented,simple
92,Нужно пломбирование?,anamnesis,services,anamnesis_flow,augmented,simple
7832,"Добрый день, не решил ещё",conversational,unclear,clarification_flow,augmented,complex
2735,"отмените, пожалуйста заранее спасибо",booking,cancel,booking_flow,augmented,complex
2605,Здрасте?!,conversational,greeting,conversation_flow,augmented,simple
2938,снимок сколько стоит заранее спасибо,faq,price,faq_flow,augmented,simple
6182,Администратор нахамил 🙏,negative_feedback,staff,escalation_flow,augmented,simple
4509,"Привет, после чистку у Лебедевой стало хуже",negative_feedback,quality,escalation_flow,augmented,complex
8569,снимок не помогло,negative_feedback,quality,escalation_flow,variation,simple
1122,"Привет, не приду",booking,cancel,booking_flow,augmented,complex
3593,передний зуб немного болит 🦷,anamnesis,symptom,anamnesis_flow,augmented,simple
4488,Пока не решил...,conversational,unclear,clarification_flow,augmented,simple
1977,НАДО ПОСОВЕТОВАТЬСЯ 🦷,conversational,unclear,clarification_flow,augmented,simple
5836,Есть экстренный приём?,booking,new_appointment,booking_flow,template,simple
6162,"скажите, можно перенести на утро?",booking,reschedule,booking_flow,augmented,complex
8207,Это возмутительно 👍,negative_feedback,general,escalation_flow,augmented,simple
1740,Работаете в на этой неделе 👍?,faq,clinic_info,faq_flow,augmented,medium
5538,"Подскажите, нужно элайнеры",anamnesis,services,anamnesis_flow,augmented,complex
6892,Ждал неделю,negative_feedback,service_issue,escalation_flow,variation,simple
3746,Не уверен...,conversational,unclear,clarification_flow,augmented,simple
334,Где оставитьж алобу 👍,negative_feedback,general,escalation_flow,augmented,simple
3077,"Добрый день, спасибо за помощь",conversational,gratitude,conversation_flow,augmented,complex
6695,Сколько нельзя курить после удаление!,faq,visit_prep,faq_flow,augmented,simple
2719,Сколько длится чистку?,faq,procedure,faq_flow,variation,simple
1979,Алло спасибо?,conversational,greeting,conversation_flow,augmented,simple
9852,НУЖНО ЧИСТИТЬ ЗУБЫ ПЕРЕД ВИЗИТОМ,faq,visit_prep,faq_flow,augmented,simple
5340,Ждал две недели?,negative_feedback,service_issue,escalation_flow,augmented,simple
5529,"Здравствуйте, плохая клиника",negative_feedback,general,escalation_flow,augmented,complex
2569,Перенос записи,booking,reschedule,booking_flow,template,simple
2623,"Добрый день, после чистку у Новикова стало хуже",negative_feedback,quality,escalation_flow,augmented,complex
3672,"Скажите, хочу оставить жалобу заранее спасибо",negative_feedback,general,escalation_flow,augmented,complex
4948,Не сообщили о переносе!!,negative_feedback,service_issue,escalation_flow,augmented,simple
5695,Есть у вас рентген?,faq,clinic_info,faq_flow,template,simple
4464,Перенесите на среду!!,booking,reschedule,booking_flow,augmented,simple
8409,Это безопасно пожалуйста,faq,procedure,faq_flow,augmented,simple
2484,семёрка болит периодически,anamnesis,symptom,anamnesis_flow,variation,simple
9485,перезапишите на утро 👍,booking,reschedule,booking_flow,augmented,simple
8580,"Не смогу прийти, уезжаю 👍 🦷",booking,cancel,booking_flow,augmented,complex
9789,Хочуо ставить жалобу,negative_feedback,general,escalation_flow,augmented,simple
6894,Очень благодарен!!,conversational,gratitude,conversation_flow,augmented,simple
778,"Скажите, профгигиену не помогло заранее спасибо",negative_feedback,quality,escalation_flow,augmented,complex
8898,Перезапишите на 14:00?,booking,reschedule,booking_flow,augmented,simple
7700,"Добрый день, перенесите на на этой неделе",booking,reschedule,booking_flow,augmented,complex
3236,"Подскажите, какая цена на реставрацию?",faq,price,faq_flow,augmented,complex
2088,Приветствую пожалуйста!,conversational,greeting,conversation_flow,augmented,simple
1131,Врач Козловой не объяснил заранее спасибо,negative_feedback,staff,escalation_flow,augmented,medium
6059,Приветствую пожалуйста,conversational,greeting,conversation_flow,augmented,simple
2223,"Добрый день, спасибо?",conversational,gratitude,conversation_flow,augmented,complex
8913,Работаете в четверг 🙏,faq,clinic_info,faq_flow,augmented,simple
491,"Подскажите, не уверен",conversational,unclear,clarification_flow,augmented,complex
5258,Здравствуйте?!,conversational,greeting,conversation_flow,augmented,simple
9023,"Уточните, пожалуйста",faq,followup,faq_flow,template,simple
8075,Здорово 😊,conversational,greeting,conversation_flow,augmented,simple
8080,"Здравствуйте, зАПИСАЛ",conversational,confirmation,conversation_flow,augmented,complex
2922,Как подготовиться заранее спасибо,faq,visit_prep,faq_flow,augmented,simple
6763,"Привет, мне не перезвонили два дня",negative_feedback,service_issue,escalation_flow,augmented,complex
1548,Какие ещ ёварианты?,faq,followup,faq_flow,augmented,simple
6802,Сколько стоит брекеты,faq,price,faq_flow,augmented,simple
441,"Привет, врач не слушал",negative_feedback,staff,escalation_flow,augmented,complex
8110,Так и не перезвонили 🦷,negative_feedback,service_issue,escalation_flow,augmented,simple
7489,Хорошего дня 🦷,conversational,farewell,conversation_flow,augmented,simple
1183,"Скажите, сколько Нельзя пить алкоголь после протезирование?",faq,visit_prep,faq_flow,augmented,complex
1758,Здравстувйте!,conversational,greeting,conversation_flow,augmented,simple
391,Отоклолся зуб,anamnesis,complaint,anamnesis_flow,augmented,simple
613,Мне нахамили 🙏,negative_feedback,staff,escalation_flow,augmented,simple
9988,"Скажите, болит верхний зуб уже месяц?!",anamnesis,symptom,anamnesis_flow,augmented,complex
3998,верхняя десна сильно болит,anamnesis,symptom,anamnesis_flow,variation,simple
8417,Удаич...,conversational,farewell,conversation_flow,augmented,simple
3427,снимите меня с записи 👍,booking,cancel,booking_flow,augmented,simple
7281,Приевтствую,conversational,greeting,conversation_flow,augmented,simple
9609,"Добрый деьн, можно перенести на пятницу?",booking,reschedule,booking_flow,augmented,complex
1024,"Изменились планы, нужно перенести 🙏",booking,reschedule,booking_flow,augmented,complex
3731,"Добрый день, можно на послезавтра?",booking,new_appointment,booking_flow,augmented,complex
4463,"Отмените запись, заболел?!",booking,cancel,booking_flow,augmented,complex
3061,"Отмеинте запись, уезжаю",booking,cancel,booking_flow,augmented,complex
8629,Можно перенести на сегодня заранее спасибо,booking,reschedule,booking_flow,augmented,medium
3916,недопустимо спасибо,negative_feedback,general,escalation_flow,augmented,simple
9878,Спасибо боьлшое спасибо,conversational,gratitude,conversation_flow,augmented,simple
3619,После лечение каналов у Лебедевой стало хуже,negative_feedback,quality,escalation_flow,variation,medium
9618,Хочу выровнять зубы 👍,anamnesis,services,anamnesis_flow,augmented,simple
8447,Всего хорошего!!,conversational,farewell,conversation_flow,augmented,simple
5869,"Добрый день, спс",conversational,gratitude,conversation_flow,augmented,complex
3425,Моей записи нет,negative_feedback,service_issue,escalation_flow,template,simple
372,Как проходит удаление?,faq,procedure,faq_flow,variation,simple
6066,Нужно отменить!!,booking,cancel,booking_flow,augmented,simple
9010,"Скажите, позже 😊",conversational,unclear,clarification_flow,augmented,complex
6546,стоимость коронки 🙏,faq,price,faq_flow,augmented,simple
3941,спасбио большое!,conversational,gratitude,conversation_flow,augmented,simple
5890,Стоимость удаления заранее спасибо,faq,price,faq_flow,augmented,simple
3878,"Отмените запись, не смогу.",booking,cancel,booking_flow,augmented,complex
3419,РаботаеТе  вна этой неделе?,faq,clinic_info,faq_flow,augmented,simple
623,"Скажите, привет, благодарю",conversational,gratitude,conversation_flow,augmented,complex
9895,Сколько нельзя пить после протезирование?,faq,visit_prep,faq_flow,variation,simple
1631,Можно перенести на среду?,booking,reschedule,booking_flow,variation,simple
1285,спасибо за информацию 🙏,conversational,gratitude,conversation_flow,augmented,simple
4797,Всгео хорошгео,conversational,farewell,conversation_flow,augmented,simple
3050,Запись к имплантологу на вторник?,booking,new_appointment,booking_flow,augmented,simple
5093,Какая цена на протезирование 🦷,faq,price,faq_flow,augmented,simple
2841,Запишите на отбеливание,booking,new_appointment,booking_flow,variation,simple
43,"Подскажите, ждал давно",negative_feedback,service_issue,escalation_flow,augmented,complex
5709,Запись к ортопеду на утро,booking,new_appointment,booking_flow,variation,simple
8791,Что нельзя после лечение каналов?,faq,visit_prep,faq_flow,variation,simple
9582,где остаивть жалобу?,negative_feedback,general,escalation_flow,augmented,simple
6147,"Привет, уДАЛЕНИЕ НЕ ПОМОГЛО",negative_feedback,quality,escalation_flow,augmented,complex
1307,После профгигиену у Сидорова стало хуже,negative_feedback,quality,escalation_flow,variation,medium
8056,Где вы находитесь 😢,faq,clinic_info,faq_flow,augmented,simple
1435,элайнеры сколько стиот?,faq,price,faq_flow,augmented,simple
2948,Как проходи тимплантацию?,faq,procedure,faq_flow,augmented,simple
3553,Что нельзя после имплантацию?,faq,visit_prep,faq_flow,variation,simple
780,Ок 🙏,conversational,confirmation,conversation_flow,augmented,simple
9403,НОВИКОВА БЫЛ ГРУБ...,negative_feedback,staff,escalation_flow,augmented,simple
6050,"Скажите, когда контрольный визит?",faq,visit_prep,faq_flow,augmented,complex
8308,У меня слетела коронка 🙏,anamnesis,complaint,anamnesis_flow,augmented,simple
3364,Доброе утро 🦷?,conversational,greeting,conversation_flow,augmented,simple
2551,Мне не перезвонили три дня пожалуйста,negative_feedback,service_issue,escalation_flow,augmented,medium
3899,Требу юкомпенсацию,negative_feedback,general,escalation_flow,augmented,simple
4783,врач Козловой не объяснил пожалуйста,negative_feedback,staff,escalation_flow,augmented,simple
7601,"Добрый день, ужасный сервис 😢",negative_feedback,general,escalation_flow,augmented,complex
1908,Перенесите на сегодня?!,booking,reschedule,booking_flow,augmented,simple
769,"спасибо, до свидания спасибо",conversational,gratitude,conversation_flow,augmented,complex
1556,Врач Волкова не объяснил спасибо,negative_feedback,staff,escalation_flow,augmented,simple
8121,Можн обез этого,faq,followup,faq_flow,augmented,simple
2034,Хочук  ортодонту,booking,new_appointment,booking_flow,augmented,simple
1856,"Не смогу прийти, уезжаю спасибо",booking,cancel,booking_flow,augmented,complex
3218,Какая цена на имплантацию,faq,price,faq_flow,augmented,simple
9035,Всего доброго 👍?,conversational,farewell,conversation_flow,augmented,simple
2183,Что посоветуете спасибо,faq,followup,faq_flow,augmented,simple
5655,Большое спаисбо,conversational,gratitude,conversation_flow,augmented,simple
1242,"Скажите, хорошо",conversational,confirmation,conversation_flow,augmented,complex
9367,Хочу поставить виниры 🙏,anamnesis,services,anamnesis_flow,augmented,simple
2355,Хочу коронк упожалуйста,anamnesis,services,anamnesis_flow,augmented,simple
3724,Можно перенести на сегодня?,booking,reschedule,booking_flow,variation,simple
8324,Волковаб ыл груб,negative_feedback,staff,escalation_flow,augmented,simple
9995,Что если не поможет пожалуйста,faq,followup,faq_flow,augmented,simple
6974,А можно по-другому!!,faq,followup,faq_flow,augmented,simple
1814,Сколько нельзя пить после лечение каналов?,faq,visit_prep,faq_flow,variation,medium
1355,Интересует имплантацию,anamnesis,services,anamnesis_flow,variation,simple
8658,не совсем понял!!,faq,followup,faq_flow,augmented,simple
2967,"треснул зуб, что делать?!",anamnesis,complaint,anamnesis_flow,augmented,complex
9889,А что лучше 🙏 пожалуйста,faq,followup,faq_flow,augmented,simple
9575,Это безопасно 🦷.,faq,procedure,faq_flow,augmented,simple
1000,"Добрый день, буду",conversational,confirmation,conversation_flow,augmented,complex
889,Опухла щека,anamnesis,symptom,anamnesis_flow,template,simple
6480,Хочу поставить брекеты,anamnesis,services,anamnesis_flow,template,simple
2517,Перезапишите на 10:00 спасибо,booking,reschedule,booking_flow,augmented,simple
1452,"Здравствуйте, у меня боль при жевании день",anamnesis,symptom,anamnesis_flow,augmented,complex
2998,Что если не поможет!!,faq,followup,faq_flow,augmented,simple
9698,Что в ырекоемндуете?,faq,followup,faq_flow,augmented,simple
151,Приложение глючит 😢,negative_feedback,service_issue,escalation_flow,augmented,simple
7915,"Подскажите, сколько длится лечение кариеса?",faq,procedure,faq_flow,augmented,complex
8790,Принимаете ОМС 🦷,faq,clinic_info,faq_flow,augmented,simple
3509,"боль от горячего, что делать!",anamnesis,symptom,anamnesis_flow,augmented,complex
707,После коронку у Козловой стало хуже,negative_feedback,quality,escalation_flow,variation,medium
9388,"Подскажите, сКОЛЬКО ДЛИТСЯ БРЕКЕТЫ?",faq,procedure,faq_flow,augmented,complex
2472,Можно в арссрочку?,faq,price,faq_flow,augmented,simple
5456,А что будет если,faq,followup,faq_flow,augmented,simple
6636,Какой адрес!,faq,clinic_info,faq_flow,augmented,simple
5792,Перезапишите нау тро заранее спасибо,booking,reschedule,booking_flow,augmented,simple
689,"Подскажите, поясните, пожалуйста 😢",faq,followup,faq_flow,augmented,complex
8217,Сколько стоит осмотр?,faq,price,faq_flow,variation,simple
9869,Цена консультации,faq,price,faq_flow,augmented,simple
3005,Планирую исправить прикус 👍,anamnesis,services,anamnesis_flow,augmented,simple
9900,Здрасвтвуйте,conversational,greeting,conversation_flow,augmented,simple
7486,"Здравствуйте, можно перенести на четверг?",booking,reschedule,booking_flow,augmented,complex
8716,"Здравствуйте, зуб потемнел",anamnesis,complaint,anamnesis_flow,augmented,complex
4611,сколько нельзя пить алкоголь после чистку!,faq,visit_prep,faq_flow,augmented,medium
677,"ЗДРАВСТВУЙТЕ, ЗДРАСТЕ",conversational,greeting,conversation_flow,augmented,complex
3409,Запись к ортодонту на понедельник,booking,new_appointment,booking_flow,variation,simple
8096,"Здравствуйте, подскажите подробнее!!",faq,followup,faq_flow,augmented,complex
3708,"Скажите, перезапишите на утро",booking,reschedule,booking_flow,augmented,complex
2274,Спасиб оза информацию,conversational,gratitude,conversation_flow,augmented,simple
250,Перезпаишите на утро,booking,reschedule,booking_flow,augmented,simple
5797,Петровойб ыл груб,negative_feedback,staff,escalation_flow,augmented,simple
6349,ОТКЛЕИЛАСЬ КОРОНКА...,anamnesis,complaint,anamnesis_flow,augmented,simple
8247,У меня чувствительность со вчера,anamnesis,symptom,anamnesis_flow,variation,simple
785,Случилось треснул зуб заранее спасибо спасибо,anamnesis,complaint,anamnesis_flow,augmented,medium
6742,Хочу поговорить с руководством пожалуйста,negative_feedback,general,escalation_flow,augmented,simple
4183,"Здравствуйте, винир отклеился",anamnesis,complaint,anamnesis_flow,augmented,complex
9507,"Подскажите, пОСЛЕ ЭЛАЙНЕРЫ У ПЕТРОВОЙ СТАЛО ХУЖЕ",negative_feedback,quality,escalation_flow,augmented,complex
6483,Запись к гигиенисту на среду,booking,new_appointment,booking_flow,variation,simple
6075,"Привет, ждал со вчера",negative_feedback,service_issue,escalation_flow,augmented,complex
9669,шестёрка ночью болит,anamnesis,symptom,anamnesis_flow,variation,simple
9650,Телефон не отвчеает!,negative_feedback,service_issue,escalation_flow,augmented,simple
3926,надо посоветоватсья,conversational,unclear,clarification_flow,augmented,simple
2126,Есть WhatsApp 😢,faq,clinic_info,faq_flow,augmented,simple
3114,"ЗдрАвствуйте, очень благодарен",conversational,gratitude,conversation_flow,augmented,complex
3787,Не могу дозвониться 🦷,negative_feedback,service_issue,escalation_flow,augmented,simple
1208,"Добрый день, хорошего дня",conversational,farewell,conversation_flow,augmented,complex
5946,"Привет, брекеты это больно?",faq,procedure,faq_flow,augmented,complex
3331,Принимаете ОМС,faq,clinic_info,faq_flow,augmented,simple
9,Работаете в на этой неделе?,faq,clinic_info,faq_flow,variation,simple
2601,"Привет, большое спасибо",conversational,gratitude,conversation_flow,augmented,complex
3106,Что посоветуете 😊,faq,followup,faq_flow,augmented,simple
797,Добрый день?!,conversational,greeting,conversation_flow,augmented,simple
9992,хочу овзврат,negative_feedback,general,escalation_flow,augmented,simple
7817,чистку сколько стоит?,faq,price,faq_flow,variation,simple
3439,Ждал неделю?!,negative_feedback,service_issue,escalation_flow,augmented,simple
4395,Не знаю заранее спасибо,conversational,unclear,clarification_flow,augmented,simple
6109,Спасибо больоше!,conversational,gratitude,conversation_flow,augmented,simple
3230,ВСЕГО ХОРОШЕГО пожалуйста,conversational,farewell,conversation_flow,augmented,simple
6235,"Здравствуйте, да",conversational,confirmation,conversation_flow,augmented,complex
6794,виниры сколько стоит,faq,price,faq_flow,augmented,simple
5767,Не получится прийти 🙏.,booking,cancel,booking_flow,augmented,simple
7595,"Скажите, можно перенести на в ближайшее время?",booking,reschedule,booking_flow,augmented,complex
5432,ПОСЛЕ ЧИСТКУ У СИДОРОВА СТАЛО ХУЖЕ 🦷,negative_feedback,quality,escalation_flow,augmented,medium
5331,"Здравствуйте, сколько нельзя пить после чистку",faq,visit_prep,faq_flow,augmented,complex
8425,До свидания!,conversational,farewell,conversation_flow,template,simple
5736,После виниры у Волкова стало хуже заранее спасибо,negative_feedback,quality,escalation_flow,augmented,medium
5293,"Добрый день, нужно консультацию 😢",anamnesis,services,anamnesis_flow,augmented,complex
4317,почём кт,faq,price,faq_flow,augmented,simple
4705,Мне нахамили 🙏...,negative_feedback,staff,escalation_flow,augmented,simple
9955,Сколько нельзя есть после снимок 🙏,faq,visit_prep,faq_flow,augmented,medium
5919,Сколько нельзя пить после консультацию заранее спасибо,faq,visit_prep,faq_flow,augmented,medium
1490,после снимок у кузнецовой стало хуже 😊,negative_feedback,quality,escalation_flow,augmented,medium
5010,Сколько нельзя есть после пломбирование спасибо,faq,visit_prep,faq_flow,augmented,medium
8398,"Скажите, у меня треснул зуб заранее спасибо",anamnesis,complaint,anamnesis_flow,augmented,complex
6303,"Здравствуйте, оТМЕНИТЕ ЗАПИСЬ",booking,cancel,booking_flow,augmented,complex
3951,Нунжо ипмлантацию,anamnesis,services,anamnesis_flow,augmented,simple
6864,добрый день.,conversational,greeting,conversation_flow,augmented,simple
379,Хочу на профосмотр,booking,new_appointment,booking_flow,template,simple
1626,Хочу оставить жалобу 🦷,negative_feedback,general,escalation_flow,augmented,simple
6218,Никто не перезвонил заранее спасибо,negative_feedback,service_issue,escalation_flow,augmented,simple
8608,Что нельзя после коронку?,faq,visit_prep,faq_flow,variation,simple
5058,Морозовой был груб заранее спасибо 🙏,negative_feedback,staff,escalation_flow,augmented,medium
4594,Не предупредили об изменениях.,negative_feedback,service_issue,escalation_flow,augmented,simple
5163,интересует коронку 😊,anamnesis,services,anamnesis_flow,augmented,simple
6157,Болит зуб мудрости уже с утра,anamnesis,symptom,anamnesis_flow,variation,medium
1446,Не понарвилсоь,negative_feedback,general,escalation_flow,augmented,simple
3825,Алло,conversational,greeting,conversation_flow,template,simple
2169,"Привет, добрый день, у меня чувствительность день",anamnesis,symptom,anamnesis_flow,augmented,complex
724,А елси не поможет?,faq,followup,faq_flow,augmented,simple
9025,Откололся зуб заранее спасибо...,anamnesis,complaint,anamnesis_flow,augmented,simple
79,БлагДоарю,conversational,gratitude,conversation_flow,augmented,simple
6497,"спасибо, всё понятно 🦷",conversational,gratitude,conversation_flow,augmented,complex
6637,"Добрый день, Сколько длится КТ?",faq,procedure,faq_flow,augmented,complex
5894,Плохая клиника?!,negative_feedback,general,escalation_flow,augmented,simple
7725,Не могу дозвониться 😢,negative_feedback,service_issue,escalation_flow,augmented,simple
1048,"Добрый день, хорошо",conversational,confirmation,conversation_flow,augmented,complex
2433,Какая цена на реставрацию?,faq,price,faq_flow,variation,simple
4357,У меня боль при жевании неделю,anamnesis,symptom,anamnesis_flow,variation,medium
3684,Как проходит имПланатцию?,faq,procedure,faq_flow,augmented,simple
6941,привет...,conversational,greeting,conversation_flow,augmented,simple
9547,Спасибо за информацию...,conversational,gratitude,conversation_flow,augmented,simple
1227,Хочу пожаловаться пожалуйста,negative_feedback,general,escalation_flow,augmented,simple
2804,Добрый день зраанее спасибо,conversational,greeting,conversation_flow,augmented,simple
4590,Сколько длится 👍,faq,procedure,faq_flow,augmented,simple
2952,Принимаете наличные?,faq,clinic_info,faq_flow,variation,simple
7138,Как к вам проехать 🦷,faq,clinic_info,faq_flow,augmented,simple
8047,Спасибо за помощь!,conversational,gratitude,conversation_flow,augmented,simple
4051,Отмените запись заранее спасибо,booking,cancel,booking_flow,augmented,simple
998,Угу заранее спасибо,conversational,confirmation,conversation_flow,augmented,simple
470,Сколько нельзя заниматься спортом после лечение кариеса,faq,visit_prep,faq_flow,augmented,medium
5387,"добрый день, что нельзя после коронку?",faq,visit_prep,faq_flow,augmented,complex
5692,"Скажите, спасибо, всё понятно.",conversational,gratitude,conversation_flow,augmented,complex
4519,Болит коренной зуб уже день...,anamnesis,symptom,anamnesis_flow,augmented,simple
7468,"Добрый день, привет, доброе утро",conversational,greeting,conversation_flow,augmented,complex
3231,Добрый днеь,conversational,greeting,conversation_flow,augmented,simple
8623,"Скажите, нижний зуб болит сильно 🙏",anamnesis,symptom,anamnesis_flow,augmented,complex
5534,Сколько нельзя есть после отбеливание?,faq,visit_prep,faq_flow,variation,simple
8801,До свидания заранее спасибо спасибо,conversational,farewell,conversation_flow,augmented,simple
6705,имплантацию сколько стоит!,faq,price,faq_flow,augmented,simple
7567,Очнеь благодарен!!,conversational,gratitude,conversation_flow,augmented,simple
704,Работаете в праздники 😊 заранее спасибо,faq,clinic_info,faq_flow,augmented,medium
7648,Работаете в понедельник пожалуйста,faq,clinic_info,faq_flow,augmented,simple
635,"Привет, скольк онельзя пить после элайнеры?",faq,visit_prep,faq_flow,augmented,complex
2805,СНИМОК ЭТО БОЛЬНО 😢,faq,procedure,faq_flow,augmented,simple
2988,Проволока от брекетов колет заранее спасибо,anamnesis,complaint,anamnesis_flow,augmented,medium
7297,"Подскажите, хочу отменить запись",booking,cancel,booking_flow,augmented,complex
1085,может быть!!,conversational,unclear,clarification_flow,augmented,simple
5804,После осмотр у Кузнецовой тсало хуже,negative_feedback,quality,escalation_flow,augmented,medium
8539,ЛЕБЕДЕВОЙ БЫЛ ГРУБ...,negative_feedback,staff,escalation_flow,augmented,simple
8592,"Скажите, врач не объяснил",negative_feedback,staff,escalation_flow,augmented,complex
1701,"Привет, работаете в понедельник?",faq,clinic_info,faq_flow,augmented,complex
6778,"Подскажите, прождал час",negative_feedback,service_issue,escalation_flow,augmented,complex
8431,"Скажите, когда прийти на осмотр?",faq,visit_prep,faq_flow,augmented,complex
8882,Здарвствуйте,conversational,greeting,conversation_flow,augmented,simple
4350,Нужно имплантацию пожалуйста,anamnesis,services,anamnesis_flow,augmented,simple
929,Всего хооршего,conversational,farewell,conversation_flow,augmented,simple
6006,Случилось треснул зуб 🙏,anamnesis,complaint,anamnesis_flow,augmented,simple
2188,Пока заранее спасибо...,conversational,farewell,conversation_flow,augmented,simple
8024,"Скажите, можно без этого?",faq,followup,faq_flow,augmented,complex
6780,Язвочки на слизистой,anamnesis,complaint,anamnesis_flow,template,simple
622,До которого часа приём?,faq,clinic_info,faq_flow,template,simple
9421,До скорого пожалуйста...,conversational,farewell,conversation_flow,augmented,simple
4942,Отказ от записи...,booking,cancel,booking_flow,augmented,simple
2796,"Отмените запись, занят на рабтое",booking,cancel,booking_flow,augmented,complex
4531,"Здравствуйте, после осмотр у Лебедевой стАло хуже",negative_feedback,quality,escalation_flow,augmented,complex
4460,Не предупредили об изменениях спасибо,negative_feedback,service_issue,escalation_flow,augmented,simple
1429,"Здравствуйте, алло.",conversational,greeting,conversation_flow,augmented,complex
948,"Подскажите, пока не решил...",conversational,unclear,clarification_flow,augmented,complex
6991,Кузнцеовой был груб 🦷,negative_feedback,staff,escalation_flow,augmented,simple
2729,Добрыйд ень!,conversational,greeting,conversation_flow,augmented,simple
4504,Запишите на лечение кариеса.,booking,new_appointment,booking_flow,augmented,simple
8677,"Не смоуг прийти, не смогу",booking,cancel,booking_flow,augmented,complex
8731,Какая цена на виниры?,faq,price,faq_flow,variation,simple
5851,Ждал день.,negative_feedback,service_issue,escalation_flow,augmented,simple
4004,Как записаться к вам?,booking,new_appointment,booking_flow,template,simple
1329,"Здравствуйте, есть ночной приём?",faq,clinic_info,faq_flow,augmented,complex
2532,Запись к эндодонтисту на на следующей неделе,booking,new_appointment,booking_flow,variation,medium
2460,После осмотр у Петровой стало хуже,negative_feedback,quality,escalation_flow,variation,medium
8073,Пломба выпала.,anamnesis,complaint,anamnesis_flow,augmented,simple
7365,Дос видания,conversational,farewell,conversation_flow,augmented,simple
7188,РАБОТАЕТЕ В ВЫХОДНЫЕ заранее спасибо,faq,clinic_info,faq_flow,augmented,simple
5968,нужно пломбирование 😢,anamnesis,services,anamnesis_flow,augmented,simple
8761,"Подскажите, спасибо за информацию 👍",conversational,gratitude,conversation_flow,augmented,complex
4656,"Заболел, не приду спасибо",booking,cancel,booking_flow,augmented,complex
5421,сколько стоит кт спасибо,faq,price,faq_flow,augmented,simple
9339,"Скажите, благодарю",conversational,gratitude,conversation_flow,augmented,complex
2031,КАК ДОБРАТЬСЯ 👍,faq,clinic_info,faq_flow,augmented,simple
9950,"Изменились планы, нужно перенести",booking,reschedule,booking_flow,template,simple
9621,Работаете в пятницу?,faq,clinic_info,faq_flow,variation,simple
2420,Хочу поговроить с руководством,negative_feedback,general,escalation_flow,augmented,simple
3777,Случилось откололся зуб 🙏,anamnesis,complaint,anamnesis_flow,augmented,simple
2651,"подскажите, долго оформляли документы",negative_feedback,service_issue,escalation_flow,augmented,complex
9673,Болит верхний зуб уже несколько дней 🦷,anamnesis,symptom,anamnesis_flow,augmented,medium
3705,спс!,conversational,gratitude,conversation_flow,augmented,simple
4610,Планирую элайнеры заранее спасибо,anamnesis,services,anamnesis_flow,augmented,simple
8069,После снимок у Новикова стало хуже,negative_feedback,quality,escalation_flow,variation,medium
1002,Хоч уэлайнеры,anamnesis,services,anamnesis_flow,augmented,simple
204,"Добрый день, я вам перезвоню пожалуйста",conversational,unclear,clarification_flow,augmented,complex
3524,Плохая клиника заранее спасибо спасибо,negative_feedback,general,escalation_flow,augmented,simple
6294,Хочу пожаловаться 🦷,negative_feedback,general,escalation_flow,augmented,simple
6445,Врач опоздал на полчаса 🙏,negative_feedback,service_issue,escalation_flow,augmented,simple
6533,Перенесите на в ближайшее время!!,booking,reschedule,booking_flow,augmented,simple
727,Сколько нельзя курить после лечение каналов 🙏,faq,visit_prep,faq_flow,augmented,medium
8297,ПРОТЕЗ СЛОМАЛСЯ!!,anamnesis,complaint,anamnesis_flow,augmented,simple
7719,ВРАЧ НЕ СЛУШАЛ спасибо,negative_feedback,staff,escalation_flow,augmented,simple
6959,"Добрый день, запись куда-то пропала!!",negative_feedback,service_issue,escalation_flow,augmented,complex
6609,Рядом есть метро 😢,faq,clinic_info,faq_flow,augmented,simple
8093,Винир отклеился 😢,anamnesis,complaint,anamnesis_flow,augmented,simple
1454,"Добрый день, после лечение кариеса у Иванова стало хуже 🙏",negative_feedback,quality,escalation_flow,augmented,complex
9450,Недопустимо заранее спасибо,negative_feedback,general,escalation_flow,augmented,simple
9405,"Поясните, пожалуйста...",faq,followup,faq_flow,augmented,complex
3623,коорнку сколько стоит?,faq,price,faq_flow,augmented,simple
2151,Запись к терапевту на вторник 🙏,booking,new_appointment,booking_flow,augmented,medium
2362,"Здравствуйте, очеьн благодарен",conversational,gratitude,conversation_flow,augmented,complex
8170,ОСМОТР НЕ ПОМОГЛО СПАСИБО,negative_feedback,quality,escalation_flow,augmented,simple
6591,"Здравствуйте, понятно",conversational,confirmation,conversation_flow,augmented,complex
6515,нижняя деснан емного болит,anamnesis,symptom,anamnesis_flow,augmented,simple
6342,Можно без этого 😊...,faq,followup,faq_flow,augmented,simple
6722,Как часто нужна чистка!,faq,visit_prep,faq_flow,augmented,simple
5322,"Не смогу прийти, занят на работе 😊",booking,cancel,booking_flow,augmented,complex
938,А сели не поможет?,faq,followup,faq_flow,augmented,simple
8770,Приём начался с опозданием?,negative_feedback,service_issue,escalation_flow,augmented,simple
3726,Какие гарантии,faq,procedure,faq_flow,augmented,simple
8666,Интересует отбеливание,anamnesis,services,anamnesis_flow,variation,simple
2388,Прболема осталась!,negative_feedback,quality,escalation_flow,augmented,simple
1484,Почём лечение каналов,faq,price,faq_flow,augmented,simple
8338,"Привет, можно перенести на пятницу?",booking,reschedule,booking_flow,augmented,complex
4994,Понял!,conversational,confirmation,conversation_flow,augmented,simple
2547,"Да, хорошо 🦷",conversational,confirmation,conversation_flow,augmented,complex
1082,Эй?!,conversational,greeting,conversation_flow,augmented,simple
115,Запись к гигиенисту на субботу,booking,new_appointment,booking_flow,variation,simple
7575,"Подскажите, врач Волкова не объяснил",negative_feedback,staff,escalation_flow,augmented,complex
9351,Запись куда-то пропала!,negative_feedback,service_issue,escalation_flow,augmented,simple
6633,"Здравствуйте, ок!!",conversational,confirmation,conversation_flow,augmented,complex
4733,Работаете с наркозом заранее спасибо,faq,clinic_info,faq_flow,augmented,simple
2219,Нужна подготовка?,faq,visit_prep,faq_flow,template,simple
9411,Хорошего дня.,conversational,farewell,conversation_flow,augmented,simple
5800,Привет 👍,conversational,greeting,conversation_flow,augmented,simple
4593,"Не смогу прийти, уезжаю 👍",booking,cancel,booking_flow,augmented,complex
9968,До которого часа пирём,faq,clinic_info,faq_flow,augmented,simple
3264,хорошегод ня,conversational,farewell,conversation_flow,augmented,simple
7740,ОЧЕНЬ БЛАОГДАРЕН,conversational,gratitude,conversation_flow,augmented,simple
5991,"Подскажите, делаете панорамный снимок?",faq,clinic_info,faq_flow,augmented,complex
9803,Мне не перезвонили неделю,negative_feedback,service_issue,escalation_flow,variation,simple
9520,Недопутсимо,negative_feedback,general,escalation_flow,augmented,simple
4715,ПЕРЕЗВОНЮ...,conversational,unclear,clarification_flow,augmented,simple
7446,Не совсем понял 😊,faq,followup,faq_flow,augmented,simple
6769,"Добрый день, профгигиену это больно?",faq,procedure,faq_flow,augmented,complex
5777,"Подскажите, планирую лечение каналов 😊",anamnesis,services,anamnesis_flow,augmented,complex
7464,Уберите мою запись 😊,booking,cancel,booking_flow,augmented,simple
7772,У меня чувствительность несколько дней?!,anamnesis,symptom,anamnesis_flow,augmented,simple
435,Как проходит брекеты пожалуйста,faq,procedure,faq_flow,augmented,simple
8194,Грубо обошлись?,negative_feedback,staff,escalation_flow,augmented,simple
7511,"Привет, какая цена на снимок?",faq,price,faq_flow,augmented,complex
9518,Какая цена на лечение кариеса 🙏,faq,price,faq_flow,augmented,medium
405,Запись к гигиенисту на воскресенье,booking,new_appointment,booking_flow,variation,simple
2930,БЛАГОДАЮР ВАС,conversational,gratitude,conversation_flow,augmented,simple
1458,"Отмените запись, форс-мажор?!",booking,cancel,booking_flow,augmented,complex
9484,Спасбио?!,conversational,gratitude,conversation_flow,augmented,simple
2193,Почём КТз аранее спасибо,faq,price,faq_flow,augmented,simple
1727,Мне не епрезвонили несколько дней,negative_feedback,service_issue,escalation_flow,augmented,simple
8205,"Скажите, почём коронка пожалуйста",faq,price,faq_flow,augmented,complex
7720,"Добрый день, не уверен",conversational,unclear,clarification_flow,augmented,complex
2198,десна боилт очень,anamnesis,symptom,anamnesis_flow,augmented,simple
1708,Сколько длится имплантацию!!,faq,procedure,faq_flow,augmented,simple
5002,Врач Петровой не объяснил 🙏,negative_feedback,staff,escalation_flow,augmented,simple
3238,можно перенести на четверг?!,booking,reschedule,booking_flow,augmented,simple
8296,Запись к эндодонтисту на пятницу,booking,new_appointment,booking_flow,variation,simple
3685,Язвочки на слизитсой,anamnesis,complaint,anamnesis_flow,augmented,simple
2759,"Добрый день, добрый вечер",conversational,greeting,conversation_flow,augmented,complex
5550,Дос видания 🙏,conversational,farewell,conversation_flow,augmented,simple
6510,Перенесите на среду?!,booking,reschedule,booking_flow,augmented,simple
8915,Моей записи нет?,negative_feedback,service_issue,escalation_flow,augmented,simple
6560,Недоволен обслуживанием 🙏,negative_feedback,general,escalation_flow,augmented,simple
7020,Как подготовиться к приёму?,faq,visit_prep,faq_flow,template,simple
7619,"Подскажите, какая цена на коронку?",faq,price,faq_flow,augmented,complex
9824,А это больно 👍,faq,procedure,faq_flow,augmented,simple
3877,Не совсем понял.,faq,followup,faq_flow,augmented,simple
6917,Как проходит КТ?,faq,procedure,faq_flow,variation,simple
7478,"Да ,конечно",conversational,confirmation,conversation_flow,augmented,complex
8699,Планирую КТ,anamnesis,services,anamnesis_flow,variation,simple
284,Ест ьли скидки?,faq,price,faq_flow,augmented,simple
9033,Благодраю вас,conversational,gratitude,conversation_flow,augmented,simple
5471,сколько длится удаление,faq,procedure,faq_flow,augmented,simple
8833,Сколько нельзя заниматься спортом после КТ?,faq,visit_prep,faq_flow,variation,medium
6083,РАЗОЧАРОВАН!!,negative_feedback,general,escalation_flow,augmented,simple
1922,Можно без этого 😊,faq,followup,faq_flow,augmented,simple
9017,Во сколько обйодётся?,faq,price,faq_flow,augmented,simple
9377,Хочу отказаться от записи,booking,cancel,booking_flow,template,simple
2914,Сколько нельзя пить алкоголь после чистку.,faq,visit_prep,faq_flow,augmented,medium
9941,У меня запах изо рта две недели,anamnesis,symptom,anamnesis_flow,variation,medium
9648,Хочу красивую улыбку заранее спасибо,anamnesis,services,anamnesis_flow,augmented,simple
8815,ЕСТЬ ДЕТСКИЙ СТОМАТОЛОГ,faq,clinic_info,faq_flow,augmented,simple
1011,"Здравствуйте, почмё снимок?",faq,price,faq_flow,augmented,complex
844,ДО ВСТРЕЧИ?!,conversational,farewell,conversation_flow,augmented,simple
7919,врач морозовой не объяснил?,negative_feedback,staff,escalation_flow,augmented,simple
4563,Можно на вторник?,booking,new_appointment,booking_flow,variation,simple
3249,Больше не приду 😢,negative_feedback,general,escalation_flow,augmented,simple
8383,"Здравствуйте, брекеты это больно?",faq,procedure,faq_flow,augmented,complex
7463,есть ли скидки спасибо,faq,price,faq_flow,augmented,simple
5657,Врач Новикова не объяснил,negative_feedback,staff,escalation_flow,variation,simple
4056,После лечение каналов у Волкова стало хуже,negative_feedback,quality,escalation_flow,variation,medium
7930,"Добрый день, чистку сколько стоит?",faq,price,faq_flow,augmented,complex
8264,Хочу имплантацию.,anamnesis,services,anamnesis_flow,augmented,simple
3101,Очень блгаодарен...,conversational,gratitude,conversation_flow,augmented,simple
761,Иванова был груб,negative_feedback,staff,escalation_flow,variation,simple
3751,Какая цена на осмотр,faq,price,faq_flow,augmented,simple
7743,Большое спасибо.,conversational,gratitude,conversation_flow,augmented,simple
8461,коронка шатается 👍,anamnesis,complaint,anamnesis_flow,augmented,simple
7748,"Подскажите, можно перенести на вечер!",booking,reschedule,booking_flow,augmented,complex
9387,"Привет, жДАЛ ДАВНО",negative_feedback,service_issue,escalation_flow,augmented,complex
8286,Хорошего дня 👍,conversational,farewell,conversation_flow,augmented,simple
7333,Перезапишите на день 😢,booking,reschedule,booking_flow,augmented,simple
5446,Рядом есть метро пожалуйста,faq,clinic_info,faq_flow,augmented,simple
3981,"Добрый день, не работает онлайн-запись",negative_feedback,service_issue,escalation_flow,augmented,complex
4254,"Скажите, не смог дозвониться спасибо",negative_feedback,service_issue,escalation_flow,augmented,complex
5754,Ок?!,conversational,confirmation,conversation_flow,augmented,simple
8589,"Подскажите, добрый день, есть противопоказания?",faq,procedure,faq_flow,augmented,complex
9897,"Привет, запись к детскому стоматологу на пятницу",booking,new_appointment,booking_flow,augmented,complex
2767,Сколькос тоит виниры?,faq,price,faq_flow,augmented,simple
2814,Срок службы?,faq,procedure,faq_flow,template,simple
4673,Запись к эндодонтисту на вторник,booking,new_appointment,booking_flow,variation,simple
1475,Запись к эндодонтисту на утро,booking,new_appointment,booking_flow,variation,simple
3823,ДОЛГО ОФОРМЛЯЛИ ДОКУМЕНТЫ...,negative_feedback,service_issue,escalation_flow,augmented,simple
75,Благодар ювас,conversational,gratitude,conversation_flow,augmented,simple
5282,Спасибо за помощь 😊?!,conversational,gratitude,conversation_flow,augmented,simple
8102,Нужно отмеинть,booking,cancel,booking_flow,augmented,simple
2122,"Скажите, спасибо за информацию",conversational,gratitude,conversation_flow,augmented,complex
3262,Как подготовиться к протезирование,faq,visit_prep,faq_flow,augmented,simple
1478,Понятно!,conversational,confirmation,conversation_flow,augmented,simple
452,Хорошегод ня 😢,conversational,farewell,conversation_flow,augmented,simple
8276,Где осТавтиь жалобу?,negative_feedback,general,escalation_flow,augmented,simple
7091,Запись к ортопеду на утро!,booking,new_appointment,booking_flow,augmented,simple
6930,Есть время на понедельник,booking,new_appointment,booking_flow,augmented,simple
4621,"Подскажите, добрйы день!",conversational,greeting,conversation_flow,augmented,complex
8534,ЧТО ПОСОВЕТУЕТЕ...,faq,followup,faq_flow,augmented,simple
2966,"Скажите, что если не поможет.",faq,followup,faq_flow,augmented,complex
5905,Надо посоветоваться,conversational,unclear,clarification_flow,template,simple
7859,верхняя десна болит очень,anamnesis,symptom,anamnesis_flow,variation,simple
7139,Хорошегод ня пожалуйста,conversational,farewell,conversation_flow,augmented,simple
5950,ЗУБ ИЗМЕНИЛ ЦВЕТ!,anamnesis,complaint,anamnesis_flow,augmented,simple
5119,работаете в на этой неделе заранее спасибо,faq,clinic_info,faq_flow,augmented,medium
6709,Скоьлко нельзя заниматься спортом после пломбирование пожалуйста,faq,visit_prep,faq_flow,augmented,medium
6215,Позовите главврача пожалуйста,negative_feedback,general,escalation_flow,augmented,simple
465,Нагрубили 👍,negative_feedback,staff,escalation_flow,augmented,simple
4614,так и не перезвонили...,negative_feedback,service_issue,escalation_flow,augmented,simple
9415,КАК ПОДГОТОВИТЬСЯ К СНИМОК 👍,faq,visit_prep,faq_flow,augmented,simple
4900,"Здравствуйте, здравствуйте, благодарю",conversational,gratitude,conversation_flow,augmented,complex
1057,"Привет, принято.",conversational,confirmation,conversation_flow,augmented,complex
8366,Позже 👍,conversational,unclear,clarification_flow,augmented,simple
1168,Плохая клиника заранее спасибо,negative_feedback,general,escalation_flow,augmented,simple
4290,Хочу удаление,anamnesis,services,anamnesis_flow,variation,simple
7,после удаление у кузнецовой стало хуже спасибо,negative_feedback,quality,escalation_flow,augmented,medium
6435,Добрый день пожалуйста,conversational,greeting,conversation_flow,augmented,simple
3051,Где оставить жалобу!!,negative_feedback,general,escalation_flow,augmented,simple
6412,Пока не решил 😢.,conversational,unclear,clarification_flow,augmented,simple
1391,"Не смогу приЙти, не смогу 😢",booking,cancel,booking_flow,augmented,complex
5527,Зуб изменил цвет...,anamnesis,complaint,anamnesis_flow,augmented,simple
9838,Работаете в в ближашйее время?,faq,clinic_info,faq_flow,augmented,simple
5828,Когда можно есть твёрдое пожалуйста,faq,visit_prep,faq_flow,augmented,simple
4373,"ЗДРАВСТВУЙТЕ, НУЖНО ЭЛАЙНЕРЫ",anamnesis,services,anamnesis_flow,augmented,complex
5008,Треснул зуб?!,anamnesis,complaint,anamnesis_flow,augmented,simple
9273,НУЖНО ОТБЕЛИВАНИЕ спасибо,anamnesis,services,anamnesis_flow,augmented,simple
8059,"Добрый день, планирую лечение каналов",anamnesis,services,anamnesis_flow,augmented,complex
6144,Есть лазер 😊,faq,clinic_info,faq_flow,augmented,simple
8143,Надо посоветоваться 😢,conversational,unclear,clarification_flow,augmented,simple
3798,Мне нахамили.,negative_feedback,staff,escalation_flow,augmented,simple
1569,РабОтаете с наркозом,faq,clinic_info,faq_flow,augmented,simple
5921,Нужно снимокс пасибо,anamnesis,services,anamnesis_flow,augmented,simple
7348,благодарю спасибо,conversational,gratitude,conversation_flow,augmented,simple
7667,"Да, конечно спасибо",conversational,confirmation,conversation_flow,augmented,complex
4759,Ужасный сервис 🙏,negative_feedback,general,escalation_flow,augmented,simple
8862,Откололся куосчек зуба,anamnesis,complaint,anamnesis_flow,augmented,simple
9393,Щёлкает челюсть!,anamnesis,symptom,anamnesis_flow,augmented,simple
7260,НЕ СООБЩИЛИ О ПЕРЕНОСЕ 😢,negative_feedback,service_issue,escalation_flow,augmented,simple
2213,"Добрый день, приду 🙏",conversational,confirmation,conversation_flow,augmented,complex
755,Сколько нельзя курить после КТ?,faq,visit_prep,faq_flow,variation,simple
7940,Сколько нельзя есть после коронку 😊,faq,visit_prep,faq_flow,augmented,medium
9728,"Скажите, челюсть болит ночью",anamnesis,symptom,anamnesis_flow,augmented,complex
5334,Хочу пожаловаться заранее спасибо,negative_feedback,general,escalation_flow,augmented,simple
4521,Уберите мою запись 😢 пожалуйста,booking,cancel,booking_flow,augmented,simple
4248,Удачи пожалуйста,conversational,farewell,conversation_flow,augmented,simple
5612,Мне не перезвонили месяц пожалуйста,negative_feedback,service_issue,escalation_flow,augmented,simple
3994,А ЕСЛИ НЕ ПОМОЖЕТ,faq,followup,faq_flow,augmented,simple
6037,Мне не перезвонил идень,negative_feedback,service_issue,escalation_flow,augmented,simple
1729,Понял.,conversational,confirmation,conversation_flow,augmented,simple
1134,Случилось откололся зуб?,anamnesis,complaint,anamnesis_flow,augmented,simple
4744,Ок пожалуйста,conversational,confirmation,conversation_flow,augmented,simple
9831,Это правда необходимо 😊,faq,followup,faq_flow,augmented,simple
4059,"Добрый день, слетела коронка, что делать?",anamnesis,complaint,anamnesis_flow,augmented,complex
6665,"Подскажите, скажите, благодарю вас",conversational,gratitude,conversation_flow,augmented,complex
7989,Как долго прослужит 😢,faq,procedure,faq_flow,augmented,simple
3385,"Подскажите, запись к ортодонту на сегодня",booking,new_appointment,booking_flow,augmented,complex
7315,"Подскажите, можно над ругой день?",booking,reschedule,booking_flow,augmented,complex
1218,Нагрубили спасибо,negative_feedback,staff,escalation_flow,augmented,simple
1017,Хочу протезирование 👍,anamnesis,services,anamnesis_flow,augmented,simple
1696,"Добрый день, сколько нельзя курить после лечение кариеса?",faq,visit_prep,faq_flow,augmented,complex
5666,А если я не буду 🙏,faq,followup,faq_flow,augmented,medium
7193,Невежливое обслуживание!,negative_feedback,staff,escalation_flow,augmented,simple
606,Мне не перезвонили несколько дней пожалуйста,negative_feedback,service_issue,escalation_flow,augmented,medium
6149,"Скажите, надо посоветоваться 😢",conversational,unclear,clarification_flow,augmented,complex
214,Точно нужно 😊,faq,followup,faq_flow,augmented,simple
4901,Десна воспалилась,anamnesis,symptom,anamnesis_flow,template,simple
1252,Иванова был груб 👍,negative_feedback,staff,escalation_flow,augmented,simple
1074,Позже!,conversational,unclear,clarification_flow,augmented,simple
7548,Есть запись на завтра?,booking,new_appointment,booking_flow,template,simple
5228,Приду...,conversational,confirmation,conversation_flow,augmented,simple
7228,"Добрый день, после отбеливание у Лебедевой стало хуже",negative_feedback,quality,escalation_flow,augmented,complex
9244,"Здравствуйте, что если не поможет 😢",faq,followup,faq_flow,augmented,complex
1817,После профгигиену у Лебедевой стало хуже 🙏,negative_feedback,quality,escalation_flow,augmented,medium
8986,Перенесите запсиь,booking,reschedule,booking_flow,augmented,simple
7608,Кузнецовой был груб заранее спасибо,negative_feedback,staff,escalation_flow,augmented,simple
6252,Долго жда лв очереди,negative_feedback,service_issue,escalation_flow,augmented,simple
2638,Хочу отменить запись 👍,booking,cancel,booking_flow,augmented,simple
3512,"Здравствуйте, перенесите на завтра",booking,reschedule,booking_flow,augmented,complex
2347,Как связаться спасибо,faq,clinic_info,faq_flow,augmented,simple
8991,А что лучше?,faq,followup,faq_flow,template,simple
251,Не смогу в назначенноев ремя,booking,reschedule,booking_flow,augmented,simple
6368,Здрваствуйте!,conversational,greeting,conversation_flow,augmented,simple
9021,Почём отбеливание пожалуйста,faq,price,faq_flow,augmented,simple
4273,Отклоолся кусочек зуба,anamnesis,complaint,anamnesis_flow,augmented,simple
3646,РАЗОЧАРОВАН.,negative_feedback,general,escalation_flow,augmented,simple
6004,Цена на рбекеты?,faq,price,faq_flow,augmented,simple
8140,Можно Раньше...,booking,reschedule,booking_flow,augmented,simple
1389,После пломбирование у Иванова стало хуже,negative_feedback,quality,escalation_flow,variation,medium
4916,"Привет, алло",conversational,greeting,conversation_flow,augmented,complex
4404,"Отмените, пожлауйста спасибо",booking,cancel,booking_flow,augmented,complex
553,Планирую консультацию заранее спасибо,anamnesis,services,anamnesis_flow,augmented,simple
1644,записьк  челюстно-лицевому хирургу на среду,booking,new_appointment,booking_flow,augmented,simple
4150,"Подскажите, мне не перезвонили давно спасибо",negative_feedback,service_issue,escalation_flow,augmented,complex
8697,ресатврацию не помогло,negative_feedback,quality,escalation_flow,augmented,simple
3232,Перенесите на следующуюн еделю?,booking,reschedule,booking_flow,augmented,simple
4786,Телефон не отвечает спасибо пожалуйста,negative_feedback,service_issue,escalation_flow,augmented,simple
4041,Требую компенсацию пожалуйста,negative_feedback,general,escalation_flow,augmented,simple
4946,Не совсем понял спасибо,faq,followup,faq_flow,augmented,simple
7285,Нужно коронку 😢,anamnesis,services,anamnesis_flow,augmented,simple
3871,Запись к пародонтологу на среду,booking,new_appointment,booking_flow,variation,simple
7063,Пока не решил 🙏,conversational,unclear,clarification_flow,augmented,simple
1639,Буду заранее спасибо,conversational,confirmation,conversation_flow,augmented,simple
7283,После осмотр у Иванова стало хуже!,negative_feedback,quality,escalation_flow,augmented,medium
2097,принимаете наличные 🦷,faq,clinic_info,faq_flow,augmented,simple
2927,"Привет, это возмутительно",negative_feedback,general,escalation_flow,augmented,complex
5885,Здрасвтвуйте!,conversational,greeting,conversation_flow,augmented,simple
5687,Привет заранее спасибо пожалуйста,conversational,greeting,conversation_flow,augmented,simple
5289,"Добрый день, это безобразие 😢",negative_feedback,general,escalation_flow,augmented,complex
701,Интересует протезирование?!,anamnesis,services,anamnesis_flow,augmented,simple
997,"Здравствйуте, угу",conversational,confirmation,conversation_flow,augmented,complex
369,Договорились спасибо,conversational,confirmation,conversation_flow,augmented,simple
4250,Не смогу в назначенное время пожалуйста,booking,reschedule,booking_flow,augmented,medium
2545,Можно перенести на понедельник спасибо,booking,reschedule,booking_flow,augmented,simple
1418,Какая цЕна спасибо,faq,price,faq_flow,augmented,simple
2163,"Здравствуйте, пока не решил 😊",conversational,unclear,clarification_flow,augmented,complex
838,"Подскажите, до свидания заранее спасибо",conversational,farewell,conversation_flow,augmented,complex
7811,Всего хорошего спасибо,conversational,farewell,conversation_flow,augmented,simple
4681,Сколько длится лечение кариеса!,faq,procedure,faq_flow,augmented,simple
3337,"Добрый день, не приду",booking,cancel,booking_flow,augmented,complex
298,Не решил ещё пожалуйста,conversational,unclear,clarification_flow,augmented,simple
1292,"Скажите, хочу отменить запись 😊",booking,cancel,booking_flow,augmented,complex
1886,работаете в празндики?,faq,clinic_info,faq_flow,augmented,simple
2903,Есть экстрЕнный приём пожалуйста,booking,new_appointment,booking_flow,augmented,simple
8740,"Скажите, спасибо, до свидания",conversational,gratitude,conversation_flow,augmented,complex
8403,"Добрый день, посоветуюсь",conversational,unclear,clarification_flow,augmented,complex
6086,"Добрый день, есть WhatAspp?",faq,clinic_info,faq_flow,augmented,complex
9445,"Привет, врач Козловой не объяснил",negative_feedback,staff,escalation_flow,augmented,complex
916,"Скажите, алло заранее спасибо",conversational,greeting,conversation_flow,augmented,complex
5614,Запишите к гигиенисту,booking,new_appointment,booking_flow,variation,simple
5901,Запись к челюстно-лицевому хирургу на четверг,booking,new_appointment,booking_flow,variation,medium
1630,ПЕРЕЗАПИШИТЕ НА ДРУГОЕ ВРЕМЯ.,booking,reschedule,booking_flow,augmented,simple
1515,Какой адрес...,faq,clinic_info,faq_flow,augmented,simple
8992,Так и не перезвонили заранее спасибо,negative_feedback,service_issue,escalation_flow,augmented,medium
9285,Отмена приёма!,booking,cancel,booking_flow,augmented,simple
5519,Перенесите на следующую неделю!,booking,reschedule,booking_flow,augmented,simple
8624,Интересует консультацию,anamnesis,services,anamnesis_flow,variation,simple
5965,"Скажите, какой Адрес?",faq,clinic_info,faq_flow,augmented,complex
3515,"Привет, после виниры у Петровой стало хуже",negative_feedback,quality,escalation_flow,augmented,complex
8306,"Скажите, добрый вчеер",conversational,greeting,conversation_flow,augmented,complex
1159,Сколько нельзя пить алкоголь после КТ?,faq,visit_prep,faq_flow,variation,medium
7702,Можно перенести на на этой неделе?!,booking,reschedule,booking_flow,augmented,medium
4211,ВсЕго хороешго,conversational,farewell,conversation_flow,augmented,simple
7837,Сколько стоит лечение кариеса!,faq,price,faq_flow,augmented,simple
7062,"Подскажите, дуачи",conversational,farewell,conversation_flow,augmented,complex
1914,Отмените приём 👍,booking,cancel,booking_flow,augmented,simple
7816,Сколько стоит элайнеры 🦷,faq,price,faq_flow,augmented,simple
7979,У мен ятреснул зуб,anamnesis,complaint,anamnesis_flow,augmented,simple
9205,СИДОРОВА БЫЛ ГРУБ пожалуйста,negative_feedback,staff,escalation_flow,augmented,simple
7649,чем полоскать после удаления пожалуйста,faq,visit_prep,faq_flow,augmented,simple
7369,Это правда необходимо!,faq,followup,faq_flow,augmented,simple
5406,"откололся зуб, что делать 😊",anamnesis,complaint,anamnesis_flow,augmented,complex
6592,передний зуб сильно болит,anamnesis,symptom,anamnesis_flow,variation,simple
7374,Договорились 🦷,conversational,confirmation,conversation_flow,augmented,simple
8104,Нужен протез пожалуйста,anamnesis,services,anamnesis_flow,augmented,simple
5278,Сколько нельзя есть после КТ пожалуйста,faq,visit_prep,faq_flow,augmented,medium
7085,Это правда неохбодимо?,faq,followup,faq_flow,augmented,simple
8474,Ага.,conversational,confirmation,conversation_flow,augmented,simple
1376,Интересеут виниры...,anamnesis,services,anamnesis_flow,augmented,simple
3569,"отмените запись, форс-мажор пожалуйста",booking,cancel,booking_flow,augmented,complex
4089,Запись к хирургу на пятницу пожалуйста,booking,new_appointment,booking_flow,augmented,medium
7760,Интересуетэ лайнеры,anamnesis,services,anamnesis_flow,augmented,simple
414,Как проходит лечение 🦷 спасибо,faq,procedure,faq_flow,augmented,simple
2298,протезирование сколько стоит?,faq,price,faq_flow,variation,simple
6856,Что будут делать пожалуйста,faq,procedure,faq_flow,augmented,simple
4287,"Скажите, до встерчи",conversational,farewell,conversation_flow,augmented,complex
7407,Перенесите на воскресенье,booking,reschedule,booking_flow,variation,simple
5924,снимок это больно?,faq,procedure,faq_flow,variation,simple
6346,Можно перенести на пятницу 😢,booking,reschedule,booking_flow,augmented,simple
9743,А что лучше спасибо,faq,followup,faq_flow,augmented,simple
2228,"Здравствуйте, пока не решил",conversational,unclear,clarification_flow,augmented,complex
1810,Сидроова был груб,negative_feedback,staff,escalation_flow,augmented,simple
6390,сколько длится лечение каналов,faq,procedure,faq_flow,augmented,simple
4305,Грубо обошлись,negative_feedback,staff,escalation_flow,template,simple
1089,"Скажите, планирую коронку",anamnesis,services,anamnesis_flow,augmented,complex
5375,Принято,conversational,confirmation,conversation_flow,template,simple
8099,Всгео хорошего,conversational,farewell,conversation_flow,augmented,simple
2831,"Привет, зубы стали подвижными",anamnesis,complaint,anamnesis_flow,augmented,complex
980,А если неп оможет?,faq,followup,faq_flow,augmented,simple
1043,"Скажите, доброе утро!",conversational,greeting,conversation_flow,augmented,complex
4635,"Здравствуйте, как подготовиться к виниры",faq,visit_prep,faq_flow,augmented,complex
9145,брекеыт это больно?,faq,procedure,faq_flow,augmented,simple
2772,Не приду.,booking,cancel,booking_flow,augmented,simple
1499,Спасибо за информацию 😊,conversational,gratitude,conversation_flow,augmented,simple
7231,А ЕСЛИ НЕ ПОМОЖЕТ?!,faq,followup,faq_flow,augmented,simple
5914,Какая ценан а реставрацию 🦷,faq,price,faq_flow,augmented,simple
8823,Не сообщили о переносе,negative_feedback,service_issue,escalation_flow,template,simple
1174,профгигиену не помогло 🙏,negative_feedback,quality,escalation_flow,augmented,simple
5191,"Скажите, хочу лечение кариеса спасибо",anamnesis,services,anamnesis_flow,augmented,complex
4058,После элайнеры у Кузнецовой стало хуже,negative_feedback,quality,escalation_flow,variation,medium
7710,Записал!!,conversational,confirmation,conversation_flow,augmented,simple
3253,Запишите на элайнеры,booking,new_appointment,booking_flow,variation,simple
1816,Подскажите подробнее 😢 заранее спасибо,faq,followup,faq_flow,augmented,simple
8423,Хорошего дня спасибо,conversational,farewell,conversation_flow,augmented,simple
9444,что лучше выбрать,faq,procedure,faq_flow,augmented,simple
8111,Поак не решил,conversational,unclear,clarification_flow,augmented,simple
2675,"Да, хорошо",conversational,confirmation,conversation_flow,template,simple
4138,После протезирование у Лебедевой стало хуже!!,negative_feedback,quality,escalation_flow,augmented,medium
6253,"Здравстувйте, что посоветуете?",faq,followup,faq_flow,augmented,complex
7133,КАКАЯ ЦЕНА НА ВИНИРЫ ЗАРАНЕЕ СПАСИБО,faq,price,faq_flow,augmented,medium
5281,Мне не перезовнили со вчера,negative_feedback,service_issue,escalation_flow,augmented,simple
7708,Возможно пожлауйста,conversational,unclear,clarification_flow,augmented,simple
5772,"Добрый день, не получается в это время пожалуйста",booking,reschedule,booking_flow,augmented,complex
3188,"Да, хорошо.",conversational,confirmation,conversation_flow,augmented,complex
4537,Работаете в вторник!!,faq,clinic_info,faq_flow,augmented,simple
9109,Врач Волкова не объяснил пожалуйста,negative_feedback,staff,escalation_flow,augmented,simple
6225,Удачи 👍 😢,conversational,farewell,conversation_flow,augmented,simple
183,Нужно перенсети 👍,booking,reschedule,booking_flow,augmented,simple
1263,"Скажите, сКОЛЬКО НЕЛЬЗЯ ПИТЬ ПОСЛЕ ЛЕЧЕНИЕ КАНАЛОВ?",faq,visit_prep,faq_flow,augmented,complex
2806,Перезвоню 😊,conversational,unclear,clarification_flow,augmented,simple
2511,Болит коренной зуб уже с утра,anamnesis,symptom,anamnesis_flow,variation,medium
7261,"Отмените, пожалуйста 😢",booking,cancel,booking_flow,augmented,complex
2375,кузнецово йбыл груб,negative_feedback,staff,escalation_flow,augmented,simple
1628,ХОЧУ ЛЕЧЕНИЕ КАНАЛОВ 😢,anamnesis,services,anamnesis_flow,augmented,simple
7326,"Не смогу рпийти, уезжаю",booking,cancel,booking_flow,augmented,complex
7149,Интересует имплантация,anamnesis,services,anamnesis_flow,template,simple
6125,"Заболел, не приду 🦷",booking,cancel,booking_flow,augmented,complex
4033,Не уверен 😊,conversational,unclear,clarification_flow,augmented,simple
1336,Работаете в пятницу.,faq,clinic_info,faq_flow,augmented,simple
4407,"Добрый день, зуб изменил цвет",anamnesis,complaint,anamnesis_flow,augmented,complex
8188,работаеет в завтра?,faq,clinic_info,faq_flow,augmented,simple
7855,Плохаяк лниика,negative_feedback,general,escalation_flow,augmented,simple
5748,как проходит лечение кариеса пожалуйста,faq,procedure,faq_flow,augmented,simple
2487,"Здравствуйте, администратор нахамил",negative_feedback,staff,escalation_flow,augmented,complex
8041,Добырй день!,conversational,greeting,conversation_flow,augmented,simple
3006,"Привет, сколько длится кт?",faq,procedure,faq_flow,augmented,complex
490,"Подскажите, ладно спасибо",conversational,confirmation,conversation_flow,augmented,complex
7843,Верните денгьи,negative_feedback,general,escalation_flow,augmented,simple
2929,Хочу коронку спасибо!!,anamnesis,services,anamnesis_flow,augmented,simple
6108,Когда можно курить после удаления?,faq,visit_prep,faq_flow,template,simple
2083,Првиет спасибо,conversational,greeting,conversation_flow,augmented,simple
878,Всего доброго,conversational,farewell,conversation_flow,template,simple
2676,Долгоо формляли документы,negative_feedback,service_issue,escalation_flow,augmented,simple
8554,После коронку у Иванова стало хуже заранее спасибо,negative_feedback,quality,escalation_flow,augmented,medium
6837,Надо подумать?,conversational,unclear,clarification_flow,augmented,simple
7147,Сколько нельзя пить после протезирование 😢,faq,visit_prep,faq_flow,augmented,medium
3741,Болит коренной зуб уже две недели заранее спасибо,anamnesis,symptom,anamnesis_flow,augmented,medium
9929,Почём реставрацию пожалуйста,faq,price,faq_flow,augmented,simple
6261,буду пожалуйста,conversational,confirmation,conversation_flow,augmented,simple
524,"Скажите, коронка слетела заранее спасибо",anamnesis,complaint,anamnesis_flow,augmented,complex
6818,Непроефссиональное отношение заранее спасибо,negative_feedback,staff,escalation_flow,augmented,simple
2010,Ждал несколько дней 🙏,negative_feedback,service_issue,escalation_flow,augmented,simple
8691,"Подскажите, да, хорошо",conversational,confirmation,conversation_flow,augmented,complex
4979,Сколько длится бректеы?,faq,procedure,faq_flow,augmented,simple
2427,"Не смогу пирйти, занят на работе",booking,cancel,booking_flow,augmented,complex
6111,"УТОЧНИТЕ, ПОЖАЛУСЙТА",faq,followup,faq_flow,augmented,complex
8344,Какая цена на брекеты?,faq,price,faq_flow,variation,simple
4170,"Здравствуйте, прикусил щёку",anamnesis,complaint,anamnesis_flow,augmented,complex
246,Запись к ортопеду на четверг,booking,new_appointment,booking_flow,variation,simple
7102,Удачи 🙏?,conversational,farewell,conversation_flow,augmented,simple
8908,Запись к гигиенисту на пятницу,booking,new_appointment,booking_flow,variation,simple
5922,КАК ПРОХОДИТ ПРОТЕЗИРОВАНИЕ 😊,faq,procedure,faq_flow,augmented,simple
84,"Здравствуйте, вЕРХНЯЯ ДЕСНА ПОСТОЯННО БОЛИТ",anamnesis,symptom,anamnesis_flow,augmented,complex
4323,Во склоько обойдётся?,faq,price,faq_flow,augmented,simple
133,Почём лечение кариеса?,faq,price,faq_flow,variation,simple
1149,Сломался протез 👍,anamnesis,complaint,anamnesis_flow,augmented,simple
7002,Можно оплатить картой?,faq,clinic_info,faq_flow,template,simple
2981,Как  квам проехать?,faq,clinic_info,faq_flow,augmented,simple
277,ага спасибо,conversational,confirmation,conversation_flow,augmented,simple
2687,ЗАПИСЬ КУДА-ТО ПРОПАЛА 🙏,negative_feedback,service_issue,escalation_flow,augmented,simple
6555,Ладно пожалуйста,conversational,confirmation,conversation_flow,augmented,simple
1142,Перезапишите на 18:00 🦷,booking,reschedule,booking_flow,augmented,simple
8079,требую компенсцаию,negative_feedback,general,escalation_flow,augmented,simple
5611,Сколько нельзя пить алкоголь после удаление?,faq,visit_prep,faq_flow,variation,medium
584,Мне не перезвонили с утра пожалуйста,negative_feedback,service_issue,escalation_flow,augmented,medium
8713,Спасибо за помощь пожалуйста пожалуйста,conversational,gratitude,conversation_flow,augmented,simple
1079,"Отмените запись, не смогу",booking,cancel,booking_flow,variation,simple
1105,верхний зуб ночью болит,anamnesis,symptom,anamnesis_flow,variation,simple
6545,"Подскажите, я вма перезвоню",conversational,unclear,clarification_flow,augmented,complex
3610,После виниры у Смирновой стало хуже заранее спасибо,negative_feedback,quality,escalation_flow,augmented,medium
2625,Боль отдаёт в ухо,anamnesis,symptom,anamnesis_flow,template,simple
9370,Спасибо за помощь 🙏,conversational,gratitude,conversation_flow,augmented,simple
5672,Хочу оставить жалобу.,negative_feedback,general,escalation_flow,augmented,simple
8395,"Добрый день, отмените запись, не смогу",booking,cancel,booking_flow,augmented,complex
6451,Расксажитеб ольше,faq,followup,faq_flow,augmented,simple
1094,А если я ен буду...,faq,followup,faq_flow,augmented,simple
2258,врач новикова не объяснил спасибо,negative_feedback,staff,escalation_flow,augmented,simple
757,Планирую удаление заранее спасибо,anamnesis,services,anamnesis_flow,augmented,simple
351,ОК!!,conversational,confirmation,conversation_flow,augmented,simple
8704,Невежливое обслуживание!!,negative_feedback,staff,escalation_flow,augmented,simple
2459,коронку это больно?,faq,procedure,faq_flow,variation,simple
3246,Запись к детскому стоматологу на воскресенье,booking,new_appointment,booking_flow,variation,medium
1721,Перезвною,conversational,unclear,clarification_flow,augmented,simple
525,Сиодрова был груб,negative_feedback,staff,escalation_flow,augmented,simple
1586,есть рассрочка спасибо,faq,price,faq_flow,augmented,simple
3906,Не сейачс,conversational,unclear,clarification_flow,augmented,simple
1225,Мне не перезвонили со вчера спасибо,negative_feedback,service_issue,escalation_flow,augmented,medium
7080,Врач Козловой не объяснил,negative_feedback,staff,escalation_flow,variation,simple
1666,"Подскажите, какие ещё варианты?",faq,followup,faq_flow,augmented,complex
9870,Хочу перенести на утро заранее спасибо,booking,reschedule,booking_flow,augmented,medium
5659,Так и не перезвонили 👍,negative_feedback,service_issue,escalation_flow,augmented,simple
9447,Язвочки на силзистой,anamnesis,complaint,anamnesis_flow,augmented,simple
7692,Отмена записи 🙏,booking,cancel,booking_flow,augmented,simple
3092,Перезапишите на день пожалуйста,booking,reschedule,booking_flow,augmented,simple
9041,До скольки работаете,faq,clinic_info,faq_flow,augmented,simple
2588,У меня боль при жевании несколько дней,anamnesis,symptom,anamnesis_flow,variation,medium
3673,Моей записи нет 🦷,negative_feedback,service_issue,escalation_flow,augmented,simple
1301,"скажите, профгигиену это больно?",faq,procedure,faq_flow,augmented,complex
4422,Хочу невидимые каппы,anamnesis,services,anamnesis_flow,template,simple
2098,ПЕРЕНЕСИТЕ НА СУББОТУ?,booking,reschedule,booking_flow,augmented,simple
2279,"Привет, пломба выпала через неделю 🦷",negative_feedback,quality,escalation_flow,augmented,complex
4336,"Подскажите, до скольки работаете?",faq,clinic_info,faq_flow,augmented,complex
7317,Планирую брекеты?!,anamnesis,services,anamnesis_flow,augmented,simple
3034,Принимаете ДМС 👍,faq,clinic_info,faq_flow,augmented,simple
1364,Благодарю вас?!,conversational,gratitude,conversation_flow,augmented,simple
5287,Что если не помжоет?,faq,followup,faq_flow,augmented,simple
7500,прощайте.,conversational,farewell,conversation_flow,augmented,simple
7774,Хочу почистить зубы,anamnesis,services,anamnesis_flow,template,simple
5184,"Привет, принимаете дмс?",faq,clinic_info,faq_flow,augmented,complex
5732,Воспаление после удаления 🦷,negative_feedback,quality,escalation_flow,augmented,simple
2482,Не знаю 😊 заранее спасибо,conversational,unclear,clarification_flow,augmented,simple
6978,Прощайте спасибо 😢,conversational,farewell,conversation_flow,augmented,simple
9859,Интересует Air-Flow спасибо!,anamnesis,services,anamnesis_flow,augmented,simple
1312,Случилось выпала пломба!,anamnesis,complaint,anamnesis_flow,augmented,simple
2574,"Здравствуйте, не могу дозвониться",negative_feedback,service_issue,escalation_flow,augmented,complex
2272,какую щётку использовать спасибо,faq,visit_prep,faq_flow,augmented,simple
8510,"Привет, здравствуйте, есть время на четверг?",booking,new_appointment,booking_flow,augmented,complex
8226,Невежливо ответили спасибо,negative_feedback,staff,escalation_flow,augmented,simple
709,Позовиет главврача,negative_feedback,general,escalation_flow,augmented,simple
14,Недопустимо 👍,negative_feedback,general,escalation_flow,augmented,simple
7537,Интересует Air-Flow,anamnesis,services,anamnesis_flow,template,simple
7625,"Здравствуйте, интересует КТ",anamnesis,services,anamnesis_flow,augmented,complex
8399,Зуб потемнел 🦷,anamnesis,complaint,anamnesis_flow,augmented,simple
3869,есть ортодонт?!,faq,clinic_info,faq_flow,augmented,simple
3723,Подскажите подробнее.,faq,followup,faq_flow,augmented,simple
616,После консультацию у Смирновой стало хуже!!,negative_feedback,quality,escalation_flow,augmented,medium
2384,можно записаться онлайн 😢,faq,clinic_info,faq_flow,augmented,simple
1627,Перенесите на понедельник заранее спасибо,booking,reschedule,booking_flow,augmented,simple
2246,"Скажите, сЛУЧИЛОСЬ ШАТАЕТСЯ ЗУБ",anamnesis,complaint,anamnesis_flow,augmented,complex
8275,Интересуют брекеты,anamnesis,services,anamnesis_flow,template,simple
3827,Интересует эстетическая стоматология,anamnesis,services,anamnesis_flow,template,simple
9775,"Подскажите, есть лазер?",faq,clinic_info,faq_flow,augmented,complex
6442,сколько стоит имплантацию 😢,faq,price,faq_flow,augmented,simple
3611,Есть скидки пенисонерам?,faq,price,faq_flow,augmented,simple
5360,ХОЧУ СНИМОК ПОЖАЛУЙСТА,anamnesis,services,anamnesis_flow,augmented,simple
9270,"Подскажите, треснул зуб, что делать?",anamnesis,complaint,anamnesis_flow,augmented,complex
1259,Можно заниматься спортом после?,faq,visit_prep,faq_flow,template,simple
8932,Спасибо блоьшое,conversational,gratitude,conversation_flow,augmented,simple
5115,Это правда необходимо спасибо...,faq,followup,faq_flow,augmented,simple
1616,"Скажите, долго жДал в очереди",negative_feedback,service_issue,escalation_flow,augmented,complex
2340,"Привет, сколько длится КТ",faq,procedure,faq_flow,augmented,complex
8627,"Скажите, как подготовиться к Коронку?",faq,visit_prep,faq_flow,augmented,complex
3567,Надо подумать пожалуйста пожалуйста,conversational,unclear,clarification_flow,augmented,simple
7784,Угу 😢,conversational,confirmation,conversation_flow,augmented,simple
4581,Пок а🙏,conversational,farewell,conversation_flow,augmented,simple
1479,Интересует лечение кариеса заранее спасибо,anamnesis,services,anamnesis_flow,augmented,simple
2947,"Не мсогу прийти, уезжаю",booking,cancel,booking_flow,augmented,complex
2239,Работаете в послезавтра 😢,faq,clinic_info,faq_flow,augmented,simple
9365,Не сообщили о переносе 🦷 😢,negative_feedback,service_issue,escalation_flow,augmented,medium
6603,Работаете в выходные пожалуйста,faq,clinic_info,faq_flow,augmented,simple
9343,МОЖНО БЕЗ ЭТОГО спасибо,faq,followup,faq_flow,augmented,simple
1441,Хорошего дн я😊,conversational,farewell,conversation_flow,augmented,simple
6588,коронку ен помогло,negative_feedback,quality,escalation_flow,augmented,simple
7932,ХОЧУ ОСТАВИЬТ ЖАЛОБУ,negative_feedback,general,escalation_flow,augmented,simple
7278,Доброе утро!!,conversational,greeting,conversation_flow,augmented,simple
8800,Сколько нельзя курить после лечение каналов?,faq,visit_prep,faq_flow,variation,medium
322,Перенесите на слдеующую неделю,booking,reschedule,booking_flow,augmented,simple
5805,Большое спасибо пожалуйста,conversational,gratitude,conversation_flow,augmented,simple
1975,Удачи...,conversational,farewell,conversation_flow,augmented,simple
1880,"Поясните, пожалуйста",faq,followup,faq_flow,template,simple
2850,"Скажите, зА СКОЛЬКО НЕЛЬЗЯ ЕСТЬ?",faq,visit_prep,faq_flow,augmented,complex
6282,Морозоовй был груб,negative_feedback,staff,escalation_flow,augmented,simple
3305,"Добрый день, не смогу прийти, занят на работе 👍",booking,cancel,booking_flow,augmented,complex
8496,"Скажите, приВет!",conversational,greeting,conversation_flow,augmented,complex
711,Хочу поговорить с руководством 👍,negative_feedback,general,escalation_flow,augmented,simple
8426,Как подготовиться к элайнеры?,faq,visit_prep,faq_flow,variation,simple
2002,"Заболел, не приду 🙏",booking,cancel,booking_flow,augmented,complex
6265,КТ это больно?,faq,procedure,faq_flow,variation,simple
657,Расскажите блоьше,faq,followup,faq_flow,augmented,simple
1111,"Здравствуйте, скажите, эй",conversational,greeting,conversation_flow,augmented,complex
5555,"Добрый день, челюсть постоянно болит",anamnesis,symptom,anamnesis_flow,augmented,complex
4536,"Скажите, запись к гигиенисту на вторник",booking,new_appointment,booking_flow,augmented,complex
1244,Спасибо большое пожалуйста,conversational,gratitude,conversation_flow,augmented,simple
1828,После отбеливание у Иванова стало хуже,negative_feedback,quality,escalation_flow,variation,medium
1518,Приложение глючит 👍,negative_feedback,service_issue,escalation_flow,augmented,simple
5447,Записал!,conversational,confirmation,conversation_flow,augmented,simple
2442,Плохая клиника,negative_feedback,general,escalation_flow,template,simple
3765,Добрый день...,conversational,greeting,conversation_flow,augmented,simple
566,Запись куда-то пропала пожалуйста,negative_feedback,service_issue,escalation_flow,augmented,simple
1691,Спасибо за информацию заранее спасибо,conversational,gratitude,conversation_flow,augmented,simple
2635,"Подскажите, буду",conversational,confirmation,conversation_flow,augmented,complex
3894,Хочу реставрацию,anamnesis,services,anamnesis_flow,variation,simple
3224,Хочу к гигиенисту,booking,new_appointment,booking_flow,variation,simple
7433,"Здравствуйте, можно перенести на на этой неделе?",booking,reschedule,booking_flow,augmented,complex
6069,"Добрый день, добрый вечер 👍",conversational,greeting,conversation_flow,augmented,complex
7642,После консультацию у Козловой стало хуже,negative_feedback,quality,escalation_flow,variation,medium
4140,Какие ещё варианты 😢,faq,followup,faq_flow,augmented,simple
3583,это возмутительно спасибо,negative_feedback,general,escalation_flow,augmented,simple
461,"ЗДРАВСТВУЙТЕ, НУЖНО ИЗМЕНИТЬ ДАТУ ПРИЁМА",booking,reschedule,booking_flow,augmented,complex
6053,"Отмените запись, занят на работе 🙏",booking,cancel,booking_flow,augmented,complex
7375,"Привет, не уверен",conversational,unclear,clarification_flow,augmented,complex
2435,реставрацию не помогло,negative_feedback,quality,escalation_flow,variation,simple
3216,"Не смогу прийти, не смогу спасибо",booking,cancel,booking_flow,augmented,complex
1894,У меня откололся узб,anamnesis,complaint,anamnesis_flow,augmented,simple
2280,Болти шестёрка уже с утра,anamnesis,symptom,anamnesis_flow,augmented,simple
3225,"Добрый день, у меня слтеела коронка",anamnesis,complaint,anamnesis_flow,augmented,complex
9294,У меня выпала пломба,anamnesis,complaint,anamnesis_flow,template,simple
5682,Есть лазер.,faq,clinic_info,faq_flow,augmented,simple
6618,"Подскажите, прощайте пожалуйста",conversational,farewell,conversation_flow,augmented,complex
2958,ПеТровой был груб 🦷,negative_feedback,staff,escalation_flow,augmented,simple
3031,Врач Кузнецовой не объяснил спасибо.,negative_feedback,staff,escalation_flow,augmented,simple
7488,Сколько нельзя курить после чистку.,faq,visit_prep,faq_flow,augmented,simple
6996,"Привет, спасибо",conversational,gratitude,conversation_flow,augmented,complex
9921,"Добрый день, хорошо 😊",conversational,confirmation,conversation_flow,augmented,complex
4556,Перенесите на на следующей неделе 👍,booking,reschedule,booking_flow,augmented,medium
9786,"Добрый день, да, хорошо?!",conversational,confirmation,conversation_flow,augmented,complex
814,Надо подумать заранее спасибо,conversational,unclear,clarification_flow,augmented,simple
6357,Сколько нельзя пить алкоголь после виниры!!,faq,visit_prep,faq_flow,augmented,medium
6634,"Скажите, перезвоню",conversational,unclear,clarification_flow,augmented,complex
4257,Эй,conversational,greeting,conversation_flow,template,simple
1705,А ЧТО БУДЕТ ЕСЛИ!,faq,followup,faq_flow,augmented,simple
6137,"Скажите, пока не решил",conversational,unclear,clarification_flow,augmented,complex
3750,Алло 😢...,conversational,greeting,conversation_flow,augmented,simple
8544,Больно открывать рот,anamnesis,symptom,anamnesis_flow,template,simple
5613,можно перенести на азвтра?,booking,reschedule,booking_flow,augmented,simple
9071,"Привет, где находится клиника?",faq,clinic_info,faq_flow,augmented,complex
235,Запись к пародонтологу на четверг,booking,new_appointment,booking_flow,variation,simple
9313,Врач опоздал,negative_feedback,service_issue,escalation_flow,template,simple
3719,Долго ли это?,faq,procedure,faq_flow,template,simple
8235,верхний зуб болит немного,anamnesis,symptom,anamnesis_flow,variation,simple
9422,Врач был невнимателен 😢,negative_feedback,staff,escalation_flow,augmented,simple
5382,Можно перенести на пятницу,booking,reschedule,booking_flow,augmented,simple
1494,Какая цена на пломбирование?,faq,price,faq_flow,variation,simple
2692,"Привет, интересует реставрацию?!",anamnesis,services,anamnesis_flow,augmented,complex
7495,"Скажите, планирую осмотр 😊",anamnesis,services,anamnesis_flow,augmented,complex
6027,Хоуч лечение кариеса,anamnesis,services,anamnesis_flow,augmented,simple
6392,как подготовиться  ккоронку?,faq,visit_prep,faq_flow,augmented,simple
3851,Есть ли приём сегодня?,booking,new_appointment,booking_flow,template,simple
5691,снимок это боьлно?,faq,procedure,faq_flow,augmented,simple
7065,Запись куда-то пропала.,negative_feedback,service_issue,escalation_flow,augmented,simple
9478,Конечно 😢,conversational,confirmation,conversation_flow,augmented,simple
1563,"Здравствуйте, после снимок у Петровой стало хуже",negative_feedback,quality,escalation_flow,augmented,complex
9099,Какая цена на реставрацию,faq,price,faq_flow,augmented,simple
55,"Отмените запись, азболел",booking,cancel,booking_flow,augmented,complex
1876,"Здравствуйте, что вы рекомендуете 🙏",faq,followup,faq_flow,augmented,complex
8607,Возможно...,conversational,unclear,clarification_flow,augmented,simple
7068,"Здравствуйте, перезвоню 😊",conversational,unclear,clarification_flow,augmented,complex
6792,Перенесите на на этой неделе,booking,reschedule,booking_flow,variation,simple
5887,Хочу оставить жалобу спасибо.,negative_feedback,general,escalation_flow,augmented,simple
7960,Ужасный сервис пожалуйста пожалуйста,negative_feedback,general,escalation_flow,augmented,simple
8947,"Здравствуйте, врач Козловой не объяснил",negative_feedback,staff,escalation_flow,augmented,complex
4296,точно нужно...,faq,followup,faq_flow,augmented,simple
3072,Очень долго ждал 🙏,negative_feedback,service_issue,escalation_flow,augmented,simple
257,"Здравствуйте, сколько нельзя пить алкоголь после протезирование?",faq,visit_prep,faq_flow,augmented,complex
6041,ВрачК узнецовой не объяснил,negative_feedback,staff,escalation_flow,augmented,simple
6581,Сколько нельзя курить после консультацию,faq,visit_prep,faq_flow,augmented,simple
8756,Записал 😢,conversational,confirmation,conversation_flow,augmented,simple
5733,"Здравствуйте, снова болит после лечения",negative_feedback,quality,escalation_flow,augmented,complex
765,Перенеситен а понедельник,booking,reschedule,booking_flow,augmented,simple
7572,"Привет, посоветуюсь",conversational,unclear,clarification_flow,augmented,complex
4212,Сидорова был груб.,negative_feedback,staff,escalation_flow,augmented,simple
3376,Сколько длится?,faq,procedure,faq_flow,template,simple
5009,СКОЛЬКО СТОИТ КТ.,faq,price,faq_flow,augmented,simple
520,После виниры у Лебедевой стало хуже,negative_feedback,quality,escalation_flow,variation,medium
1996,Врач Иванова нео бъяснил,negative_feedback,staff,escalation_flow,augmented,simple
5205,Болит верхний зуб уже давно,anamnesis,symptom,anamnesis_flow,variation,simple
2076,протезирование это больно?,faq,procedure,faq_flow,variation,simple
874,Свободно ли завтра?,booking,new_appointment,booking_flow,template,simple
7093,"Скажите, отмените запись, уезжаю",booking,cancel,booking_flow,augmented,complex
109,"Привет, отмените приём заранее спасибо",booking,cancel,booking_flow,augmented,complex
568,"Привет, не смогу прийти, занят на работе пожалуйста",booking,cancel,booking_flow,augmented,complex
5284,Возможно.,conversational,unclear,clarification_flow,augmented,simple
3690,"Добрый день, а ЧТО БУДЕТ ЕСЛИ?",faq,followup,faq_flow,augmented,complex
4353,"Подскажите, можно без этого?",faq,followup,faq_flow,augmented,complex
6870,"Подскажите, хочу поговорить с руководством",negative_feedback,general,escalation_flow,augmented,complex
7856,Ок...,conversational,confirmation,conversation_flow,augmented,simple
5118,посоветуюсь!!,conversational,unclear,clarification_flow,augmented,simple
1607,СПАСИБО ЗА ИНФОРМАЦИЮ 👍,conversational,gratitude,conversation_flow,augmented,simple
426,Хочу изменить время записи,booking,reschedule,booking_flow,template,simple
910,Сколько длитсяп рофгигиену спасибо,faq,procedure,faq_flow,augmented,simple
5255,У меня пульсирующая боль давно,anamnesis,symptom,anamnesis_flow,variation,simple
7383,Как подготовиться к осмотр?,faq,visit_prep,faq_flow,variation,simple
841,"Отмените запись ,не смогу",booking,cancel,booking_flow,augmented,complex
3867,"Добрый день, да, хорошо",conversational,confirmation,conversation_flow,augmented,complex
8503,"Привет, какую щётку использовать?",faq,visit_prep,faq_flow,augmented,complex
8001,До скорого заранее спасибо спасибо,conversational,farewell,conversation_flow,augmented,simple
8743,Есть время на вечер?,booking,new_appointment,booking_flow,variation,simple
3789,"Подскажите, коронка не подошла",negative_feedback,quality,escalation_flow,augmented,complex
1382,"Здравствуйте, здравствуйте, приветствую",conversational,greeting,conversation_flow,augmented,complex
8492,Работаете в воскресенье пожалуйста,faq,clinic_info,faq_flow,augmented,simple
4441,до встречи 🙏,conversational,farewell,conversation_flow,augmented,simple
8122,Перенесите на среду,booking,reschedule,booking_flow,variation,simple
1498,Всего охрошего,conversational,farewell,conversation_flow,augmented,simple
3214,"Добрый день, болит шестёрка уже давно",anamnesis,symptom,anamnesis_flow,augmented,complex
3429,Хооршо!,conversational,confirmation,conversation_flow,augmented,simple
693,До скорого!,conversational,farewell,conversation_flow,augmented,simple
9783,Понял?,conversational,confirmation,conversation_flow,augmented,simple
3728,Работает ев сегодня?,faq,clinic_info,faq_flow,augmented,simple
3950,Прикусил щёку?,anamnesis,complaint,anamnesis_flow,augmented,simple
6365,Не уделили внимания пожалуйста,negative_feedback,staff,escalation_flow,augmented,simple
5031,"Здравствуйте, хочу возврат 🦷",negative_feedback,general,escalation_flow,augmented,complex
2463,Болит семёрка уже несколько дней,anamnesis,symptom,anamnesis_flow,variation,simple
287,Есть имплантолог?,faq,clinic_info,faq_flow,template,simple
3756,После снимок у Волкова стало хуже?,negative_feedback,quality,escalation_flow,augmented,medium
7848,Работаете с наркоозм?,faq,clinic_info,faq_flow,augmented,simple
9773,Болит передний зуб уже с утра,anamnesis,symptom,anamnesis_flow,variation,medium
1898,Сколько стоит отбеливание заранее спасибо,faq,price,faq_flow,augmented,simple
4042,верхний зуб болит периодически,anamnesis,symptom,anamnesis_flow,variation,simple
86,Зуб птоемнел,anamnesis,complaint,anamnesis_flow,augmented,simple
2894,Какая цена на коронку!!,faq,price,faq_flow,augmented,simple
1308,Врач опоздал На полчаса.,negative_feedback,service_issue,escalation_flow,augmented,simple
5132,У меня шатается зуб 😊,anamnesis,complaint,anamnesis_flow,augmented,simple
9825,"Скажите, перенесите на понедельник спасибо",booking,reschedule,booking_flow,augmented,complex
4262,Не заню?!,conversational,unclear,clarification_flow,augmented,simple
259,Какой адрес?,faq,clinic_info,faq_flow,template,simple
1608,Как проходит виниры 😢,faq,procedure,faq_flow,augmented,simple
2141,"Привет, нужно отменить",booking,cancel,booking_flow,augmented,complex
145,Можно без этого 🦷,faq,followup,faq_flow,augmented,simple
6084,Во сколько обойдётся?,faq,price,faq_flow,template,simple
6181,шестёрка болит сильно,anamnesis,symptom,anamnesis_flow,variation,simple
1189,Работаете в воскресенье!!,faq,clinic_info,faq_flow,augmented,simple
2249,"Здравствуйте, благодарю вас",conversational,gratitude,conversation_flow,augmented,complex
796,Отмена приёма заранее спасибо,booking,cancel,booking_flow,augmented,simple
4689,Хорошего дня 😢,conversational,farewell,conversation_flow,augmented,simple
4540,Приду.,conversational,confirmation,conversation_flow,augmented,simple
9087,Ждал с утра!!,negative_feedback,service_issue,escalation_flow,augmented,simple
4764,Где вы находитесь?,faq,clinic_info,faq_flow,template,simple
2581,Работаете в среду?,faq,clinic_info,faq_flow,variation,simple
6098,Ждал три дня 😢,negative_feedback,service_issue,escalation_flow,augmented,simple
6696,"Привет, где оставить жалобу?",negative_feedback,general,escalation_flow,augmented,complex
7103,ПОЗОВИТЕ ГЛАВВРАЧА 😊,negative_feedback,general,escalation_flow,augmented,simple
7685,Да 🙏,conversational,confirmation,conversation_flow,augmented,simple
3433,Не предупредили об изменениях,negative_feedback,service_issue,escalation_flow,template,simple
66,Сколько нельзя пить после элайнеры?,faq,visit_prep,faq_flow,variation,simple
6409,Приду!!,conversational,confirmation,conversation_flow,augmented,simple
4913,Телефон не отвечает,negative_feedback,service_issue,escalation_flow,template,simple
3607,Есть скидки пенсионерам?,faq,price,faq_flow,template,simple
8271,Какой адрес спасибо,faq,clinic_info,faq_flow,augmented,simple
2090,Ждал со вчера?!,negative_feedback,service_issue,escalation_flow,augmented,simple
913,Очень долго ждал заранее спасибо,negative_feedback,service_issue,escalation_flow,augmented,simple
1232,"Привет, хорошего дня?!",conversational,farewell,conversation_flow,augmented,complex
8650,А можно по-другому 🦷,faq,followup,faq_flow,augmented,simple
9836,У меня запах изо рта с утра пожалуйста,anamnesis,symptom,anamnesis_flow,augmented,medium
9603,"Не смогу прйити, занят на работе",booking,cancel,booking_flow,augmented,complex
1104,Перезапишите на день,booking,reschedule,booking_flow,variation,simple
1692,У меня ноющая боль два дня,anamnesis,symptom,anamnesis_flow,variation,medium
1598,какая цена на профгигиену заранее спасибо,faq,price,faq_flow,augmented,medium
7840,Болит зуб,anamnesis,symptom,anamnesis_flow,template,simple
542,Так  ине перезвонили заранее спасибо,negative_feedback,service_issue,escalation_flow,augmented,simple
4775,Можно перенести на среду спасибо,booking,reschedule,booking_flow,augmented,simple
7223,"Подскажите, почём элайнеры?",faq,price,faq_flow,augmented,complex
5958,Невежливое обслжуивание спасибо,negative_feedback,staff,escalation_flow,augmented,simple
2883,Хочу пожаловаться 👍,negative_feedback,general,escalation_flow,augmented,simple
4010,Хорошо 😊,conversational,confirmation,conversation_flow,augmented,simple
7665,У меня слетела коронка!,anamnesis,complaint,anamnesis_flow,augmented,simple
7164,Да!,conversational,confirmation,conversation_flow,augmented,simple
3195,Врач Кузнецовой не объяснил,negative_feedback,staff,escalation_flow,variation,simple
2389,Большое спсаибо,conversational,gratitude,conversation_flow,augmented,simple
1760,Наверное пожалуйста,conversational,unclear,clarification_flow,augmented,simple
3503,Спасибо за помощь 😊,conversational,gratitude,conversation_flow,augmented,simple
2819,Не решиле щё,conversational,unclear,clarification_flow,augmented,simple
346,Запись к челюстно-лицевому хирургу на в ближайшее время 🙏,booking,new_appointment,booking_flow,augmented,medium
1683,Как делают?!,faq,procedure,faq_flow,augmented,simple
6044,"Да, конечно 😢",conversational,confirmation,conversation_flow,augmented,complex
9685,Интересует имплантация?,anamnesis,services,anamnesis_flow,augmented,simple
8065,зуб мудрости очень болит!!,anamnesis,symptom,anamnesis_flow,augmented,simple
390,почёмл ечение кариеса?,faq,price,faq_flow,augmented,simple
3450,понятно 🙏,conversational,confirmation,conversation_flow,augmented,simple
3953,Запись к детскому стоматологу на послезавтра спасибо,booking,new_appointment,booking_flow,augmented,medium
7727,А если я н ебуду?,faq,followup,faq_flow,augmented,simple
9756,"здравствуйте, делаете панорамный снимок?",faq,clinic_info,faq_flow,augmented,complex
3127,КАК ПРОХОДИТ ЧИСТКУ...,faq,procedure,faq_flow,augmented,simple
8850,Да спасибо!,conversational,confirmation,conversation_flow,augmented,simple
199,Есьт WhatsApp 😊,faq,clinic_info,faq_flow,augmented,simple
7796,Можно перенести на послезавтра 👍,booking,reschedule,booking_flow,augmented,simple
5288,Хочу лечение каналов?!,anamnesis,services,anamnesis_flow,augmented,simple
6032,"Скажите, привет.",conversational,greeting,conversation_flow,augmented,complex
9674,После коронку у Иванова стало хуже,negative_feedback,quality,escalation_flow,variation,medium
308,Какая цена на удаление?,faq,price,faq_flow,variation,simple
4501,Пока 👍?!,conversational,farewell,conversation_flow,augmented,simple
4304,Можно перенести на послезавтра?,booking,reschedule,booking_flow,variation,simple
323,Сколько нельзя пить алкоголь после протезирование заранее спасибо?,faq,visit_prep,faq_flow,augmented,medium
4921,"Скажите, сколько стоит отбеливание?",faq,price,faq_flow,augmented,complex
1549,Пеерзвоню,conversational,unclear,clarification_flow,augmented,simple
9288,"откололяс зуб, что делать?",anamnesis,complaint,anamnesis_flow,augmented,complex
4923,"Добрый день, добрый день, есть прайс-лист?",faq,price,faq_flow,augmented,complex
8274,"Привет, спасибо?!",conversational,gratitude,conversation_flow,augmented,complex
9113,часы работы спасибо,faq,clinic_info,faq_flow,augmented,simple
6550,Как добраться.,faq,clinic_info,faq_flow,augmented,simple
4206,Приду спасибо 🙏,conversational,confirmation,conversation_flow,augmented,simple
4741,больше не приду.,negative_feedback,general,escalation_flow,augmented,simple
5101,Перенесите на послезавтра,booking,reschedule,booking_flow,variation,simple
107,"ЗДРАВСТВУЙТЕ, ЗАПИСЬ К ЭНДОДОНТИСТУ НА ПОСЛЕЗАВТРА",booking,new_appointment,booking_flow,augmented,complex
955,"шатается зуб, что делать?",anamnesis,complaint,anamnesis_flow,variation,simple
1185,Как проходит консультацию?,faq,procedure,faq_flow,variation,simple
8481,Хочу лечение кариеса спасибо 😊,anamnesis,services,anamnesis_flow,augmented,simple
274,это больно,faq,procedure,faq_flow,augmented,simple
4172,После элайнеры у Новикова стало хуже заранее спасибо,negative_feedback,quality,escalation_flow,augmented,medium
6746,После чистку у Козловой стало хуже...,negative_feedback,quality,escalation_flow,augmented,medium
3650,"Здравствуйте, кузнецовой был груб",negative_feedback,staff,escalation_flow,augmented,complex
8107,"Подскажите, сколько нельзя есть после КТ пожалуйста",faq,visit_prep,faq_flow,augmented,complex
949,До скорого...,conversational,farewell,conversation_flow,augmented,simple
8155,Не решил ещё 👍,conversational,unclear,clarification_flow,augmented,simple
8123,Сколько нельзя заниматься спортом после реставрацию 🙏,faq,visit_prep,faq_flow,augmented,medium
7259,"Подскажите, спасибо большое",conversational,gratitude,conversation_flow,augmented,complex
3818,Перенесите на пятниЦу заранее спасибо,booking,reschedule,booking_flow,augmented,simple
7963,откололся зуб!!,anamnesis,complaint,anamnesis_flow,augmented,simple
786,"Здравствуйте, болит верхний зуб уже месяц",anamnesis,symptom,anamnesis_flow,augmented,complex
9808,"Здравствуйте, есть микроскоп!",faq,clinic_info,faq_flow,augmented,complex
2671,будет больно.,faq,procedure,faq_flow,augmented,simple
6683,интересует элайнеры 😊,anamnesis,services,anamnesis_flow,augmented,simple
3749,РазоачРован,negative_feedback,general,escalation_flow,augmented,simple
6247,Спасибо большое!,conversational,gratitude,conversation_flow,template,simple
4057,Какая цена на профгигиену?,faq,price,faq_flow,variation,simple
5276,Перенесите запись 🙏,booking,reschedule,booking_flow,augmented,simple
7308,Запись к хирургу на среду!,booking,new_appointment,booking_flow,augmented,simple
717,Винир отклеился?,anamnesis,complaint,anamnesis_flow,augmented,simple
9790,Коорнка слетела,anamnesis,complaint,anamnesis_flow,augmented,simple
3590,Перезапишите на утро спасибо?!,booking,reschedule,booking_flow,augmented,simple
2194,Хочу поставить имплант,anamnesis,services,anamnesis_flow,template,simple
2426,Запись к эндодонтистун а в ближайшее время,booking,new_appointment,booking_flow,augmented,medium
9654,"ПОДСКАЖИТЕ, РАБОТАЕТЕ В ПРАЗДНИКИ?",faq,clinic_info,faq_flow,augmented,complex
1015,надо посовтеоваться,conversational,unclear,clarification_flow,augmented,simple
2197,"Отемните запись, не смогу",booking,cancel,booking_flow,augmented,complex
4963,Скололась эмаль спасибо,anamnesis,complaint,anamnesis_flow,augmented,simple
417,"Подскажите, надо подумать",conversational,unclear,clarification_flow,augmented,complex
9975,После имплантацию у Лебедевой стало хуже...,negative_feedback,quality,escalation_flow,augmented,medium
6068,Запись к имплантологу на утро,booking,new_appointment,booking_flow,variation,simple
1501,Перенесите на субботу?!,booking,reschedule,booking_flow,augmented,simple
1973,Какие ещё варианты 😊,faq,followup,faq_flow,augmented,simple
1604,Пока не решил 👍,conversational,unclear,clarification_flow,augmented,simple
3523,Запишите на имплантцаию пожалуйста,booking,new_appointment,booking_flow,augmented,simple
5761,Врач Иванован е обяъснил,negative_feedback,staff,escalation_flow,augmented,simple
9837,"Добрый ден,ь верните деньги",negative_feedback,general,escalation_flow,augmented,complex
7965,Уберите мою запись пожалуйста,booking,cancel,booking_flow,augmented,simple
2266,ДОБРЫЙД ЕНЬ,conversational,greeting,conversation_flow,augmented,simple
3711,Мне не перезвонили несколько дней 😊,negative_feedback,service_issue,escalation_flow,augmented,medium
2585,Торопили...,negative_feedback,staff,escalation_flow,augmented,simple
7338,Перенесите на в ближайшее вермя,booking,reschedule,booking_flow,augmented,simple
4385,Сколько нельзя есть после лечение каналов?,faq,visit_prep,faq_flow,variation,medium
7505,Перенесите на на следующей неделе,booking,reschedule,booking_flow,variation,simple
67,"Привет, спасибо за информацию 😢",conversational,gratitude,conversation_flow,augmented,complex
4686,Сколько стоитл ечение каналов?,faq,price,faq_flow,augmented,simple
7794,МН ЕНЕ ПЕРЕЗВОНИЛИ ДЕНЬ,negative_feedback,service_issue,escalation_flow,augmented,simple
9057,Не уверен 👍,conversational,unclear,clarification_flow,augmented,simple
1369,Принято?!,conversational,confirmation,conversation_flow,augmented,simple
3016,"Подскажите, ужасный сервис?",negative_feedback,general,escalation_flow,augmented,complex
3341,"Скажите, отбеливание это больно 👍",faq,procedure,faq_flow,augmented,complex
850,Я ва мперезвоню 🦷,conversational,unclear,clarification_flow,augmented,simple
1117,буду спасибо,conversational,confirmation,conversation_flow,augmented,simple
3701,"Подскажите, до свидания",conversational,farewell,conversation_flow,augmented,complex
4791,Это правда необходиМо пожалуйста,faq,followup,faq_flow,augmented,simple
7679,сколько нельзя пить после лечение каналов спасибо,faq,visit_prep,faq_flow,augmented,medium
5412,не могу дозвониться пожалуйста,negative_feedback,service_issue,escalation_flow,augmented,simple
3563,хочу на консультацию 👍,booking,new_appointment,booking_flow,augmented,simple
3267,Прощайте заранее спасибо пожалуйста,conversational,farewell,conversation_flow,augmented,simple
5867,"Здравствуйте, а вдруг не получится",faq,followup,faq_flow,augmented,complex
7926,Хочу снимок,anamnesis,services,anamnesis_flow,variation,simple
9845,"Привет, профгигиену сколько стоит?",faq,price,faq_flow,augmented,complex
7253,у меня запах изо рта с утра 👍,anamnesis,symptom,anamnesis_flow,augmented,medium
4240,РАБОТЕАТЕ В СЕГОДНЯ?,faq,clinic_info,faq_flow,augmented,simple
2853,"Подскажите, перенос записи",booking,reschedule,booking_flow,augmented,complex
7803,Больн оли?,faq,procedure,faq_flow,augmented,simple
8429,"привет, благодарю",conversational,gratitude,conversation_flow,augmented,complex
3131,Сколько нельзя курить после брекеты заранее спасибо,faq,visit_prep,faq_flow,augmented,medium
8486,"Добрый день, всего хорошего 😢",conversational,farewell,conversation_flow,augmented,complex
4634,"Здравствуйте, подскажите, хочу оставить жалобу",negative_feedback,general,escalation_flow,augmented,complex
7465,"Привет, что делать если болит после приёма?",faq,visit_prep,faq_flow,augmented,complex
1843,"Здравствуйте, приветствую заранее спасибо",conversational,greeting,conversation_flow,augmented,complex
6506,дос корого,conversational,farewell,conversation_flow,augmented,simple
7900,Сколько нельзя есть после чистку!,faq,visit_prep,faq_flow,augmented,simple
3220,"Скажите, что нельзя после чистку?",faq,visit_prep,faq_flow,augmented,complex
1487,Сколько нельзя пить после лечение кариеса,faq,visit_prep,faq_flow,augmented,medium
1003,Интересует пломбирование?!,anamnesis,services,anamnesis_flow,augmented,simple
1651,ПРИКУСИЛ ЩЁКУ!,anamnesis,complaint,anamnesis_flow,augmented,simple
5403,"Здравствуйте, запись к эндодонтисту на понедельНик",booking,new_appointment,booking_flow,augmented,complex
5927,"Здравствуйте, здорово.",conversational,greeting,conversation_flow,augmented,complex
1547,ВозможнО?!,conversational,unclear,clarification_flow,augmented,simple
225,Сколько нельзя заниматься спортом после протезирование?,faq,visit_prep,faq_flow,variation,medium
3692,КАКАЯ ЦЕНА НА ЭЛАЙНЕРЫ 😊,faq,price,faq_flow,augmented,simple
793,беспокоит острая боль 😢,anamnesis,symptom,anamnesis_flow,augmented,simple
198,Сколько нельзя пить после отбеливание 🦷,faq,visit_prep,faq_flow,augmented,medium
337,Болит шестёрка уже со вчера,anamnesis,symptom,anamnesis_flow,variation,simple
54,Что если не поможет 😊,faq,followup,faq_flow,augmented,simple
3621,После брекеты у Петровой стало хуже...,negative_feedback,quality,escalation_flow,augmented,medium
1362,Чтоп осоветуете пожалуйста,faq,followup,faq_flow,augmented,simple
4423,чистку это больно 😊...,faq,procedure,faq_flow,augmented,simple
503,Запись к гигиенисту на на этой неделе 👍,booking,new_appointment,booking_flow,augmented,medium
4713,КТ сколько стоит?,faq,price,faq_flow,variation,simple
3476,Не мсог дозвониться,negative_feedback,service_issue,escalation_flow,augmented,simple
3889,"Подскажите, спасибо за помощь",conversational,gratitude,conversation_flow,augmented,complex
5678,Возможно заранее спасибо...,conversational,unclear,clarification_flow,augmented,simple
7132,чистку это больно пожалуйста,faq,procedure,faq_flow,augmented,simple
7264,"Здравствуйте, интересует реставРацию",anamnesis,services,anamnesis_flow,augmented,complex
7154,Хочу к челюстно-лицевому хирургу,booking,new_appointment,booking_flow,variation,simple
432,Запись к ортодонту на субботу,booking,new_appointment,booking_flow,variation,simple
8490,"Скажите, что если не поможет?",faq,followup,faq_flow,augmented,complex
9262,"Подскажите, большое спасибо!",conversational,gratitude,conversation_flow,augmented,complex
6669,Как прохоидт отбеливание?,faq,procedure,faq_flow,augmented,simple
1933,Какую щётку использовать?,faq,visit_prep,faq_flow,template,simple
5467,Пеернесите на утро 👍,booking,reschedule,booking_flow,augmented,simple
4164,"Подскажите, язвочки на слизистой",anamnesis,complaint,anamnesis_flow,augmented,complex
2522,Угу.,conversational,confirmation,conversation_flow,augmented,simple
9080,Есть наркоз пожалуйста 🙏,faq,clinic_info,faq_flow,augmented,simple
5363,Запись к пародонтологу на на следующей неделе,booking,new_appointment,booking_flow,variation,medium
1582,верхняя десна немного болит,anamnesis,symptom,anamnesis_flow,variation,simple
8985,Перенесите на в ближайшее время пожалуйста,booking,reschedule,booking_flow,augmented,medium
4308,"Подскажите, до встречи?",conversational,farewell,conversation_flow,augmented,complex
3904,"Добрый день, спасибо з аинформацию",conversational,gratitude,conversation_flow,augmented,complex
2727,Что посоветуете 😢,faq,followup,faq_flow,augmented,simple
4605,Мне не перезвонили месяц...,negative_feedback,service_issue,escalation_flow,augmented,simple
80,Может быть 🙏,conversational,unclear,clarification_flow,augmented,simple
6875,сколько стоит 😊,faq,price,faq_flow,augmented,simple
6262,"Здравствуйте, до свидания...",conversational,farewell,conversation_flow,augmented,complex
7820,десна немного болит...,anamnesis,symptom,anamnesis_flow,augmented,simple
6087,Интересует виниры спасибо,anamnesis,services,anamnesis_flow,augmented,simple
1167,Раобтаете в вечер?,faq,clinic_info,faq_flow,augmented,simple
5233,Большое спасибо спасибо пожалуйста,conversational,gratitude,conversation_flow,augmented,simple
2040,Интересует консультацию...,anamnesis,services,anamnesis_flow,augmented,simple
5127,"Здравствуйте, да, конечно",conversational,confirmation,conversation_flow,augmented,complex
5572,Не совсем понял?,faq,followup,faq_flow,augmented,simple
2794,"Привет, отмена записи",booking,cancel,booking_flow,augmented,complex
1193,У меня слетела коронка,anamnesis,complaint,anamnesis_flow,variation,simple
1820,"Подскажите, срок службы?",faq,procedure,faq_flow,augmented,complex
2726,Не решил ещё 😢,conversational,unclear,clarification_flow,augmented,simple
4241,Врач былг руб,negative_feedback,staff,escalation_flow,augmented,simple
1743,После протзеирование у Кузнецовой стало хуже,negative_feedback,quality,escalation_flow,augmented,medium
3245,"Скажите, наверное",conversational,unclear,clarification_flow,augmented,complex
1215,Запись к гигиенисту на в ближайшее время 😢,booking,new_appointment,booking_flow,augmented,medium
7497,"Спасибо, дос видания",conversational,gratitude,conversation_flow,augmented,complex
8872,лечение каналов это больно спасибо,faq,procedure,faq_flow,augmented,simple
7387,Снимите меня с записи,booking,cancel,booking_flow,template,simple
6729,Сколько стоит отбеливание?,faq,price,faq_flow,template,simple
7302,Здравтсвуйте!,conversational,greeting,conversation_flow,augmented,simple
7384,Очень благодарен пожалуйста,conversational,gratitude,conversation_flow,augmented,simple
7244,Сколько длится чистку заранее спасибо,faq,procedure,faq_flow,augmented,simple
348,Спасибо за информцаию,conversational,gratitude,conversation_flow,augmented,simple
5057,Почём чистка спасибо,faq,price,faq_flow,augmented,simple
5992,передний зуб болит очень,anamnesis,symptom,anamnesis_flow,variation,simple
630,Недоволено бслуживанием пожалуйста,negative_feedback,general,escalation_flow,augmented,simple
2481,Сколько стоят брекеты пожалуйста,faq,price,faq_flow,augmented,simple
7341,Планирую имплантацию,anamnesis,services,anamnesis_flow,variation,simple
1713,Пероснал хамит,negative_feedback,staff,escalation_flow,augmented,simple
6691,ОТНЕСЛИСЬ НАПЛВЕАТЕЛЬСКИ,negative_feedback,staff,escalation_flow,augmented,simple
9121,Записал...,conversational,confirmation,conversation_flow,augmented,simple
4300,Здравствуйте!!,conversational,greeting,conversation_flow,augmented,simple
9102,Почём коронка 👍,faq,price,faq_flow,augmented,simple
5776,Поозвите главврача,negative_feedback,general,escalation_flow,augmented,simple
5195,Отнеслись наплевательски?!,negative_feedback,staff,escalation_flow,augmented,simple
7765,"Добрый день, привет, я вам перезвоню",conversational,unclear,clarification_flow,augmented,complex
5444,Всег одоборго,conversational,farewell,conversation_flow,augmented,simple
5648,"Добрый день, недоволено бслуживанием",negative_feedback,general,escalation_flow,augmented,complex
4220,Добрый день 😢,conversational,greeting,conversation_flow,augmented,simple
758,Острая боль в зубе,anamnesis,symptom,anamnesis_flow,template,simple
6635,Возможно 😊,conversational,unclear,clarification_flow,augmented,simple
4964,Сколько нельзя курить после коронку заранее спасибо,faq,visit_prep,faq_flow,augmented,medium
9210,спасибо за инофрмацию,conversational,gratitude,conversation_flow,augmented,simple
3032,"Здравствуйте, как проходит протезирование?",faq,procedure,faq_flow,augmented,complex
3314,МНЕ НАХАМИЛИ 😊,negative_feedback,staff,escalation_flow,augmented,simple
3371,Хочу брекеты,anamnesis,services,anamnesis_flow,variation,simple
7289,ХОРОШЕГО ДНЯ?,conversational,farewell,conversation_flow,augmented,simple
977,Эй...,conversational,greeting,conversation_flow,augmented,simple
3211,"Добрый день, дОЛГО ЛИ ЭТО?",faq,procedure,faq_flow,augmented,complex
1950,После лечение кариеса у Иванова стало хуже заранее спасибо,negative_feedback,quality,escalation_flow,augmented,medium
5087,Есть лазер...,faq,clinic_info,faq_flow,augmented,simple
901,очень лбагодарен,conversational,gratitude,conversation_flow,augmented,simple
9713,Очень благодарен 👍,conversational,gratitude,conversation_flow,augmented,simple
457,Скололась эмаль,anamnesis,complaint,anamnesis_flow,template,simple
3973,Долго оформляли документы,negative_feedback,service_issue,escalation_flow,template,simple
8394,Осложнения после лечения,negative_feedback,quality,escalation_flow,template,simple
4394,Недоволен обслуживанием?!,negative_feedback,general,escalation_flow,augmented,simple
4289,Можно пить алкоголь после лечения?,faq,visit_prep,faq_flow,template,simple
4748,Приложение глючит?!,negative_feedback,service_issue,escalation_flow,augmented,simple
4589,разочарован 🙏,negative_feedback,general,escalation_flow,augmented,simple
9745,"Добрый день, зуб шатается",anamnesis,complaint,anamnesis_flow,augmented,complex
5816,"Скажите, сколько держится?",faq,procedure,faq_flow,augmented,complex
5352,Треснул зуб!!,anamnesis,complaint,anamnesis_flow,augmented,simple
8039,Спасибо большое...,conversational,gratitude,conversation_flow,augmented,simple
6180,больше не приду 👍,negative_feedback,general,escalation_flow,augmented,simple
3291,Какие ещё варианты,faq,followup,faq_flow,augmented,simple
7207,консультация платняа?,faq,price,faq_flow,augmented,simple
8651,Почём лечение каналов 🦷,faq,price,faq_flow,augmented,simple
2797,У меня чувствительность несколько дней,anamnesis,symptom,anamnesis_flow,variation,simple
8531,После пломбирование у Смирновой стало хуже,negative_feedback,quality,escalation_flow,variation,medium
4185,Договорились!,conversational,confirmation,conversation_flow,augmented,simple
4533,Как подготовиться к КТ!,faq,visit_prep,faq_flow,augmented,simple
7972,Здсрате,conversational,greeting,conversation_flow,augmented,simple
5860,"Подскажите, перезвоню",conversational,unclear,clarification_flow,augmented,complex
5964,Да 😢,conversational,confirmation,conversation_flow,augmented,simple
4690,"Спасибо, всё понятно!",conversational,gratitude,conversation_flow,augmented,complex
8665,Интересует коронку пожалуйста,anamnesis,services,anamnesis_flow,augmented,simple
7545,лечение каналов не помогло спасибо,negative_feedback,quality,escalation_flow,augmented,simple
6110,Сколько длится КТ 😊,faq,procedure,faq_flow,augmented,simple
911,До свидания спасибо?,conversational,farewell,conversation_flow,augmented,simple
5881,Как к авм проехать?,faq,clinic_info,faq_flow,augmented,simple
3002,Хочу виниры 😊,anamnesis,services,anamnesis_flow,augmented,simple
9902,Не сейчас 🦷,conversational,unclear,clarification_flow,augmented,simple
5270,удаление сколько стоит,faq,price,faq_flow,augmented,simple
388,"Подскажите, зуб шатается",anamnesis,complaint,anamnesis_flow,augmented,complex
8929,Тресунл зуб,anamnesis,complaint,anamnesis_flow,augmented,simple
8020,Почём чситка?,faq,price,faq_flow,augmented,simple
9248,"Подскажите, после брекеты у Сидорова стало хуже",negative_feedback,quality,escalation_flow,augmented,complex
3196,Спасибо...,conversational,gratitude,conversation_flow,augmented,simple
9027,"здравствуйте, ладно",conversational,confirmation,conversation_flow,augmented,complex
6904,Болит зуб мудрости уже две недели,anamnesis,symptom,anamnesis_flow,variation,medium
8981,Не уделили внимания 🦷 🙏,negative_feedback,staff,escalation_flow,augmented,simple
6416,Алло...,conversational,greeting,conversation_flow,augmented,simple
1615,коронку сколько стоит,faq,price,faq_flow,augmented,simple
5266,"Привет, всего доброго пожалуйста",conversational,farewell,conversation_flow,augmented,complex
6850,Грубо обошлись 👍,negative_feedback,staff,escalation_flow,augmented,simple
9978,Где находитс яклиника!!,faq,clinic_info,faq_flow,augmented,simple
1305,Не могу дозвониться.,negative_feedback,service_issue,escalation_flow,augmented,simple
2863,КОРОНКУ ЭТО БОЛЬНО ПОЖАЛУЙСТА,faq,procedure,faq_flow,augmented,simple
7126,Спасиб обольшое!,conversational,gratitude,conversation_flow,augmented,simple
5910,Здорово!!,conversational,greeting,conversation_flow,augmented,simple
2220,Ждла с утра,negative_feedback,service_issue,escalation_flow,augmented,simple
8837,лечение каналов это больно,faq,procedure,faq_flow,augmented,simple
3714,"Привет, пока 👍",conversational,farewell,conversation_flow,augmented,complex
6549,семёрка болит постоянно!!,anamnesis,symptom,anamnesis_flow,augmented,simple
3639,"Подскажите, волкова был груб",negative_feedback,staff,escalation_flow,augmented,complex
5844,Окей 😢?!,conversational,confirmation,conversation_flow,augmented,simple
849,"Скажите, пока?",conversational,farewell,conversation_flow,augmented,complex
328,Запись к детскому стоматологу на вечер.,booking,new_appointment,booking_flow,augmented,medium
5056,Хочуп оставить имплант,anamnesis,services,anamnesis_flow,augmented,simple
2052,ХОРОШЕГО ДНЯ?!,conversational,farewell,conversation_flow,augmented,simple
9930,Врач был невнимателен?!,negative_feedback,staff,escalation_flow,augmented,simple
736,"Скажите, делаете панорамный снимок",faq,clinic_info,faq_flow,augmented,complex
1293,а что лучше заранее спасибо,faq,followup,faq_flow,augmented,simple
7451,Планирую консультацию?!,anamnesis,services,anamnesis_flow,augmented,simple
8765,Ок 👍,conversational,confirmation,conversation_flow,augmented,simple
168,Алло 😢,conversational,greeting,conversation_flow,augmented,simple
8212,Привет спасибо заранее спасибо,conversational,greeting,conversation_flow,augmented,simple
9120,Перенесите на вторник,booking,reschedule,booking_flow,variation,simple
3177,"Добрый день, дО СВИДАНИЯ",conversational,farewell,conversation_flow,augmented,complex
2444,"Подскажите, жДАЛ МЕСЯЦ",negative_feedback,service_issue,escalation_flow,augmented,complex
8051,"Привет, случилось выпала пломба",anamnesis,complaint,anamnesis_flow,augmented,complex
6923,Посел лечение кариеса у Лебедевой стало хуже,negative_feedback,quality,escalation_flow,augmented,medium
4113,телефон не отвечает?,negative_feedback,service_issue,escalation_flow,augmented,simple
8076,Всего хроошего!!,conversational,farewell,conversation_flow,augmented,simple
9846,Ничего не объсянили пожалуйста,negative_feedback,staff,escalation_flow,augmented,simple
4932,Здравствуйте 😢,conversational,greeting,conversation_flow,augmented,simple
5676,Прикусил язык 😊,anamnesis,complaint,anamnesis_flow,augmented,simple
6040,ПРОЩАЙТЕ 😢,conversational,farewell,conversation_flow,augmented,simple
1345,У меня боль от холодного три дня 🙏,anamnesis,symptom,anamnesis_flow,augmented,medium
1210,Сколько нельзя заниматься спортом после брекеты?!,faq,visit_prep,faq_flow,augmented,medium
152,Работаете в утро 👍,faq,clinic_info,faq_flow,augmented,simple
5782,Благодарю вас.,conversational,gratitude,conversation_flow,augmented,simple
1768,"Привет, запись к челюстно-лицевому хирургу на пятницу пожалуйста",booking,new_appointment,booking_flow,augmented,complex
1354,"Отмените запись, форс-мажор.",booking,cancel,booking_flow,augmented,complex
3244,"Привет, добрый день!",conversational,greeting,conversation_flow,augmented,complex
655,Пок ане решил...,conversational,unclear,clarification_flow,augmented,simple
4539,А что лучше!!,faq,followup,faq_flow,augmented,simple
9437,"откололся зуб, что делать заранее спасибо",anamnesis,complaint,anamnesis_flow,augmented,complex
6908,Приниматее Apple Pay,faq,clinic_info,faq_flow,augmented,simple
9353,Перенесите на завтра,booking,reschedule,booking_flow,template,simple
4108,Запишите на чистку,booking,new_appointment,booking_flow,template,simple
6459,"Скажите, почём имплантацию?",faq,price,faq_flow,augmented,complex
93,Нужна л ианестезия?,faq,procedure,faq_flow,augmented,simple
5688,Можно раньше спасибо,booking,reschedule,booking_flow,augmented,simple
3852,А обязательно...,faq,followup,faq_flow,augmented,simple
5502,Нужно протезирование?,anamnesis,services,anamnesis_flow,augmented,simple
5102,"Привет, пока",conversational,farewell,conversation_flow,augmented,complex
6765,Перенесите на послезавтра 👍?,booking,reschedule,booking_flow,augmented,simple
5146,Всего одброго,conversational,farewell,conversation_flow,augmented,simple
823,"Скажите, работаете в сегодня!!",faq,clinic_info,faq_flow,augmented,complex
6329,Болит передний зуб уже два дня,anamnesis,symptom,anamnesis_flow,variation,medium
2657,имплантацию это больно?!,faq,procedure,faq_flow,augmented,simple
6001,приветствую...,conversational,greeting,conversation_flow,augmented,simple
2646,Есть скидки пенсионерам!!,faq,price,faq_flow,augmented,simple
9097,Ждал несколько дней?,negative_feedback,service_issue,escalation_flow,augmented,simple
1538,нижняя десна болит ночью,anamnesis,symptom,anamnesis_flow,variation,simple
7226,Болит передний зуб уже два дня 👍,anamnesis,symptom,anamnesis_flow,augmented,medium
9721,Новикова был груб 🦷 спасибо,negative_feedback,staff,escalation_flow,augmented,simple
9135,лечение кариеса это больно,faq,procedure,faq_flow,augmented,simple
9404,Не заню,conversational,unclear,clarification_flow,augmented,simple
7436,Сидорова бы лгруб,negative_feedback,staff,escalation_flow,augmented,simple
8010,Сколько длится отбеливание 🙏,faq,procedure,faq_flow,augmented,simple
3336,После пломбирование у Лебедевой стало хуже,negative_feedback,quality,escalation_flow,variation,medium
6642,Недовлоен обслуживанием,negative_feedback,general,escalation_flow,augmented,simple
9539,"Привет, здрасте",conversational,greeting,conversation_flow,augmented,complex
9651,Сколько длится осмотр спасибо,faq,procedure,faq_flow,augmented,simple
5324,Какая цена на отбеливание,faq,price,faq_flow,augmented,simple
4348,Запись к хирургу на среду,booking,new_appointment,booking_flow,variation,simple
6450,Какая цена на лечение кариеса 😢,faq,price,faq_flow,augmented,medium
3991,Здрасте,conversational,greeting,conversation_flow,template,simple
140,Какие ещё варианты заранее спасибо,faq,followup,faq_flow,augmented,simple
2024,Сколько стоит реставрацию.,faq,price,faq_flow,augmented,simple
6354,А что будет если 😢,faq,followup,faq_flow,augmented,simple
4675,Спасиоб!,conversational,gratitude,conversation_flow,augmented,simple
5989,"Привет, запись к пародонтологу на понедельник",booking,new_appointment,booking_flow,augmented,complex
7718,"добрый день, перезапишите на 10:00",booking,reschedule,booking_flow,augmented,complex
6161,Интересует чистку?!,anamnesis,services,anamnesis_flow,augmented,simple
5834,Есть время на субботу 🙏,booking,new_appointment,booking_flow,augmented,simple
4006,После удаление у Сидорова стало хуже,negative_feedback,quality,escalation_flow,variation,medium
5818,А если не поможет?,faq,followup,faq_flow,template,simple
2417,"Посдкажите, разочарован",negative_feedback,general,escalation_flow,augmented,complex
4048,Работаете в на этой неделе...,faq,clinic_info,faq_flow,augmented,simple
619,Случилось слетела корокна,anamnesis,complaint,anamnesis_flow,augmented,simple
7921,До скорого 🦷?!,conversational,farewell,conversation_flow,augmented,simple
1997,Осложнения после лечения.,negative_feedback,quality,escalation_flow,augmented,simple
9652,Позовите главврача спасибо,negative_feedback,general,escalation_flow,augmented,simple
2972,Спасибо аз помощь 🦷,conversational,gratitude,conversation_flow,augmented,simple
6968,хочу чистку!!,anamnesis,services,anamnesis_flow,augmented,simple
1383,Что делать если отёк 🙏,faq,visit_prep,faq_flow,augmented,simple
3549,Подскажите подробнее 😊,faq,followup,faq_flow,augmented,simple
7362,Скололась эмаль!,anamnesis,complaint,anamnesis_flow,augmented,simple
9299,ПОСЛЕ ОСМОТР У ИВАНОВА СТАЛО ХУЖЕ!!,negative_feedback,quality,escalation_flow,augmented,medium
8777,"Добрый день, есть детский кабинет заранее спасибо",faq,clinic_info,faq_flow,augmented,complex
2212,Хочу возврат!!,negative_feedback,general,escalation_flow,augmented,simple
8402,Не смог дозвониться!,negative_feedback,service_issue,escalation_flow,augmented,simple
6747,Можно перезаписаться!!,booking,reschedule,booking_flow,augmented,simple
4831,"Скажите, спасибо, всё понятно",conversational,gratitude,conversation_flow,augmented,complex
4568,Можно перенести на четверг...,booking,reschedule,booking_flow,augmented,simple
342,ХОУЧ ОСТАВИТЬ ЖАЛОБУ,negative_feedback,general,escalation_flow,augmented,simple
2190,Работаете в на следующей неделе пожалуйста,faq,clinic_info,faq_flow,augmented,medium
1503,"Привет, уточните, пожалуйста",faq,followup,faq_flow,augmented,complex
8108,Морозовой был груб пожалуйста заранее спасибо,negative_feedback,staff,escalation_flow,augmented,medium
5911,"Подскажите, эТО БЕЗОБРАЗИЕ",negative_feedback,general,escalation_flow,augmented,complex
7254,"треснул зуб, что делать?",anamnesis,complaint,anamnesis_flow,variation,simple
7742,Пояивлась дырка в зубе спасибо,anamnesis,complaint,anamnesis_flow,augmented,simple
1818,Благодарю вас спасибо...,conversational,gratitude,conversation_flow,augmented,simple
8680,"Поясните, пожалуйста!",faq,followup,faq_flow,augmented,complex
8025,Можно перезаписаться?,booking,reschedule,booking_flow,template,simple
6775,Что нельзя после реставрацию заранее спасибо,faq,visit_prep,faq_flow,augmented,medium
1606,Пока 👍,conversational,farewell,conversation_flow,augmented,simple
3432,"Подскажите, хочу лечение кариеса?!",anamnesis,services,anamnesis_flow,augmented,complex
301,Врачб ыл груб,negative_feedback,staff,escalation_flow,augmented,simple
8491,Что вы рекомендуете?,faq,followup,faq_flow,template,simple
8139,Добрый вечер 😢 заранее спасибо,conversational,greeting,conversation_flow,augmented,simple
1091,Наод подумать,conversational,unclear,clarification_flow,augmented,simple
3858,Врач опоздал на полчаса,negative_feedback,service_issue,escalation_flow,template,simple
8969,У меня откололся зуб 😢,anamnesis,complaint,anamnesis_flow,augmented,simple
6190,Моей записи нет заранее псасибо,negative_feedback,service_issue,escalation_flow,augmented,simple
4246,"добрый день, долго оформляли документы",negative_feedback,service_issue,escalation_flow,augmented,complex
1521,"Подскажите, планирую пломбирование",anamnesis,services,anamnesis_flow,augmented,complex
8501,удаление это больно 😊,faq,procedure,faq_flow,augmented,simple
4873,"Да, конечно 🙏?",conversational,confirmation,conversation_flow,augmented,complex
7728,Понял 😢,conversational,confirmation,conversation_flow,augmented,simple
3548,"Не смогуп Рийти, не смогу",booking,cancel,booking_flow,augmented,complex
8160,Планирую лечение каналов пожалуйста,anamnesis,services,anamnesis_flow,augmented,simple
6960,ВЕРНИТЕ ДЕНЬГИ 🙏,negative_feedback,general,escalation_flow,augmented,simple
5225,"Здравствуйте, подскажите, здрасте",conversational,greeting,conversation_flow,augmented,complex
406,"Привет, пОДУМАЮ",conversational,unclear,clarification_flow,augmented,complex
5714,"Добрый день, я вам перезвоню",conversational,unclear,clarification_flow,augmented,complex
2454,"Да, хоршОо",conversational,confirmation,conversation_flow,augmented,complex
3204,"Скажите, привет",conversational,greeting,conversation_flow,augmented,complex
6141,Есть парковка заранее спасибо,faq,clinic_info,faq_flow,augmented,simple
970,Запись к ортопеду ан воскресенье 👍,booking,new_appointment,booking_flow,augmented,medium
210,"Скажите, возможно.",conversational,unclear,clarification_flow,augmented,complex
2153,Мне не перезвонили день.,negative_feedback,service_issue,escalation_flow,augmented,simple
4788,Ага!!,conversational,confirmation,conversation_flow,augmented,simple
9364,"Привет, элайнер треснул 👍",anamnesis,complaint,anamnesis_flow,augmented,complex
3026,Не рекомендую 😊,negative_feedback,general,escalation_flow,augmented,simple
5974,"откололся зуб, что делать 🙏",anamnesis,complaint,anamnesis_flow,augmented,complex
923,можно записаться онлайн 🙏,faq,clinic_info,faq_flow,augmented,simple
9455,"Подскажите, как проходит удаление?",faq,procedure,faq_flow,augmented,complex
8565,"Скажите, благодарю вас 👍",conversational,gratitude,conversation_flow,augmented,complex
7584,"здравствуйте, отклеилась коронка",anamnesis,complaint,anamnesis_flow,augmented,complex
3475,осмотр это больно?!,faq,procedure,faq_flow,augmented,simple
2826,Удачи заранее спасибо заранее спасибо,conversational,farewell,conversation_flow,augmented,simple
3003,Требую компнесацию,negative_feedback,general,escalation_flow,augmented,simple
4693,"Здравствуйте, хочу поставить виниры",anamnesis,services,anamnesis_flow,augmented,complex
8693,"Здравствуйте, есть WhatsApp?",faq,clinic_info,faq_flow,augmented,complex
2338,Спасбио.,conversational,gratitude,conversation_flow,augmented,simple
8633,Можно бзе этого 😊,faq,followup,faq_flow,augmented,simple
3809,"Подскажите, что будут делать?",faq,procedure,faq_flow,augmented,complex
1764,Есть акции спасибо,faq,price,faq_flow,augmented,simple
6992,"Здравствуйте, хорошо!",conversational,confirmation,conversation_flow,augmented,complex
2897,Перенесите на вторник заранее спасибо,booking,reschedule,booking_flow,augmented,simple
1952,чистку это больно?,faq,procedure,faq_flow,variation,simple
6736,Плохая клиника?,negative_feedback,general,escalation_flow,augmented,simple
1965,"Здарвствуйте, после КТ у Морозовой стало хуже",negative_feedback,quality,escalation_flow,augmented,complex
621,Отклеилась коронка 👍,anamnesis,complaint,anamnesis_flow,augmented,simple
1706,Запись куда-то пропала заранее спасибо,negative_feedback,service_issue,escalation_flow,augmented,simple
6275,ЗАПИСЬК  ОРТОПЕДУ НА СЕГОДНЯ,booking,new_appointment,booking_flow,augmented,simple
2660,"Добрый день, сколько нельзя пить после консультацию?",faq,visit_prep,faq_flow,augmented,complex
7716,срок службы 😊,faq,procedure,faq_flow,augmented,simple
3807,Пока не решил 😊,conversational,unclear,clarification_flow,augmented,simple
8808,Что нельзя после отбеливания?,faq,visit_prep,faq_flow,template,simple
5482,"Здравствуйте, большое спасибо пожалуйста",conversational,gratitude,conversation_flow,augmented,complex
7271,Спасибо большое.,conversational,gratitude,conversation_flow,augmented,simple
1196,Можно перенести на в ближайшее время?,booking,reschedule,booking_flow,variation,medium
7397,А чт олучше?,faq,followup,faq_flow,augmented,simple
2730,"Подскажите, здрасте?!",conversational,greeting,conversation_flow,augmented,complex
5090,"ПОДСКАЖИТЕ, ХОЧУ ОТБЕЛИВАНИЕ",anamnesis,services,anamnesis_flow,augmented,complex
6481,отбеилвание это больно?,faq,procedure,faq_flow,augmented,simple
6582,Ладно?!,conversational,confirmation,conversation_flow,augmented,simple
5099,"Добрый день, можно позже?",booking,reschedule,booking_flow,augmented,complex
545,не работает онлайнз-апись,negative_feedback,service_issue,escalation_flow,augmented,simple
1483,Почём элайнеры 🦷,faq,price,faq_flow,augmented,simple
6690,А чтол учше?,faq,followup,faq_flow,augmented,simple
6721,Перезвоню 👍,conversational,unclear,clarification_flow,augmented,simple
1224,"Скажите, это прадва необходимо?",faq,followup,faq_flow,augmented,complex
9874,Отнеслись наплевательски 😢!!,negative_feedback,staff,escalation_flow,augmented,simple
2478,Спасибо болшьое,conversational,gratitude,conversation_flow,augmented,simple
6472,Нужно отменить,booking,cancel,booking_flow,template,simple
4109,"Подскажите, подскажите, хочу поговорить с руководством",negative_feedback,general,escalation_flow,augmented,complex
2091,"СКАЖИТЕ, ОТКОЛОЛСЯ ЗУБ",anamnesis,complaint,anamnesis_flow,augmented,complex
2004,Зуб шатеатся,anamnesis,complaint,anamnesis_flow,augmented,simple
7879,"Привет, планирую протезирование",anamnesis,services,anamnesis_flow,augmented,complex
6492,"Да, хроошо",conversational,confirmation,conversation_flow,augmented,complex
7889,Есть рентген.,faq,clinic_info,faq_flow,augmented,simple
9337,"Да,х орошо 🙏",conversational,confirmation,conversation_flow,augmented,complex
884,"Подскажит,е угу",conversational,confirmation,conversation_flow,augmented,complex
5402,До встречи 😊,conversational,farewell,conversation_flow,augmented,simple
9264,Может быть 😢!,conversational,unclear,clarification_flow,augmented,simple
6315,Запись к ортопеду на завтра спасибо,booking,new_appointment,booking_flow,augmented,medium
4283,Спс 👍!!,conversational,gratitude,conversation_flow,augmented,simple
4555,Кузнецовой был груб?,negative_feedback,staff,escalation_flow,augmented,simple
836,"Скажите, привет, можно на другой день?",booking,reschedule,booking_flow,augmented,complex
4135,Как подготовиться к консультацию?,faq,visit_prep,faq_flow,variation,simple
1699,НЕ РЕКОМЕНДУЮ пожалуйста,negative_feedback,general,escalation_flow,augmented,simple
345,Персоналх амит 🦷,negative_feedback,staff,escalation_flow,augmented,simple
9814,"Спасибо, всё понятно 👍 пожалуйста",conversational,gratitude,conversation_flow,augmented,complex
3449,"Скажите, отмените запись",booking,cancel,booking_flow,augmented,complex
508,после снимок у волкова стало хуже 🙏,negative_feedback,quality,escalation_flow,augmented,medium
2668,"Скажите, пОСЛЕ КОРОНКУ У НОВИКОВА СТАЛО ХУЖЕ",negative_feedback,quality,escalation_flow,augmented,complex
1824,ВО СКОЛЬКО ОБОЙДЁТСЯ 🦷,faq,price,faq_flow,augmented,simple
1036,"Подскажите, коренной зуб постоянно болит",anamnesis,symptom,anamnesis_flow,augmented,complex
6359,У меня боль от горячего два дня,anamnesis,symptom,anamnesis_flow,variation,medium
2664,После протезирование у Сидорова стало хуже заранее спасибо,negative_feedback,quality,escalation_flow,augmented,medium
865,"Привет, что нельзя после профгигиену!!",faq,visit_prep,faq_flow,augmented,complex
9916,перенос записи пожалуйста,booking,reschedule,booking_flow,augmented,simple
3557,Не уделили внимаиня,negative_feedback,staff,escalation_flow,augmented,simple
1132,Прощайте!!,conversational,farewell,conversation_flow,augmented,simple
8265,ВЕРНИТЕ ДЕНЬГИ ПОЖАЛУЙСТА,negative_feedback,general,escalation_flow,augmented,simple
9412,Случилось треснуЛ зуб 😢,anamnesis,complaint,anamnesis_flow,augmented,simple
629,Удачи спасибо,conversational,farewell,conversation_flow,augmented,simple
3969,После элайнеры у Козловой стало хуже 🦷,negative_feedback,quality,escalation_flow,augmented,medium
2504,Пока!,conversational,farewell,conversation_flow,template,simple
1026,Расскаижте больше,faq,followup,faq_flow,augmented,simple
1945,невелживое обслуживание,negative_feedback,staff,escalation_flow,augmented,simple
4366,Можно перенести на пятницу?,booking,reschedule,booking_flow,variation,simple
2465,как проходит лечение карисеа?,faq,procedure,faq_flow,augmented,simple
2607,Есть микроскоп 😢!!,faq,clinic_info,faq_flow,augmented,simple
6910,"Подскажите, а обязательно?",faq,followup,faq_flow,augmented,complex
3976,Смирновой был груб?!,negative_feedback,staff,escalation_flow,augmented,simple
4054,верхний зуб болит очень 😊!,anamnesis,symptom,anamnesis_flow,augmented,simple
3834,Что лучше выбрать 😢,faq,procedure,faq_flow,augmented,simple
186,После консульТацию у Петровой стало хуже пожалуйста,negative_feedback,quality,escalation_flow,augmented,medium
1565,Перенесите на вечер,booking,reschedule,booking_flow,variation,simple
7169,Не дуелили внимания,negative_feedback,staff,escalation_flow,augmented,simple
7689,Перенесите н аутро,booking,reschedule,booking_flow,augmented,simple
5597,Болит челюсть уже с утра,anamnesis,symptom,anamnesis_flow,variation,simple
9605,Есть противопоказания?,faq,procedure,faq_flow,template,simple
3149,почём осмотр 😊,faq,price,faq_flow,augmented,simple
6975,После брекеты у Новикова стало хуже 👍,negative_feedback,quality,escalation_flow,augmented,medium
1311,ЖДАЛ МЕСЯЦ...,negative_feedback,service_issue,escalation_flow,augmented,simple
1119,Хочу к эндодонтисту,booking,new_appointment,booking_flow,variation,simple
4255,болит верхняя десна уже день пожалуйста,anamnesis,symptom,anamnesis_flow,augmented,medium
9129,За сколько нельзя есть?,faq,visit_prep,faq_flow,template,simple
6213,лечение кариеса сколько стоит?,faq,price,faq_flow,variation,simple
6028,Нужно имплантацию 👍,anamnesis,services,anamnesis_flow,augmented,simple
489,Верните деньги?,negative_feedback,general,escalation_flow,augmented,simple
5978,После удаление уС идоров астало хуже,negative_feedback,quality,escalation_flow,augmented,medium
5735,Нужно осмотр,anamnesis,services,anamnesis_flow,variation,simple
4145,Как долго прослужит?,faq,procedure,faq_flow,template,simple
2421,Стоимость коронки?,faq,price,faq_flow,template,simple
3144,"Скажите, перезапишите на 14:00",booking,reschedule,booking_flow,augmented,complex
5567,Ночью болит сильнее,anamnesis,symptom,anamnesis_flow,template,simple
2408,ЗАПИСЬ К ЧЕЛЮСТНО-ЛИЦЕВОМУ ХИРУРГУ НА СУББОТУ 😊,booking,new_appointment,booking_flow,augmented,medium
8811,У меня пульсирующая боль три дня,anamnesis,symptom,anamnesis_flow,variation,medium
1775,Интересует осмотр 😢,anamnesis,services,anamnesis_flow,augmented,simple
7484,зуб мудрости сильно болит,anamnesis,symptom,anamnesis_flow,variation,simple
3185,Верните деньги заранее спасибо,negative_feedback,general,escalation_flow,augmented,simple
3098,Есть прайс-лист пожалуйста,faq,price,faq_flow,augmented,simple
464,Как связаться заранее спасибо,faq,clinic_info,faq_flow,augmented,simple
7558,"Привет, у меня шатается зуб",anamnesis,complaint,anamnesis_flow,augmented,complex
6994,После импалнтацию у Козловой стало хуже,negative_feedback,quality,escalation_flow,augmented,medium
6258,Есть ли приём сегодня?!,booking,new_appointment,booking_flow,augmented,simple
1802,"Здравствуйте, отмените запись, уезжаю пожалуйста",booking,cancel,booking_flow,augmented,complex
5562,"здравствуйте, сказали что записи нет",negative_feedback,service_issue,escalation_flow,augmented,complex
8792,"Добрый день, интересует брекеты",anamnesis,services,anamnesis_flow,augmented,complex
9217,Хочу к хирургу,booking,new_appointment,booking_flow,template,simple
2584,Доогворились,conversational,confirmation,conversation_flow,augmented,simple
3464,Не приду 😊 😊,booking,cancel,booking_flow,augmented,simple
5568,"Здравствуйте, нагрубили",negative_feedback,staff,escalation_flow,augmented,complex
8167,"Добрый день, зуб треснул?!",anamnesis,complaint,anamnesis_flow,augmented,complex
5809,Ждалд ень,negative_feedback,service_issue,escalation_flow,augmented,simple
2586,"Привет, мне не перезвонили с утра",negative_feedback,service_issue,escalation_flow,augmented,complex
4753,"Здравствуйте, добрый день!",conversational,greeting,conversation_flow,augmented,complex
4968,Сколько нельзя курить после элайнеры 👍,faq,visit_prep,faq_flow,augmented,medium
9031,"Привет, дО ВСТРЕЧИ",conversational,farewell,conversation_flow,augmented,complex
8818,"Здравствуйте, подумаю",conversational,unclear,clarification_flow,augmented,complex
1016,После чистку у Новикова стало хуже 👍,negative_feedback,quality,escalation_flow,augmented,medium
9451,Приду пожалуйста,conversational,confirmation,conversation_flow,augmented,simple
6411,Запись к имплантологу на вторник,booking,new_appointment,booking_flow,variation,simple
5162,"Добрый день, а если не поможет.",faq,followup,faq_flow,augmented,complex
9957,Как делают пожалуйста,faq,procedure,faq_flow,augmented,simple
8924,Хочу удаленИе?!,anamnesis,services,anamnesis_flow,augmented,simple
6154,Нужно переделать,negative_feedback,quality,escalation_flow,template,simple
558,"Спасибо, до свидания 😊",conversational,gratitude,conversation_flow,augmented,complex
8695,имплантацию не помогло,negative_feedback,quality,escalation_flow,variation,simple
1682,До свидания 👍 пожалуйста,conversational,farewell,conversation_flow,augmented,simple
6449,"Привет, что вы рекомендуете?",faq,followup,faq_flow,augmented,complex
2915,Почём коронку 😊,faq,price,faq_flow,augmented,simple
33,До которого часа приём 👍,faq,clinic_info,faq_flow,augmented,simple
4586,ЕсТь у вас рнетген?,faq,clinic_info,faq_flow,augmented,simple
8290,Не уверен?,conversational,unclear,clarification_flow,augmented,simple
6174,Доброе утро 😢,conversational,greeting,conversation_flow,augmented,simple
8956,ТЕЛЕФОН НЕ ОТВЧЕАЕТ,negative_feedback,service_issue,escalation_flow,augmented,simple
9015,верхний зуб постоянно болит,anamnesis,symptom,anamnesis_flow,variation,simple
1555,"Скажите, а можно по-другому 🙏",faq,followup,faq_flow,augmented,complex
8751,"Подскажите, надо посоветоваться пожалуйста",conversational,unclear,clarification_flow,augmented,complex
6405,Работеате в среду?,faq,clinic_info,faq_flow,augmented,simple
1741,Планирую лечение кариеса пожалуйста,anamnesis,services,anamnesis_flow,augmented,simple
8301,Не моуг дозвониться,negative_feedback,service_issue,escalation_flow,augmented,simple
6045,Сколько нельзя пить алкоголь после элайнеры пожалуйста,faq,visit_prep,faq_flow,augmented,medium
8406,ЧТО ПОСОВЕТУЕТЕ 👍,faq,followup,faq_flow,augmented,simple
5552,после виниры у козловой стало хуже!,negative_feedback,quality,escalation_flow,augmented,medium
9433,"Скажите, до свидания!!",conversational,farewell,conversation_flow,augmented,complex
6177,"Добрый день, подскажите, работаете в в ближайшее время?",faq,clinic_info,faq_flow,augmented,complex
3992,"Добрый день, пришлось переделывать",negative_feedback,quality,escalation_flow,augmented,complex
1027,Сколько нельзя курить после чистку пожалуйста,faq,visit_prep,faq_flow,augmented,medium
3212,"Подскажите, не получится прийти",booking,cancel,booking_flow,augmented,complex
8333,Работаете в на этой неделе,faq,clinic_info,faq_flow,augmented,simple
9906,Хочу отбеливание,anamnesis,services,anamnesis_flow,template,simple
9563,"Скажите, сколько длится лечение каналов?",faq,procedure,faq_flow,augmented,complex
9984,Перезапишите на 14:00 спасибо,booking,reschedule,booking_flow,augmented,simple
1970,случилось откололся зуб заранее спасибо,anamnesis,complaint,anamnesis_flow,augmented,simple
4644,"Подскажите, когда работаете 🦷",faq,clinic_info,faq_flow,augmented,complex
4243,Доброе утро 🙏,conversational,greeting,conversation_flow,augmented,simple
4316,"Подскажите, семёрка болит постоянно",anamnesis,symptom,anamnesis_flow,augmented,complex
5030,Телефон не отвечАет заранее спасибо,negative_feedback,service_issue,escalation_flow,augmented,simple
5651,После лечение кариеса у Иванова стало хуже,negative_feedback,quality,escalation_flow,variation,medium
5741,ГДЕ ОСТАВИТЬ ЖАЛОБУ?!,negative_feedback,general,escalation_flow,augmented,simple
9391,"Привет, перенесите на утро",booking,reschedule,booking_flow,augmented,complex
546,"Подскажите, нужно удаление пожалуйста",anamnesis,services,anamnesis_flow,augmented,complex
6184,реставрациюн е помоГло,negative_feedback,quality,escalation_flow,augmented,simple
3863,Как проходит лечение?,faq,procedure,faq_flow,template,simple
3205,Есть имплантолог спасибо,faq,clinic_info,faq_flow,augmented,simple
8313,Ждал давно?,negative_feedback,service_issue,escalation_flow,augmented,simple
8553,Прикусил щёку 🙏,anamnesis,complaint,anamnesis_flow,augmented,simple
3048,Мне не перезвонили неделю 🦷,negative_feedback,service_issue,escalation_flow,augmented,simple
9261,Не сообщили о переносе спасибо,negative_feedback,service_issue,escalation_flow,augmented,simple
1595,Есть у вас рентген спасибо.,faq,clinic_info,faq_flow,augmented,simple
2440,"Здравствуйте, всего доброго 😢",conversational,farewell,conversation_flow,augmented,complex
1316,Волквоа был груб,negative_feedback,staff,escalation_flow,augmented,simple
3924,Верните деньги спасибо,negative_feedback,general,escalation_flow,augmented,simple
4511,НужНо лечение кариеса!,anamnesis,services,anamnesis_flow,augmented,simple
4931,шестёрка ночью болит...,anamnesis,symptom,anamnesis_flow,augmented,simple
4186,"Скажите, как проходит пломбирование.",faq,procedure,faq_flow,augmented,complex
8989,"Скажите, спасибо большое!",conversational,gratitude,conversation_flow,augmented,complex
4782,Хочу отменить запись,booking,cancel,booking_flow,template,simple
1010,ПОСЛЕ УДАЛЕНЕИ У СМИРНОВОЙ СТАЛО ХУЖЕ,negative_feedback,quality,escalation_flow,augmented,medium
2821,Благодарю вас заранее спасибо...,conversational,gratitude,conversation_flow,augmented,simple
6686,Не получится прийти!!,booking,cancel,booking_flow,augmented,simple
2976,У меня запах изо рта день,anamnesis,symptom,anamnesis_flow,variation,medium
1566,благодарю вас 😢,conversational,gratitude,conversation_flow,augmented,simple
3979,"Добрый день, надо подумать 😢",conversational,unclear,clarification_flow,augmented,complex
3153,Запись к эндодотнисту на сегодня,booking,new_appointment,booking_flow,augmented,simple
547,"Подскажите, всего хорошего?",conversational,farewell,conversation_flow,augmented,complex
2344,НЕ РПИДУ,booking,cancel,booking_flow,augmented,simple
9927,Как ухаживать после лечения?,faq,visit_prep,faq_flow,template,simple
1462,Сколько нельзя курить после виниры!!,faq,visit_prep,faq_flow,augmented,simple
4664,Что вы рекомендуете 👍,faq,followup,faq_flow,augmented,simple
4700,Хорошо.,conversational,confirmation,conversation_flow,augmented,simple
8797,Перенесите нас реду,booking,reschedule,booking_flow,augmented,simple
1928,У меня боль от холодного неделю!!,anamnesis,symptom,anamnesis_flow,augmented,medium
449,После виниры у Новикова стало хуже,negative_feedback,quality,escalation_flow,variation,medium
3140,Приветствую,conversational,greeting,conversation_flow,template,simple
1202,"Привет, хОЧУ ОТКАЗАТЬСЯ ОТ ЗАПИСИ",booking,cancel,booking_flow,augmented,complex
1714,"Спасибо, всё понятно 😊",conversational,gratitude,conversation_flow,augmented,complex
8405,Не предупредиил об изменениях,negative_feedback,service_issue,escalation_flow,augmented,simple
8636,"Здрваствуйте, хорошего дня",conversational,farewell,conversation_flow,augmented,complex
1643,У меня кровоточивость давно,anamnesis,symptom,anamnesis_flow,variation,simple
2061,НУЖНО ЧИСТИТЬ ЗУБЫ ПЕРЕД ИВЗИТОМ?,faq,visit_prep,faq_flow,augmented,simple
6192,Лебедевой был гурб,negative_feedback,staff,escalation_flow,augmented,simple
7198,"Добрый день, прощайте",conversational,farewell,conversation_flow,augmented,complex
7322,Приложение глючит 🙏,negative_feedback,service_issue,escalation_flow,augmented,simple
1946,Боль отдаёт в висок,anamnesis,symptom,anamnesis_flow,template,simple
501,"Привет, как добраться",faq,clinic_info,faq_flow,augmented,complex
160,Алло заранее спасибо,conversational,greeting,conversation_flow,augmented,simple
3595,Привет?!,conversational,greeting,conversation_flow,augmented,simple
8280,"Здравствуйте, торопили",negative_feedback,staff,escalation_flow,augmented,complex
7301,У меня чувствительность день,anamnesis,symptom,anamnesis_flow,variation,simple
1207,Алло?,conversational,greeting,conversation_flow,augmented,simple
9877,После лечение каналов у Козловой стало хуже,negative_feedback,quality,escalation_flow,variation,medium
4598,Почём снимок,faq,price,faq_flow,augmented,simple
5109,Больше не приду!,negative_feedback,general,escalation_flow,augmented,simple
9122,После коронку у Петровой стало хуже,negative_feedback,quality,escalation_flow,variation,medium
6999,У меня боль при жевании два дня,anamnesis,symptom,anamnesis_flow,variation,medium
8208,Запись к ортопеду на на этой неделе,booking,new_appointment,booking_flow,variation,medium
4411,Сколько нельзя пить после отбеливание,faq,visit_prep,faq_flow,augmented,simple
6920,ЗУБЫ СТАЛИ ПОДВИЖНЫМИ 😢,anamnesis,complaint,anamnesis_flow,augmented,simple
9360,Откололся зуб 😊,anamnesis,complaint,anamnesis_flow,augmented,simple
6250,Есть прайс-лист?,faq,price,faq_flow,template,simple
6351,Зуб потеменл,anamnesis,complaint,anamnesis_flow,augmented,simple
7704,Добрео утро!,conversational,greeting,conversation_flow,augmented,simple
4762,"треснул зуб, что делать",anamnesis,complaint,anamnesis_flow,augmented,complex
4158,После консультацИю у Лебедевой стало хуже спасибо,negative_feedback,quality,escalation_flow,augmented,medium
5063,Чт онельзя после снимок,faq,visit_prep,faq_flow,augmented,simple
1844,"Отменитез апиьс, уезжаю",booking,cancel,booking_flow,augmented,complex
5142,Болит коренной зуб уже неделю,anamnesis,symptom,anamnesis_flow,variation,simple
8507,Нагрубили?,negative_feedback,staff,escalation_flow,augmented,simple
2921,Врач Кузнецовой не объяснил 🙏,negative_feedback,staff,escalation_flow,augmented,simple
5928,"Спасибо, всё пноятно",conversational,gratitude,conversation_flow,augmented,complex
7203,"Здравствуйте, что посоветуете?",faq,followup,faq_flow,augmented,complex
3940,"Не смогу прийти, не смогу",booking,cancel,booking_flow,variation,simple
2637,"Привет, позже",conversational,unclear,clarification_flow,augmented,complex
178,консультацию сколько стоит?,faq,price,faq_flow,variation,simple
8655,интересует лечение каналов 😊,anamnesis,services,anamnesis_flow,augmented,simple
8026,А ЧТО ЛУЧШЕ?!,faq,followup,faq_flow,augmented,simple
2667,После лечение кариеса у Морозовой стало хуже спасибо,negative_feedback,quality,escalation_flow,augmented,medium
9110,Не рекомендую?!,negative_feedback,general,escalation_flow,augmented,simple
5309,Планирую элайнеры,anamnesis,services,anamnesis_flow,variation,simple
3668,"Скажите, сломался протез",anamnesis,complaint,anamnesis_flow,augmented,complex
5401,"Подскажите, да, хроошо",conversational,confirmation,conversation_flow,augmented,complex
68,верхняя десна очень болит!!,anamnesis,symptom,anamnesis_flow,augmented,simple
6166,"Да, конечно 🦷",conversational,confirmation,conversation_flow,augmented,complex
971,Запись к челюстно-лицевому хирургу на послезавтра,booking,new_appointment,booking_flow,variation,medium
8202,Хорошего дня заранее спасибо 🙏,conversational,farewell,conversation_flow,augmented,simple
7429,"Скажите, после снимок у Иванова стало хуже",negative_feedback,quality,escalation_flow,augmented,complex
2899,как проходит лечение каналов пожалуйста,faq,procedure,faq_flow,augmented,simple
6901,"Добрый день, грубо обошлись",negative_feedback,staff,escalation_flow,augmented,complex
4892,Ждал две недели спасибо,negative_feedback,service_issue,escalation_flow,augmented,simple
164,Работаете в послезавтра,faq,clinic_info,faq_flow,augmented,simple
5891,Не уделили внимания 😢,negative_feedback,staff,escalation_flow,augmented,simple
7824,десна постоянно болит,anamnesis,symptom,anamnesis_flow,variation,simple
304,"Привет, ждал три дня",negative_feedback,service_issue,escalation_flow,augmented,complex
9682,Стоимость виниров пожалуйста,faq,price,faq_flow,augmented,simple
3520,ЯЗВОЧКИ НА СЛИЗИСТОЙ 🦷,anamnesis,complaint,anamnesis_flow,augmented,simple
9841,Интересует виниры.,anamnesis,services,anamnesis_flow,augmented,simple
8762,"Здравствуйте, после профгигиену у Волкова стало хуже",negative_feedback,quality,escalation_flow,augmented,complex
3633,До скоорго.,conversational,farewell,conversation_flow,augmented,simple
8806,Спасибоз а информацию,conversational,gratitude,conversation_flow,augmented,simple
8584,"Добрый день, спасибо большое",conversational,gratitude,conversation_flow,augmented,complex
8983,Сколько нельзя есть после консультацию 👍,faq,visit_prep,faq_flow,augmented,medium
8095,Можно перенести на четверг 😢,booking,reschedule,booking_flow,augmented,simple
3896,Перенесите на сегодня,booking,reschedule,booking_flow,variation,simple
2289,Есть экстренный приём 👍 😢,booking,new_appointment,booking_flow,augmented,simple
5517,Добрый вечер,conversational,greeting,conversation_flow,template,simple
1840,Запишите к пародонтологу,booking,new_appointment,booking_flow,variation,simple
8768,мне не перезвонили неделю!!,negative_feedback,service_issue,escalation_flow,augmented,simple
5898,Запись к терапевту на вечер,booking,new_appointment,booking_flow,variation,simple
5775,Плоха яклиника,negative_feedback,general,escalation_flow,augmented,simple
5656,что делать если отёк спасибо,faq,visit_prep,faq_flow,augmented,simple
3166,брекеты не помогло 👍,negative_feedback,quality,escalation_flow,augmented,simple
1944,Дорбый вечер,conversational,greeting,conversation_flow,augmented,simple
3640,Всего хорошего...,conversational,farewell,conversation_flow,augmented,simple
9090,"Скажите, у меня откололся зуб...",anamnesis,complaint,anamnesis_flow,augmented,complex
505,Перенесите на опслезавтра заранее спасибо,booking,reschedule,booking_flow,augmented,simple
8883,Это безопасно 🦷 😊,faq,procedure,faq_flow,augmented,simple
6467,"ДОБРЫЙ ДЕНЬ, НАВЕРНОЕ",conversational,unclear,clarification_flow,augmented,complex
9695,Позже.,conversational,unclear,clarification_flow,augmented,simple
9779,БуДу 😢,conversational,confirmation,conversation_flow,augmented,simple
1431,Почём протезирование 🦷,faq,price,faq_flow,augmented,simple
8735,РАЗОЧАРОВАН ПОЖАЛУЙСТА,negative_feedback,general,escalation_flow,augmented,simple
4199,"Поясните, опжалуйста",faq,followup,faq_flow,augmented,complex
5801,Болит нижняя десна уже с утра,anamnesis,symptom,anamnesis_flow,variation,medium
794,Прикусил язык!,anamnesis,complaint,anamnesis_flow,augmented,simple
1381,"Подскажите, ясно",conversational,confirmation,conversation_flow,augmented,complex
6200,Окей спасибо,conversational,confirmation,conversation_flow,augmented,simple
9278,"Добрый день, хочу пожаловаться",negative_feedback,general,escalation_flow,augmented,complex
5873,Скольок длится виниры?,faq,procedure,faq_flow,augmented,simple
783,Планирую брекеты,anamnesis,services,anamnesis_flow,variation,simple
7661,МОЖНО БЕЗЭ ТОГО?,faq,followup,faq_flow,augmented,simple
8669,приём начался с опозданием 🦷,negative_feedback,service_issue,escalation_flow,augmented,simple
5040,ВСЕОГ ДОБРОГО,conversational,farewell,conversation_flow,augmented,simple
4229,"Добрый день, надо посоветоваться",conversational,unclear,clarification_flow,augmented,complex
7802,ЦЕНА НА ЛЕЧЕНИЕ КАРИЕСА?!,faq,price,faq_flow,augmented,simple
5865,Запись к имплантологу на воскресенье,booking,new_appointment,booking_flow,variation,simple
8381,"Подскажите, не знаю",conversational,unclear,clarification_flow,augmented,complex
2778,А если не поможет 😢,faq,followup,faq_flow,augmented,simple
5198,Ждал дев недели?!,negative_feedback,service_issue,escalation_flow,augmented,simple
58,Сколько длится элайнеры...,faq,procedure,faq_flow,augmented,simple
4421,Добрый день заранее спасибо,conversational,greeting,conversation_flow,augmented,simple
3891,Беспокоит боль от холодного,anamnesis,symptom,anamnesis_flow,variation,simple
5833,"Подскажите, нужно имплантацию",anamnesis,services,anamnesis_flow,augmented,complex
3333,"Добрый день, подскажите, пока!",conversational,farewell,conversation_flow,augmented,complex
4334,Добрый вечер?,conversational,greeting,conversation_flow,augmented,simple
6912,Зуб потемнел заранее спасибо?,anamnesis,complaint,anamnesis_flow,augmented,simple
89,Перенесите запись 🦷,booking,reschedule,booking_flow,augmented,simple
3694,Спсаиоб!,conversational,gratitude,conversation_flow,augmented,simple
3641,"Отмените запись,з анят на работе",booking,cancel,booking_flow,augmented,complex
8339,Можно ан другой день?,booking,reschedule,booking_flow,augmented,simple
1546,Врач Иванова не объяснил,negative_feedback,staff,escalation_flow,variation,simple
5947,Не смогу прийти заранее спасибо,booking,cancel,booking_flow,augmented,simple
6937,"Здравствуйте, спасибо, до свидания",conversational,gratitude,conversation_flow,augmented,complex
7176,Сколько нельзя есть после элайнеры?,faq,visit_prep,faq_flow,variation,simple
7396,Где вы находитесь 👍,faq,clinic_info,faq_flow,augmented,simple
5729,"Отменитез апись, заболел",booking,cancel,booking_flow,augmented,complex
1716,"Привет, здратсе",conversational,greeting,conversation_flow,augmented,complex
4860,Можно перезаписатьСя?!,booking,reschedule,booking_flow,augmented,simple
6924,После снимок у Морозовой стало хуже?!,negative_feedback,quality,escalation_flow,augmented,medium
1888,планирую протезирование пожалуйста,anamnesis,services,anamnesis_flow,augmented,simple
2405,ждла два дня,negative_feedback,service_issue,escalation_flow,augmented,simple
5064,"ДОБРЫЙ ДЕНЬ, ВО СКОЛЬКО ОТКРЫВАЕТЕСЬ?",faq,clinic_info,faq_flow,augmented,complex
9888,После брекеты у Лебедевой стало хуже,negative_feedback,quality,escalation_flow,variation,medium
9489,Можно перенести на вторник?,booking,reschedule,booking_flow,variation,simple
7190,Сломался протез!!,anamnesis,complaint,anamnesis_flow,augmented,simple
479,Сколько нельзя заниматься спортом после элайнеры?,faq,visit_prep,faq_flow,variation,medium
2067,Болит передний зуб уже две недели.,anamnesis,symptom,anamnesis_flow,augmented,medium
3007,брекеты это больно заранее спасибо,faq,procedure,faq_flow,augmented,simple
2926,"Здравствуйте, сколько длится реставрацию",faq,procedure,faq_flow,augmented,complex
529,"Отмените запись, форс-мажор 🦷",booking,cancel,booking_flow,augmented,complex
6918,"Привет, после лечение каналов у Петровой стало хуже",negative_feedback,quality,escalation_flow,augmented,complex
6733,Пока не решил пожалуйста 👍,conversational,unclear,clarification_flow,augmented,simple
220,Надоп одумать,conversational,unclear,clarification_flow,augmented,simple
3811,"Добрый день, большен е приду",negative_feedback,general,escalation_flow,augmented,complex
9653,Можно перенести на на этой неделе.,booking,reschedule,booking_flow,augmented,medium
5953,Что нельзя после прфогигиену?,faq,visit_prep,faq_flow,augmented,simple
4938,А можон по-другому?,faq,followup,faq_flow,augmented,simple
2160,Можноз аписаться онлайн спасибо,faq,clinic_info,faq_flow,augmented,simple
7957,Согласен!!,conversational,confirmation,conversation_flow,augmented,simple
6171,Не смогу прийти 😊,booking,cancel,booking_flow,augmented,simple
7546,Приве тспасибо,conversational,greeting,conversation_flow,augmented,simple
1228,Коронка слетела заранее спасибо,anamnesis,complaint,anamnesis_flow,augmented,simple
6293,Болит верхний зуб уже со вчера,anamnesis,symptom,anamnesis_flow,variation,medium
6150,"Подскажите, здрасте",conversational,greeting,conversation_flow,augmented,complex
1081,Врач опоздал на полчаса!!,negative_feedback,service_issue,escalation_flow,augmented,simple
3772,Перенесите на утро,booking,reschedule,booking_flow,variation,simple
7073,ДоБрйы день!,conversational,greeting,conversation_flow,augmented,simple
7284,"Отмените запись, не смогу 👍",booking,cancel,booking_flow,augmented,complex
1169,Благодарю вас 🦷,conversational,gratitude,conversation_flow,augmented,simple
2319,"Привет, хорошо",conversational,confirmation,conversation_flow,augmented,complex
9059,лечение каналов не помогло 😢,negative_feedback,quality,escalation_flow,augmented,simple
6397,СКОЛЬКО ДЛИТСЯО ТБЕЛИВАНИЕ?,faq,procedure,faq_flow,augmented,simple
3418,Запись к имплантологу на сегодня,booking,new_appointment,booking_flow,variation,simple
722,После коронку у Петровой стало хуже заранее спасибо,negative_feedback,quality,escalation_flow,augmented,medium
6942,"Отмените запись, не смогу 😊",booking,cancel,booking_flow,augmented,complex
8388,Есть седация заранее спасибо,faq,clinic_info,faq_flow,augmented,simple
9309,У меня острая боль давно?!,anamnesis,symptom,anamnesis_flow,augmented,simple
7876,ОЧЕНЬ ДОЛГО ЖДАЛ СПАСИБО,negative_feedback,service_issue,escalation_flow,augmented,simple
6672,Почём КТ?,faq,price,faq_flow,template,simple
9383,А что лучше 😊,faq,followup,faq_flow,augmented,simple
2364,Доброе утро 🦷,conversational,greeting,conversation_flow,augmented,simple
6419,Сколько нельзя есть после удаление,faq,visit_prep,faq_flow,augmented,simple
6877,СКОЛЬКО СТОИТ ВИНИРЫ,faq,price,faq_flow,augmented,simple
1492,После лечение каналов у Смирновой стало хуже,negative_feedback,quality,escalation_flow,variation,medium
2,Добрый вечер пожалуйста,conversational,greeting,conversation_flow,augmented,simple
3387,"Скажите, перенос записи",booking,reschedule,booking_flow,augmented,complex
3495,"Добрый день, сколько нельзя есть после брекеты?",faq,visit_prep,faq_flow,augmented,complex
8470,После чистку у Сидорова стало хуже,negative_feedback,quality,escalation_flow,variation,medium
9379,после коронк уу морозовой стало хуже,negative_feedback,quality,escalation_flow,augmented,medium
6292,Сколько нлеьзя есть после чистку!,faq,visit_prep,faq_flow,augmented,simple
7157,У меня боль при жевании неделю?!,anamnesis,symptom,anamnesis_flow,augmented,medium
4505,"Здравствуйте, добрый вечер!!",conversational,greeting,conversation_flow,augmented,complex
5532,Понял 👍 заранее спасибо,conversational,confirmation,conversation_flow,augmented,simple
7664,МНЕ НЕ ПЕРЕЗВОНИЛИ ДВА ДНЯ 😊,negative_feedback,service_issue,escalation_flow,augmented,medium
3785,Запись к гигиенисту на утро,booking,new_appointment,booking_flow,variation,simple
1826,Непрофессиональное отношение 🦷,negative_feedback,staff,escalation_flow,augmented,simple
6290,"Скажите, нАДО ПОСОВЕТОВАТЬСЯ",conversational,unclear,clarification_flow,augmented,complex
7501,"Уточните, пожалуйста 🦷",faq,followup,faq_flow,augmented,complex
2267,"откололся зуб, что делать 🦷",anamnesis,complaint,anamnesis_flow,augmented,complex
4258,"Подскажите, новикова был груб",negative_feedback,staff,escalation_flow,augmented,complex
1811,После коронку у Лебедевой стало хуже 😊,negative_feedback,quality,escalation_flow,augmented,medium
7990,"Добрый день, иванова был груб",negative_feedback,staff,escalation_flow,augmented,complex
3604,Какая цена на лечение кариеса?,faq,price,faq_flow,variation,simple
7854,"Здравствуйте, врач Морозовой нЕ объяснил",negative_feedback,staff,escalation_flow,augmented,complex
9482,Приветствую?!,conversational,greeting,conversation_flow,augmented,simple
6628,Подскажите подробнее,faq,followup,faq_flow,template,simple
1896,Планирую чисТку...,anamnesis,services,anamnesis_flow,augmented,simple
3957,Здорово 😢 спасибо,conversational,greeting,conversation_flow,augmented,simple
3175,Сколько нельзя есть после брекеты?,faq,visit_prep,faq_flow,variation,simple
253,Что нельзя после брекеты 😢,faq,visit_prep,faq_flow,augmented,simple
9860,У меня боль от холодного с утра,anamnesis,symptom,anamnesis_flow,variation,medium
4645,Не решил ещё 😊,conversational,unclear,clarification_flow,augmented,simple
7371,сколько нельзя есть после чистку,faq,visit_prep,faq_flow,augmented,simple
321,Хочуо тказаться от записи 😢,booking,cancel,booking_flow,augmented,simple
4298,Очень благодарен?,conversational,gratitude,conversation_flow,augmented,simple
2242,Принимаете наличные!!,faq,clinic_info,faq_flow,augmented,simple
8923,Всего хооршего 👍,conversational,farewell,conversation_flow,augmented,simple
8885,"Скажите, до скорого...",conversational,farewell,conversation_flow,augmented,complex
5379,"Здравствуйте, запись к детскому стоматологу на завтра...",booking,new_appointment,booking_flow,augmented,complex
2461,"Добрый день, сЛУЧИЛОСЬ СЛЕТЕЛА КОРОНКА",anamnesis,complaint,anamnesis_flow,augmented,complex
5223,"Скажите, откололся зуб, что делать?",anamnesis,complaint,anamnesis_flow,augmented,complex
9497,"Подскажите, можно перенести на на следующей неделе!",booking,reschedule,booking_flow,augmented,complex
8444,"Добрый день, а вдруг не получится?",faq,followup,faq_flow,augmented,complex
8390,Хорошего дня пожалуйста,conversational,farewell,conversation_flow,augmented,simple
5819,Ок заранее спасибо,conversational,confirmation,conversation_flow,augmented,simple
1419,Сколько длится коронку...,faq,procedure,faq_flow,augmented,simple
6826,"Привет, ужасный севрис",negative_feedback,general,escalation_flow,augmented,complex
2062,Спасибо обльшое,conversational,gratitude,conversation_flow,augmented,simple
8685,НЕ СМОГУ В НАЗНАЧЕННОЕ ВРЕМЯ!!,booking,reschedule,booking_flow,augmented,simple
2411,Хочу перенести на утро?,booking,reschedule,booking_flow,augmented,simple
5097,Хочу пожаловаться 👍 пожалуйста,negative_feedback,general,escalation_flow,augmented,simple
2082,"Добрый день, уберите мою запись 😢",booking,cancel,booking_flow,augmented,complex
8634,СоглАсен 🙏,conversational,confirmation,conversation_flow,augmented,simple
5372,профгигиену не помогло,negative_feedback,quality,escalation_flow,variation,simple
6103,Есть 3D-томограф?!,faq,clinic_info,faq_flow,augmented,simple
4780,Случилось впыала пломба,anamnesis,complaint,anamnesis_flow,augmented,simple
5813,Какая цена на лечение кариеса,faq,price,faq_flow,augmented,simple
611,"Скажите, телефон не отвечает",negative_feedback,service_issue,escalation_flow,augmented,complex
5112,Запись к детскому стоматологу на утро,booking,new_appointment,booking_flow,variation,medium
368,ДО КОТОРОГО ЧАСА ПРИЁМ?!,faq,clinic_info,faq_flow,augmented,simple
5215,Ужасный сервис?!,negative_feedback,general,escalation_flow,augmented,simple
4325,"Скажите, недоволен обслуживанием пожалуйста",negative_feedback,general,escalation_flow,augmented,complex
5546,"Добрый день, добрый день, да",conversational,confirmation,conversation_flow,augmented,complex
9332,Беспокоит пульсирующая боль.,anamnesis,symptom,anamnesis_flow,augmented,simple
6186,Что лушче выбрать?,faq,procedure,faq_flow,augmented,simple
3516,Запись к эндодонтисту на субботу,booking,new_appointment,booking_flow,variation,simple
7392,Планируюч истку?!,anamnesis,services,anamnesis_flow,augmented,simple
4924,Запись к хируРгу на четверг заранее спасибо,booking,new_appointment,booking_flow,augmented,medium
7568,"ДА, ХОРОШО?!",conversational,confirmation,conversation_flow,augmented,complex
5577,После КТ у Петровой стало хуже 😢,negative_feedback,quality,escalation_flow,augmented,medium
4944,Нужно перенести спасибо,booking,reschedule,booking_flow,augmented,simple
9103,Ясно пожалуйста,conversational,confirmation,conversation_flow,augmented,simple
4625,"Привет, добрый день?!",conversational,greeting,conversation_flow,augmented,complex
3625,"ПОДСКАЖИТЕ, МНЕ НЕ ПЕРЕЗВОНИЛИ ДВА ДНЯ",negative_feedback,service_issue,escalation_flow,augmented,complex
5320,Нужен протез...,anamnesis,services,anamnesis_flow,augmented,simple
3568,Пока...,conversational,farewell,conversation_flow,augmented,simple
88,Щёлкает челюсть,anamnesis,symptom,anamnesis_flow,template,simple
4666,"Скажите, хочу отменить запись",booking,cancel,booking_flow,augmented,complex
3824,"Отмените запись, не смогу!!",booking,cancel,booking_flow,augmented,complex
9991,"Скажите, удачи",conversational,farewell,conversation_flow,augmented,complex
2284,"Не смогу прийти ,занят на работе",booking,cancel,booking_flow,augmented,complex
2132,"ДобРый день, почём?",faq,price,faq_flow,augmented,complex
4074,Поудмаю 😊,conversational,unclear,clarification_flow,augmented,simple
4566,"Привет, хочу перенести запись",booking,reschedule,booking_flow,augmented,complex
362,"Не смогу прийт,и заболел",booking,cancel,booking_flow,augmented,complex
4857,Работаете по ДМС,faq,clinic_info,faq_flow,augmented,simple
5353,После пломбирование у Иванова стало хуже 😊,negative_feedback,quality,escalation_flow,augmented,medium
4090,долго оформляли документы.,negative_feedback,service_issue,escalation_flow,augmented,simple
6616,А что лушче?,faq,followup,faq_flow,augmented,simple
8630,Я вам перезвоню...,conversational,unclear,clarification_flow,augmented,simple
8683,После элайнеры у Волкова стало хуже,negative_feedback,quality,escalation_flow,variation,medium
6811,Хорошо 👍 👍,conversational,confirmation,conversation_flow,augmented,simple
8434,Окей?,conversational,confirmation,conversation_flow,augmented,simple
23,"Скажите, позже",conversational,unclear,clarification_flow,augmented,complex
534,Нужно виниры 👍,anamnesis,services,anamnesis_flow,augmented,simple
8812,Спсаибо большое,conversational,gratitude,conversation_flow,augmented,simple
953,Хорошо?!,conversational,confirmation,conversation_flow,augmented,simple
8011,Сидорова был груб спасибо,negative_feedback,staff,escalation_flow,augmented,simple
1276,После консультацию уК узнецовой стало хуже,negative_feedback,quality,escalation_flow,augmented,medium
1791,Интересует лечение каналов 😢,anamnesis,services,anamnesis_flow,augmented,simple
3594,неу верен,conversational,unclear,clarification_flow,augmented,simple
9827,Нужно имплантацию,anamnesis,services,anamnesis_flow,variation,simple
1991,"НЕ СМОГУ ПРИЙТИ, НЕ СМОГУ 👍",booking,cancel,booking_flow,augmented,complex
1318,Это безопасно 😊,faq,procedure,faq_flow,augmented,simple
8937,После брекеты у Смирновой стало хуже,negative_feedback,quality,escalation_flow,variation,medium
4008,"Здравствуйте, челюсть сильно болит",anamnesis,symptom,anamnesis_flow,augmented,complex
82,Возмонжо спасибо,conversational,unclear,clarification_flow,augmented,simple
8177,ладно 🦷,conversational,confirmation,conversation_flow,augmented,simple
3062,"Подскажите, привет",conversational,greeting,conversation_flow,augmented,complex
7241,"Добрый день, можно без этого?",faq,followup,faq_flow,augmented,complex
5508,Воспаление после удаления,negative_feedback,quality,escalation_flow,template,simple
6774,ясно 🙏,conversational,confirmation,conversation_flow,augmented,simple
9512,Морозовой был грубз аранее спасибо,negative_feedback,staff,escalation_flow,augmented,simple
8786,Почём 👍,faq,price,faq_flow,augmented,simple
8798,Сколько нельзя пить после профгигиену заранее спасибо,faq,visit_prep,faq_flow,augmented,medium
831,Нужноп еренести,booking,reschedule,booking_flow,augmented,simple
787,После удаление у Новикова стало хуже,negative_feedback,quality,escalation_flow,variation,medium
5618,БОЛИТ ДСЕНА УЖЕ НЕСКОЛЬКО ДНЕЙ,anamnesis,symptom,anamnesis_flow,augmented,simple
4492,Праощйте,conversational,farewell,conversation_flow,augmented,simple
2512,рестварацию сколько стоит?,faq,price,faq_flow,augmented,simple
4951,Работаете в в ближайшее время?,faq,clinic_info,faq_flow,variation,simple
6288,"Здравствуйте, принимаете карту?",faq,clinic_info,faq_flow,augmented,complex
4436,челюсть болит сильно,anamnesis,symptom,anamnesis_flow,variation,simple
2450,Приветствую 😢,conversational,greeting,conversation_flow,augmented,simple
15,Нужно реставарцию,anamnesis,services,anamnesis_flow,augmented,simple
1859,Можно на послезавтра?,booking,new_appointment,booking_flow,variation,simple
6698,"Добрый день, какая цена на виниры пожалуйста",faq,price,faq_flow,augmented,complex
6728,"Подскажите, врач ничего не знает",negative_feedback,staff,escalation_flow,augmented,complex
9675,Я вам преезвоню,conversational,unclear,clarification_flow,augmented,simple
6387,"Привет, здорово",conversational,greeting,conversation_flow,augmented,complex
9127,Прождлач ас,negative_feedback,service_issue,escalation_flow,augmented,simple
7822,Отмените приём,booking,cancel,booking_flow,template,simple
741,можно на на следующей неделе заранее спасибо,booking,new_appointment,booking_flow,augmented,medium
1850,Благодраю.,conversational,gratitude,conversation_flow,augmented,simple
7493,"Скажите, доброе утро?!",conversational,greeting,conversation_flow,augmented,complex
5554,Недопустимо,negative_feedback,general,escalation_flow,template,simple
1239,"Привет, спасибо за информацию",conversational,gratitude,conversation_flow,augmented,complex
4429,"ПРИВЕТ, ЗДРАВСТВУЙТЕ!",conversational,greeting,conversation_flow,augmented,complex
5001,Интересует эстетическая стоматология.,anamnesis,services,anamnesis_flow,augmented,simple
869,какие материалы используете,faq,procedure,faq_flow,augmented,simple
1917,Стало хуже после лечения,negative_feedback,quality,escalation_flow,template,simple
674,"Добрый день, не уверен!",conversational,unclear,clarification_flow,augmented,complex
4130,"Скажите, пОЧЁМ ЧИСТКУ?",faq,price,faq_flow,augmented,complex
2314,Хочу к имплантологу,booking,new_appointment,booking_flow,variation,simple
8201,виниры это больно.,faq,procedure,faq_flow,augmented,simple
679,Беспокоит кровоточивость,anamnesis,symptom,anamnesis_flow,variation,simple
6919,"Скажите, хочу оставить жалобу!!",negative_feedback,general,escalation_flow,augmented,complex
2665,Хорошего дня...,conversational,farewell,conversation_flow,augmented,simple
2123,Сколько нельзя пить алкоголь после осмотр 👍,faq,visit_prep,faq_flow,augmented,medium
719,Недопустимо 😊,negative_feedback,general,escalation_flow,augmented,simple
9777,зуб очень болит!!,anamnesis,symptom,anamnesis_flow,augmented,simple
2127,Недпоуситмо,negative_feedback,general,escalation_flow,augmented,simple
8134,Сколько стоит элайнеры заранее спасибо,faq,price,faq_flow,augmented,simple
7353,После отбеливание у Петровой стало хуже,negative_feedback,quality,escalation_flow,variation,medium
129,Прощайте 😊,conversational,farewell,conversation_flow,augmented,simple
5696,"Подскажите, можно перенести на в ближайшее время?",booking,reschedule,booking_flow,augmented,complex
1493,"Подскажите, выпала пломба",anamnesis,complaint,anamnesis_flow,augmented,complex
7413,Нужно чистку 👍,anamnesis,services,anamnesis_flow,augmented,simple
5863,Позже?!,conversational,unclear,clarification_flow,augmented,simple
4410,"Не смогу прийти, занят на работе пожалуйста",booking,cancel,booking_flow,augmented,complex
5299,Сколько нельзя пить после удаление 🙏,faq,visit_prep,faq_flow,augmented,medium
7516,Хочу на профосмотр заранее спасибо,booking,new_appointment,booking_flow,augmented,simple
1953,До всртечи 👍,conversational,farewell,conversation_flow,augmented,simple
6540,Болит передний зуб уже со вчера,anamnesis,symptom,anamnesis_flow,variation,medium
825,"Здравствуйте, какую анестезию используете?",faq,procedure,faq_flow,augmented,complex
3021,После лечение кариеса у Лебедевой стало хуже,negative_feedback,quality,escalation_flow,variation,medium
697,"Подсакжите, ждал неделю",negative_feedback,service_issue,escalation_flow,augmented,complex
114,"Подскажите, солгасен",conversational,confirmation,conversation_flow,augmented,complex
4966,Блаогдарю вас,conversational,gratitude,conversation_flow,augmented,simple
4184,Спасибо за помощь спасибо...,conversational,gratitude,conversation_flow,augmented,simple
2158,Запись к хирургу на туро,booking,new_appointment,booking_flow,augmented,simple
9659,Какой материал лучше пожалуйтса,faq,procedure,faq_flow,augmented,simple
7398,Интересует КТ пожалуйста,anamnesis,services,anamnesis_flow,augmented,simple
9919,Нужно отменить 👍,booking,cancel,booking_flow,augmented,simple
2746,"Привет, администратор нахамил",negative_feedback,staff,escalation_flow,augmented,complex
8236,перезвоню 🙏,conversational,unclear,clarification_flow,augmented,simple
4082,Не смогу прийти?,booking,cancel,booking_flow,augmented,simple
256,Эй 👍 пожалуйста,conversational,greeting,conversation_flow,augmented,simple
9334,Понятно 🦷,conversational,confirmation,conversation_flow,augmented,simple
2724,Запись к гигиенисту на субботу!,booking,new_appointment,booking_flow,augmented,simple
1889,"Привет, отмените зпаись, занят на работе",booking,cancel,booking_flow,augmented,complex
4947,Приниматее карту,faq,clinic_info,faq_flow,augmented,simple
418,Здравтсвуйте,conversational,greeting,conversation_flow,augmented,simple
5521,"Скажите, ясно?",conversational,confirmation,conversation_flow,augmented,complex
3090,Сколько длится пломбирование?,faq,procedure,faq_flow,variation,simple
124,Неприятный запах изо рта,anamnesis,symptom,anamnesis_flow,template,simple
7535,Откололся зуб,anamnesis,complaint,anamnesis_flow,template,simple
7891,Удачи пожалйуста,conversational,farewell,conversation_flow,augmented,simple
3481,"Привет, до скорого",conversational,farewell,conversation_flow,augmented,complex
6699,У меня выпала пломба заранее спасибо,anamnesis,complaint,anamnesis_flow,augmented,medium
7681,Интересует чистку 👍,anamnesis,services,anamnesis_flow,augmented,simple
3612,Болит верхний зуб уже неделю,anamnesis,symptom,anamnesis_flow,variation,simple
9075,пломбирование это больно?,faq,procedure,faq_flow,variation,simple
5878,Винир отклеился?!,anamnesis,complaint,anamnesis_flow,augmented,simple
7344,зуб мудрости ночью болит,anamnesis,symptom,anamnesis_flow,variation,simple
8307,Принимаете наличные заранее спасибо!!,faq,clinic_info,faq_flow,augmented,simple
2896,Коронка слетела...,anamnesis,complaint,anamnesis_flow,augmented,simple
729,Как рпоходит коронку?,faq,procedure,faq_flow,augmented,simple
1495,Интересует удаление,anamnesis,services,anamnesis_flow,variation,simple
5477,Запись к терапевту на на следующей неделе,booking,new_appointment,booking_flow,variation,medium
4179,Нужно удаление...,anamnesis,services,anamnesis_flow,augmented,simple
1410,Добрый веечр,conversational,greeting,conversation_flow,augmented,simple
3221,врач козловой не объяснил!!,negative_feedback,staff,escalation_flow,augmented,simple
5505,"Подскажите, перенесите на послезавтра",booking,reschedule,booking_flow,augmented,complex
3202,Прощайте?!,conversational,farewell,conversation_flow,augmented,simple
6608,"Подскажите, а можно по-другому 🦷",faq,followup,faq_flow,augmented,complex
1347,Козловой был груб!,negative_feedback,staff,escalation_flow,augmented,simple
7218,"Добрый день, очень благодарен 🙏",conversational,gratitude,conversation_flow,augmented,complex
3808,Хочу Удаление 🙏,anamnesis,services,anamnesis_flow,augmented,simple
7523,Врач Морозовой не объяснил 🙏 спасибо,negative_feedback,staff,escalation_flow,augmented,medium
3963,Иванова был груб 🦷,negative_feedback,staff,escalation_flow,augmented,simple
3541,"Подскажите, не решил ещё 🦷",conversational,unclear,clarification_flow,augmented,complex
6913,здравствуйте 🦷,conversational,greeting,conversation_flow,augmented,simple
1719,А вдруг не получится!!,faq,followup,faq_flow,augmented,simple
9298,"Подскажите, ладно...",conversational,confirmation,conversation_flow,augmented,complex
4745,Угу 😢 заранее спасибо,conversational,confirmation,conversation_flow,augmented,simple
934,Есть 3Dт-омограф 🙏,faq,clinic_info,faq_flow,augmented,simple
9630,Случилось треснул зуб!!,anamnesis,complaint,anamnesis_flow,augmented,simple
4712,НЕДОВОЛЕН ОБСЛУЖИВАНИЕМ!,negative_feedback,general,escalation_flow,augmented,simple
5365,"Подскажите, у меня чувствительность день спасибо",anamnesis,symptom,anamnesis_flow,augmented,complex
8043,Так и не перезвонили пожалуйста заранее спасибо,negative_feedback,service_issue,escalation_flow,augmented,medium
7171,Перезапишите на вечер заранее спасибо,booking,reschedule,booking_flow,augmented,simple
6764,Хочу красивую улыбку?!,anamnesis,services,anamnesis_flow,augmented,simple
2209,До встречи 👍,conversational,farewell,conversation_flow,augmented,simple
4085,Ждал несколько дней спасибо,negative_feedback,service_issue,escalation_flow,augmented,simple
137,Позовите главврача,negative_feedback,general,escalation_flow,template,simple
9220,Козловой был груб спасибо,negative_feedback,staff,escalation_flow,augmented,simple
9905,хочу красивую уылбку,anamnesis,services,anamnesis_flow,augmented,simple
654,Спс!!,conversational,gratitude,conversation_flow,augmented,simple
8106,"Добрый день, как добраться!!",faq,clinic_info,faq_flow,augmented,complex
5551,Можно перенести на среду заранее спасибо,booking,reschedule,booking_flow,augmented,medium
158,"Здравствуйте, запись к гигиенисту на пятницу",booking,new_appointment,booking_flow,augmented,complex
9657,Перезапишите на утро,booking,reschedule,booking_flow,variation,simple
684,здравствуйте?,conversational,greeting,conversation_flow,augmented,simple
9719,Наверное,conversational,unclear,clarification_flow,template,simple
4236,Не уверен спасибо спасибо,conversational,unclear,clarification_flow,augmented,simple
767,Хочу поговорить с руководством пжоалуйста,negative_feedback,general,escalation_flow,augmented,simple
2647,"Привет, здрасте.",conversational,greeting,conversation_flow,augmented,complex
7069,Можно перенетси на воскресенье,booking,reschedule,booking_flow,augmented,simple
3329,"Привет, не понравилсоь",negative_feedback,general,escalation_flow,augmented,complex
2011,Нужна художественная реставрация заранее спасибо,anamnesis,services,anamnesis_flow,augmented,simple
4513,Прикусиля зык,anamnesis,complaint,anamnesis_flow,augmented,simple
2782,СНИМИТЕ МЕНЯ С ЗАПИСИ 🙏,booking,cancel,booking_flow,augmented,simple
2768,Болит десна уже день,anamnesis,symptom,anamnesis_flow,variation,simple
6233,"Привет, новикова был груб",negative_feedback,staff,escalation_flow,augmented,complex
7153,Хорошегод ня спасибо,conversational,farewell,conversation_flow,augmented,simple
3537,Болит верхняя десна уже с утра?!,anamnesis,symptom,anamnesis_flow,augmented,medium
2828,"Спасибо, до свИдания?",conversational,gratitude,conversation_flow,augmented,complex
6973,"Не смогу прийти, уезжаю?!",booking,cancel,booking_flow,augmented,complex
2669,Кровоточат дёсны,anamnesis,symptom,anamnesis_flow,template,simple
229,"Привет, врач Волкова не объяснил?",negative_feedback,staff,escalation_flow,augmented,complex
497,Торопили!!,negative_feedback,staff,escalation_flow,augmented,simple
3830,Доброе утро 👍!!,conversational,greeting,conversation_flow,augmented,simple
4801,запись к гигиенисту на понедельник!!,booking,new_appointment,booking_flow,augmented,simple
6530,Привет спасибо,conversational,greeting,conversation_flow,augmented,simple
5590,Как проходит процедура?,faq,procedure,faq_flow,template,simple
7508,У меня боль от горячего месяц,anamnesis,symptom,anamnesis_flow,variation,medium
1585,"боль от горячего, что делать 😢",anamnesis,symptom,anamnesis_flow,augmented,complex
4615,протез сломасля,anamnesis,complaint,anamnesis_flow,augmented,simple
267,Пломба выпала,anamnesis,complaint,anamnesis_flow,template,simple
2003,Отмена записи спасибо спасибо,booking,cancel,booking_flow,augmented,simple
7004,Ждал день?,negative_feedback,service_issue,escalation_flow,augmented,simple
6136,Консультация платная?,faq,price,faq_flow,template,simple
690,Приветствую!!,conversational,greeting,conversation_flow,augmented,simple
6929,После брекеты у Волкова стало хуже,negative_feedback,quality,escalation_flow,variation,medium
8050,Ждал со вчера,negative_feedback,service_issue,escalation_flow,variation,simple
2376,Работаете в утро заранее спасибо,faq,clinic_info,faq_flow,augmented,simple
932,Недоволен осблуживанием,negative_feedback,general,escalation_flow,augmented,simple
8875,"Здравствуйте, скажите, поясните, пожалуйста",faq,followup,faq_flow,augmented,complex
2689,НЕПРОФЕССИОНАЛЬНОЕ ОТНОШЕНИЕ?!,negative_feedback,staff,escalation_flow,augmented,simple
8615,Надо поосветоваться!,conversational,unclear,clarification_flow,augmented,simple
9467,"Привет, скажите, не приду",booking,cancel,booking_flow,augmented,complex
3657,Врач ничего не знает!!,negative_feedback,staff,escalation_flow,augmented,simple
5686,"Добрый день, ретейнер отклеился",anamnesis,complaint,anamnesis_flow,augmented,complex
296,Как проходит брекеты?,faq,procedure,faq_flow,variation,simple
6697,Благоадрю,conversational,gratitude,conversation_flow,augmented,simple
1500,Я вам перезвною,conversational,unclear,clarification_flow,augmented,simple
3733,"Добрый день, оТКОЛОЛСЯ ЗУБ, ЧТО ДЕЛАТЬ?",anamnesis,complaint,anamnesis_flow,augmented,complex
1988,Можно перенести на воскресенье 😢,booking,reschedule,booking_flow,augmented,simple
6648,Свободно ли завтра 😢,booking,new_appointment,booking_flow,augmented,simple
6948,"Подскажите, наверное?",conversational,unclear,clarification_flow,augmented,complex
6002,Ясно,conversational,confirmation,conversation_flow,template,simple
7992,Не рекмоендую,negative_feedback,general,escalation_flow,augmented,simple
9727,Я ВАМ ПЕРЕЗВОНЮ 🙏,conversational,unclear,clarification_flow,augmented,simple
1279,Хочу невидимые каппы.,anamnesis,services,anamnesis_flow,augmented,simple
8144,"Привет, расскажите больше?!",faq,followup,faq_flow,augmented,complex
1363,"ЗДРАВСТВУЙТЕ, КОГДА ПРИЙТИ НА ОСМОТР?",faq,visit_prep,faq_flow,augmented,complex
4123,Можно перенести на пятницу пожалуйста,booking,reschedule,booking_flow,augmented,simple
1579,После имплантацию у Иванова стало хуже 🙏,negative_feedback,quality,escalation_flow,augmented,medium
7270,"ДОБРЫЙ ДЕНЬ, НУЖНО УДАЛЕНИЕ",anamnesis,services,anamnesis_flow,augmented,complex
4794,Мне не пеРезвонили!!,negative_feedback,service_issue,escalation_flow,augmented,simple
4132,Как подготовиться к коронку?,faq,visit_prep,faq_flow,variation,simple
1751,"Подскажите, не смогу прийти, форс-мажор",booking,cancel,booking_flow,augmented,complex
5047,возможно!,conversational,unclear,clarification_flow,augmented,simple
5273,"Здравствуйте, пЛАНИРУЮ КОНСУЛЬТАЦИЮ",anamnesis,services,anamnesis_flow,augmented,complex
5131,"Подскажите, спасибо большое спасибо",conversational,gratitude,conversation_flow,augmented,complex
6337,"Привет, отмените запись, занят на работе",booking,cancel,booking_flow,augmented,complex
1986,Болит инжняя десна уже давно,anamnesis,symptom,anamnesis_flow,augmented,simple
8632,коронкуэ то больно?,faq,procedure,faq_flow,augmented,simple
4984,Можно записаться?,booking,new_appointment,booking_flow,template,simple
753,Всего хорошего 🦷,conversational,farewell,conversation_flow,augmented,simple
695,Понятно...,conversational,confirmation,conversation_flow,augmented,simple
2612,"Скажите, запись к эндодонтисту на четверг",booking,new_appointment,booking_flow,augmented,complex
4988,После элайнеры у Сидорова стало хуже спасибо,negative_feedback,quality,escalation_flow,augmented,medium
3268,"Скажите, петровой бЫл груб",negative_feedback,staff,escalation_flow,augmented,complex
7910,"Здарвствуйте, а вдруг не получится?",faq,followup,faq_flow,augmented,complex
7763,Добрый вечер 😊,conversational,greeting,conversation_flow,augmented,simple
7574,"Скажите, благодарю 🙏",conversational,gratitude,conversation_flow,augmented,complex
3747,"Здравствуйте, ясно",conversational,confirmation,conversation_flow,augmented,complex
1434,"Здравствуйте, хочу почистить зубы",anamnesis,services,anamnesis_flow,augmented,complex
3648,"Здравствуйте, интересует удаление",anamnesis,services,anamnesis_flow,augmented,complex
5875,Да?,conversational,confirmation,conversation_flow,augmented,simple
7144,КАКК  ВАМ ПРОЕХАТЬ?,faq,clinic_info,faq_flow,augmented,simple
1690,нижний зуб болит ночью,anamnesis,symptom,anamnesis_flow,variation,simple
1477,Не решил ещё спасибо,conversational,unclear,clarification_flow,augmented,simple
1872,Сколько стоит снимок,faq,price,faq_flow,augmented,simple
4391,Ужасный сервис пожалуйста,negative_feedback,general,escalation_flow,augmented,simple
5814,Как подготовиться к осмотр пожалуйста,faq,visit_prep,faq_flow,augmented,simple
4390,Требую компенасцию,negative_feedback,general,escalation_flow,augmented,simple
8182,осмотр не помогло 😊,negative_feedback,quality,escalation_flow,augmented,simple
5525,Подскажите подробнее...,faq,followup,faq_flow,augmented,simple
6723,"Подскажите, согласен",conversational,confirmation,conversation_flow,augmented,complex
3351,Сколько нельзя заниматься спортом после профгигиену?,faq,visit_prep,faq_flow,variation,medium
645,Нунжо отменить,booking,cancel,booking_flow,augmented,simple
6938,Что посоветуете спасибо 😢,faq,followup,faq_flow,augmented,simple
9254,Всего доброго спасибо пожалуйста,conversational,farewell,conversation_flow,augmented,simple
935,Сидороваб ыл груб,negative_feedback,staff,escalation_flow,augmented,simple
5985,Запись к ортопеду на вторник,booking,new_appointment,booking_flow,variation,simple
3486,"Скажите, привет пожалуйста",conversational,greeting,conversation_flow,augmented,complex
9742,Запись к гигиенисту на на этой неделе?,booking,new_appointment,booking_flow,augmented,medium
9077,Нужна профессиональная чистка,anamnesis,services,anamnesis_flow,template,simple
2346,коронку это больно.,faq,procedure,faq_flow,augmented,simple
6105,Сколько нельзя пить после консультацию 👍,faq,visit_prep,faq_flow,augmented,medium
273,После протезирование у Волкова стало хуже,negative_feedback,quality,escalation_flow,variation,medium
8074,ТАК И НЕ ПЕРЕЗВОНИЛИ?!,negative_feedback,service_issue,escalation_flow,augmented,simple
1250,Спс 🦷,conversational,gratitude,conversation_flow,augmented,simple
5129,Спсаибо,conversational,gratitude,conversation_flow,augmented,simple
1288,Большое спасбио,conversational,gratitude,conversation_flow,augmented,simple
2410,"Подскажите, надо посоветоваться",conversational,unclear,clarification_flow,augmented,complex
2557,Здратсе?,conversational,greeting,conversation_flow,augmented,simple
7282,У меня треснул зуб,anamnesis,complaint,anamnesis_flow,variation,simple
6997,"ПОДСКАЖИТЕ, МНЕ НАХАМИЛИ",negative_feedback,staff,escalation_flow,augmented,complex
6327,"Добрый день, весго хорошего",conversational,farewell,conversation_flow,augmented,complex
30,Сколько нельзя есть после отбеливание 😊,faq,visit_prep,faq_flow,augmented,medium
2949,"Здравствуйте, где оставить жалобу",negative_feedback,general,escalation_flow,augmented,complex
4232,Всего доброго 👍?!,conversational,farewell,conversation_flow,augmented,simple
7946,МОЖНО ПЕРЕНЕСТИ НА ПЯТНИЦУ.,booking,reschedule,booking_flow,augmented,simple
5171,Приложение глючит,negative_feedback,service_issue,escalation_flow,template,simple
1361,"Скажите, а что лучше?",faq,followup,faq_flow,augmented,complex
7174,Работаетев  утро 😊,faq,clinic_info,faq_flow,augmented,simple
7161,врач петровой не объяснил...,negative_feedback,staff,escalation_flow,augmented,simple
5339,Можно перенестин а субботу?,booking,reschedule,booking_flow,augmented,simple
5710,Запись к детскому стоматологу на субботу?,booking,new_appointment,booking_flow,augmented,medium
5020,Врач Морозовой не объяснил 👍,negative_feedback,staff,escalation_flow,augmented,simple
1779,Всего доброго...,conversational,farewell,conversation_flow,augmented,simple
7562,"скажите, не сейчас",conversational,unclear,clarification_flow,augmented,complex
1969,Да 👍,conversational,confirmation,conversation_flow,augmented,simple
6212,Запись к имплантологу на утро?,booking,new_appointment,booking_flow,augmented,simple
122,"Добрый день, как делают?",faq,procedure,faq_flow,augmented,complex
1067,верхний зуб болит постоянно,anamnesis,symptom,anamnesis_flow,variation,simple
8174,можноб ез этого?,faq,followup,faq_flow,augmented,simple
7793,Нужна Имплантация спасибо,anamnesis,services,anamnesis_flow,augmented,simple
4133,"Спасбио, всё понятно",conversational,gratitude,conversation_flow,augmented,complex
4402,БОЛИТ ПРИ НАДАВЛИВАНИИ пожалуйста,anamnesis,symptom,anamnesis_flow,augmented,simple
5068,После имплантацию у Петровой стало хуже,negative_feedback,quality,escalation_flow,variation,medium
4061,Чт онельзя после отбеливание?,faq,visit_prep,faq_flow,augmented,simple
2162,Подскажите подробнее заранее спасибо,faq,followup,faq_flow,augmented,simple
3191,Кузнецовой был груб!!,negative_feedback,staff,escalation_flow,augmented,simple
8879,"Привет, спасибо спасибо",conversational,gratitude,conversation_flow,augmented,complex
1006,Спасибо 🙏,conversational,gratitude,conversation_flow,augmented,simple
991,Добрый вечер 😢,conversational,greeting,conversation_flow,augmented,simple
7737,"Здрваствуйте, пока",conversational,farewell,conversation_flow,augmented,complex
8810,Возомжно,conversational,unclear,clarification_flow,augmented,simple
2490,"ДОБРЫЙ ДЕНЬ, ЖДАЛ С УТРА",negative_feedback,service_issue,escalation_flow,augmented,complex
4342,ПодУмаю...,conversational,unclear,clarification_flow,augmented,simple
5751,МОЖНО НА ПЯТНИЦУ,booking,new_appointment,booking_flow,augmented,simple
7457,А ЕСЛИ НЕ ПОМОЖЕТ 🙏,faq,followup,faq_flow,augmented,simple
2469,"Подскажите, планирую осомтр",anamnesis,services,anamnesis_flow,augmented,complex
1422,Сколько нельзя пить алкоголь после коронку,faq,visit_prep,faq_flow,augmented,medium
7690,Алло спасибо,conversational,greeting,conversation_flow,augmented,simple
7955,ВРАЧ БЫЛ ГРУБ СПАСИБО,negative_feedback,staff,escalation_flow,augmented,simple
7730,Язвочки на слизистой?,anamnesis,complaint,anamnesis_flow,augmented,simple
6566,Может Бтыь,conversational,unclear,clarification_flow,augmented,simple
1032,"СКАЖИТЕ, НЕ УВЕРЕН",conversational,unclear,clarification_flow,augmented,complex
6862,"Подскажите, зуб очень болит",anamnesis,symptom,anamnesis_flow,augmented,complex
3055,Сколько нельзя пить после снимок?,faq,visit_prep,faq_flow,variation,simple
2222,Интересуетр еставрацию,anamnesis,services,anamnesis_flow,augmented,simple
5959,"Привет, плохая клиника",negative_feedback,general,escalation_flow,augmented,complex
4107,Подмуаю,conversational,unclear,clarification_flow,augmented,simple
7552,Интереусет имплантацию,anamnesis,services,anamnesis_flow,augmented,simple
310,"Скажите, запишите к терапевту!!",booking,new_appointment,booking_flow,augmented,complex
5104,Запись к терапевту на послезавтра заранее спасибо.,booking,new_appointment,booking_flow,augmented,medium
4682,После удаление у Волкова стало хуже,negative_feedback,quality,escalation_flow,variation,medium
7647,"Здравствуйте, есть ортодонт?",faq,clinic_info,faq_flow,augmented,complex
7167,Что вы рекомендуете!,faq,followup,faq_flow,augmented,simple
7804,Сколько стоит снимок пожалуйста,faq,price,faq_flow,augmented,simple
436,"Привет, приветствую",conversational,greeting,conversation_flow,augmented,complex
176,Морозовой был груб,negative_feedback,staff,escalation_flow,variation,simple
9670,Пока?!,conversational,farewell,conversation_flow,augmented,simple
5700,Отмените приём пожалуйста,booking,cancel,booking_flow,augmented,simple
9562,у меня ноющая боль с утра?,anamnesis,symptom,anamnesis_flow,augmented,medium
4776,"Привет, сколько нельзя пить после профгигиену?",faq,visit_prep,faq_flow,augmented,complex
8471,Хочу записаться на приём,booking,new_appointment,booking_flow,template,simple
395,Невежливо ответили?,negative_feedback,staff,escalation_flow,augmented,simple
798,Хочу отказаться от записи заранее сапсибо,booking,cancel,booking_flow,augmented,medium
2263,Скололась эмаль!!,anamnesis,complaint,anamnesis_flow,augmented,simple
2591,Скольок стоит лечение каналов?,faq,price,faq_flow,augmented,simple
2205,Как подготовиться к чистку.,faq,visit_prep,faq_flow,augmented,simple
1145,Откололсяк усочек зуба,anamnesis,complaint,anamnesis_flow,augmented,simple
5231,"Здравствуйте, зАПИСЬ К ОРТОПЕДУ НА ПОНЕДЕЛЬНИК",booking,new_appointment,booking_flow,augmented,complex
9733,"Здравствуйте, сколько нельзя есть после профгигиену?",faq,visit_prep,faq_flow,augmented,complex
4161,Позже пожалуйста,conversational,unclear,clarification_flow,augmented,simple
4692,Не предупредили об изменениях 🙏,negative_feedback,service_issue,escalation_flow,augmented,simple
8784,Запишите на пломбирование,booking,new_appointment,booking_flow,variation,simple
9543,Запись к пародонтологу наз автра,booking,new_appointment,booking_flow,augmented,simple
691,"Привет, пока не реишл",conversational,unclear,clarification_flow,augmented,complex
6558,"Привет, сколько нельзя заниматься спортом после протезирование?",faq,visit_prep,faq_flow,augmented,complex
7366,Доброе туро!,conversational,greeting,conversation_flow,augmented,simple
7487,снимок эот больно?,faq,procedure,faq_flow,augmented,simple
6750,"Здравствуйте, это правда необходимо?",faq,followup,faq_flow,augmented,complex
5586,"Спасибо, дО свидания 😢",conversational,gratitude,conversation_flow,augmented,complex
9368,Перенесите на пятницу?!,booking,reschedule,booking_flow,augmented,simple
1534,Прикусил язык пожалуйста,anamnesis,complaint,anamnesis_flow,augmented,simple
2912,перенесите запись!!,booking,reschedule,booking_flow,augmented,simple
2536,Козловой был груб,negative_feedback,staff,escalation_flow,variation,simple
2679,"Добрый день, пока 🙏",conversational,farewell,conversation_flow,augmented,complex
3576,Не знаю пожалуйста,conversational,unclear,clarification_flow,augmented,simple
5706,Позовите главврача!,negative_feedback,general,escalation_flow,augmented,simple
5174,Позовите главврача!!,negative_feedback,general,escalation_flow,augmented,simple
1750,ждал давно спасибо,negative_feedback,service_issue,escalation_flow,augmented,simple
9181,А есЛи я не убду?,faq,followup,faq_flow,augmented,simple
8868,Что нужно перед приёмом?,faq,visit_prep,faq_flow,template,simple
3833,Какие ограничения спасибо,faq,visit_prep,faq_flow,augmented,simple
2533,Не решил ещё,conversational,unclear,clarification_flow,template,simple
4106,Сколько длится коронку,faq,procedure,faq_flow,augmented,simple
8662,Нужно изменить дату приёма заранее спасибо,booking,reschedule,booking_flow,augmented,medium
5773,Позже,conversational,unclear,clarification_flow,template,simple
2357,Козловой был Груб заранее спасибо,negative_feedback,staff,escalation_flow,augmented,simple
1325,Непрофессиональное отношение!,negative_feedback,staff,escalation_flow,augmented,simple
9201,Спасиб обольшое 🙏,conversational,gratitude,conversation_flow,augmented,simple
7208,"Добрый день, работаете в на этой неделе?",faq,clinic_info,faq_flow,augmented,complex
5429,Проволока от брекетов колет?,anamnesis,complaint,anamnesis_flow,augmented,simple
2509,можно перенести на послезавтра заранее спасибо,booking,reschedule,booking_flow,augmented,medium
2341,Нужно чистку!,anamnesis,services,anamnesis_flow,augmented,simple
8077,Не уделили внимания,negative_feedback,staff,escalation_flow,template,simple
6954,ПОСЛЕ БРЕКЕТЫ У ЛЕБЕДЕВОЙ СТАЛО ХУЖЕ.,negative_feedback,quality,escalation_flow,augmented,medium
1551,Ждал две недели.,negative_feedback,service_issue,escalation_flow,augmented,simple
5410,нижняя десна немного болит,anamnesis,symptom,anamnesis_flow,variation,simple
8840,Какая цена на профгигиену!,faq,price,faq_flow,augmented,simple
3130,Кончено 😢,conversational,confirmation,conversation_flow,augmented,simple
7870,"Привет, ужасныйс ервис",negative_feedback,general,escalation_flow,augmented,complex
6229,Перенесите на послезавтра 🦷!,booking,reschedule,booking_flow,augmented,simple
8334,"Привет, верните деньги",negative_feedback,general,escalation_flow,augmented,complex
1337,МОЖНО ОПЛАТИТЬ КАРТОЙ 🙏,faq,clinic_info,faq_flow,augmented,simple
6324,Коронка не подошла,negative_feedback,quality,escalation_flow,template,simple
2181,"Здравствуйте, перенесите на понедельник",booking,reschedule,booking_flow,augmented,complex
3358,Это безобразие 🦷,negative_feedback,general,escalation_flow,augmented,simple
3083,пока не решил!!,conversational,unclear,clarification_flow,augmented,simple
7974,ДОРБОЕ УТРО!,conversational,greeting,conversation_flow,augmented,simple
7049,А еслия  не буду?,faq,followup,faq_flow,augmented,simple
5200,После удлаение у Морозовой стало хуже,negative_feedback,quality,escalation_flow,augmented,medium
2474,Больно ли?,faq,procedure,faq_flow,template,simple
3817,Сколько нельзя есть опсле снимок пожалуйста,faq,visit_prep,faq_flow,augmented,medium
8441,Позже 😊,conversational,unclear,clarification_flow,augmented,simple
3445,У меня боль от холодного месяц,anamnesis,symptom,anamnesis_flow,variation,medium
2326,Отнеслись наплевательски,negative_feedback,staff,escalation_flow,template,simple
5796,Врач опоздал пожалуйста,negative_feedback,service_issue,escalation_flow,augmented,simple
8281,не уделил ивнимания,negative_feedback,staff,escalation_flow,augmented,simple
6440,Хооршо.,conversational,confirmation,conversation_flow,augmented,simple
4785,Сколько нельзя курить после реставрацию?,faq,visit_prep,faq_flow,variation,simple
1649,"откололся узб, что делать?",anamnesis,complaint,anamnesis_flow,augmented,complex
2616,Дорбый день,conversational,greeting,conversation_flow,augmented,simple
5450,ЧЕЛЮСТЬ НОЧЬЮ БОЛИТ 🙏,anamnesis,symptom,anamnesis_flow,augmented,simple
5019,Сколько стоит пломба...,faq,price,faq_flow,augmented,simple
3934,Есть время на воскресенье пожалуйста,booking,new_appointment,booking_flow,augmented,simple
6322,После пломбирование у Петровой стало хуже,negative_feedback,quality,escalation_flow,variation,medium
4302,"Добрый день, некомпетентный врач",negative_feedback,staff,escalation_flow,augmented,complex
6385,"Привет, прождал час",negative_feedback,service_issue,escalation_flow,augmented,complex
4941,Прощайте заранее спасибо 🙏,conversational,farewell,conversation_flow,augmented,simple
6355,"Скажите, хорошего дня",conversational,farewell,conversation_flow,augmented,complex
4940,Не уверен?!,conversational,unclear,clarification_flow,augmented,simple
3210,"Скажите, приветствую спасибо",conversational,greeting,conversation_flow,augmented,complex
3783,Нужна художественная реставрация,anamnesis,services,anamnesis_flow,template,simple
3693,"Добрый день, больше не приду.",negative_feedback,general,escalation_flow,augmented,complex
5540,Это больно!!,faq,procedure,faq_flow,augmented,simple
7847,Хорошего дня,conversational,farewell,conversation_flow,template,simple
8795,Хочу на гигиену 😊,booking,new_appointment,booking_flow,augmented,simple
6118,Здравствуйте!,conversational,greeting,conversation_flow,template,simple
3664,отбеливание не помогло!!,negative_feedback,quality,escalation_flow,augmented,simple
5747,Перенесите на вечер пожалуйста,booking,reschedule,booking_flow,augmented,simple
2013,Спасибо за информацию.,conversational,gratitude,conversation_flow,augmented,simple
4977,После удаление у Волквоа стало хуже,negative_feedback,quality,escalation_flow,augmented,medium
2135,Этоп равда необходимо?,faq,followup,faq_flow,augmented,simple
9608,"Подскажите, где оставить жалобу?",negative_feedback,general,escalation_flow,augmented,complex
3471,Не смог дозвониться 😊,negative_feedback,service_issue,escalation_flow,augmented,simple
5646,Нужно сделать снимок,booking,new_appointment,booking_flow,template,simple
647,Хорошо...,conversational,confirmation,conversation_flow,augmented,simple
9271,Как проходит КТ пожалуйста,faq,procedure,faq_flow,augmented,simple
6120,шестёрка периодически болит,anamnesis,symptom,anamnesis_flow,variation,simple
6188,ДОБРЫЙ ВЧЕЕР!,conversational,greeting,conversation_flow,augmented,simple
3689,Сколько нельзя пить алкоголь после виниры?,faq,visit_prep,faq_flow,variation,medium
2655,После протезриование у Козловой стало хуже,negative_feedback,quality,escalation_flow,augmented,medium
2218,Можно перенест ина завтра?,booking,reschedule,booking_flow,augmented,simple
7211,Ждал давно заранее спасибо,negative_feedback,service_issue,escalation_flow,augmented,simple
3609,Запись на приём пожалуйста,booking,new_appointment,booking_flow,augmented,simple
2886,Недоволен обслуживанием 🦷,negative_feedback,general,escalation_flow,augmented,simple
159,"Подскажите, доброе утро 🦷",conversational,greeting,conversation_flow,augmented,complex
6223,До скорого пожалуйста,conversational,farewell,conversation_flow,augmented,simple
1647,"ПРИВЕТ, ВРАЧ ЛЕБЕДЕВОЙ НЕ ОБЪЯСНИЛ",negative_feedback,staff,escalation_flow,augmented,complex
8472,Делаете панорамный снимок...,faq,clinic_info,faq_flow,augmented,simple
59,"Скажите, прощайте!",conversational,farewell,conversation_flow,augmented,complex
6882,Перенесите на на этой неделе?,booking,reschedule,booking_flow,augmented,simple
5244,эт овозмутительно,negative_feedback,general,escalation_flow,augmented,simple
7222,Перезапишите на 14:00 👍,booking,reschedule,booking_flow,augmented,simple
8321,Случилось треснул зуб спасибо?!,anamnesis,complaint,anamnesis_flow,augmented,simple
9865,Привет 🦷,conversational,greeting,conversation_flow,augmented,simple
9890,Спасибо большое 👍?!,conversational,gratitude,conversation_flow,augmented,simple
2613,"Привет, угу",conversational,confirmation,conversation_flow,augmented,complex
2893,До встречи 🦷,conversational,farewell,conversation_flow,augmented,simple
6107,"Подскажите, спасибоз а помощь",conversational,gratitude,conversation_flow,augmented,complex
295,Записаться к терапевту спасибо,booking,new_appointment,booking_flow,augmented,simple
9973,здрасте 😢,conversational,greeting,conversation_flow,augmented,simple
1386,Всеог хорошего,conversational,farewell,conversation_flow,augmented,simple
7857,Какие ещё ваиранты?,faq,followup,faq_flow,augmented,simple
354,Почём реставрацию,faq,price,faq_flow,augmented,simple
9931,Большое спасибо 😢,conversational,gratitude,conversation_flow,augmented,simple
7046,Как прохоидт реставрацию?,faq,procedure,faq_flow,augmented,simple
9583,"Здравствуйте, хорошего дня заранее спасибо",conversational,farewell,conversation_flow,augmented,complex
8291,Сколько нельзя заниматься спортом после профгигиену спасибо 🙏,faq,visit_prep,faq_flow,augmented,medium
3070,Эт обезобразие!!,negative_feedback,general,escalation_flow,augmented,simple
3841,"Скажите, спасибо, всё понятно!",conversational,gratitude,conversation_flow,augmented,complex
7902,Сколько нельзя курить после удаление пожалуйста спасибо,faq,visit_prep,faq_flow,augmented,medium
3377,Угу?,conversational,confirmation,conversation_flow,augmented,simple
9402,"Отмените запись ,уезжаю спасибо",booking,cancel,booking_flow,augmented,complex
5499,Перезапишите на утро пожалуйста,booking,reschedule,booking_flow,augmented,simple
1451,Есть рассрочка заранее спасибо,faq,price,faq_flow,augmented,simple
9545,ПРИНИМАЕТЕ ПОЛИС ОМС 😊,faq,clinic_info,faq_flow,augmented,simple
7644,Появилась язвочка во рту...,anamnesis,complaint,anamnesis_flow,augmented,simple
8610,Надо подумать?!,conversational,unclear,clarification_flow,augmented,simple
2001,недоволен обслуживанием спасибо,negative_feedback,general,escalation_flow,augmented,simple
1745,зуб болит сильно,anamnesis,symptom,anamnesis_flow,variation,simple
7995,После отбеливание у Лебедевой стало хуже,negative_feedback,quality,escalation_flow,variation,medium
3598,Записал заранее спасибо,conversational,confirmation,conversation_flow,augmented,simple
1265,Запись к терапевту на в ближайшее время 🦷,booking,new_appointment,booking_flow,augmented,medium
7251,"Скажите, что если не поможет",faq,followup,faq_flow,augmented,complex
5125,работаетев  субботу?,faq,clinic_info,faq_flow,augmented,simple
1160,РАБОТАЕТЕ В ЗАВТРА?!,faq,clinic_info,faq_flow,augmented,simple
6160,Мне не перезвонили давно,negative_feedback,service_issue,escalation_flow,variation,simple
7624,Прикусилщ ёку,anamnesis,complaint,anamnesis_flow,augmented,simple
4098,"спасибо, всё понтяно",conversational,gratitude,conversation_flow,augmented,complex
8085,Сколько нельзя пить после осмотр пожалуйста,faq,visit_prep,faq_flow,augmented,medium
6776,Не получается в это время,booking,reschedule,booking_flow,template,simple
6373,Принимаете полис ОМС заранее спасибо,faq,clinic_info,faq_flow,augmented,simple
3691,"Скажите, ничего не объяснили",negative_feedback,staff,escalation_flow,augmented,complex
4636,Запись к эндодонтисту на в ближайшее время,booking,new_appointment,booking_flow,variation,medium
9883,Не получитсяп рийти!,booking,cancel,booking_flow,augmented,simple
3363,Что нельзя после отбеливание?,faq,visit_prep,faq_flow,variation,simple
875,Беспокоит боль от горячего,anamnesis,symptom,anamnesis_flow,variation,simple
4897,"Отмените, пожалуйста.",booking,cancel,booking_flow,augmented,complex
8498,А если я не буду?!,faq,followup,faq_flow,augmented,simple
575,Сколько нельзя есть после консультацию?,faq,visit_prep,faq_flow,variation,simple
6755,Мне не перезвонили 🦷,negative_feedback,service_issue,escalation_flow,augmented,simple
9410,"Здравствуйте, где вы находитесь спасибо",faq,clinic_info,faq_flow,augmented,complex
4462,После протезирование у Морозовой стало хуже,negative_feedback,quality,escalation_flow,variation,medium
4457,Не Совсем понял 😢,faq,followup,faq_flow,augmented,simple
2328,Сказали что записи нет.,negative_feedback,service_issue,escalation_flow,augmented,simple
9710,ничего не объяснили 🦷,negative_feedback,staff,escalation_flow,augmented,simple
601,Челюсть заклинило,anamnesis,symptom,anamnesis_flow,template,simple
498,Мне нахамили заранее спасибо,negative_feedback,staff,escalation_flow,augmented,simple
3452,отбеливание сколько стоит заранее спасибо,faq,price,faq_flow,augmented,simple
4025,"Привет, отмените запись, форс-мажор",booking,cancel,booking_flow,augmented,complex
6886,"Привет, не получается в это время 😊",booking,reschedule,booking_flow,augmented,complex
365,Запись к детскому стоматологу на на этой неделе,booking,new_appointment,booking_flow,variation,medium
1513,Хочу пожаловаться.,negative_feedback,general,escalation_flow,augmented,simple
8083,"Не смогу прийти, не смогу 🦷",booking,cancel,booking_flow,augmented,complex
9761,Посоветуюсь.,conversational,unclear,clarification_flow,augmented,simple
6766,"Скажите, винир отклеился 🦷",anamnesis,complaint,anamnesis_flow,augmented,complex
8513,После отбеливание у Сидорова стало хуже,negative_feedback,quality,escalation_flow,variation,medium
9197,Есть парковка?,faq,clinic_info,faq_flow,template,simple
6305,Сколько нельзя есть после удаление?,faq,visit_prep,faq_flow,variation,simple
6575,"Не смогу прийти, уезжаю!",booking,cancel,booking_flow,augmented,complex
1365,Нужно к ортодонту пожалуйста,booking,new_appointment,booking_flow,augmented,simple
7571,ОТМЕНИТЕ ЗАИПСЬ,booking,cancel,booking_flow,augmented,simple
2356,После консультацию  уНовикова стало хуже,negative_feedback,quality,escalation_flow,augmented,simple
8900,Хочу к ортодонту,booking,new_appointment,booking_flow,variation,simple
5092,Сколько нельзя курить после имплантацию пожалуйста,faq,visit_prep,faq_flow,augmented,medium
2888,После удаление у Козловой стало хуже спасибо,negative_feedback,quality,escalation_flow,augmented,medium
4219,"Здравствуйте, привет?!",conversational,greeting,conversation_flow,augmented,complex
6626,КТ это больно 👍,faq,procedure,faq_flow,augmented,simple
959,Можно перенести на пятницу 😊,booking,reschedule,booking_flow,augmented,simple
4639,Запись к челюстно-лицевому хирургу на послезавтра?!,booking,new_appointment,booking_flow,augmented,medium
9296,Принято 🙏,conversational,confirmation,conversation_flow,augmented,simple
1652,Есть седация.,faq,clinic_info,faq_flow,augmented,simple
9468,У меня крвооточивость давно,anamnesis,symptom,anamnesis_flow,augmented,simple
1597,"Добрый день, ок.",conversational,confirmation,conversation_flow,augmented,complex
3440,"Скажите, какие ещё варианты?",faq,followup,faq_flow,augmented,complex
4603,Планирую лечение каналов.,anamnesis,services,anamnesis_flow,augmented,simple
2633,Врач не объяснил пожалуйста,negative_feedback,staff,escalation_flow,augmented,simple
4376,"Подскажите, ждал несколько дней",negative_feedback,service_issue,escalation_flow,augmented,complex
1522,Прощайте заранее спасибо,conversational,farewell,conversation_flow,augmented,simple
5871,а вдруг неп олучится?,faq,followup,faq_flow,augmented,simple
2473,Хорошо!!,conversational,confirmation,conversation_flow,augmented,simple
1470,случилось треснул зуб?!,anamnesis,complaint,anamnesis_flow,augmented,simple
3474,Склоько стоит профгигиену?,faq,price,faq_flow,augmented,simple
604,"поясните, пожалйуста",faq,followup,faq_flow,augmented,complex
1346,Може тбыть,conversational,unclear,clarification_flow,augmented,simple
2560,НУЖНО ЭЛАЙНЕРЫ СПАСИБО,anamnesis,services,anamnesis_flow,augmented,simple
1605,перенесите на пятницу...,booking,reschedule,booking_flow,augmented,simple
9700,"Скажите, подумаю.",conversational,unclear,clarification_flow,augmented,complex
7835,Скоьлко стоит профгигиену?,faq,price,faq_flow,augmented,simple
842,Возможно спасибо 👍,conversational,unclear,clarification_flow,augmented,simple
9799,"Добрый день, нужно осмотр",anamnesis,services,anamnesis_flow,augmented,complex
3855,"Скажите, не смогу прийти, не смогу",booking,cancel,booking_flow,augmented,complex
228,У меня ноющая боль несколько дней,anamnesis,symptom,anamnesis_flow,variation,medium
2587,Здравствуйте заранее псасибо,conversational,greeting,conversation_flow,augmented,simple
1356,Отментие запись,booking,cancel,booking_flow,augmented,simple
1310,"Здравствуйте, реставрацию сколько стоит?",faq,price,faq_flow,augmented,complex
8359,"Подскажите, консультация платная?",faq,price,faq_flow,augmented,complex
201,на когда можно записаться заранее спасибо,booking,new_appointment,booking_flow,augmented,medium
9409,Нужно виниры?,anamnesis,services,anamnesis_flow,augmented,simple
3910,наверное...,conversational,unclear,clarification_flow,augmented,simple
6711,СлуЧилось шатается зуб 👍,anamnesis,complaint,anamnesis_flow,augmented,simple
7853,Буду!,conversational,confirmation,conversation_flow,augmented,simple
9600,До свиднаия!,conversational,farewell,conversation_flow,augmented,simple
9218,Есть время на на следующей неделе?,booking,new_appointment,booking_flow,variation,medium
357,"Привет, можно сегодня!",booking,new_appointment,booking_flow,augmented,complex
924,Элайнер треснул,anamnesis,complaint,anamnesis_flow,template,simple
218,Сколько длится снимок,faq,procedure,faq_flow,augmented,simple
6021,Плохая клиника спасибо?,negative_feedback,general,escalation_flow,augmented,simple
9045,"Привет, можно перенести на понедельник?",booking,reschedule,booking_flow,augmented,complex
5722,Запись к хирургу на в ближайшее время 😢,booking,new_appointment,booking_flow,augmented,medium
409,Сколько длится протезирование пожалуйста,faq,procedure,faq_flow,augmented,simple
1724,"Скажите, благодарю...",conversational,gratitude,conversation_flow,augmented,complex
5999,Перенсеите на на следующей неделе,booking,reschedule,booking_flow,augmented,simple
4288,Снова болит после лечения!,negative_feedback,quality,escalation_flow,augmented,simple
2155,Хорошо 👍.,conversational,confirmation,conversation_flow,augmented,simple
5466,"Здравствуйте, ждал две недели",negative_feedback,service_issue,escalation_flow,augmented,complex
2620,"Спасибо, всё понятно!!",conversational,gratitude,conversation_flow,augmented,complex
4982,У меня кровоточивость месяц 😊,anamnesis,symptom,anamnesis_flow,augmented,simple
5949,Алло спасибо 👍,conversational,greeting,conversation_flow,augmented,simple
9971,"Привет, да, конечно",conversational,confirmation,conversation_flow,augmented,complex
6274,"Скажите, болит при надавливании",anamnesis,symptom,anamnesis_flow,augmented,complex
3469,БОЛИТС ЕМЁРКА УЖЕ СО ВЧЕРА,anamnesis,symptom,anamnesis_flow,augmented,simple
9249,Когда раобтаете,faq,clinic_info,faq_flow,augmented,simple
2371,Сколько стоит лечение,faq,price,faq_flow,augmented,simple
4674,"Добрый день, ладно",conversational,confirmation,conversation_flow,augmented,complex
171,Можно перенести на усбботу?,booking,reschedule,booking_flow,augmented,simple
9875,Посоветуюсь 🙏,conversational,unclear,clarification_flow,augmented,simple
9986,Ждал две недели!,negative_feedback,service_issue,escalation_flow,augmented,simple
9940,зуб сильно болит,anamnesis,symptom,anamnesis_flow,variation,simple
4766,"Здравствуйте, всего доброго спасибо",conversational,farewell,conversation_flow,augmented,complex
5414,Мне не перезвонили несколько дней,negative_feedback,service_issue,escalation_flow,variation,simple
1561,"Скажите, хочу отбеливание",anamnesis,services,anamnesis_flow,augmented,complex
2576,ХОЧУ ОТБЕЛИТЬ ЗУБЫ?,anamnesis,services,anamnesis_flow,augmented,simple
6791,Я вам перезвоню 👍,conversational,unclear,clarification_flow,augmented,simple
7023,Можно перенести на утро?,booking,reschedule,booking_flow,variation,simple
6756,Врач Петровой не объяснил спасибо,negative_feedback,staff,escalation_flow,augmented,simple
6022,Нужно виниры,anamnesis,services,anamnesis_flow,variation,simple
5644,ДобРое урто,conversational,greeting,conversation_flow,augmented,simple
9358,верхний зуб болит сильно,anamnesis,symptom,anamnesis_flow,variation,simple
888,Есть экстренный приём!!,booking,new_appointment,booking_flow,augmented,simple
2578,После Осмотр у Иванова стало хуже?!,negative_feedback,quality,escalation_flow,augmented,medium
9333,Может быть пожалуйста,conversational,unclear,clarification_flow,augmented,simple
416,Сказали что записи нет 😢,negative_feedback,service_issue,escalation_flow,augmented,simple
9506,Сколько нельзя есть после осмотр?,faq,visit_prep,faq_flow,variation,simple
9496,Уберите мою запись...,booking,cancel,booking_flow,augmented,simple
5663,"Здравствуйте, запись к пародонтологу на субботу",booking,new_appointment,booking_flow,augmented,complex
177,Это безобразие.,negative_feedback,general,escalation_flow,augmented,simple
3382,Почём чистку?,faq,price,faq_flow,variation,simple
4310,Что будут делать 👍,faq,procedure,faq_flow,augmented,simple
6289,Нужно реставрацию 😢,anamnesis,services,anamnesis_flow,augmented,simple
7526,Требую компенсацию спасибо,negative_feedback,general,escalation_flow,augmented,simple
516,Протез сломался,anamnesis,complaint,anamnesis_flow,template,simple
3487,Новкиова был груб 😊,negative_feedback,staff,escalation_flow,augmented,simple
7881,После чистку у Козловой стало хуже,negative_feedback,quality,escalation_flow,variation,medium
6835,После чистку у Кузнецовой стало хуже,negative_feedback,quality,escalation_flow,variation,medium
2310,Запись к эндодонтисту на завтра спасибо,booking,new_appointment,booking_flow,augmented,medium
6400,Заипшите на пломбирование,booking,new_appointment,booking_flow,augmented,simple
7072,"ЗДРАВСТВУЙТЕ, ХОЧУ СНИМОК",anamnesis,services,anamnesis_flow,augmented,complex
6319,Врач Петровой не объяснил,negative_feedback,staff,escalation_flow,variation,simple
2359,А обязатеьлно?,faq,followup,faq_flow,augmented,simple
8397,"Скажите, до встречи заранее спасибо",conversational,farewell,conversation_flow,augmented,complex
7119,"Здравствуйте, интересует элайнеры",anamnesis,services,anamnesis_flow,augmented,complex
8125,"Здравствуйте, планирую протезирование",anamnesis,services,anamnesis_flow,augmented,complex
4816,Есть парковка!,faq,clinic_info,faq_flow,augmented,simple
6090,"Привет, доброе утро?",conversational,greeting,conversation_flow,augmented,complex
226,ЕСТЬ ВРЕМЯ НА ВТОРНИК,booking,new_appointment,booking_flow,augmented,simple
1776,Что лучше выбрать пожалуйста?!,faq,procedure,faq_flow,augmented,simple
3930,Спасибо заранее спасибо.,conversational,gratitude,conversation_flow,augmented,simple
5629,"Скажите, а если я не буду?",faq,followup,faq_flow,augmented,complex
378,Не получится прийти?!,booking,cancel,booking_flow,augmented,simple
8562,Интересует пломбирование,anamnesis,services,anamnesis_flow,variation,simple
671,Можно на в ближайшее время?,booking,new_appointment,booking_flow,variation,simple
5241,Приду?,conversational,confirmation,conversation_flow,augmented,simple
4228,"Добрый день, перенесите на завтра заранее спасибо",booking,reschedule,booking_flow,augmented,complex
9152,Не могу довзониться,negative_feedback,service_issue,escalation_flow,augmented,simple
3802,отмените приём?!,booking,cancel,booking_flow,augmented,simple
6038,Добрый день заранее спасибо заранее спасибо,conversational,greeting,conversation_flow,augmented,medium
3507,можно без этого пожалуйста,faq,followup,faq_flow,augmented,simple
9486,Посоветуюсь заранее спасибо?!,conversational,unclear,clarification_flow,augmented,simple
2769,какая цена на пломбирование пожалуйста,faq,price,faq_flow,augmented,simple
7409,"Привет, реставрацию сколько стоит?",faq,price,faq_flow,augmented,complex
7092,Врач оподзал,negative_feedback,service_issue,escalation_flow,augmented,simple
9209,"Здравствуйте, как подготовИться к элайнеры?",faq,visit_prep,faq_flow,augmented,complex
9491,"Привет, есть парковка?",faq,clinic_info,faq_flow,augmented,complex
3502,Разочарован...,negative_feedback,general,escalation_flow,augmented,simple
7381,"Скажите, после снимок у Кузнецовой стало хуже 😊",negative_feedback,quality,escalation_flow,augmented,complex
8720,"Отмените, пожалуйста!!",booking,cancel,booking_flow,augmented,complex
5619,"треснул зуб, что делать 🦷",anamnesis,complaint,anamnesis_flow,augmented,complex
5976,Что нельзя после снимок?,faq,visit_prep,faq_flow,variation,simple
698,Гдео ставить жалобу?,negative_feedback,general,escalation_flow,augmented,simple
6782,"Здравствуйте, здравствуйте, хорошо!",conversational,confirmation,conversation_flow,augmented,complex
6664,Хочу поговорит ьс руководством,negative_feedback,general,escalation_flow,augmented,simple
6263,Отмена записи 👍,booking,cancel,booking_flow,augmented,simple
427,Здрасте спасибо,conversational,greeting,conversation_flow,augmented,simple
6694,Когда можно есть твёрдое?,faq,visit_prep,faq_flow,template,simple
6499,После элайнеры у Новикова стало хуже 🙏,negative_feedback,quality,escalation_flow,augmented,medium
8387,"Добрый день, мне не перезвонили неделю заранее спасибо",negative_feedback,service_issue,escalation_flow,augmented,complex
230,"Скажите, привет, плохая клиника",negative_feedback,general,escalation_flow,augmented,complex
5791,"Скажите, ладно",conversational,confirmation,conversation_flow,augmented,complex
356,После консульатцию у Иванова стало хуже,negative_feedback,quality,escalation_flow,augmented,medium
5260,Как подготовиться к виниры пожалуйста,faq,visit_prep,faq_flow,augmented,simple
6865,Врач Волкова не объяснил,negative_feedback,staff,escalation_flow,variation,simple
353,чистку сколько стоит,faq,price,faq_flow,augmented,simple
134,Осложнения после лечения заранее спасибо,negative_feedback,quality,escalation_flow,augmented,simple
488,Коронкам ешает 😊,negative_feedback,quality,escalation_flow,augmented,simple
637,"Привет, поясните, пожалуйста",faq,followup,faq_flow,augmented,complex
9505,"Добрый день, скажите, не смогу прийти",booking,cancel,booking_flow,augmented,complex
4171,ЗАПИСЬ К ОРТОПЕДУ НА ВОСКРЕСЕНЬЕ СПАСИБО,booking,new_appointment,booking_flow,augmented,medium
7221,Это нормально что болит?,faq,visit_prep,faq_flow,template,simple
3706,Здороов?,conversational,greeting,conversation_flow,augmented,simple
2383,Делаете панорамный снимок?!,faq,clinic_info,faq_flow,augmented,simple
9452,Привет,conversational,greeting,conversation_flow,template,simple
3222,Можно перенести на завтра?,booking,reschedule,booking_flow,variation,simple
6876,Сколько нельзя пить после имплантацию?!,faq,visit_prep,faq_flow,augmented,simple
5595,А вдру гне получится?,faq,followup,faq_flow,augmented,simple
6662,Можно на другой день,booking,reschedule,booking_flow,augmented,simple
7005,Волкова был груб?!,negative_feedback,staff,escalation_flow,augmented,simple
776,"Добрый день, сломался протез заранее спасибо",anamnesis,complaint,anamnesis_flow,augmented,complex
9751,"Здравствуйте, пока!",conversational,farewell,conversation_flow,augmented,complex
3461,Запись к имплантологу на послезавтра,booking,new_appointment,booking_flow,variation,simple
2844,Запись к хирургу на понедельник 🙏.,booking,new_appointment,booking_flow,augmented,medium
4612,Можно перенести на в ближайшее время...,booking,reschedule,booking_flow,augmented,medium
6853,"Здравствуйте, здравствуйте, перенос записи",booking,reschedule,booking_flow,augmented,complex
7672,Болит верхняя десна уже день?!,anamnesis,symptom,anamnesis_flow,augmented,simple
8877,ХОРОШГЕО ДНЯ,conversational,farewell,conversation_flow,augmented,simple
1395,После реставрацию у Сидорова стало хуже,negative_feedback,quality,escalation_flow,variation,medium
6176,"здравствуйте, когда работаете?",faq,clinic_info,faq_flow,augmented,complex
7460,"Скажите, хочу сдвинуть время",booking,reschedule,booking_flow,augmented,complex
493,Дёсны кровоточат при чистке,anamnesis,symptom,anamnesis_flow,template,simple
712,"Скажите, требую компеснацию",negative_feedback,general,escalation_flow,augmented,complex
1780,"Спасиоб, до свидания",conversational,gratitude,conversation_flow,augmented,complex
8019,Ничего не объяснили 👍,negative_feedback,staff,escalation_flow,augmented,simple
2983,Как проходит чистку заранее спасибо,faq,procedure,faq_flow,augmented,simple
5511,Запишит ена осмотр,booking,new_appointment,booking_flow,augmented,simple
4072,У меня кровоточивость со вчера,anamnesis,symptom,anamnesis_flow,variation,simple
9065,У меня ноющая боль с утра.,anamnesis,symptom,anamnesis_flow,augmented,medium
8360,Конечно!,conversational,confirmation,conversation_flow,augmented,simple
4324,Не рекомендую 🦷,negative_feedback,general,escalation_flow,augmented,simple
3118,Какаяц ена на консультацию?,faq,price,faq_flow,augmented,simple
7212,Сколько нельзя заниматься спортом после снимок?,faq,visit_prep,faq_flow,variation,medium
9644,Есть ночной приём спасибо,faq,clinic_info,faq_flow,augmented,simple
3511,Расскажите больше заранее спасибо,faq,followup,faq_flow,augmented,simple
1489,После брекеты у Иванова стало хуже,negative_feedback,quality,escalation_flow,variation,medium
1053,"ПОДСКАЖИТЕ, КОНЕЧНО",conversational,confirmation,conversation_flow,augmented,complex
3848,"Добрый день, нужно перенести пожалуйста",booking,reschedule,booking_flow,augmented,complex
7554,Хочу консультацию,anamnesis,services,anamnesis_flow,variation,simple
7975,Окей пожалуйста,conversational,confirmation,conversation_flow,augmented,simple
7610,"Привет, заболел, не приду",booking,cancel,booking_flow,augmented,complex
4853,"Добрый день, нужно отменить",booking,cancel,booking_flow,augmented,complex
4949,Понятно 🦷 заранее спасибо,conversational,confirmation,conversation_flow,augmented,simple
2807,"Здравствуйте, где оставить жалобу?",negative_feedback,general,escalation_flow,augmented,complex
1078,Работаете с наркозом!,faq,clinic_info,faq_flow,augmented,simple
7603,Как проходит реставрацию,faq,procedure,faq_flow,augmented,simple
1777,"Подскажите, невежливо ответили 👍",negative_feedback,staff,escalation_flow,augmented,complex
5494,Сайт не работает,negative_feedback,service_issue,escalation_flow,template,simple
4858,Коронка слетела.,anamnesis,complaint,anamnesis_flow,augmented,simple
9233,Новикова бЫл груб?!,negative_feedback,staff,escalation_flow,augmented,simple
2859,перенесите на воскресенье заранее спасибо,booking,reschedule,booking_flow,augmented,simple
40,У меня треснул зуб 🦷,anamnesis,complaint,anamnesis_flow,augmented,simple
9663,"Скажите, до скорого спасибо",conversational,farewell,conversation_flow,augmented,complex
7279,чистку сколько стоит!,faq,price,faq_flow,augmented,simple
5147,ОСМОТР ЭТО БОЛЬНО!,faq,procedure,faq_flow,augmented,simple
2984,Что посоветуете.,faq,followup,faq_flow,augmented,simple
1147,"Добрый день, врач Кузнецовой не объяснил",negative_feedback,staff,escalation_flow,augmented,complex
6073,Работаете в четверг заранее спасибо,faq,clinic_info,faq_flow,augmented,simple
7869,"Скажите, пока",conversational,farewell,conversation_flow,augmented,complex
3263,Надо посоветоваться!,conversational,unclear,clarification_flow,augmented,simple
7569,Запись потеряли пожалуйста,negative_feedback,service_issue,escalation_flow,augmented,simple
5321,"Добрый день, алло 👍",conversational,greeting,conversation_flow,augmented,complex
9907,"Здравствуйте, есть парковка?",faq,clinic_info,faq_flow,augmented,complex
7234,Сколько нельзя заниматься спортом после лечение каналов 🦷,faq,visit_prep,faq_flow,augmented,medium
4562,"Здравствуйте, нужнО имплантацию",anamnesis,services,anamnesis_flow,augmented,complex
6019,"Привет, перенесите на воскресенье",booking,reschedule,booking_flow,augmented,complex
3242,Случилось треснул зуб 👍,anamnesis,complaint,anamnesis_flow,augmented,simple
7987,сколько нельзя пить после коронку,faq,visit_prep,faq_flow,augmented,simple
3528,Не решли ещё 👍,conversational,unclear,clarification_flow,augmented,simple
6536,ПОСЛЕ КОНСУЛЬТАЦИЮ УН ОВИКОВА СТАЛО ХУЖЕ,negative_feedback,quality,escalation_flow,augmented,medium
7137,Здравствуйте,conversational,greeting,conversation_flow,template,simple
5895,Не знаю!!,conversational,unclear,clarification_flow,augmented,simple
1251,Работаетев  сегодня?,faq,clinic_info,faq_flow,augmented,simple
8785,После удаление у Кузнецовой стало хуже,negative_feedback,quality,escalation_flow,variation,medium
4595,"Скажите, отмените запись, форс-мажор",booking,cancel,booking_flow,augmented,complex
7424,Спасибоз а помощь,conversational,gratitude,conversation_flow,augmented,simple
2418,"Скажите, не решил ещё спасибо",conversational,unclear,clarification_flow,augmented,complex
8990,Спасиоб за помощь,conversational,gratitude,conversation_flow,augmented,simple
8407,ОТКАЗО Т ЗАПИСИ,booking,cancel,booking_flow,augmented,simple
7455,Сколько нельзя курить после протезирование?,faq,visit_prep,faq_flow,variation,simple
450,Почём лечение каналов заранее спасибо,faq,price,faq_flow,augmented,simple
2462,планирую реставрацию 🙏,anamnesis,services,anamnesis_flow,augmented,simple
3665,Спасибоб ольшое!,conversational,gratitude,conversation_flow,augmented,simple
5214,До свидания?,conversational,farewell,conversation_flow,augmented,simple
9607,"Добрый день, пока 😢",conversational,farewell,conversation_flow,augmented,complex
820,"Привет, после КТ у Смирновой стало хуже",negative_feedback,quality,escalation_flow,augmented,complex
6248,"Здравствуйте, как долго прослужит?",faq,procedure,faq_flow,augmented,complex
5245,Стоимость коронки,faq,price,faq_flow,augmented,simple
6404,"Подскажите, да, хорошо пожалуйста",conversational,confirmation,conversation_flow,augmented,complex
8954,"Скажите, пока не решил заранее спасибо",conversational,unclear,clarification_flow,augmented,complex
2592,Хочу пожаловаться!!,negative_feedback,general,escalation_flow,augmented,simple
5587,Лебедевой был груб.,negative_feedback,staff,escalation_flow,augmented,simple
7074,профгигиену сколько стоит?,faq,price,faq_flow,variation,simple
7783,"Привет, гДЕ ВЫ НАХОДИТЕСЬ?",faq,clinic_info,faq_flow,augmented,complex
4702,КТ сколько стоит спасибо,faq,price,faq_flow,augmented,simple
5319,Не приду?,booking,cancel,booking_flow,augmented,simple
7781,Это безопасно?,faq,procedure,faq_flow,template,simple
9401,Работаете в утро.,faq,clinic_info,faq_flow,augmented,simple
1430,Сколько длится пломбирование,faq,procedure,faq_flow,augmented,simple
1485,Ничего не объяснили спасибо,negative_feedback,staff,escalation_flow,augmented,simple
2129,Принимаете pAple Pay?,faq,clinic_info,faq_flow,augmented,simple
1749,Какие материалыи спользуете 😢,faq,procedure,faq_flow,augmented,simple
2868,Спсаибо за помощь 🙏,conversational,gratitude,conversation_flow,augmented,simple
7117,профгигеину сколько стоит?,faq,price,faq_flow,augmented,simple
3448,Хочу к терапевту,booking,new_appointment,booking_flow,variation,simple
9939,Почём удаление?,faq,price,faq_flow,variation,simple
2589,"Здравствуйте, никто не перезвонил",negative_feedback,service_issue,escalation_flow,augmented,complex
8939,Почём чистку?!,faq,price,faq_flow,augmented,simple
3622,Врач Сидорова не объяснил спасибо,negative_feedback,staff,escalation_flow,augmented,simple
4824,Привесттвую заранее спасибо,conversational,greeting,conversation_flow,augmented,simple
8467,Сколько стоит снимок?,faq,price,faq_flow,template,simple
5303,"Скажите, всего хорошего",conversational,farewell,conversation_flow,augmented,complex
1993,Что если не поможет?,faq,followup,faq_flow,template,simple
2514,Треснул зуб...,anamnesis,complaint,anamnesis_flow,augmented,simple
7676,"откололся зуб, что делать!",anamnesis,complaint,anamnesis_flow,augmented,complex
7662,Не получится прийти пожалуйста,booking,cancel,booking_flow,augmented,simple
1920,можон без этого?,faq,followup,faq_flow,augmented,simple
8342,Больше не приду!!,negative_feedback,general,escalation_flow,augmented,simple
7759,"Уточните, пожаулйста",faq,followup,faq_flow,augmented,complex
2740,Подумаю 😊,conversational,unclear,clarification_flow,augmented,simple
4187,У меня запах изо рта несколько дней,anamnesis,symptom,anamnesis_flow,variation,medium
7195,Запись к хирургу на воскресенье,booking,new_appointment,booking_flow,variation,simple
541,"подскажите, спасибо, всё понятно",conversational,gratitude,conversation_flow,augmented,complex
5460,"Привет, конечно заранее спасибо",conversational,confirmation,conversation_flow,augmented,complex
4493,верхний зуб сильно болит заранее спасибо,anamnesis,symptom,anamnesis_flow,augmented,medium
8701,Приветствую.,conversational,greeting,conversation_flow,augmented,simple
1019,Врач оподзал на полчаса,negative_feedback,service_issue,escalation_flow,augmented,simple
4881,Какая цена на элайнеры?,faq,price,faq_flow,variation,simple
7462,"Добрый день, сколько длится снимок?",faq,procedure,faq_flow,augmented,complex
6891,Всего дорбого 🦷,conversational,farewell,conversation_flow,augmented,simple
7477,Интересует КТ 😢,anamnesis,services,anamnesis_flow,augmented,simple
7287,Удачи.,conversational,farewell,conversation_flow,augmented,simple
6590,Записал,conversational,confirmation,conversation_flow,template,simple
770,После имплантацию у Морозовой стало хуже,negative_feedback,quality,escalation_flow,variation,medium
7394,Сколько длится КТ?,faq,procedure,faq_flow,variation,simple
599,Это возмутительно!!,negative_feedback,general,escalation_flow,augmented,simple
5739,У меня острая боль со вчера?!,anamnesis,symptom,anamnesis_flow,augmented,medium
3480,Можно переенсти на субботу?,booking,reschedule,booking_flow,augmented,simple
3888,Хорошего дня 😊!!,conversational,farewell,conversation_flow,augmented,simple
5503,ОЧЕНЬ БЛАГОДАРЕН заранее спасибо,conversational,gratitude,conversation_flow,augmented,simple
981,"Спасибо, всё поянтно 🦷",conversational,gratitude,conversation_flow,augmented,complex
5427,"подскажите, запишите на чистку",booking,new_appointment,booking_flow,augmented,complex
5409,Что вы рекомендуете.,faq,followup,faq_flow,augmented,simple
8994,Сколько стоит осмотр,faq,price,faq_flow,augmented,simple
7658,После снимок у Волкова стало хуже,negative_feedback,quality,escalation_flow,variation,medium
7373,"Отмените запись, не смогу пожалуйста",booking,cancel,booking_flow,augmented,complex
9464,Запишите к гигиенисту 😢,booking,new_appointment,booking_flow,augmented,simple
1983,челюсть сильно болит 😊,anamnesis,symptom,anamnesis_flow,augmented,simple
6465,Срок слжубы?,faq,procedure,faq_flow,augmented,simple
5428,"Здравствуйте, не уверен 🦷",conversational,unclear,clarification_flow,augmented,complex
2946,надо подумать 🦷,conversational,unclear,clarification_flow,augmented,simple
3837,Не понравилось 🙏,negative_feedback,general,escalation_flow,augmented,simple
1527,РАЗОЧАРОВАН?,negative_feedback,general,escalation_flow,augmented,simple
6638,Беспокоит кровоточивость!!,anamnesis,symptom,anamnesis_flow,augmented,simple
5580,спасибо 😊,conversational,gratitude,conversation_flow,augmented,simple
589,Планирую исправить прикус 😢.,anamnesis,services,anamnesis_flow,augmented,simple
4149,Сколько нельзя есть после коронку?,faq,visit_prep,faq_flow,variation,simple
4960,Что нельзя после КТ 🙏,faq,visit_prep,faq_flow,augmented,simple
9987,семёрак болит сильно,anamnesis,symptom,anamnesis_flow,augmented,simple
6255,"Скажите, есть 3D-томограф?",faq,clinic_info,faq_flow,augmented,complex
3814,После снимок у Козловой стало ухже,negative_feedback,quality,escalation_flow,augmented,medium
6693,Хочу изменить время зпаиси,booking,reschedule,booking_flow,augmented,simple
9574,"Привет, хорошего дня заранее спасибо",conversational,farewell,conversation_flow,augmented,complex
672,Хочу отказаться от записи?,booking,cancel,booking_flow,augmented,simple
4736,Здрасте пожалуйста,conversational,greeting,conversation_flow,augmented,simple
9513,Сколько стоит отбеливание...,faq,price,faq_flow,augmented,simple
2969,КАК ПРОХОДИТ ЛЕЧЕНИЕ КАРИЕСА.,faq,procedure,faq_flow,augmented,simple
5136,Запись к хирургу на субботу,booking,new_appointment,booking_flow,variation,simple
5784,ЗдрастЕ...,conversational,greeting,conversation_flow,augmented,simple
3484,Случилось слетела коронка 😊 спасибо,anamnesis,complaint,anamnesis_flow,augmented,simple
1911,Ждал с утра 😢,negative_feedback,service_issue,escalation_flow,augmented,simple
9348,"Добрый день, запись к ортопеду на среду",booking,new_appointment,booking_flow,augmented,complex
9606,Подскажите подробнее пожалуйста заранее спасибо,faq,followup,faq_flow,augmented,simple
6343,"Привет, хочу пожаловаться?",negative_feedback,general,escalation_flow,augmented,complex
7320,Перенесите на на следующей неделе пожалуйста,booking,reschedule,booking_flow,augmented,medium
5484,Всего хооршего?,conversational,farewell,conversation_flow,augmented,simple
3942,Понял!!,conversational,confirmation,conversation_flow,augmented,simple
7345,Спасибо большое пожалуйста 🙏,conversational,gratitude,conversation_flow,augmented,simple
2201,Врач опоздал 🦷,negative_feedback,service_issue,escalation_flow,augmented,simple
4458,Благодарю Вас?,conversational,gratitude,conversation_flow,augmented,simple
1629,"Здравствуйте, не сообщили о переносе",negative_feedback,service_issue,escalation_flow,augmented,complex
2706,Интересует осмотр пожалуйста,anamnesis,services,anamnesis_flow,augmented,simple
9532,Можно перенести на понедельник пожалуйста,booking,reschedule,booking_flow,augmented,simple
83,ПОСЛЕ РЕСТАВРАЦИЮ У ПЕТРОВОЙ СТАЛО ХУЖЕ 😊,negative_feedback,quality,escalation_flow,augmented,medium
7275,Где оставить жалобу?,negative_feedback,general,escalation_flow,template,simple
8799,протезирование это больно...,faq,procedure,faq_flow,augmented,simple
881,Запись к гигиенисту на воскресенье 👍,booking,new_appointment,booking_flow,augmented,medium
7576,Требую компенсацию заранее спасибо,negative_feedback,general,escalation_flow,augmented,simple
2432,Спасибо за информацию?!,conversational,gratitude,conversation_flow,augmented,simple
7389,Лечение не помогло,negative_feedback,quality,escalation_flow,template,simple
393,А что будет если?,faq,followup,faq_flow,template,simple
2505,"Добрый день, перенесите на следующую неделю пожалуйста",booking,reschedule,booking_flow,augmented,complex
4908,Подумаю!!,conversational,unclear,clarification_flow,augmented,simple
3645,А сели не поможет 😢,faq,followup,faq_flow,augmented,simple
5811,Чем полоскать после удаления?,faq,visit_prep,faq_flow,template,simple
8241,стоимость удаления пожалуйста,faq,price,faq_flow,augmented,simple
4265,Как к вам проехать заранее спасибо,faq,clinic_info,faq_flow,augmented,medium
292,"Здравствуйте, мНЕ НЕ ПЕРЕЗВОНИЛИ МЕСЯЦ",negative_feedback,service_issue,escalation_flow,augmented,complex
4284,Хочу к имплантологу!,booking,new_appointment,booking_flow,augmented,simple
638,Работает ев субботу,faq,clinic_info,faq_flow,augmented,simple
515,"Подскажите, можно перенести на сегодня пожалуйста",booking,reschedule,booking_flow,augmented,complex
9123,Нужно изменить дату приёма 🙏,booking,reschedule,booking_flow,augmented,simple
8509,Элайнер треснул спасибо,anamnesis,complaint,anamnesis_flow,augmented,simple
4576,"Добрый день, не смогу прийти, форс-мажор",booking,cancel,booking_flow,augmented,complex
6266,Иванова был груб 😢,negative_feedback,staff,escalation_flow,augmented,simple
2041,Можно без этого.,faq,followup,faq_flow,augmented,simple
7950,"Здравствуйте, как подготовиться к виниры 😢",faq,visit_prep,faq_flow,augmented,complex
603,Пока не решил.,conversational,unclear,clarification_flow,augmented,simple
8579,Это возмутительно?!,negative_feedback,general,escalation_flow,augmented,simple
975,"Здравствуйте, недоволен обслуживанием",negative_feedback,general,escalation_flow,augmented,complex
4808,удаление это больно!,faq,procedure,faq_flow,augmented,simple
7180,"Скажите, после виниры у Козловой стало хуже",negative_feedback,quality,escalation_flow,augmented,complex
4903,Надо посоветоваться 😊,conversational,unclear,clarification_flow,augmented,simple
8268,"ЗДРАВСТВУЙТЕ, ЗАПИСЬ К ЧЕЛЮСТНО-ЛИЦЕВОМУ ХИРУРГУ НА НА СЛЕДУЮЩЕЙ НЕДЕЛЕ",booking,new_appointment,booking_flow,augmented,complex
4418,РАССКАЖИТЕ БОЛЬШЕ...,faq,followup,faq_flow,augmented,simple
217,Какие материалы используете 😊,faq,procedure,faq_flow,augmented,simple
7472,Сколько нельзя заниматься спортом после лечение каналов?,faq,visit_prep,faq_flow,variation,medium
9956,шестёрка сильно болит,anamnesis,symptom,anamnesis_flow,variation,simple
5175,Скололась эмаль 😊,anamnesis,complaint,anamnesis_flow,augmented,simple
9863,Как делают заранее спасибо,faq,procedure,faq_flow,augmented,simple
2378,После КТ у Новикова стало хуже,negative_feedback,quality,escalation_flow,variation,medium
2968,Сколько нельзя заниматься спортом после брекеты...,faq,visit_prep,faq_flow,augmented,medium
9490,Так и болит после лечения,negative_feedback,quality,escalation_flow,template,simple
272,"Да, конечно спасибо?!",conversational,confirmation,conversation_flow,augmented,complex
29,"Здравствуйте, добрый день, пока!",conversational,farewell,conversation_flow,augmented,complex
4160,ЗдравствйУте,conversational,greeting,conversation_flow,augmented,simple
4619,"Скажите, хорошего дня!!",conversational,farewell,conversation_flow,augmented,complex
9953,"Привет, спасибо, всё понятно",conversational,gratitude,conversation_flow,augmented,complex
3362,ЗАПИСЬ К ОРТОПЕДУ НА ВЕЧЕР.,booking,new_appointment,booking_flow,augmented,simple
6018,Почём пломбирование заранее спасибо,faq,price,faq_flow,augmented,simple
3734,"Подскажите, верхний зуб сильно болит",anamnesis,symptom,anamnesis_flow,augmented,complex
487,Доброе туро,conversational,greeting,conversation_flow,augmented,simple
4055,челюсть болит ночью,anamnesis,symptom,anamnesis_flow,variation,simple
5668,Случилось выпала пломба 😊,anamnesis,complaint,anamnesis_flow,augmented,simple
5488,У меня тренсул зуб,anamnesis,complaint,anamnesis_flow,augmented,simple
8919,"Привет, хочу пожаловаться",negative_feedback,general,escalation_flow,augmented,complex
3846,Моей записи нет спасибо,negative_feedback,service_issue,escalation_flow,augmented,simple
2007,"Привет, что если не поможет?",faq,followup,faq_flow,augmented,complex
7612,ЗдРавствуйте спасибо,conversational,greeting,conversation_flow,augmented,simple
6832,как подготовиться к имплантацию,faq,visit_prep,faq_flow,augmented,simple
2386,Что нельзя после реставрацию 😊,faq,visit_prep,faq_flow,augmented,simple
538,"Добрый день, надо подумать",conversational,unclear,clarification_flow,augmented,complex
3299,"Привет, добрый день, договорились",conversational,confirmation,conversation_flow,augmented,complex
6443,А если  Яне буду?,faq,followup,faq_flow,augmented,simple
5033,"Здравствуйте, отмените запись, не смогу",booking,cancel,booking_flow,augmented,complex
3064,"Да, конечно.",conversational,confirmation,conversation_flow,augmented,complex
9175,лечение каналов это больно 🦷,faq,procedure,faq_flow,augmented,simple
7358,"Здравствуйте, сОГЛАСЕН",conversational,confirmation,conversation_flow,augmented,complex
866,СПАСИБО БОЛЬШЕО!,conversational,gratitude,conversation_flow,augmented,simple
5781,АЛЛО 😊,conversational,greeting,conversation_flow,augmented,simple
6804,"Подскажите, привет, до скорого",conversational,farewell,conversation_flow,augmented,complex
438,Запишите на удаление,booking,new_appointment,booking_flow,variation,simple
8172,"Добрый день, а если не поможет?",faq,followup,faq_flow,augmented,complex
1399,"треснул зуб, что делать 😢",anamnesis,complaint,anamnesis_flow,augmented,complex
7011,Это возмутительно 😢,negative_feedback,general,escalation_flow,augmented,simple
6681,"Добрый день, какая цена на протезирование заранее спасибо",faq,price,faq_flow,augmented,complex
6987,Запись к детскому стоматологу на сегодня,booking,new_appointment,booking_flow,variation,medium
2446,"Добрый день, эй пожалуйста",conversational,greeting,conversation_flow,augmented,complex
7340,"Отмените запись, занят на работе 🦷",booking,cancel,booking_flow,augmented,complex
4742,"Скажите, подскажите подробнее",faq,followup,faq_flow,augmented,complex
4307,зуб немного болит,anamnesis,symptom,anamnesis_flow,variation,simple
1200,Принимаете рассрочку 🙏 👍,faq,clinic_info,faq_flow,augmented,simple
4570,До которогоч аса приём заранее спасибо,faq,clinic_info,faq_flow,augmented,medium
3107,"Здравствуйте, пока 😊",conversational,farewell,conversation_flow,augmented,complex
5960,Зуб изменил цвет 🦷,anamnesis,complaint,anamnesis_flow,augmented,simple
9376,Есть микроскоп...,faq,clinic_info,faq_flow,augmented,simple
8793,"Поясните, пожалуйста?!",faq,followup,faq_flow,augmented,complex
494,"Привет, сКОЛЬКО НЕЛЬЗЯ ЗАНИМАТЬСЯ СПОРТОМ ПОСЛЕ ЛЕЧЕНИЕ КАРИЕСА?",faq,visit_prep,faq_flow,augmented,complex
485,Здравстувйте 😢,conversational,greeting,conversation_flow,augmented,simple
4097,Зуб ноет постоянно,anamnesis,symptom,anamnesis_flow,template,simple
702,Сказали что записин ет,negative_feedback,service_issue,escalation_flow,augmented,simple
6031,Болит передний зуб уже несколько дней,anamnesis,symptom,anamnesis_flow,variation,medium
4476,брекеты это больно,faq,procedure,faq_flow,augmented,simple
4819,Нужно протезирование 😢,anamnesis,services,anamnesis_flow,augmented,simple
7473,Какая цена на коронку,faq,price,faq_flow,augmented,simple
9857,Как подготовиться к виниры?,faq,visit_prep,faq_flow,variation,simple
5701,Сколько держится?,faq,procedure,faq_flow,template,simple
3618,Ясно!,conversational,confirmation,conversation_flow,augmented,simple
6283,ПОСЛЕ ПЛОМБИРОВАНИЕ У МОРОЗОВОЙ СТАЛО УХЖЕ,negative_feedback,quality,escalation_flow,augmented,medium
4430,Хочу оставить жалобу 😢 пожалуйста,negative_feedback,general,escalation_flow,augmented,simple
297,Отмените приём пожалуйста заранее спасибо,booking,cancel,booking_flow,augmented,simple
9037,Как записаться к авм?,booking,new_appointment,booking_flow,augmented,simple
2250,После лечение кариеса у Новикова стало хуже 👍,negative_feedback,quality,escalation_flow,augmented,medium
3162,"Скажите, можно на субботу?",booking,new_appointment,booking_flow,augmented,complex
5419,Сколько нельзя есть после протезирование?,faq,visit_prep,faq_flow,variation,simple
3716,Перенеситен а четверг,booking,reschedule,booking_flow,augmented,simple
6985,Отмена азписи,booking,cancel,booking_flow,augmented,simple
2553,Сколько нельзя пить после осмотр 🙏,faq,visit_prep,faq_flow,augmented,medium
5876,"Привет, можно записаться онлайн?",faq,clinic_info,faq_flow,augmented,complex
6531,Сколько нельзя пить алкоголь после лечение кариеса?,faq,visit_prep,faq_flow,variation,medium
8654,Не сейчас 😊,conversational,unclear,clarification_flow,augmented,simple
20,Ничего не объяснили заранее спасибо,negative_feedback,staff,escalation_flow,augmented,simple
6023,Как подготовиться к консультацию заранее спасибо,faq,visit_prep,faq_flow,augmented,medium
5879,"Спасибо, всё опнятно",conversational,gratitude,conversation_flow,augmented,complex
4278,КАК ПРОХОДИТ ВИНИРЫ 🙏,faq,procedure,faq_flow,augmented,simple
7142,"Скажите, а что будет если?",faq,followup,faq_flow,augmented,complex
7352,Можно перенести ан в ближайшее время?,booking,reschedule,booking_flow,augmented,medium
6624,"Подскажите, зуб мудрости постоянно болит",anamnesis,symptom,anamnesis_flow,augmented,complex
956,"Добрый день, нЕ могу дозвониться",negative_feedback,service_issue,escalation_flow,augmented,complex
3767,Можно перенести на субботу?,booking,reschedule,booking_flow,variation,simple
1575,Запись к ортопеду на вечер,booking,new_appointment,booking_flow,variation,simple
4380,пломбирование сколько стоит спасибо,faq,price,faq_flow,augmented,simple
1417,Сколько длится виниры заранее спасибо!!,faq,procedure,faq_flow,augmented,simple
9620,консультацию это больно пожалуйста,faq,procedure,faq_flow,augmented,simple
4405,До свидания,conversational,farewell,conversation_flow,template,simple
4365,"Добрый день, можно перезаписаться 🦷",booking,reschedule,booking_flow,augmented,complex
7354,"Привет, здравствуйте, доброе утро",conversational,greeting,conversation_flow,augmented,complex
3173,"Привет, добрый день, до свидания!",conversational,farewell,conversation_flow,augmented,complex
6335,После удаление у Морозовой стало хуже,negative_feedback,quality,escalation_flow,variation,medium
9476,Почём удаление,faq,price,faq_flow,augmented,simple
6967,хочу погвоорить с руководством,negative_feedback,general,escalation_flow,augmented,simple
6426,"ЗДРАВСТВУЙТЕ, ПРИНЯТО",conversational,confirmation,conversation_flow,augmented,complex
2845,Нужно реставрацию,anamnesis,services,anamnesis_flow,variation,simple
9428,У меня ноющая боль давно.,anamnesis,symptom,anamnesis_flow,augmented,simple
4678,Запишите на лечение каналов 😢,booking,new_appointment,booking_flow,augmented,simple
1755,Почём пломбирование?!,faq,price,faq_flow,augmented,simple
688,"Скажите, не смогу прийти, уезжаю",booking,cancel,booking_flow,augmented,complex
9200,"Спасибо, до свидания заранее спасибо",conversational,gratitude,conversation_flow,augmented,complex
9392,Не уделили внимания 👍,negative_feedback,staff,escalation_flow,augmented,simple
4721,"Здравствуйте, мне не перезвонили со вчера",negative_feedback,service_issue,escalation_flow,augmented,complex
4044,Интересует Air-Flow 🦷,anamnesis,services,anamnesis_flow,augmented,simple
2480,Всего доброго 😊,conversational,farewell,conversation_flow,augmented,simple
9564,ЧТО ЕНЛЬЗЯ ПОСЛЕ ЭЛАЙНЕРЫ?,faq,visit_prep,faq_flow,augmented,simple
6589,Цена на брекеты?,faq,price,faq_flow,template,simple
9340,"Здравствуйте, хочу консультацию",anamnesis,services,anamnesis_flow,augmented,complex
3864,Есть время на четверг?,booking,new_appointment,booking_flow,variation,simple
5186,Случилось слетела коронка 😢,anamnesis,complaint,anamnesis_flow,augmented,simple
8860,Хочу поогворить с руководством,negative_feedback,general,escalation_flow,augmented,simple
8331,семёрка болит постоянно,anamnesis,symptom,anamnesis_flow,variation,simple
8597,Интересует осмотр заранее спасибо,anamnesis,services,anamnesis_flow,augmented,simple
5304,Большоес пасибо,conversational,gratitude,conversation_flow,augmented,simple
6552,ХООРШО,conversational,confirmation,conversation_flow,augmented,simple
2320,Есть рентген заранее спасибо,faq,clinic_info,faq_flow,augmented,simple
7959,до которого часап риём?,faq,clinic_info,faq_flow,augmented,simple
6142,"Привет, запись к пародонтологу на завтра",booking,new_appointment,booking_flow,augmented,complex
8269,почём реставрацию!,faq,price,faq_flow,augmented,simple
91,До свидания 👍 😢,conversational,farewell,conversation_flow,augmented,simple
3386,Приду заранее спасибо,conversational,confirmation,conversation_flow,augmented,simple
651,ЕСТЬ АЛЬТЕРАНТИВЫ?,faq,procedure,faq_flow,augmented,simple
240,Почём реставрацию спасибо,faq,price,faq_flow,augmented,simple
9001,Что делать если отёк пожалуйста,faq,visit_prep,faq_flow,augmented,simple
4293,Работаете в вторник?,faq,clinic_info,faq_flow,variation,simple
5513,коронку это больно,faq,procedure,faq_flow,augmented,simple
3019,передний зуб периодически болит,anamnesis,symptom,anamnesis_flow,variation,simple
3018,"Не смогу прийти, заболел!",booking,cancel,booking_flow,augmented,complex
3022,Конечно заранее спасибо,conversational,confirmation,conversation_flow,augmented,simple
1469,нижняя десна болит очень пожалуйста пожалуйста,anamnesis,symptom,anamnesis_flow,augmented,medium
2881,Можно на среду?,booking,new_appointment,booking_flow,variation,simple
4646,Делаете панорамный снимок!,faq,clinic_info,faq_flow,augmented,simple
9516,"Здравствуйте, всего доброго!",conversational,farewell,conversation_flow,augmented,complex
6749,"Добрый день, за сколько нельзя есть?",faq,visit_prep,faq_flow,augmented,complex
7379,после осмотр у кузнецовой стало хуже пожалуйста,negative_feedback,quality,escalation_flow,augmented,medium
4018,коренной зуб постоянно болит,anamnesis,symptom,anamnesis_flow,variation,simple
8848,"Привет, я вам перезвоню",conversational,unclear,clarification_flow,augmented,complex
6801,Что вы рекомендуете...,faq,followup,faq_flow,augmented,simple
8904,Угу пожалуйста?!,conversational,confirmation,conversation_flow,augmented,simple
2779,Очень благодарен спасибо,conversational,gratitude,conversation_flow,augmented,simple
965,Хочу оставить жалобу!!,negative_feedback,general,escalation_flow,augmented,simple
6204,У меня треснул зуб спасибо,anamnesis,complaint,anamnesis_flow,augmented,simple
9538,Окей пожалуйста заранее спасибо,conversational,confirmation,conversation_flow,augmented,simple
1143,КАКОЙ АДРЕС?!,faq,clinic_info,faq_flow,augmented,simple
7981,Как проходит коронку,faq,procedure,faq_flow,augmented,simple
3968,"Подскажите, как проходит пломбирование?",faq,procedure,faq_flow,augmented,complex
8,"Добрый день, приложение глючит",negative_feedback,service_issue,escalation_flow,augmented,complex
173,Пока,conversational,farewell,conversation_flow,template,simple
3201,"Подскажиет, подумаю",conversational,unclear,clarification_flow,augmented,complex
8164,интересует чистку пожалуйста,anamnesis,services,anamnesis_flow,augmented,simple
4514,непрофессиональное отношение 😢,negative_feedback,staff,escalation_flow,augmented,simple
8203,Можно срочно записаться?,booking,new_appointment,booking_flow,template,simple
9792,До свиадния!,conversational,farewell,conversation_flow,augmented,simple
2593,Есть ортодонт?,faq,clinic_info,faq_flow,template,simple
9994,"откололся зуб, что делать?",anamnesis,complaint,anamnesis_flow,variation,simple
6871,Отказ от записи!,booking,cancel,booking_flow,augmented,simple
6522,ДО КСОРОГО,conversational,farewell,conversation_flow,augmented,simple
2597,консультацию это больно?,faq,procedure,faq_flow,variation,simple
5926,"Здравствуйте, а что будет если?",faq,followup,faq_flow,augmented,complex
4773,После элайнеры у Петровой стало хуже,negative_feedback,quality,escalation_flow,variation,medium
2889,"Скажите, когда работаете?",faq,clinic_info,faq_flow,augmented,complex
9148,Хорошо,conversational,confirmation,conversation_flow,template,simple
1744,"Здравствуйте, очень благодраен",conversational,gratitude,conversation_flow,augmented,complex
2079,"Подскажите, передний зуб болит периодически",anamnesis,symptom,anamnesis_flow,augmented,complex
3261,У меня чувствительность неделю,anamnesis,symptom,anamnesis_flow,variation,simple
1881,"Измнеились планы, нужно перенести!!",booking,reschedule,booking_flow,augmented,complex
6231,Спасибо большое?!,conversational,gratitude,conversation_flow,augmented,simple
6091,"Привет, добрый день, отмените запись",booking,cancel,booking_flow,augmented,complex
1941,Интересует коронку 🙏,anamnesis,services,anamnesis_flow,augmented,simple
7810,Полсе пломбИрование у Новикова стало хуже,negative_feedback,quality,escalation_flow,augmented,medium
1960,Планирую консультацию,anamnesis,services,anamnesis_flow,variation,simple
5430,"Здравствуйте, прикусил язык",anamnesis,complaint,anamnesis_flow,augmented,complex
873,После лечение кариеса уИ ванова стало хуже 🙏,negative_feedback,quality,escalation_flow,augmented,medium
9552,"Привет, плохая клинкиа",negative_feedback,general,escalation_flow,augmented,complex
8927,Как к вам проехать,faq,clinic_info,faq_flow,augmented,simple
6339,Это безобразие!,negative_feedback,general,escalation_flow,augmented,simple
8789,отмена записи заранее спасибо,booking,cancel,booking_flow,augmented,simple
5770,После протезирование у Новикова стало хуже.,negative_feedback,quality,escalation_flow,augmented,medium
5940,"Добрый день, здравствуйте, спасибо за помощь",conversational,gratitude,conversation_flow,augmented,complex
2214,"Скажите, треснул зуб",anamnesis,complaint,anamnesis_flow,augmented,complex
895,После коронку у Лебедевой стало хуже 🦷,negative_feedback,quality,escalation_flow,augmented,medium
2317,Можно перенести на понедельник заранее спасибо,booking,reschedule,booking_flow,augmented,medium
7769,Я вам перезвоню заранее спасибо,conversational,unclear,clarification_flow,augmented,simple
9381,"Добрый день, сколько нельзя пить алкоголь после КТ",faq,visit_prep,faq_flow,augmented,complex
5123,Долго оформялли документы,negative_feedback,service_issue,escalation_flow,augmented,simple
6209,Мне не перезвонили дВ енедели,negative_feedback,service_issue,escalation_flow,augmented,simple
1056,Нужно отемнить,booking,cancel,booking_flow,augmented,simple
56,ждал месяц 👍,negative_feedback,service_issue,escalation_flow,augmented,simple
8018,Есть рассрочка!,faq,price,faq_flow,augmented,simple
4627,что еслин е поможет?,faq,followup,faq_flow,augmented,simple
1141,появилась язвочка во рту 🙏,anamnesis,complaint,anamnesis_flow,augmented,simple
3993,"Скажите, скажите, прощайте",conversational,farewell,conversation_flow,augmented,complex
2543,"Не смогу прийти, форс-мажор?!",booking,cancel,booking_flow,augmented,complex
5795,Какая цена на отбеливание?,faq,price,faq_flow,variation,simple
8209,Не рабоатет онлайн-запись,negative_feedback,service_issue,escalation_flow,augmented,simple
7332,Можно перенести приём?,booking,reschedule,booking_flow,template,simple
7504,"Добрый день, эй 🦷",conversational,greeting,conversation_flow,augmented,complex
8978,Запись к пародонтологу на воскресенье,booking,new_appointment,booking_flow,variation,simple
8294,Как подготовиться к коронку!!,faq,visit_prep,faq_flow,augmented,simple
1966,Нужно имплантацию...,anamnesis,services,anamnesis_flow,augmented,simple
8502,ДОБРЫЙ ВЕЧЕР ЗАРАНЕЕ СПАСИБО,conversational,greeting,conversation_flow,augmented,simple
1256,Здорово 🦷,conversational,greeting,conversation_flow,augmented,simple
2937,Зуб изменил цвет спасибо заранее спасибо,anamnesis,complaint,anamnesis_flow,augmented,medium
821,Элайнер треснул?!,anamnesis,complaint,anamnesis_flow,augmented,simple
2035,После лечение кариеса у Смирновой стало хуже?,negative_feedback,quality,escalation_flow,augmented,medium
3713,Как проходит снимок,faq,procedure,faq_flow,augmented,simple
5364,Подумаю спасибо,conversational,unclear,clarification_flow,augmented,simple
2829,Запись к эндодонтисту на завтра,booking,new_appointment,booking_flow,variation,simple
1261,"Привет, зуб шатается",anamnesis,complaint,anamnesis_flow,augmented,complex
4845,Какая цена на консультацию.,faq,price,faq_flow,augmented,simple
375,Верните деьнги!,negative_feedback,general,escalation_flow,augmented,simple
2486,Сколько нельзя пить алкоголь после элайнеры пожалуйста!,faq,visit_prep,faq_flow,augmented,medium
4282,Склоько стоит консультацию заранее спасибо,faq,price,faq_flow,augmented,simple
9022,После лечение каналов у Кузнецовой стало хуже?,negative_feedback,quality,escalation_flow,augmented,medium
7324,"Добрый день, перезапишите на вечер пожалуйста",booking,reschedule,booking_flow,augmented,complex
8355,ДО ВСИДАНИЯ!,conversational,farewell,conversation_flow,augmented,simple
9666,Так и не перезвонили опжалуйста,negative_feedback,service_issue,escalation_flow,augmented,simple
9819,Пока не решил?!,conversational,unclear,clarification_flow,augmented,simple
1072,"ПОДСКАЖИТЕ, ПОСЛЕ ЛЕЧЕНИЕ КАНАЛОВ У СИДОРОВА СТАЛО ХУЖЕ",negative_feedback,quality,escalation_flow,augmented,complex
4037,Есть ночной прёим.,faq,clinic_info,faq_flow,augmented,simple
4841,"выпала пломба, что делать!",anamnesis,complaint,anamnesis_flow,augmented,complex
1785,Что нельзя после пломбирование?,faq,visit_prep,faq_flow,variation,simple
6495,"Подскажите, мне не перезвонили",negative_feedback,service_issue,escalation_flow,augmented,complex
9664,Не понравилось 😊,negative_feedback,general,escalation_flow,augmented,simple
2305,"Подскажите, хочу отказаться от записи",booking,cancel,booking_flow,augmented,complex
2895,Можно записаться онлайн?!,faq,clinic_info,faq_flow,augmented,simple
1557,"Добрый день, язвочки на слизистой",anamnesis,complaint,anamnesis_flow,augmented,complex
7864,Какая цена на виниры спасибо,faq,price,faq_flow,augmented,simple
7916,"Здравствуйте, пока?",conversational,farewell,conversation_flow,augmented,complex
3102,Поудмаю,conversational,unclear,clarification_flow,augmented,simple
1139,"Подскажите, может быть",conversational,unclear,clarification_flow,augmented,complex
6502,Сайт не работает пожалуйста,negative_feedback,service_issue,escalation_flow,augmented,simple
918,"Да,х орошо",conversational,confirmation,conversation_flow,augmented,complex
5226,"Отмените запись, заболел пожалуйста 🦷",booking,cancel,booking_flow,augmented,complex
5523,Иванова был груб спасибо,negative_feedback,staff,escalation_flow,augmented,simple
9944,Запись к детскому стоматологу на четверг,booking,new_appointment,booking_flow,variation,medium
8973,После пломбирование у Морозовой стало хуже 🙏,negative_feedback,quality,escalation_flow,augmented,medium
4291,Что нельзя после протезирование 🦷,faq,visit_prep,faq_flow,augmented,simple
5877,Привет 🙏!,conversational,greeting,conversation_flow,augmented,simple
4331,Планирую лечение кариеса,anamnesis,services,anamnesis_flow,variation,simple
6529,"Здравствуйте, до скоргоо",conversational,farewell,conversation_flow,augmented,complex
8863,Принимаете AppleP ay?,faq,clinic_info,faq_flow,augmented,simple
9914,"ДобрыЙ день, нужно снимок",anamnesis,services,anamnesis_flow,augmented,complex
9832,виниры это больно спасибо,faq,procedure,faq_flow,augmented,simple
4538,Спасибо?,conversational,gratitude,conversation_flow,augmented,simple
7319,Точно унжно?,faq,followup,faq_flow,augmented,simple
4543,"Привет, очень благодарен",conversational,gratitude,conversation_flow,augmented,complex
5665,"Да, хорошо...",conversational,confirmation,conversation_flow,augmented,complex
8594,"Подскажите, не понравилось 👍",negative_feedback,general,escalation_flow,augmented,complex
8598,шестёрка сильно болит заранее спасибо,anamnesis,symptom,anamnesis_flow,augmented,simple
1083,Почём КТ пожалуйста,faq,price,faq_flow,augmented,simple
4,Запись к пародонтологу на утро,booking,new_appointment,booking_flow,variation,simple
8545,"Здравствуйте, сколько нельзя заниматься спортом после лечение кариеса?",faq,visit_prep,faq_flow,augmented,complex
3497,Этоп равда необходимо 👍,faq,followup,faq_flow,augmented,simple
8031,Как проходти лечение?,faq,procedure,faq_flow,augmented,simple
2606,"Подскажите, удачи",conversational,farewell,conversation_flow,augmented,complex
7293,"Привет, а если я не буду?",faq,followup,faq_flow,augmented,complex
5951,ОТКАЗ ОТ ЗАПИСИ СПАСИБО,booking,cancel,booking_flow,augmented,simple
4087,"Привет, понял 👍",conversational,confirmation,conversation_flow,augmented,complex
9946,После удаление у Козловой стало хуже,negative_feedback,quality,escalation_flow,variation,medium
1172,"Здравствуйте, доброе утро",conversational,greeting,conversation_flow,augmented,complex
2523,"Здравствуйте, оК",conversational,confirmation,conversation_flow,augmented,complex
3667,брекеты это больно?,faq,procedure,faq_flow,variation,simple
791,Сколько нельзя пить после элайнеры 👍,faq,visit_prep,faq_flow,augmented,medium
2942,Перенесите на в ближайшее время,booking,reschedule,booking_flow,variation,simple
50,Очень благодарен 🦷,conversational,gratitude,conversation_flow,augmented,simple
3770,После виниры у Сидорова стало хуже,negative_feedback,quality,escalation_flow,variation,medium
551,Зубы стали подвижными пожалуйста,anamnesis,complaint,anamnesis_flow,augmented,simple
8709,Никто не перезвонил 👍,negative_feedback,service_issue,escalation_flow,augmented,simple
1742,До встречи пожалуйста,conversational,farewell,conversation_flow,augmented,simple
2369,СКОЛЬКО СТОИТ ЛЕЧЕИНЕ КАНАЛОВ?,faq,price,faq_flow,augmented,simple
3047,Окей 😢 😢,conversational,confirmation,conversation_flow,augmented,simple
9260,Договорились 😊,conversational,confirmation,conversation_flow,augmented,simple
4599,"Не смогу прийти, заболел!!",booking,cancel,booking_flow,augmented,complex
8240,"Подскажите, добрый вечер",conversational,greeting,conversation_flow,augmented,complex
4063,Ретейнер отклиелся,anamnesis,complaint,anamnesis_flow,augmented,simple
6296,Можно перенести на сегодня,booking,reschedule,booking_flow,augmented,simple
6133,"Скажите, буду пожалуйста",conversational,confirmation,conversation_flow,augmented,complex
7550,Сколько нельзя пить алкоголь после коронку спасибо,faq,visit_prep,faq_flow,augmented,medium
4306,Какая цена на КТ?,faq,price,faq_flow,variation,simple
7273,планирую снимок!!,anamnesis,services,anamnesis_flow,augmented,simple
5100,Посовеутюсь,conversational,unclear,clarification_flow,augmented,simple
4131,понятно 😢,conversational,confirmation,conversation_flow,augmented,simple
4116,А если не поможет 😊,faq,followup,faq_flow,augmented,simple
6454,Позовите главварча пожалуйста,negative_feedback,general,escalation_flow,augmented,simple
9689,Навреное,conversational,unclear,clarification_flow,augmented,simple
7107,После пломбирование у Кузнеоцвой стало хуже,negative_feedback,quality,escalation_flow,augmented,medium
3017,Позже 🦷,conversational,unclear,clarification_flow,augmented,simple
2138,"Здравствуйте, приветствую",conversational,greeting,conversation_flow,augmented,complex
249,НЕ ПОЛУЧАЕТСЯ В ЭТО ВРЕМЯ ПОЖАЛУЙСТА,booking,reschedule,booking_flow,augmented,medium
6307,а обязательно 😢,faq,followup,faq_flow,augmented,simple
1023,врач морозовой не объяснил!,negative_feedback,staff,escalation_flow,augmented,simple
1612,"Добрый день,е сть WhatsApp?",faq,clinic_info,faq_flow,augmented,complex
8671,"Добрый день, не решил ещё...",conversational,unclear,clarification_flow,augmented,complex
6685,"Скажите, надо подумать пожалуйста",conversational,unclear,clarification_flow,augmented,complex
1120,Пока н ерешил,conversational,unclear,clarification_flow,augmented,simple
8131,ВОЗМОЖНО 👍,conversational,unclear,clarification_flow,augmented,simple
1133,Болит нижний зуб уже две недели 😢,anamnesis,symptom,anamnesis_flow,augmented,medium
7118,"Подскажите, сколько стоит коронку?",faq,price,faq_flow,augmented,complex
4368,Сколько держится 😢,faq,procedure,faq_flow,augmented,simple
4870,Случилось шатается зуб спасибо,anamnesis,complaint,anamnesis_flow,augmented,simple
2329,Мне не перезвонили день 🦷,negative_feedback,service_issue,escalation_flow,augmented,simple
593,ЯснО 🦷,conversational,confirmation,conversation_flow,augmented,simple
3189,Можно рАньше 😊,booking,reschedule,booking_flow,augmented,simple
1440,А что лучше спасибо спасибо,faq,followup,faq_flow,augmented,simple
8219,Пока не решил!,conversational,unclear,clarification_flow,augmented,simple
9884,Сколько нельзя заниматьсяс портом после профгигиену!!,faq,visit_prep,faq_flow,augmented,medium
6993,"выпала пломба, что делать 🙏",anamnesis,complaint,anamnesis_flow,augmented,complex
4112,После КТ у Новикова стало хуже заранее спасибо,negative_feedback,quality,escalation_flow,augmented,medium
5923,"Не смогу прийти, форс-мжаор",booking,cancel,booking_flow,augmented,complex
2933,"Здравствуйте, откололся зуб, что делать?",anamnesis,complaint,anamnesis_flow,augmented,complex
2748,Не уделили внимания 🦷,negative_feedback,staff,escalation_flow,augmented,simple
4163,"Добрый день, снимите меня с записи",booking,cancel,booking_flow,augmented,complex
9083,Нужно отбеилвание,anamnesis,services,anamnesis_flow,augmented,simple
8295,Есть время на субботу?,booking,new_appointment,booking_flow,variation,simple
3816,Перенесите на понедельник!!,booking,reschedule,booking_flow,augmented,simple
223,Есть вермя на четверг?,booking,new_appointment,booking_flow,augmented,simple
3955,Нужен приём у врача заранее спасибо,booking,new_appointment,booking_flow,augmented,medium
285,Принимаете рассрочку 😊,faq,clinic_info,faq_flow,augmented,simple
1463,Запись к детскому стоматологу на воскресенье спасибо,booking,new_appointment,booking_flow,augmented,medium
9965,Сколько нельзя пить алкоголь после отбеливание?,faq,visit_prep,faq_flow,variation,medium
4204,коренной зуб болит сильно заранее спасибо,anamnesis,symptom,anamnesis_flow,augmented,medium
8081,"Привет, сколько нельзя есть после консультацию?",faq,visit_prep,faq_flow,augmented,complex
8949,Какая цена на имплантацию?,faq,price,faq_flow,variation,simple
5625,сколько длится пломбирование спасибо,faq,procedure,faq_flow,augmented,simple
6893,Можно перенести на понедельник спасибо спасибо,booking,reschedule,booking_flow,augmented,medium
6153,"Привет, нужно лечение каналов",anamnesis,services,anamnesis_flow,augmented,complex
2632,Нужно осмотр 👍,anamnesis,services,anamnesis_flow,augmented,simple
6376,Интересеут отбеливание,anamnesis,services,anamnesis_flow,augmented,simple
9862,"Не смогу прийти, форс-мажор пожалуйста",booking,cancel,booking_flow,augmented,complex
2700,ЩЁЛКЕАТ ЧЕЛЮСТЬ,anamnesis,symptom,anamnesis_flow,augmented,simple
2570,Не совсем понял заранее спасибо,faq,followup,faq_flow,augmented,simple
101,Не могу дозвониться,negative_feedback,service_issue,escalation_flow,template,simple
8857,Непрофесисональное отношение,negative_feedback,staff,escalation_flow,augmented,simple
1939,Неп онравилось,negative_feedback,general,escalation_flow,augmented,simple
245,"Добрый день, пока",conversational,farewell,conversation_flow,augmented,complex
582,можно на другой день спасибо,booking,reschedule,booking_flow,augmented,simple
6057,не сообщили о переносе пожалуйста,negative_feedback,service_issue,escalation_flow,augmented,simple
9002,Иванова был груб 😢 😊,negative_feedback,staff,escalation_flow,augmented,simple
5052,как проходит лечение кариеса 😢,faq,procedure,faq_flow,augmented,simple
4210,До свидаиян!,conversational,farewell,conversation_flow,augmented,simple
9821,"Отмените запись, уезжаю?!",booking,cancel,booking_flow,augmented,complex
4465,Отказ от азписи,booking,cancel,booking_flow,augmented,simple
1899,Отнеслись наплевательски 🦷,negative_feedback,staff,escalation_flow,augmented,simple
917,После снимок у Петрово йстало хуже,negative_feedback,quality,escalation_flow,augmented,medium
1895,Конечно пожалуйста,conversational,confirmation,conversation_flow,augmented,simple
9614,Мне не перезовнили три дня,negative_feedback,service_issue,escalation_flow,augmented,simple
7077,Непрофессиональное отношение пожалуйста,negative_feedback,staff,escalation_flow,augmented,simple
1334,Окей?!,conversational,confirmation,conversation_flow,augmented,simple
7325,Нужно отменить спасибо,booking,cancel,booking_flow,augmented,simple
6427,"Добрый день, эТО БЕЗОБРАЗИЕ",negative_feedback,general,escalation_flow,augmented,complex
628,"Скажите, здравствуйте, добрый день!",conversational,greeting,conversation_flow,augmented,complex
2506,Врач Иванвоа не объяснил,negative_feedback,staff,escalation_flow,augmented,simple
9730,челюсть сильно болит,anamnesis,symptom,anamnesis_flow,variation,simple
1812,"Привет, прикусил язык",anamnesis,complaint,anamnesis_flow,augmented,complex
3575,Не плоучится прийти,booking,cancel,booking_flow,augmented,simple
907,"Скажите, позовите главврача",negative_feedback,general,escalation_flow,augmented,complex
718,"Привет, не предупредили об изменениях",negative_feedback,service_issue,escalation_flow,augmented,complex
209,"Привет, хорошо!",conversational,confirmation,conversation_flow,augmented,complex
6399,Нужно томенить,booking,cancel,booking_flow,augmented,simple
6980,Записал 👍,conversational,confirmation,conversation_flow,augmented,simple
6982,Хочу лечение кариеса?!,anamnesis,services,anamnesis_flow,augmented,simple
5312,"Скажите, спс!!",conversational,gratitude,conversation_flow,augmented,complex
8880,"Привет, недоволен обслуживанием",negative_feedback,general,escalation_flow,augmented,complex
9839,"Подскажите, воспаление после удаления",negative_feedback,quality,escalation_flow,augmented,complex
700,Что делать если болит после приёма?,faq,visit_prep,faq_flow,template,medium
9647,Сколько нельзя есть после лечение каналов,faq,visit_prep,faq_flow,augmented,medium
5864,Ужасынй сервис!!,negative_feedback,general,escalation_flow,augmented,simple
70,Я вам епрезвоню.,conversational,unclear,clarification_flow,augmented,simple
2835,"Добрый день, прощайте спасибо",conversational,farewell,conversation_flow,augmented,complex
9407,Прикусил язык,anamnesis,complaint,anamnesis_flow,template,simple
7016,привет 😊,conversational,greeting,conversation_flow,augmented,simple
4929,ПОЯВИЛАСЬ ЯЗВОЧКА ВО РТУ 👍,anamnesis,complaint,anamnesis_flow,augmented,simple
8524,Брекет отклиелся,anamnesis,complaint,anamnesis_flow,augmented,simple
2739,Не уверен.,conversational,unclear,clarification_flow,augmented,simple
9707,Прниято,conversational,confirmation,conversation_flow,augmented,simple
9703,До скорого 👍,conversational,farewell,conversation_flow,augmented,simple
5342,У меня острая боль месяц,anamnesis,symptom,anamnesis_flow,variation,simple
192,"Привет, посел профгигиену у Козловой стало хуже",negative_feedback,quality,escalation_flow,augmented,complex
4852,"Подскажите, запись потеряли",negative_feedback,service_issue,escalation_flow,augmented,complex
3670,Требую компенсацию?!,negative_feedback,general,escalation_flow,augmented,simple
5584,Почём коронка,faq,price,faq_flow,augmented,simple
9834,"Подскажите, ждал два дня",negative_feedback,service_issue,escalation_flow,augmented,complex
5993,Ждал день заранее спасибо,negative_feedback,service_issue,escalation_flow,augmented,simple
537,"Добрый день, угу",conversational,confirmation,conversation_flow,augmented,complex
8304,что нельзя после протезироавние?,faq,visit_prep,faq_flow,augmented,simple
2715,а двруг не получится?,faq,followup,faq_flow,augmented,simple
8867,Элайнер треснул спасибо заранее спасибо,anamnesis,complaint,anamnesis_flow,augmented,simple
8895,Не сейчас...,conversational,unclear,clarification_flow,augmented,simple
3699,Запись к хирургу на послезавтра?!,booking,new_appointment,booking_flow,augmented,simple
402,Приду 🦷,conversational,confirmation,conversation_flow,augmented,simple
4837,А если я не буду пожалуйста,faq,followup,faq_flow,augmented,medium
2528,Кузнецовой был груб пожалуйста,negative_feedback,staff,escalation_flow,augmented,simple
8326,"Привет, сколько стоит коронку?",faq,price,faq_flow,augmented,complex
2171,Нужно изментиь дату приёма,booking,reschedule,booking_flow,augmented,simple
8367,Что делать еслио тёк,faq,visit_prep,faq_flow,augmented,simple
8705,"Привет, прощайте",conversational,farewell,conversation_flow,augmented,complex
7705,СКОЛЬКО СТОИТ ОСМОТР 😊,faq,price,faq_flow,augmented,simple
1852,БОЛЬШОЕ СПАСИБО?,conversational,gratitude,conversation_flow,augmented,simple
100,Болит верхний зуб уже три дня,anamnesis,symptom,anamnesis_flow,variation,medium
2429,"здравствуйте, у меня боль при жевании два дня",anamnesis,symptom,anamnesis_flow,augmented,complex
6478,Здорово 🙏,conversational,greeting,conversation_flow,augmented,simple
7482,Спасибо аз информацию,conversational,gratitude,conversation_flow,augmented,simple
8004,Здравствуйте.,conversational,greeting,conversation_flow,augmented,simple
9398,Можно перенести приём.,booking,reschedule,booking_flow,augmented,simple
6583,Хочу коронку заранее спасибо,anamnesis,services,anamnesis_flow,augmented,simple
8601,"Да, конечно...",conversational,confirmation,conversation_flow,augmented,complex
1552,Можно перенести на на этой неделе?,booking,reschedule,booking_flow,variation,medium
2424,Болит верхняяд есна уже день,anamnesis,symptom,anamnesis_flow,augmented,simple
7032,Запись к пародонтологу на на этой неделе,booking,new_appointment,booking_flow,variation,medium
7669,НЕ ВУЕРЕН,conversational,unclear,clarification_flow,augmented,simple
7581,После чистку у Волкова стало хуже,negative_feedback,quality,escalation_flow,variation,medium
9263,"Привет, ага.",conversational,confirmation,conversation_flow,augmented,complex
2766,хочу красивую улыбку 🦷,anamnesis,services,anamnesis_flow,augmented,simple
6613,Выпаал пломба,anamnesis,complaint,anamnesis_flow,augmented,simple
2395,Не реши лещё,conversational,unclear,clarification_flow,augmented,simple
3920,Болит зуб мудрости уже день 😊,anamnesis,symptom,anamnesis_flow,augmented,medium
9636,Возможно!!,conversational,unclear,clarification_flow,augmented,simple
7075,Запишите к хирургу,booking,new_appointment,booking_flow,variation,simple
2257,Не рекомендую!,negative_feedback,general,escalation_flow,augmented,simple
442,Принимаете рассрочку заранее спасибо,faq,clinic_info,faq_flow,augmented,simple
7216,Не рекомендую 😢,negative_feedback,general,escalation_flow,augmented,simple
6911,ИМПЛАНТАЦИЮ СКОЛЬКО СТОИТ,faq,price,faq_flow,augmented,simple
9400,Спасибо больоше,conversational,gratitude,conversation_flow,augmented,simple
6267,Почём профгигиену,faq,price,faq_flow,augmented,simple
8377,хочу поажловаться,negative_feedback,general,escalation_flow,augmented,simple
7390,Как проходит коронку.,faq,procedure,faq_flow,augmented,simple
7709,"Добрый день, мне не перезвонили с утра?!",negative_feedback,service_issue,escalation_flow,augmented,complex
9366,Сколько нельзя пить алкоголь после удаление пожалуйста,faq,visit_prep,faq_flow,augmented,medium
715,недоупстимо,negative_feedback,general,escalation_flow,augmented,simple
2143,Можно перенести приём,booking,reschedule,booking_flow,augmented,simple
8244,Перезапишите на 10:00 👍,booking,reschedule,booking_flow,augmented,simple
52,"Добрый день, какие ещё варианты?",faq,followup,faq_flow,augmented,complex
6016,Расскажите больше,faq,followup,faq_flow,template,simple
1115,Ноет зуб,anamnesis,symptom,anamnesis_flow,template,simple
8055,"Скажите, не понравилось",negative_feedback,general,escalation_flow,augmented,complex
9634,Здорово 👍,conversational,greeting,conversation_flow,augmented,simple
6272,"Привет, перенесите на субботу",booking,reschedule,booking_flow,augmented,complex
663,Ага 🙏,conversational,confirmation,conversation_flow,augmented,simple
732,Хочу оТбеливание 😢,anamnesis,services,anamnesis_flow,augmented,simple
1765,Ждал со вчера спасибо,negative_feedback,service_issue,escalation_flow,augmented,simple
5212,"подскажите, работаете в пятницу?",faq,clinic_info,faq_flow,augmented,complex
2803,Это безобразие заранее спасибо,negative_feedback,general,escalation_flow,augmented,simple
2345,Отмените запись,booking,cancel,booking_flow,template,simple
5117,Добрый еднь!!,conversational,greeting,conversation_flow,augmented,simple
9293,"Здравствуйте, появилась дырка в зубе",anamnesis,complaint,anamnesis_flow,augmented,complex
1217,Запись к детскому стоматологу на пятницу,booking,new_appointment,booking_flow,variation,medium
5210,"Добрый еднь, до встречи",conversational,farewell,conversation_flow,augmented,complex
4596,"Добрый день, скололась эмаль",anamnesis,complaint,anamnesis_flow,augmented,complex
5141,Буду 😊,conversational,confirmation,conversation_flow,augmented,simple
2045,Договорились 😢 пожалуйста,conversational,confirmation,conversation_flow,augmented,simple
6420,Это праВда необходимо,faq,followup,faq_flow,augmented,simple
6652,Пока не реишл 😢,conversational,unclear,clarification_flow,augmented,simple
9548,"Привет, какие материалы используете?",faq,procedure,faq_flow,augmented,complex
9514,"Подскажите, отмените запись, форс-мажор",booking,cancel,booking_flow,augmented,complex
4986,Алло 😊 😢,conversational,greeting,conversation_flow,augmented,simple
7227,Доброе утро...,conversational,greeting,conversation_flow,augmented,simple
5823,Записаться на рентген,booking,new_appointment,booking_flow,template,simple
7699,Хочу чискту,anamnesis,services,anamnesis_flow,augmented,simple
5883,НАВЕНРОЕ,conversational,unclear,clarification_flow,augmented,simple
7090,Алло 👍,conversational,greeting,conversation_flow,augmented,simple
5902,До скорого пожалуйста!!,conversational,farewell,conversation_flow,augmented,simple
9624,Телефон не отвечеат,negative_feedback,service_issue,escalation_flow,augmented,simple
6687,ДОГОВОРИЛИСЬ?,conversational,confirmation,conversation_flow,augmented,simple
7729,"Добрый день, не решил ещё 😊",conversational,unclear,clarification_flow,augmented,complex
8940,Перенесите на на этой неделе пожалуйста,booking,reschedule,booking_flow,augmented,medium
2236,Планирую элайнеры!,anamnesis,services,anamnesis_flow,augmented,simple
9153,"Привет, позовите глаВврача",negative_feedback,general,escalation_flow,augmented,complex
5120,Спасиоб за информацию заранее спасибо,conversational,gratitude,conversation_flow,augmented,simple
117,Нужно профгигиену 😊,anamnesis,services,anamnesis_flow,augmented,simple
4013,Подскажтие подробнее,faq,followup,faq_flow,augmented,simple
4588,"Добрый день, привет, добрый вечер!",conversational,greeting,conversation_flow,augmented,complex
7411,"Добрый день, есть рентген?",faq,clinic_info,faq_flow,augmented,complex
8007,До всидания?!,conversational,farewell,conversation_flow,augmented,simple
4774,"Привет, прикусил ёщку",anamnesis,complaint,anamnesis_flow,augmented,complex
4292,"Уточните, пожалуйста пожалуйста 😊",faq,followup,faq_flow,augmented,complex
9460,Хочу осмотр пожалуйста,anamnesis,services,anamnesis_flow,augmented,simple
4073,Алло заранее спасибо 🙏,conversational,greeting,conversation_flow,augmented,simple
4314,Можно перенести на в ближайшее время 😢 пожалуйста,booking,reschedule,booking_flow,augmented,medium
807,После профгигиену у Лебедевой стало хуже,negative_feedback,quality,escalation_flow,variation,medium
3388,Неодпустимо,negative_feedback,general,escalation_flow,augmented,simple
5465,ОЧЕНЬ БЛАГОДАРЕН?!,conversational,gratitude,conversation_flow,augmented,simple
3514,"Подскажите, перезвоню спасибо",conversational,unclear,clarification_flow,augmented,complex
8961,Прощйате заранее спасибо,conversational,farewell,conversation_flow,augmented,simple
3350,Позовите главврача спасибо!!,negative_feedback,general,escalation_flow,augmented,simple
1827,Спасибо 🦷,conversational,gratitude,conversation_flow,augmented,simple
7491,Алло 😢 заранее спасибо,conversational,greeting,conversation_flow,augmented,simple
6745,Можно перенести на четверг?,booking,reschedule,booking_flow,variation,simple
3781,"Подскажите, алло спасибо",conversational,greeting,conversation_flow,augmented,complex
5515,"Не смогу притйи, уезжаю",booking,cancel,booking_flow,augmented,complex
156,Невежливоео бслуживание,negative_feedback,staff,escalation_flow,augmented,simple
9119,можно перенести на субботу!!,booking,reschedule,booking_flow,augmented,simple
3272,"Привет, какие риски?",faq,procedure,faq_flow,augmented,complex
2199,Интересует лечение каналов спасибо,anamnesis,services,anamnesis_flow,augmented,simple
8753,После чистку у Морозовой стало хуже,negative_feedback,quality,escalation_flow,variation,medium
5661,Есть лазер?,faq,clinic_info,faq_flow,variation,simple
6751,Что если не поможет...,faq,followup,faq_flow,augmented,simple
5091,"Здравствуйте, зубы стали подвижными?!",anamnesis,complaint,anamnesis_flow,augmented,complex
9522,Расскажите больше?!,faq,followup,faq_flow,augmented,simple
4622,"Да, хорошо!",conversational,confirmation,conversation_flow,augmented,complex
3658,Принято 😢,conversational,confirmation,conversation_flow,augmented,simple
2502,"Скажите, принято",conversational,confirmation,conversation_flow,augmented,complex
6264,Ладно заранее спасибо пожалуйста,conversational,confirmation,conversation_flow,augmented,simple
1366,Мне не перезвонили 👍,negative_feedback,service_issue,escalation_flow,augmented,simple
957,зуб постоянно болит,anamnesis,symptom,anamnesis_flow,variation,simple
8506,Принимаете карту.,faq,clinic_info,faq_flow,augmented,simple
2750,"Скажите, есть акции?",faq,price,faq_flow,augmented,complex
669,"Скажите, нужно осмотр пожалуйста",anamnesis,services,anamnesis_flow,augmented,complex
7688,УГУ 👍,conversational,confirmation,conversation_flow,augmented,simple
6279,"Подскажите, перезапишите на уТро",booking,reschedule,booking_flow,augmented,complex
4527,Хочу реставрацию пожалуйста,anamnesis,services,anamnesis_flow,augmented,simple
4101,Выпала пломба?!,anamnesis,complaint,anamnesis_flow,augmented,simple
1231,Запись к хИрургу на воскресенье заранее спасибо,booking,new_appointment,booking_flow,augmented,medium
3381,"Отмените запись, уезжаю пожалуйста!",booking,cancel,booking_flow,augmented,complex
5023,"Заболел, не рпиду 🙏",booking,cancel,booking_flow,augmented,complex
3207,Снимите меня с записи заранее спасибо,booking,cancel,booking_flow,augmented,medium
803,Хочу красивую улыбку спасибо,anamnesis,services,anamnesis_flow,augmented,simple
6790,Не преудпредили об изменениях,negative_feedback,service_issue,escalation_flow,augmented,simple
5391,Плмоба выпала,anamnesis,complaint,anamnesis_flow,augmented,simple
2068,Петровой был гурб спасибо,negative_feedback,staff,escalation_flow,augmented,simple
2381,Сколько длится элайнеры заранее спасибо,faq,procedure,faq_flow,augmented,simple
5986,Почём реставрацию?,faq,price,faq_flow,variation,simple
8757,"Привет, здравствуйте?",conversational,greeting,conversation_flow,augmented,complex
6498,Прощайте 😊!!,conversational,farewell,conversation_flow,augmented,simple
4832,"Скажите, после лечение кариеса у Лебедевой стало хуже",negative_feedback,quality,escalation_flow,augmented,complex
4352,осмотр сколько стоит заранее спасибо,faq,price,faq_flow,augmented,simple
2500,Выпала пломба заранее спасибо 😢,anamnesis,complaint,anamnesis_flow,augmented,simple
7752,Всего добргоо,conversational,farewell,conversation_flow,augmented,simple
2120,"Добрый день, щёлкает челюсть пожалуйста",anamnesis,symptom,anamnesis_flow,augmented,complex
6164,Как проходит реставрацию?,faq,procedure,faq_flow,variation,simple
8419,Работаете в на этой неделе?!,faq,clinic_info,faq_flow,augmented,simple
3947,Благодарю вас!,conversational,gratitude,conversation_flow,augmented,simple
9046,Запись к терапевту на субботу,booking,new_appointment,booking_flow,variation,simple
2270,Записьк  ротопеду на послезавтра,booking,new_appointment,booking_flow,augmented,simple
8660,угу 🦷,conversational,confirmation,conversation_flow,augmented,simple
8428,До скорого заранее спасибо,conversational,farewell,conversation_flow,augmented,simple
9454,сколько стоит коронку,faq,price,faq_flow,augmented,simple
4806,"заболле, не приду",booking,cancel,booking_flow,augmented,complex
9190,Мне нахамили,negative_feedback,staff,escalation_flow,template,simple
8796,Всего доброго 🦷,conversational,farewell,conversation_flow,augmented,simple
482,Добрый день 🙏,conversational,greeting,conversation_flow,augmented,simple
5826,"Подскажите, врач опоздал на полчаса",negative_feedback,service_issue,escalation_flow,augmented,complex
5088,"Привет, привет 🦷",conversational,greeting,conversation_flow,augmented,complex
9802,Кунзецовой был груб,negative_feedback,staff,escalation_flow,augmented,simple
4346,Не приду,booking,cancel,booking_flow,template,simple
8266,А это блоьно?,faq,procedure,faq_flow,augmented,simple
7243,Можно на сегодня,booking,new_appointment,booking_flow,augmented,simple
9826,"Добрый день, хочу отменить запись",booking,cancel,booking_flow,augmented,complex
789,элайнеры не помогло,negative_feedback,quality,escalation_flow,variation,simple
5750,Хочу поговорить с руквоодством спасибо,negative_feedback,general,escalation_flow,augmented,simple
9551,После лечение каналов у Иванова стало хуже,negative_feedback,quality,escalation_flow,variation,medium
943,Сколько длится пломбироавние?,faq,procedure,faq_flow,augmented,simple
3412,Запись к гигиенисту на в ближайшее время,booking,new_appointment,booking_flow,variation,medium
7001,Запись к детскому стоматологу на на этой неделе 😊,booking,new_appointment,booking_flow,augmented,medium
6559,Пульсирующая боль в зубе,anamnesis,symptom,anamnesis_flow,template,simple
2075,Какая цена нА консультацию пожалуйста,faq,price,faq_flow,augmented,simple
7880,До свидания 👍,conversational,farewell,conversation_flow,augmented,simple
8103,Можно переенсти приём?,booking,reschedule,booking_flow,augmented,simple
6873,Спаисбо за помощь,conversational,gratitude,conversation_flow,augmented,simple
7549,"Спасибо, до свидания 👍 😊",conversational,gratitude,conversation_flow,augmented,complex
8028,"Скажите, до свидания 🙏",conversational,farewell,conversation_flow,augmented,complex
4099,"слетела коронка, что делать!",anamnesis,complaint,anamnesis_flow,augmented,complex
8975,Осложнения после лечения...,negative_feedback,quality,escalation_flow,augmented,simple
7209,"Привет, есть рассрочка?",faq,price,faq_flow,augmented,complex
9276,"Скажите, работаете в выходные?",faq,clinic_info,faq_flow,augmented,complex
9910,Нес ейчас,conversational,unclear,clarification_flow,augmented,simple
170,перенесите на поендельник,booking,reschedule,booking_flow,augmented,simple
8000,ДОЛГО ЖДАЛ В ОЧЕРЕДИ!!,negative_feedback,service_issue,escalation_flow,augmented,simple
1290,"Здравствуйте, требую компенсацию",negative_feedback,general,escalation_flow,augmented,complex
2028,У меня шатается зуб,anamnesis,complaint,anamnesis_flow,variation,simple
683,Сколько будет стоить всё лечение спасибо,faq,price,faq_flow,augmented,medium
5310,После осмотр у Волкова стало хуже 😊,negative_feedback,quality,escalation_flow,augmented,medium
6352,КТ это больно заранее спасибо...,faq,procedure,faq_flow,augmented,simple
24,Точно нужно 🙏,faq,followup,faq_flow,augmented,simple
3860,Интересует Air-Flow пожалуйста,anamnesis,services,anamnesis_flow,augmented,simple
1121,"Здравствуйте, здравствуйте",conversational,greeting,conversation_flow,augmented,complex
1531,Эй спасибо 🦷,conversational,greeting,conversation_flow,augmented,simple
1574,Разочарован,negative_feedback,general,escalation_flow,template,simple
7007,Ждал несколько дней заранее спасибо,negative_feedback,service_issue,escalation_flow,augmented,simple
1662,Почём коронку спасибо 🙏,faq,price,faq_flow,augmented,simple
2374,зуб болит ночью,anamnesis,symptom,anamnesis_flow,variation,simple
694,верхний зуб периодически болит 🙏,anamnesis,symptom,anamnesis_flow,augmented,simple
7408,Интересует элайнеры,anamnesis,services,anamnesis_flow,variation,simple
5794,"Здравствуйте, у меня треснул зуб",anamnesis,complaint,anamnesis_flow,augmented,complex
5737,"ноющая боль, что делать?",anamnesis,symptom,anamnesis_flow,variation,simple
4867,воспаление после удаления 😊,negative_feedback,quality,escalation_flow,augmented,simple
3478,Я авм перезвоню,conversational,unclear,clarification_flow,augmented,simple
1286,Спасибоб ольшое,conversational,gratitude,conversation_flow,augmented,simple
6953,"Не смогу притйи, форс-мажор",booking,cancel,booking_flow,augmented,complex
4528,"Здравствуйте, не совсем понял",faq,followup,faq_flow,augmented,complex
6935,добрый вечер 🙏,conversational,greeting,conversation_flow,augmented,simple
5438,нижняя десна очень болит,anamnesis,symptom,anamnesis_flow,variation,simple
7758,"Здравствуйте, здравствуйте, сколько длится профгигиену?",faq,procedure,faq_flow,augmented,complex
8445,Отменитез апись,booking,cancel,booking_flow,augmented,simple
4879,Я вам перезвоню 😊,conversational,unclear,clarification_flow,augmented,simple
6542,Не совсем пноял,faq,followup,faq_flow,augmented,simple
4315,протЕзирование это больно 👍,faq,procedure,faq_flow,augmented,simple
4005,Не решил ещё...,conversational,unclear,clarification_flow,augmented,simple
3266,"Здравствуйте, врач Петровой не объяснил 🙏",negative_feedback,staff,escalation_flow,augmented,complex
7376,ЗАПИШИТЕ КП АРОДОНТОЛОГУ,booking,new_appointment,booking_flow,augmented,simple
3126,Приложение глючит пожалуйста,negative_feedback,service_issue,escalation_flow,augmented,simple
3796,"Добрый день, здравствуйте, как связаться?",faq,clinic_info,faq_flow,augmented,complex
4017,"Здравствуйте, какая цена на протезирование спасибо",faq,price,faq_flow,augmented,complex
7225,"Добрый день, здорово 🙏",conversational,greeting,conversation_flow,augmented,complex
3138,Запись к челюстно-лицевому хирургу на сегодня!!,booking,new_appointment,booking_flow,augmented,medium
7024,Возможно заранее спасибо,conversational,unclear,clarification_flow,augmented,simple
6969,Может быть заранее спасибо,conversational,unclear,clarification_flow,augmented,simple
4839,"Здравствуйте, что посоветуете 🙏",faq,followup,faq_flow,augmented,complex
