id,text,route_domain,subtype,explicit_booking,urgency,is_offtopic,specialization_hint,feedback_flag,faq_category,style,source,seed_id
seed_001,Болит зуб,anamnesis,symptom,False,normal,False,,False,,,seed,seed_001
seed_002,Десна кровоточит,anamnesis,symptom,False,normal,False,,False,,,seed,seed_002
seed_003,Ноет под коронкой,anamnesis,symptom,False,normal,False,,False,,,seed,seed_003
seed_004,Чувствительность на холодное,anamnesis,symptom,False,normal,False,,False,,,seed,seed_004
seed_005,Опухла щека,anamnesis,symptom,False,normal,False,,False,,,seed,seed_005
seed_006,Резкая боль в нижнем правом зубе,anamnesis,symptom,False,normal,False,,False,,,seed,seed_006
seed_007,"Дёсны опустились, видны корни",anamnesis,symptom,False,normal,False,,False,,,seed,seed_007
seed_008,Щёлкает челюсть при открывании рта,anamnesis,symptom,False,normal,False,,False,,,seed,seed_008
seed_009,Больно жевать на левой стороне,anamnesis,symptom,False,normal,False,,False,,,seed,seed_009
seed_010,"Зуб мудрости лезет, десна опухла",anamnesis,symptom,False,normal,False,,False,,,seed,seed_010
seed_011,Неприятный запах изо рта,anamnesis,symptom,False,normal,False,,False,,,seed,seed_011
seed_012,"Температура 37.8, десна болит",anamnesis,symptom,False,urgent,False,,False,,,seed,seed_012
seed_013,Сильное кровотечение после удаления зуба,anamnesis,symptom,False,urgent,False,,False,,,seed,seed_013
seed_014,"Ребёнку плохо, зуб шатается после падения",anamnesis,symptom,False,urgent,False,,False,,,seed,seed_014
seed_015,Боль отдаёт в висок и ухо,anamnesis,symptom,False,normal,False,,False,,,seed,seed_015
seed_016,Горячая еда усиливает боль,anamnesis,symptom,False,normal,False,,False,,,seed,seed_016
seed_017,Пульсирующая боль по ночам,anamnesis,symptom,False,normal,False,,False,,,seed,seed_017
seed_018,Гной выходит из десны при надавливании,anamnesis,symptom,False,urgent,False,,False,,,seed,seed_018
seed_019,Рот полностью не открывается,anamnesis,symptom,False,normal,False,,False,,,seed,seed_019
seed_020,Утром челюсть скованная,anamnesis,symptom,False,normal,False,,False,,,seed,seed_020
seed_021,Ночью скрежет зубами,anamnesis,symptom,False,normal,False,,False,,,seed,seed_021
seed_022,Зубы стираются,anamnesis,symptom,False,normal,False,,False,,,seed,seed_022
seed_023,Лимфоузел под челюстью увеличился,anamnesis,symptom,False,urgent,False,,False,,,seed,seed_023
seed_024,"Припухлость на десне, как шарик",anamnesis,symptom,False,normal,False,,False,,,seed,seed_024
seed_025,Болит от сладкого,anamnesis,symptom,False,normal,False,,False,,,seed,seed_025
seed_026,Кровоточивость при чистке зубов,anamnesis,symptom,False,normal,False,,False,,,seed,seed_026
seed_027,Зуб потемнел,anamnesis,symptom,False,normal,False,,False,,,seed,seed_027
seed_028,Ребёнок жалуется на боль при еде,anamnesis,symptom,False,normal,False,,False,,,seed,seed_028
seed_029,Натирает щёку изнутри,anamnesis,symptom,False,normal,False,,False,,,seed,seed_029
seed_030,Дёсны отёкшие и красные,anamnesis,symptom,False,normal,False,,False,,,seed,seed_030
seed_031,Зуб стал розоватым после удара,anamnesis,symptom,False,normal,False,,False,,,seed,seed_031
seed_032,Чешутся дёсны,anamnesis,symptom,False,normal,False,,False,,,seed,seed_032
seed_033,Свищ на десне,anamnesis,symptom,False,normal,False,,False,,,seed,seed_033
seed_034,"Флюс, щека раздуло",anamnesis,symptom,False,urgent,False,,False,,,seed,seed_034
seed_035,Онемение губы после лечения,anamnesis,symptom,False,normal,False,,False,,,seed,seed_035
seed_036,Выпала пломба,anamnesis,complaint,False,normal,False,,False,,,seed,seed_036
seed_037,Откололся кусок зуба,anamnesis,complaint,False,normal,False,,False,,,seed,seed_037
seed_038,Коронка шатается,anamnesis,complaint,False,normal,False,,False,,,seed,seed_038
seed_039,Треснул зуб,anamnesis,complaint,False,normal,False,,False,,,seed,seed_039
seed_040,Брекет отклеился,anamnesis,complaint,False,normal,False,,False,,,seed,seed_040
seed_041,Сломался передний зуб,anamnesis,complaint,False,normal,False,,False,,,seed,seed_041
seed_042,Временная пломба вылетела,anamnesis,complaint,False,normal,False,,False,,,seed,seed_042
seed_043,Протез натирает десну,anamnesis,complaint,False,normal,False,,False,,,seed,seed_043
seed_044,Мост отпал,anamnesis,complaint,False,normal,False,,False,,,seed,seed_044
seed_045,Потерял два передних зуба,anamnesis,complaint,False,normal,False,,False,,,seed,seed_045
seed_046,Зуб крошится,anamnesis,complaint,False,normal,False,,False,,,seed,seed_046
seed_047,Выпал штифт из зуба,anamnesis,complaint,False,normal,False,,False,,,seed,seed_047
seed_048,Проволока от брекетов царапает щёку,anamnesis,complaint,False,normal,False,,False,,,seed,seed_048
seed_049,Винир отвалился,anamnesis,complaint,False,normal,False,,False,,,seed,seed_049
seed_050,Зуб разрушен до корня,anamnesis,complaint,False,normal,False,,False,,,seed,seed_050
seed_051,Стёрлись передние зубы,anamnesis,complaint,False,normal,False,,False,,,seed,seed_051
seed_052,"Пломба потемнела, некрасиво",anamnesis,complaint,False,normal,False,,False,,,seed,seed_052
seed_053,Промежутки между зубами увеличились,anamnesis,complaint,False,normal,False,,False,,,seed,seed_053
seed_054,Ретейнер сломался,anamnesis,complaint,False,normal,False,,False,,,seed,seed_054
seed_055,Имплант шатается,anamnesis,complaint,False,normal,False,,False,,,seed,seed_055
seed_056,После лечения каналов стало хуже,anamnesis,complaint,False,normal,False,,False,,,seed,seed_056
seed_057,Зуб сместился после удара,anamnesis,complaint,False,normal,False,,False,,,seed,seed_057
seed_058,Съёмный протез не держится,anamnesis,complaint,False,normal,False,,False,,,seed,seed_058
seed_059,Скол на переднем зубе,anamnesis,complaint,False,normal,False,,False,,,seed,seed_059
seed_060,"Камень на зубах, не чистили давно",anamnesis,complaint,False,normal,False,,False,,,seed,seed_060
seed_061,У ребёнка чёрные дырочки на зубах,anamnesis,complaint,False,normal,False,,False,,,seed,seed_061
seed_062,У ребёнка налёт на зубах,anamnesis,complaint,False,normal,False,,False,,,seed,seed_062
seed_063,"Нет нескольких зубов, жевать неудобно",anamnesis,complaint,False,normal,False,,False,,,seed,seed_063
seed_064,"Зубы серого цвета, стесняюсь улыбаться",anamnesis,complaint,False,normal,False,,False,,,seed,seed_064
seed_065,Щель между передними зубами,anamnesis,complaint,False,normal,False,,False,,,seed,seed_065
seed_066,Кривые зубы,anamnesis,complaint,False,normal,False,,False,,,seed,seed_066
seed_067,Неправильный прикус,anamnesis,complaint,False,normal,False,,False,,,seed,seed_067
seed_068,У ребёнка нет места для зубов,anamnesis,complaint,False,normal,False,,False,,,seed,seed_068
seed_069,У ребёнка не закрывается рот полностью,anamnesis,complaint,False,normal,False,,False,,,seed,seed_069
seed_070,Альвеолит после удаления,anamnesis,complaint,False,normal,False,,False,,,seed,seed_070
seed_071,Хочу отбеливание,anamnesis,treatment_interest,False,normal,False,,False,,,seed,seed_071
seed_072,Интересует имплантация,anamnesis,treatment_interest,False,normal,False,,False,,,seed,seed_072
seed_073,Нужны брекеты,anamnesis,treatment_interest,False,normal,False,,False,,,seed,seed_073
seed_074,Хочу виниры,anamnesis,treatment_interest,False,normal,False,,False,,,seed,seed_074
seed_075,Нужна профессиональная чистка,anamnesis,treatment_interest,False,normal,False,,False,,,seed,seed_075
seed_076,Хочу поставить импланты вместо протеза,anamnesis,treatment_interest,False,normal,False,,False,,,seed,seed_076
seed_077,Интересует исправление прикуса,anamnesis,treatment_interest,False,normal,False,,False,,,seed,seed_077
seed_078,Хочу элайнеры,anamnesis,treatment_interest,False,normal,False,,False,,,seed,seed_078
seed_079,Нужен мост на нижнюю челюсть,anamnesis,treatment_interest,False,normal,False,,False,,,seed,seed_079
seed_080,Хочу удалить зуб мудрости,anamnesis,treatment_interest,False,normal,False,,False,,,seed,seed_080
seed_081,Интересует пластика десны,anamnesis,treatment_interest,False,normal,False,,False,,,seed,seed_081
seed_082,Хочу лечение под седацией,anamnesis,treatment_interest,False,normal,False,,False,,,seed,seed_082
seed_083,Нужна реставрация переднего зуба,anamnesis,treatment_interest,False,normal,False,,False,,,seed,seed_083
seed_084,Интересует протезирование на имплантах,anamnesis,treatment_interest,False,normal,False,,False,,,seed,seed_084
seed_085,Хочу all-on-4,anamnesis,treatment_interest,False,normal,False,,False,,,seed,seed_085
seed_086,Нужна детская чистка,anamnesis,treatment_interest,False,normal,False,,False,,,seed,seed_086
seed_087,Хочу герметизацию фиссур ребёнку,anamnesis,treatment_interest,False,normal,False,,False,,,seed,seed_087
seed_088,Интересует фторирование,anamnesis,treatment_interest,False,normal,False,,False,,,seed,seed_088
seed_089,Хочу убрать зубной камень,anamnesis,treatment_interest,False,normal,False,,False,,,seed,seed_089
seed_090,Нужно вылечить кариес,anamnesis,treatment_interest,False,normal,False,,False,,,seed,seed_090
seed_091,Хочу лечение каналов,anamnesis,treatment_interest,False,normal,False,,False,,,seed,seed_091
seed_092,Интересует закись азота для ребёнка,anamnesis,treatment_interest,False,normal,False,,False,,,seed,seed_092
seed_093,Нужна коронка,anamnesis,treatment_interest,False,normal,False,,False,,,seed,seed_093
seed_094,Хочу циркониевые коронки,anamnesis,treatment_interest,False,normal,False,,False,,,seed,seed_094
seed_095,Интересует костная пластика,anamnesis,treatment_interest,False,normal,False,,False,,,seed,seed_095
seed_096,Хочу одномоментную имплантацию,anamnesis,treatment_interest,False,normal,False,,False,,,seed,seed_096
seed_097,Нужна пластика уздечки губы,anamnesis,treatment_interest,False,normal,False,,False,,,seed,seed_097
seed_098,Интересуюсь лазерным лечением,anamnesis,treatment_interest,False,normal,False,,False,,,seed,seed_098
seed_099,Хочу художественную реставрацию,anamnesis,treatment_interest,False,normal,False,,False,,,seed,seed_099
seed_100,Нужно поставить вкладку,anamnesis,treatment_interest,False,normal,False,,False,,,seed,seed_100
seed_101,Интересует синус-лифтинг,anamnesis,treatment_interest,False,normal,False,,False,,,seed,seed_101
seed_102,Хочу ночную каппу от бруксизма,anamnesis,treatment_interest,False,normal,False,,False,,,seed,seed_102
seed_103,Нужна спортивная каппа,anamnesis,treatment_interest,False,normal,False,,False,,,seed,seed_103
seed_104,Хочу сделать КТ зубов,anamnesis,treatment_interest,False,normal,False,,False,,,seed,seed_104
seed_105,Нужен профосмотр,anamnesis,treatment_interest,False,normal,False,,False,,,seed,seed_105
seed_106,Сколько стоит имплант?,faq,price,False,normal,False,,False,,,seed,seed_106
seed_107,Какие цены на чистку?,faq,price,False,normal,False,,False,,,seed,seed_107
seed_108,Стоимость брекетов,faq,price,False,normal,False,,False,,,seed,seed_108
seed_109,Прайс на виниры,faq,price,False,normal,False,,False,,,seed,seed_109
seed_110,Есть рассрочка на имплантацию?,faq,price,False,normal,False,,False,,,seed,seed_110
seed_111,Сколько стоит удаление зуба мудрости?,faq,price,False,normal,False,,False,,,seed,seed_111
seed_112,Цена отбеливания?,faq,price,False,normal,False,,False,,,seed,seed_112
seed_113,Почём коронка из циркония?,faq,price,False,normal,False,,False,,,seed,seed_113
seed_114,Сколько стоит лечение кариеса?,faq,price,False,normal,False,,False,,,seed,seed_114
seed_115,Есть беспроцентная рассрочка?,faq,price,False,normal,False,,False,,,seed,seed_115
seed_116,Стоимость консультации,faq,price,False,normal,False,,False,,,seed,seed_116
seed_117,Сколько стоит КТ?,faq,price,False,normal,False,,False,,,seed,seed_117
seed_118,Цена элайнеров?,faq,price,False,normal,False,,False,,,seed,seed_118
seed_119,Что дешевле — мост или имплант?,faq,price,False,normal,False,,False,,,seed,seed_119
seed_120,Сколько будет стоить всё лечение?,faq,price,False,normal,False,,False,,,seed,seed_120
seed_121,Стоимость пломбы,faq,price,False,normal,False,,False,,,seed,seed_121
seed_122,Цена протезирования,faq,price,False,normal,False,,False,,,seed,seed_122
seed_123,Сколько стоит лечение каналов?,faq,price,False,normal,False,,False,,,seed,seed_123
seed_124,Цена детской чистки?,faq,price,False,normal,False,,False,,,seed,seed_124
seed_125,Анестезия входит в стоимость?,faq,price,False,normal,False,,False,,,seed,seed_125
seed_126,Стоимость пластики десны,faq,price,False,normal,False,,False,,,seed,seed_126
seed_127,Прайс-лист есть?,faq,price,False,normal,False,,False,,,seed,seed_127
seed_128,На сколько месяцев рассрочка?,faq,price,False,normal,False,,False,,,seed,seed_128
seed_129,Цена снятия брекетов?,faq,price,False,normal,False,,False,,,seed,seed_129
seed_130,Стоимость all-on-4,faq,price,False,normal,False,,False,,,seed,seed_130
seed_131,Сколько стоит снимок зуба?,faq,price,False,normal,False,,False,,,seed,seed_131
seed_132,Цена герметизации фиссур?,faq,price,False,normal,False,,False,,,seed,seed_132
seed_133,Стоимость удаления нерва,faq,price,False,normal,False,,False,,,seed,seed_133
seed_134,Принимаете по ДМС?,faq,price,False,normal,False,,False,,,seed,seed_134
seed_135,Можно оплатить картой?,faq,price,False,normal,False,,False,,,seed,seed_135
seed_136,Где вы находитесь?,faq,clinic_info,False,normal,False,,False,,,seed,seed_136
seed_137,Работаете в субботу?,faq,clinic_info,False,normal,False,,False,,,seed,seed_137
seed_138,Есть парковка?,faq,clinic_info,False,normal,False,,False,,,seed,seed_138
seed_139,Какой у вас адрес?,faq,clinic_info,False,normal,False,,False,,,seed,seed_139
seed_140,До скольки работаете?,faq,clinic_info,False,normal,False,,False,,,seed,seed_140
seed_141,Принимаете детей?,faq,clinic_info,False,normal,False,,False,,,seed,seed_141
seed_142,С какого возраста берёте детей?,faq,clinic_info,False,normal,False,,False,,,seed,seed_142
seed_143,Какой телефон клиники?,faq,clinic_info,False,normal,False,,False,,,seed,seed_143
seed_144,Работаете в воскресенье?,faq,clinic_info,False,normal,False,,False,,,seed,seed_144
seed_145,Есть ли у вас лицензия?,faq,clinic_info,False,normal,False,,False,,,seed,seed_145
seed_146,Есть седация?,faq,clinic_info,False,normal,False,,False,,,seed,seed_146
seed_147,Лечите под закисью азота?,faq,clinic_info,False,normal,False,,False,,,seed,seed_147
seed_148,Как к вам добраться?,faq,clinic_info,False,normal,False,,False,,,seed,seed_148
seed_149,Какие формы оплаты?,faq,clinic_info,False,normal,False,,False,,,seed,seed_149
seed_150,Даёте гарантию на лечение?,faq,clinic_info,False,normal,False,,False,,,seed,seed_150
seed_151,Какие документы нужны на приём?,faq,clinic_info,False,normal,False,,False,,,seed,seed_151
seed_152,Есть электронная запись?,faq,clinic_info,False,normal,False,,False,,,seed,seed_152
seed_153,Делаете КТ у вас?,faq,clinic_info,False,normal,False,,False,,,seed,seed_153
seed_154,Есть рентген в клинике?,faq,clinic_info,False,normal,False,,False,,,seed,seed_154
seed_155,Во сколько открываетесь?,faq,clinic_info,False,normal,False,,False,,,seed,seed_155
seed_156,Как называется ваша клиника?,faq,clinic_info,False,normal,False,,False,,,seed,seed_156
seed_157,Вы на Рябикова?,faq,clinic_info,False,normal,False,,False,,,seed,seed_157
seed_158,Есть налоговый вычет за лечение?,faq,clinic_info,False,normal,False,,False,,,seed,seed_158
seed_159,Даёте справку для налоговой?,faq,clinic_info,False,normal,False,,False,,,seed,seed_159
seed_160,Есть программа лояльности?,faq,clinic_info,False,normal,False,,False,,,seed,seed_160
seed_161,Акции есть?,faq,clinic_info,False,normal,False,,False,,,seed,seed_161
seed_162,Нужно ли направление?,faq,clinic_info,False,normal,False,,False,,,seed,seed_162
seed_163,Куда жаловаться?,faq,clinic_info,False,normal,False,,False,,,seed,seed_163
seed_164,Есть вай-фай в клинике?,faq,clinic_info,False,normal,False,,False,,,seed,seed_164
seed_165,Сколько детских стоматологов?,faq,doctor_info,False,normal,False,,False,,,seed,seed_165
seed_166,Работает ли у вас Батылин?,faq,doctor_info,False,normal,False,,False,,,seed,seed_166
seed_167,Кто ваш лучший ортодонт?,faq,doctor_info,False,normal,False,,False,,,seed,seed_167
seed_168,Какой стаж у хирурга?,faq,doctor_info,False,normal,False,,False,,,seed,seed_168
seed_169,Есть детский стоматолог?,faq,doctor_info,False,normal,False,,False,,,seed,seed_169
seed_170,Кто делает имплантацию?,faq,doctor_info,False,normal,False,,False,,,seed,seed_170
seed_171,У вас есть ортодонт Ермаков?,faq,doctor_info,False,normal,False,,False,,,seed,seed_171
seed_172,Демин ещё работает у вас?,faq,doctor_info,False,normal,False,,False,,,seed,seed_172
seed_173,Кто лечит детей?,faq,doctor_info,False,normal,False,,False,,,seed,seed_173
seed_174,Есть ли пародонтолог?,faq,doctor_info,False,normal,False,,False,,,seed,seed_174
seed_175,Кто самый опытный врач?,faq,doctor_info,False,normal,False,,False,,,seed,seed_175
seed_176,Конновская принимает?,faq,doctor_info,False,normal,False,,False,,,seed,seed_176
seed_177,Какая специализация у Демина?,faq,doctor_info,False,normal,False,,False,,,seed,seed_177
seed_178,Кто ставит брекеты?,faq,doctor_info,False,normal,False,,False,,,seed,seed_178
seed_179,Есть ортопед?,faq,doctor_info,False,normal,False,,False,,,seed,seed_179
seed_180,Кто делает протезирование?,faq,doctor_info,False,normal,False,,False,,,seed,seed_180
seed_181,Есть врач-гнатолог?,faq,doctor_info,False,normal,False,,False,,,seed,seed_181
seed_182,Кто удаляет зубы мудрости?,faq,doctor_info,False,normal,False,,False,,,seed,seed_182
seed_183,Расскажите про ваших врачей,faq,doctor_info,False,normal,False,,False,,,seed,seed_183
seed_184,Стаж работы Ермакова?,faq,doctor_info,False,normal,False,,False,,,seed,seed_184
seed_185,Есть анестезиолог?,faq,doctor_info,False,normal,False,,False,,,seed,seed_185
seed_186,Кто лечит десны?,faq,doctor_info,False,normal,False,,False,,,seed,seed_186
seed_187,Какие врачи работают по выходным?,faq,doctor_info,False,normal,False,,False,,,seed,seed_187
seed_188,У кого больше всего отзывов?,faq,doctor_info,False,normal,False,,False,,,seed,seed_188
seed_189,Есть терапевт-стоматолог?,faq,doctor_info,False,normal,False,,False,,,seed,seed_189
seed_190,Кто занимается эстетикой?,faq,doctor_info,False,normal,False,,False,,,seed,seed_190
seed_191,Сколько врачей в клинике?,faq,doctor_info,False,normal,False,,False,,,seed,seed_191
seed_192,Хочу к женщине-стоматологу,faq,doctor_info,False,normal,False,,False,,,seed,seed_192
seed_193,Кто принимает беременных?,faq,doctor_info,False,normal,False,,False,,,seed,seed_193
seed_194,Есть хирург для имплантации?,faq,doctor_info,False,normal,False,,False,,,seed,seed_194
seed_195,Кто делает снимки?,faq,doctor_info,False,normal,False,,False,,,seed,seed_195
seed_196,Имплантация это больно?,faq,procedure_info,False,normal,False,,False,,,seed,seed_196
seed_197,Сколько длится чистка?,faq,procedure_info,False,normal,False,,False,,,seed,seed_197
seed_198,Какие противопоказания у отбеливания?,faq,procedure_info,False,normal,False,,False,,,seed,seed_198
seed_199,Как проходит удаление зуба мудрости?,faq,procedure_info,False,normal,False,,False,,,seed,seed_199
seed_200,Через сколько можно есть после пломбы?,faq,procedure_info,False,normal,False,,False,,,seed,seed_200
seed_201,Сколько заживает после имплантации?,faq,procedure_info,False,normal,False,,False,,,seed,seed_201
seed_202,Как долго носить брекеты?,faq,procedure_info,False,normal,False,,False,,,seed,seed_202
seed_203,Анестезия общая или местная?,faq,procedure_info,False,normal,False,,False,,,seed,seed_203
seed_204,Какие есть виды имплантов?,faq,procedure_info,False,normal,False,,False,,,seed,seed_204
seed_205,Сколько визитов нужно?,faq,procedure_info,False,normal,False,,False,,,seed,seed_205
seed_206,Нужна ли подготовка к КТ?,faq,procedure_info,False,normal,False,,False,,,seed,seed_206
seed_207,Что нельзя после удаления?,faq,procedure_info,False,normal,False,,False,,,seed,seed_207
seed_208,Как ухаживать за брекетами?,faq,procedure_info,False,normal,False,,False,,,seed,seed_208
seed_209,Можно ли беременным лечить зубы?,faq,procedure_info,False,normal,False,,False,,,seed,seed_209
seed_210,Когда снимают швы после удаления?,faq,procedure_info,False,normal,False,,False,,,seed,seed_210
seed_211,Отбеливание вредит эмали?,faq,procedure_info,False,normal,False,,False,,,seed,seed_211
seed_212,Какой срок службы импланта?,faq,procedure_info,False,normal,False,,False,,,seed,seed_212
seed_213,Можно ли вылечить пульпит за один визит?,faq,procedure_info,False,normal,False,,False,,,seed,seed_213
seed_214,Как работает закись азота?,faq,procedure_info,False,normal,False,,False,,,seed,seed_214
seed_215,Сколько по времени ставить коронку?,faq,procedure_info,False,normal,False,,False,,,seed,seed_215
seed_216,Есть ли риски при имплантации?,faq,procedure_info,False,normal,False,,False,,,seed,seed_216
seed_217,Что лучше — мост или имплант?,faq,procedure_info,False,normal,False,,False,,,seed,seed_217
seed_218,Можно ли курить после удаления?,faq,procedure_info,False,normal,False,,False,,,seed,seed_218
seed_219,Как часто нужна профчистка?,faq,procedure_info,False,normal,False,,False,,,seed,seed_219
seed_220,Какие материалы для пломб?,faq,procedure_info,False,normal,False,,False,,,seed,seed_220
seed_221,Чем отличаются керамические и металлические брекеты?,faq,procedure_info,False,normal,False,,False,,,seed,seed_221
seed_222,Нужен ли ретейнер после брекетов?,faq,procedure_info,False,normal,False,,False,,,seed,seed_222
seed_223,Как долго действует анестезия?,faq,procedure_info,False,normal,False,,False,,,seed,seed_223
seed_224,Можно ли детям делать рентген?,faq,procedure_info,False,normal,False,,False,,,seed,seed_224
seed_225,Нужна ли диета после отбеливания?,faq,procedure_info,False,normal,False,,False,,,seed,seed_225
seed_226,Хочу записаться,booking,new_appointment,True,normal,False,,False,,,seed,seed_226
seed_227,Когда можно попасть на приём?,booking,new_appointment,True,normal,False,,False,,,seed,seed_227
seed_228,Запишите на следующую неделю,booking,new_appointment,True,normal,False,,False,,,seed,seed_228
seed_229,Есть свободное время на завтра?,booking,new_appointment,True,normal,False,,False,,,seed,seed_229
seed_230,Хочу на консультацию,booking,new_appointment,True,normal,False,,False,,,seed,seed_230
seed_231,Записаться на чистку,booking,new_appointment,True,normal,False,,False,,,seed,seed_231
seed_232,Запишите к стоматологу,booking,new_appointment,True,normal,False,,False,,,seed,seed_232
seed_233,Есть окошко на этой неделе?,booking,new_appointment,True,normal,False,,False,,,seed,seed_233
seed_234,Хочу записать ребёнка,booking,new_appointment,True,normal,False,,False,,,seed,seed_234
seed_235,Запишите на осмотр,booking,new_appointment,True,normal,False,,False,,,seed,seed_235
seed_236,Можно записаться на сегодня?,booking,new_appointment,True,normal,False,,False,,,seed,seed_236
seed_237,Запишите к хирургу,booking,new_appointment,True,normal,False,хирург,False,,,seed,seed_237
seed_238,Хочу попасть к ортодонту,booking,new_appointment,True,normal,False,ортодонт,False,,,seed,seed_238
seed_239,Нужна запись к детскому стоматологу,booking,new_appointment,True,normal,False,детский стоматолог,False,,,seed,seed_239
seed_240,Запишите на удаление,booking,new_appointment,True,normal,False,,False,,,seed,seed_240
seed_241,Хочу на приём в понедельник,booking,new_appointment,True,normal,False,,False,,,seed,seed_241
seed_242,Можно ли записаться онлайн?,faq,clinic_info,False,normal,False,,False,,,seed,seed_242
seed_243,Запишите двоих — меня и мужа,booking,new_appointment,True,normal,False,,False,,,seed,seed_243
seed_244,Есть утренние часы?,booking,new_appointment,True,normal,False,,False,,,seed,seed_244
seed_245,Запишите на вечер после 18,booking,new_appointment,True,normal,False,,False,,,seed,seed_245
seed_246,Хочу на имплантацию,booking,new_appointment,True,normal,False,,False,,,seed,seed_246
seed_247,Нужна срочная запись,booking,new_appointment,True,urgent,False,,False,,,seed,seed_247
seed_248,Экстренный приём есть?,booking,new_appointment,True,urgent,False,,False,,,seed,seed_248
seed_249,Записываете первичных?,faq,clinic_info,False,normal,False,,False,,,seed,seed_249
seed_250,Запишите к Ермакову,booking,new_appointment,True,normal,False,ортодонт,False,,,seed,seed_250
seed_251,Хочу записаться к Конновской,booking,new_appointment,True,normal,False,детский стоматолог,False,,,seed,seed_251
seed_252,Запишите на ближайшее время,booking,new_appointment,True,normal,False,,False,,,seed,seed_252
seed_253,Можно ко вторнику попасть?,booking,new_appointment,True,normal,False,,False,,,seed,seed_253
seed_254,Записаться на отбеливание,booking,new_appointment,True,normal,False,,False,,,seed,seed_254
seed_255,Хочу на повторный приём,booking,new_appointment,True,normal,False,,False,,,seed,seed_255
seed_256,Перенесите на четверг,booking,reschedule,True,normal,False,,False,,,seed,seed_256
seed_257,Можно в другое время?,booking,reschedule,True,normal,False,,False,,,seed,seed_257
seed_258,Хочу перенести запись,booking,reschedule,True,normal,False,,False,,,seed,seed_258
seed_259,"Не могу в понедельник, давайте во вторник",booking,reschedule,True,normal,False,,False,,,seed,seed_259
seed_260,Перезапишите на утро,booking,reschedule,True,normal,False,,False,,,seed,seed_260
seed_261,Перенесите на следующую неделю,booking,reschedule,True,normal,False,,False,,,seed,seed_261
seed_262,Можно перенести на пятницу?,booking,reschedule,True,normal,False,,False,,,seed,seed_262
seed_263,"Давайте попозже, часа в 4",booking,reschedule,True,normal,False,,False,,,seed,seed_263
seed_264,"Не успеваю к 10, можно к 12?",booking,reschedule,True,normal,False,,False,,,seed,seed_264
seed_265,Перенести приём ребёнка,booking,reschedule,True,normal,False,,False,,,seed,seed_265
seed_266,Хочу на другой день,booking,reschedule,True,normal,False,,False,,,seed,seed_266
seed_267,Можно пораньше?,booking,reschedule,True,normal,False,,False,,,seed,seed_267
seed_268,Перенести на послезавтра,booking,reschedule,True,normal,False,,False,,,seed,seed_268
seed_269,"Запись была на среду, хочу на четверг",booking,reschedule,True,normal,False,,False,,,seed,seed_269
seed_270,Не получается прийти завтра,booking,reschedule,True,normal,False,,False,,,seed,seed_270
seed_271,Перезапишите на вечер,booking,reschedule,True,normal,False,,False,,,seed,seed_271
seed_272,Давайте перенесём на другого врача,booking,reschedule,True,normal,False,,False,,,seed,seed_272
seed_273,Сдвиньте на час позже,booking,reschedule,True,normal,False,,False,,,seed,seed_273
seed_274,Меня не устраивает время,booking,reschedule,True,normal,False,,False,,,seed,seed_274
seed_275,Перенести запись мужа,booking,reschedule,True,normal,False,,False,,,seed,seed_275
seed_276,Хочу перенести с утра на вечер,booking,reschedule,True,normal,False,,False,,,seed,seed_276
seed_277,Могу только в субботу,booking,reschedule,True,normal,False,,False,,,seed,seed_277
seed_278,Перенести на неделю позже,booking,reschedule,True,normal,False,,False,,,seed,seed_278
seed_279,Передвиньте на час раньше,booking,reschedule,True,normal,False,,False,,,seed,seed_279
seed_280,Хочу другое время приёма,booking,reschedule,True,normal,False,,False,,,seed,seed_280
seed_281,Давайте лучше в пятницу,booking,reschedule,True,normal,False,,False,,,seed,seed_281
seed_282,"Можно на обед, около часу?",booking,reschedule,True,normal,False,,False,,,seed,seed_282
seed_283,"Перенести, заболел ребёнок",booking,reschedule,True,normal,False,,False,,,seed,seed_283
seed_284,"Командировка, нужно на другую дату",booking,reschedule,True,normal,False,,False,,,seed,seed_284
seed_285,Поменяйте мне время,booking,reschedule,True,normal,False,,False,,,seed,seed_285
seed_286,Отмените запись,booking,cancel,False,normal,False,,False,,,seed,seed_286
seed_287,Не приду завтра,booking,cancel,False,normal,False,,False,,,seed,seed_287
seed_288,Хочу отменить приём,booking,cancel,False,normal,False,,False,,,seed,seed_288
seed_289,Отказываюсь от записи,booking,cancel,False,normal,False,,False,,,seed,seed_289
seed_290,Снимите меня с записи,booking,cancel,False,normal,False,,False,,,seed,seed_290
seed_291,Отмена,booking,cancel,False,normal,False,,False,,,seed,seed_291
seed_292,Не буду приходить,booking,cancel,False,normal,False,,False,,,seed,seed_292
seed_293,Отменяю запись на среду,booking,cancel,False,normal,False,,False,,,seed,seed_293
seed_294,Передумал идти,booking,cancel,False,normal,False,,False,,,seed,seed_294
seed_295,Уберите мою запись,booking,cancel,False,normal,False,,False,,,seed,seed_295
seed_296,Не смогу прийти на приём,booking,cancel,False,normal,False,,False,,,seed,seed_296
seed_297,Отменить запись ребёнка,booking,cancel,False,normal,False,,False,,,seed,seed_297
seed_298,Хочу отказаться от лечения,booking,cancel,False,normal,False,,False,,,seed,seed_298
seed_299,"Не нужно, отмените",booking,cancel,False,normal,False,,False,,,seed,seed_299
seed_300,Отменяю всё,booking,cancel,False,normal,False,,False,,,seed,seed_300
seed_301,Убрать из расписания,booking,cancel,False,normal,False,,False,,,seed,seed_301
seed_302,"Болею, не приду",booking,cancel,False,normal,False,,False,,,seed,seed_302
seed_303,Отмените завтрашний приём,booking,cancel,False,normal,False,,False,,,seed,seed_303
seed_304,Решил не ходить,booking,cancel,False,normal,False,,False,,,seed,seed_304
seed_305,Больше не хочу к вам,booking,cancel,False,normal,False,,False,,,seed,seed_305
seed_306,Удалите мою запись,booking,cancel,False,normal,False,,False,,,seed,seed_306
seed_307,"Не приду, извините",booking,cancel,False,normal,False,,False,,,seed,seed_307
seed_308,"Уезжаю, отмените",booking,cancel,False,normal,False,,False,,,seed,seed_308
seed_309,Отказ от записи,booking,cancel,False,normal,False,,False,,,seed,seed_309
seed_310,Пойду в другую клинику,booking,cancel,False,normal,False,,False,,,seed,seed_310
seed_311,Отменить и записать заново,booking,cancel,False,normal,False,,False,,,seed,seed_311
seed_312,"Не получается, отмените пожалуйста",booking,cancel,False,normal,False,,False,,,seed,seed_312
seed_313,"Не успеваю, снимайте",booking,cancel,False,normal,False,,False,,,seed,seed_313
seed_314,Хочу отменить обе записи,booking,cancel,False,normal,False,,False,,,seed,seed_314
seed_315,"Не надо, отменяйте",booking,cancel,False,normal,False,,False,,,seed,seed_315
seed_316,Какая погода?,unsupported,offtopic,False,normal,True,,False,,,seed,seed_316
seed_317,Расскажи анекдот,unsupported,offtopic,False,normal,True,,False,,,seed,seed_317
seed_318,Кто президент?,unsupported,offtopic,False,normal,True,,False,,,seed,seed_318
seed_319,Закажи мне пиццу,unsupported,offtopic,False,normal,True,,False,,,seed,seed_319
seed_320,Переведи на английский,unsupported,offtopic,False,normal,True,,False,,,seed,seed_320
seed_321,Как дела?,unsupported,offtopic,False,normal,True,,False,,,seed,seed_321
seed_322,Напиши мне стихотворение,unsupported,offtopic,False,normal,True,,False,,,seed,seed_322
seed_323,Когда конец света?,unsupported,offtopic,False,normal,True,,False,,,seed,seed_323
seed_324,Ты живой?,unsupported,offtopic,False,normal,True,,False,,,seed,seed_324
seed_325,Посоветуй фильм,unsupported,offtopic,False,normal,True,,False,,,seed,seed_325
seed_326,Ты робот?,unsupported,offtopic,False,normal,True,,False,,,seed,seed_326
seed_327,Расскажи про себя,unsupported,offtopic,False,normal,True,,False,,,seed,seed_327
seed_328,Сколько будет 2+2?,unsupported,offtopic,False,normal,True,,False,,,seed,seed_328
seed_329,Какой курс доллара?,unsupported,offtopic,False,normal,True,,False,,,seed,seed_329
seed_330,Где можно поесть рядом?,unsupported,offtopic,False,normal,True,,False,,,seed,seed_330
seed_331,Есть ли тут аптека поблизости?,unsupported,offtopic,False,normal,True,,False,,,seed,seed_331
seed_332,Сколько лет ты работаешь?,unsupported,offtopic,False,normal,True,,False,,,seed,seed_332
seed_333,Нарисуй зуб,unsupported,offtopic,False,normal,True,,False,,,seed,seed_333
seed_334,Поиграем?,unsupported,offtopic,False,normal,True,,False,,,seed,seed_334
seed_335,Что ты умеешь?,unsupported,offtopic,False,normal,True,,False,,,seed,seed_335
seed_336,Привет,unsupported,greeting_only,False,normal,False,,False,,,seed,seed_336
seed_337,Добрый день,unsupported,greeting_only,False,normal,False,,False,,,seed,seed_337
seed_338,Здравствуйте,unsupported,greeting_only,False,normal,False,,False,,,seed,seed_338
seed_339,Доброе утро,unsupported,greeting_only,False,normal,False,,False,,,seed,seed_339
seed_340,Алло,unsupported,greeting_only,False,normal,False,,False,,,seed,seed_340
seed_341,Привет!,unsupported,greeting_only,False,normal,False,,False,,,seed,seed_341
seed_342,Добрый вечер,unsupported,greeting_only,False,normal,False,,False,,,seed,seed_342
seed_343,Здрасьте,unsupported,greeting_only,False,normal,False,,False,,,seed,seed_343
seed_344,Приветик,unsupported,greeting_only,False,normal,False,,False,,,seed,seed_344
seed_345,Хай,unsupported,greeting_only,False,normal,False,,False,,,seed,seed_345
seed_346,Здравствуйте!,unsupported,greeting_only,False,normal,False,,False,,,seed,seed_346
seed_347,Добрый день!,unsupported,greeting_only,False,normal,False,,False,,,seed,seed_347
seed_348,"Привет, есть кто?",unsupported,greeting_only,False,normal,False,,False,,,seed,seed_348
seed_349,"Здравствуйте, это стоматология?",faq,clinic_info,False,normal,False,,False,,,seed,seed_349
seed_350,Вы работаете?,unsupported,greeting_only,False,normal,False,,False,,,seed,seed_350
seed_351,Можно?,unsupported,greeting_only,False,normal,False,,False,,,seed,seed_351
seed_352,Здрасте,unsupported,greeting_only,False,normal,False,,False,,,seed,seed_352
seed_353,Ку,unsupported,greeting_only,False,normal,False,,False,,,seed,seed_353
seed_354,Салют,unsupported,greeting_only,False,normal,False,,False,,,seed,seed_354
seed_355,Кто-нибудь на связи?,unsupported,greeting_only,False,normal,False,,False,,,seed,seed_355
seed_356,Пока,unsupported,farewell_only,False,normal,False,,False,,,seed,seed_356
seed_357,До свидания,unsupported,farewell_only,False,normal,False,,False,,,seed,seed_357
seed_358,Всего доброго,unsupported,farewell_only,False,normal,False,,False,,,seed,seed_358
seed_359,"Спасибо, до встречи",unsupported,farewell_only,False,normal,False,,False,,,seed,seed_359
seed_360,Удачи,unsupported,farewell_only,False,normal,False,,False,,,seed,seed_360
seed_361,До скорого,unsupported,farewell_only,False,normal,False,,False,,,seed,seed_361
seed_362,"Спасибо, пока",unsupported,farewell_only,False,normal,False,,False,,,seed,seed_362
seed_363,"Ладно, пока",unsupported,farewell_only,False,normal,False,,False,,,seed,seed_363
seed_364,"Всё, пока",unsupported,farewell_only,False,normal,False,,False,,,seed,seed_364
seed_365,Хорошего дня,unsupported,farewell_only,False,normal,False,,False,,,seed,seed_365
seed_366,"Благодарю, до свидания",unsupported,farewell_only,False,normal,False,,False,,,seed,seed_366
seed_367,Спасибо за помощь,unsupported,farewell_only,False,normal,False,,False,,,seed,seed_367
seed_368,Спс,unsupported,farewell_only,False,normal,False,,False,,,seed,seed_368
seed_369,"Ок, спасибо",unsupported,farewell_only,False,normal,False,,False,,,seed,seed_369
seed_370,"Понял, спасибо",unsupported,farewell_only,False,normal,False,,False,,,seed,seed_370
seed_371,"Буду знать, спасибо",unsupported,farewell_only,False,normal,False,,False,,,seed,seed_371
seed_372,"Ясно, благодарю",unsupported,farewell_only,False,normal,False,,False,,,seed,seed_372
seed_373,"Всё понятно, пока",unsupported,farewell_only,False,normal,False,,False,,,seed,seed_373
seed_374,"Отлично, спасибо",unsupported,farewell_only,False,normal,False,,False,,,seed,seed_374
seed_375,"Ну всё, удачи",unsupported,farewell_only,False,normal,False,,False,,,seed,seed_375
seed_376,Ааа,unsupported,unclear_short,False,normal,False,,False,,,seed,seed_376
seed_377,Ну,unsupported,unclear_short,False,normal,False,,False,,,seed,seed_377
seed_378,Ок,unsupported,unclear_short,False,normal,False,,False,,,seed,seed_378
seed_379,...,unsupported,unclear_short,False,normal,False,,False,,,seed,seed_379
seed_380,Хм,unsupported,unclear_short,False,normal,False,,False,,,seed,seed_380
seed_381,Да,unsupported,unclear_short,False,normal,False,,False,,,seed,seed_381
seed_382,Нет,unsupported,unclear_short,False,normal,False,,False,,,seed,seed_382
seed_383,Ага,unsupported,unclear_short,False,normal,False,,False,,,seed,seed_383
seed_384,Угу,unsupported,unclear_short,False,normal,False,,False,,,seed,seed_384
seed_385,Ладно,unsupported,unclear_short,False,normal,False,,False,,,seed,seed_385
seed_386,Не знаю,unsupported,unclear_short,False,normal,False,,False,,,seed,seed_386
seed_387,Подумаю,unsupported,unclear_short,False,normal,False,,False,,,seed,seed_387
seed_388,Ну такое,unsupported,unclear_short,False,normal,False,,False,,,seed,seed_388
seed_389,Эмм,unsupported,unclear_short,False,normal,False,,False,,,seed,seed_389
seed_390,Ой,unsupported,unclear_short,False,normal,False,,False,,,seed,seed_390
seed_391,Что?,unsupported,unclear_short,False,normal,False,,False,,,seed,seed_391
seed_392,А?,unsupported,unclear_short,False,normal,False,,False,,,seed,seed_392
seed_393,Ну да,unsupported,unclear_short,False,normal,False,,False,,,seed,seed_393
seed_394,Блин,unsupported,unclear_short,False,normal,False,,False,,,seed,seed_394
seed_395,Понятно,unsupported,unclear_short,False,normal,False,,False,,,seed,seed_395
seed_396,Ужасная клиника,unsupported,feedback,False,normal,False,,True,,,seed,seed_396
seed_397,"Спасибо, всё отлично",unsupported,feedback,False,normal,False,,True,,,seed,seed_397
seed_398,Хочу пожаловаться на врача,unsupported,feedback,False,normal,False,,True,,,seed,seed_398
seed_399,Долго ждал в очереди,unsupported,feedback,False,normal,False,,True,,,seed,seed_399
seed_400,Рекомендую вашу клинику,unsupported,feedback,False,normal,False,,True,,,seed,seed_400
seed_401,Ужасный сервис,unsupported,feedback,False,normal,False,,True,,,seed,seed_401
seed_402,Очень довольна лечением,unsupported,feedback,False,normal,False,,True,,,seed,seed_402
seed_403,Врач был груб,unsupported,feedback,False,normal,False,,True,,,seed,seed_403
seed_404,Лучшая клиника в городе,unsupported,feedback,False,normal,False,,True,,,seed,seed_404
seed_405,Не перезвонили как обещали,unsupported,feedback,False,normal,False,,True,,,seed,seed_405
seed_406,Хочу оставить отзыв,unsupported,feedback,False,normal,False,,True,,,seed,seed_406
seed_407,Вы меня разочаровали,unsupported,feedback,False,normal,False,,True,,,seed,seed_407
seed_408,Администратор хамит,unsupported,feedback,False,normal,False,,True,,,seed,seed_408
seed_409,"Спасибо доктору, зуб больше не болит",unsupported,feedback,False,normal,False,,True,,,seed,seed_409
seed_410,Хочу написать жалобу,unsupported,feedback,False,normal,False,,True,,,seed,seed_410
seed_411,Потеряли мою карту,unsupported,feedback,False,normal,False,,True,,,seed,seed_411
seed_412,Прекрасные специалисты,unsupported,feedback,False,normal,False,,True,,,seed,seed_412
seed_413,После вашего лечения стало хуже,anamnesis,complaint,False,normal,False,,True,,,seed,seed_413
seed_414,Очень уютная клиника,unsupported,feedback,False,normal,False,,True,,,seed,seed_414
seed_415,Напишу на вас в Росздравнадзор,unsupported,feedback,False,normal,False,,True,,,seed,seed_415
var_seed_082_53f515,под газом лечите зубы,anamnesis,treatment_interest,False,normal,False,,False,,hurried,grok_variation,seed_082
var_seed_082_bf66dc,во сне чинить хочу,anamnesis,treatment_interest,False,normal,False,,False,,hurried,grok_variation,seed_082
var_seed_082_6d2050,газ для лечения зубов,anamnesis,treatment_interest,False,normal,False,,False,,hurried,grok_variation,seed_082
var_seed_082_b0170d,дочке 4 года зубы плохие боится бормашины очень можно под газом пролечить чтоб не плакала,anamnesis,treatment_interest,False,normal,False,,False,,contextual,grok_variation,seed_082
var_seed_082_5c1d58,у меня фобия зубных врачей начиталась про седацию газом чот поможет ли уснуть и не чувствовать боли,anamnesis,treatment_interest,False,normal,False,,False,,contextual,grok_variation,seed_082
var_seed_082_12f7c1,на работе стресс большой зуб ноет а лечить страшно под чем нибудь расслабляющим типа газа сделаете,anamnesis,treatment_interest,False,normal,False,,False,,contextual,grok_variation,seed_082
var_seed_082_addbb2,старую пломбу менять надо но нервы ни к черту может во сне под газом поменять без мучений,anamnesis,treatment_interest,False,normal,False,,False,,contextual,grok_variation,seed_082
var_seed_082_030a13,интересует лечение под газом,anamnesis,treatment_interest,False,normal,False,,False,,normal,grok_variation,seed_082
var_seed_082_ab4c81,можно зубы под седацией лечить,anamnesis,treatment_interest,False,normal,False,,False,,normal,grok_variation,seed_082
var_seed_082_947511,хочу во сне зубы поправить,anamnesis,treatment_interest,False,normal,False,,False,,normal,grok_variation,seed_082
var_seed_015_ad1159,зуб ноет отдаёт в ухо,anamnesis,symptom,False,normal,False,,False,,hurried,grok_variation,seed_015
var_seed_015_ed6134,стреляет в висок от зуба,anamnesis,symptom,False,normal,False,,False,,hurried,grok_variation,seed_015
var_seed_015_505eaf,вчера яблоко грыз задний зуб заболел боль в висок и ухо идёт терпеть не могу,anamnesis,symptom,False,normal,False,,False,,contextual,grok_variation,seed_015
var_seed_015_d9ac23,ребёнку 6 лет зубик ноет ночью просыпается плачет отдаёт в ушко и виски,anamnesis,symptom,False,normal,False,,False,,contextual,grok_variation,seed_015
var_seed_015_7ddd9e,на работе сижу зуб начал ныть боль в висок отдаёт в ухо таблетки не помогают,anamnesis,symptom,False,normal,False,,False,,contextual,grok_variation,seed_015
var_seed_015_9c802c,давно нерв беспокоит сегодня хуже боль в ухо и висок от зуба раздуло щеку чуть,anamnesis,symptom,False,normal,False,,False,,contextual,grok_variation,seed_015
var_seed_015_bebffd,зуб болит отдаёт в висок,anamnesis,symptom,False,normal,False,,False,,normal,grok_variation,seed_015
var_seed_015_32ebab,ноет зуб боль в ухо идёт,anamnesis,symptom,False,normal,False,,False,,normal,grok_variation,seed_015
var_seed_004_8fd4a9,зуб от холодного ноет,anamnesis,symptom,False,normal,False,,False,,hurried,grok_variation,seed_004
var_seed_004_b232b9,стреляет от холода зуб,anamnesis,symptom,False,normal,False,,False,,hurried,grok_variation,seed_004
var_seed_004_c842b9,вчера пил колу зуб заморозило теперь от холодного больно,anamnesis,symptom,False,normal,False,,False,,contextual,grok_variation,seed_004
var_seed_004_5114ff,у дочки 6 лет от мороженого зубы жутко морозит плачет,anamnesis,symptom,False,normal,False,,False,,contextual,grok_variation,seed_004
var_seed_004_705f2b,давно заметил от холодной воды в переднем зубе стреляет,anamnesis,symptom,False,normal,False,,False,,contextual,grok_variation,seed_004
var_seed_004_9d3c98,на работе пью кофе с льдом зуб начал реагировать болью,anamnesis,symptom,False,normal,False,,False,,contextual,grok_variation,seed_004
var_seed_004_186c53,зуб побаливает от холодного,anamnesis,symptom,False,normal,False,,False,,normal,grok_variation,seed_004
var_seed_004_172696,чувствителен зуб к холодному,anamnesis,symptom,False,normal,False,,False,,normal,grok_variation,seed_004
var_seed_095_d05d90,наращивание кости делаете,anamnesis,treatment_interest,False,normal,False,,False,,hurried,grok_variation,seed_095
var_seed_095_41fb82,косту нарастить можно,anamnesis,treatment_interest,False,normal,False,,False,,hurried,grok_variation,seed_095
var_seed_095_35578a,интересует нарощ кости,anamnesis,treatment_interest,False,normal,False,,False,,hurried,grok_variation,seed_095
var_seed_095_649486,потерял передний зуб кости нет для импланта надо наращивание что скажете,anamnesis,treatment_interest,False,normal,False,,False,,contextual,grok_variation,seed_095
var_seed_095_4d88a6,у жены десна ушла кость оголилась читала про наращивание кости у вас делают такое,anamnesis,treatment_interest,False,normal,False,,False,,contextual,grok_variation,seed_095
var_seed_095_0529ec,сверху жевательный удалили кость тонкая хочу имплант интересует нарощ кости,anamnesis,treatment_interest,False,normal,False,,False,,contextual,grok_variation,seed_095
var_seed_095_6d671f,давно без зуба кость усохла нарастить хочу подскажите про вашу процедуру,anamnesis,treatment_interest,False,normal,False,,False,,contextual,grok_variation,seed_095
var_seed_095_aa2a75,сделайте наращивание кости,anamnesis,treatment_interest,False,normal,False,,False,,normal,grok_variation,seed_095
var_seed_095_4ab154,нужно нарастить кость зубную,anamnesis,treatment_interest,False,normal,False,,False,,normal,grok_variation,seed_095
var_seed_036_6d4416,пломба вылетела,anamnesis,complaint,False,normal,False,,False,,hurried,grok_variation,seed_036
var_seed_036_b50be6,отвалилась пломба чё,anamnesis,complaint,False,normal,False,,False,,hurried,grok_variation,seed_036
var_seed_036_2c16aa,ел орехи вчера пломба выскочила дырка теперь огромная болит,anamnesis,complaint,False,normal,False,,False,,contextual,grok_variation,seed_036
var_seed_036_eb6d35,у сына 4 года пломба выпала после шоколадки плачет не унимается,anamnesis,complaint,False,normal,False,,False,,contextual,grok_variation,seed_036
var_seed_036_35183e,неделю назад ставили пломба отвалилась чую нерв открытый страшно,anamnesis,complaint,False,normal,False,,False,,contextual,grok_variation,seed_036
var_seed_036_c5ccf7,на работе грыз семечки пломба слетела некогда ехать срочно,anamnesis,complaint,False,normal,False,,False,,contextual,grok_variation,seed_036
var_seed_036_fa0a23,выпала пломба из заднего зуба,anamnesis,complaint,False,normal,False,,False,,normal,grok_variation,seed_036
var_seed_036_9eef00,пломба отвалилась побаливает немного,anamnesis,complaint,False,normal,False,,False,,normal,grok_variation,seed_036
var_seed_036_693bef,нужна помощь с выпавшей пломбой,anamnesis,complaint,False,normal,False,,False,,normal,grok_variation,seed_036
var_seed_032_2d3e86,десны чешутся чот,anamnesis,symptom,False,normal,False,,False,,hurried,grok_variation,seed_032
var_seed_032_3ae814,зудит десну сильно,anamnesis,symptom,False,normal,False,,False,,hurried,grok_variation,seed_032
var_seed_032_d5b1bb,у дочки 4 года десны чешутся после сладкого плачет ночами,anamnesis,symptom,False,normal,False,,False,,contextual,grok_variation,seed_032
var_seed_032_2afe11,на работе ем орехи десны зудят чешутся мешает говорить,anamnesis,symptom,False,normal,False,,False,,contextual,grok_variation,seed_032
var_seed_032_8ab9d0,давно курю десны чешутся краснеют читала в инете страшно,anamnesis,symptom,False,normal,False,,False,,contextual,grok_variation,seed_032
var_seed_032_c18de2,чистил зубы содой вчера теперь весь рот чешется десны горят,anamnesis,symptom,False,normal,False,,False,,contextual,grok_variation,seed_032
var_seed_032_82f79c,десны чешутся несколько дней,anamnesis,symptom,False,normal,False,,False,,normal,grok_variation,seed_032
var_seed_032_0a86be,появился зуд в деснах,anamnesis,symptom,False,normal,False,,False,,normal,grok_variation,seed_032
var_seed_029_d8b9ce,щеку терет внутри,anamnesis,symptom,False,normal,False,,False,,hurried,grok_variation,seed_029
var_seed_029_c51f91,изнтри натравливает щеку,anamnesis,symptom,False,normal,False,,False,,hurried,grok_variation,seed_029
var_seed_029_93648e,натерало внутри щёку,anamnesis,symptom,False,normal,False,,False,,hurried,grok_variation,seed_029
var_seed_029_c87cc4,вчера жевал жвачку щеку изнутри натравил теперь больно есть ничего,anamnesis,symptom,False,normal,False,,False,,contextual,grok_variation,seed_029
var_seed_029_dd7efa,у сына 7 лет зубик терет щеку внутри жалуется каждый вечер плачет,anamnesis,symptom,False,normal,False,,False,,contextual,grok_variation,seed_029
var_seed_029_68366e,давно уже изнутри щеку натирает когда ем яблоко особенно неудобно,anamnesis,symptom,False,normal,False,,False,,contextual,grok_variation,seed_029
var_seed_029_2f235e,на работе заметил щеку внутри терет почитала может язва или инфекция страшно,anamnesis,symptom,False,normal,False,,False,,contextual,grok_variation,seed_029
var_seed_029_10f61a,изнутри щеку натирает зубом,anamnesis,symptom,False,normal,False,,False,,normal,grok_variation,seed_029
var_seed_029_560015,щека натёрта изнутри давно,anamnesis,symptom,False,normal,False,,False,,normal,grok_variation,seed_029
var_seed_018_0eccec,десна гноится жму выходит,anamnesis,symptom,False,urgent,False,,False,,hurried,grok_variation,seed_018
var_seed_018_bd319c,гной из десны сочится,anamnesis,symptom,False,urgent,False,,False,,hurried,grok_variation,seed_018
var_seed_018_f48277,у сына 7 лет десна раздулась вчера жму и гной вытекает боится к врачу,anamnesis,symptom,False,urgent,False,,False,,contextual,grok_variation,seed_018
var_seed_018_783010,на работе ковырял десну гной полез чот больно стало срочно что,anamnesis,symptom,False,urgent,False,,False,,contextual,grok_variation,seed_018
var_seed_018_1d6ec9,давно десна чешется нажму и желтый гной выдавливается курю много наверное,anamnesis,symptom,False,urgent,False,,False,,contextual,grok_variation,seed_018
var_seed_018_dafd8c,после еды яблоко десна заболела надавливаю и гной вылезает уже третий день,anamnesis,symptom,False,urgent,False,,False,,contextual,grok_variation,seed_018
var_seed_018_8d70b7,из десны гной при нажатии выходит,anamnesis,symptom,False,urgent,False,,False,,normal,grok_variation,seed_018
var_seed_018_4acf3d,десна выделяет гной когда давлю,anamnesis,symptom,False,urgent,False,,False,,normal,grok_variation,seed_018
var_seed_014_0ae538,ребнку зуб шатаетса упал,anamnesis,symptom,False,urgent,False,,False,,hurried,grok_variation,seed_014
var_seed_014_d0e41c,дитя упало зуб болтается,anamnesis,symptom,False,urgent,False,,False,,hurried,grok_variation,seed_014
var_seed_014_bac2b8,сыну зуб шатается плохо,anamnesis,symptom,False,urgent,False,,False,,hurried,grok_variation,seed_014
var_seed_014_6bac4e,дочке 5 лет с горки свалилась передний зуб шатается плачет не переставая,anamnesis,symptom,False,urgent,False,,False,,contextual,grok_variation,seed_014
var_seed_014_9d91bb,внуку 7 лет во дворе споткнулся упал на зуб теперь шатается и ноет,anamnesis,symptom,False,urgent,False,,False,,contextual,grok_variation,seed_014
var_seed_014_755e3a,ребёнку 4 года с качелей грохнулся нижний зуб шатается опухло чуть,anamnesis,symptom,False,urgent,False,,False,,contextual,grok_variation,seed_014
var_seed_014_8321b3,сыну на футболе упал челюстью на мяч зуб шатается болит жевать,anamnesis,symptom,False,urgent,False,,False,,contextual,grok_variation,seed_014
var_seed_014_10e644,у ребёнка зуб шатается после падения,anamnesis,symptom,False,urgent,False,,False,,normal,grok_variation,seed_014
var_seed_087_355f3d,ребенку фисуры запечатать,anamnesis,treatment_interest,False,normal,False,,False,,hurried,grok_variation,seed_087
var_seed_087_69505f,герметизация щелей дите,anamnesis,treatment_interest,False,normal,False,,False,,hurried,grok_variation,seed_087
var_seed_087_743304,фишуры ребенку герметик,anamnesis,treatment_interest,False,normal,False,,False,,hurried,grok_variation,seed_087
var_seed_087_ec8a3e,дочке 6 лет жевательные зубки бороздки глубокие герметизацию фиссур хочу сделать,anamnesis,treatment_interest,False,normal,False,,False,,contextual,grok_variation,seed_087
var_seed_087_c1e242,сыну 7 лет прорезались 6ки фисуры видно надо запечатать чтоб не болело потом,anamnesis,treatment_interest,False,normal,False,,False,,contextual,grok_variation,seed_087
var_seed_087_1a6872,внучке 5 лет мама начиталась про кариес в бороздках герметизация фиссур нужна срочно,anamnesis,treatment_interest,False,normal,False,,False,,contextual,grok_variation,seed_087
var_seed_087_5c562c,мальчишке упал с качелей зуб чуток поцарапал фиссурную герметизацию делали раньше хочу снова,anamnesis,treatment_interest,False,normal,False,,False,,contextual,grok_variation,seed_087
var_seed_087_307895,нужна герметизация фиссур ребенку,anamnesis,treatment_interest,False,normal,False,,False,,normal,grok_variation,seed_087
var_seed_087_89ae89,хочу запечатать фисуры у дочки,anamnesis,treatment_interest,False,normal,False,,False,,normal,grok_variation,seed_087
var_seed_087_716dc2,герметизация бороздок сыну интересует,anamnesis,treatment_interest,False,normal,False,,False,,normal,grok_variation,seed_087
var_seed_070_eb633c,болит лунка после удаления,anamnesis,complaint,False,normal,False,,False,,hurried,grok_variation,seed_070
var_seed_070_117303,дырка ноет после вырвали зуб,anamnesis,complaint,False,normal,False,,False,,hurried,grok_variation,seed_070
var_seed_070_8279c5,стреляет в лунке после удаления,anamnesis,complaint,False,normal,False,,False,,hurried,grok_variation,seed_070
var_seed_070_9819dc,два дня назад удалили зуб снизу а теперь лунка болит и опухло чуток,anamnesis,complaint,False,normal,False,,False,,contextual,grok_variation,seed_070
var_seed_070_46b71c,ребёнку 7 лет удалили молочный вчера а сегодня лунка красная и ноет не спит,anamnesis,complaint,False,normal,False,,False,,contextual,grok_variation,seed_070
var_seed_070_542f5b,на прошлой неделе вырвал зуб наверху а щас в лунке боль адская и запах,anamnesis,complaint,False,normal,False,,False,,contextual,grok_variation,seed_070
var_seed_070_74c14c,после удаления зуба вчера вечером проснулась ночью от боли в дырке там,anamnesis,complaint,False,normal,False,,False,,contextual,grok_variation,seed_070
var_seed_070_0fbf0f,после удаления зуба болит лунка,anamnesis,complaint,False,normal,False,,False,,normal,grok_variation,seed_070
var_seed_070_fcb7d0,беспокоит лунка после удаления,anamnesis,complaint,False,normal,False,,False,,normal,grok_variation,seed_070
var_seed_012_056c6c,десна болит т 38,anamnesis,symptom,False,urgent,False,,False,,hurried,grok_variation,seed_012
var_seed_012_60b70a,37.8 деснаа саднит,anamnesis,symptom,False,urgent,False,,False,,hurried,grok_variation,seed_012
var_seed_012_22be79,ребёнку 4 года десна опухла вчера температура 37.7 упал с качелей чё делать,anamnesis,symptom,False,urgent,False,,False,,contextual,grok_variation,seed_012
var_seed_012_2e1d87,на работе десна разболелась температура поднялась 38 некогда болеть надо срочно,anamnesis,symptom,False,urgent,False,,False,,contextual,grok_variation,seed_012
var_seed_012_4fced0,вчера курицу ел десна начала ныть и температура 37.9 весь вечер мучаюсь,anamnesis,symptom,False,urgent,False,,False,,contextual,grok_variation,seed_012
var_seed_012_f12eca,десна ноет температура 37.8 что посоветуете,anamnesis,symptom,False,urgent,False,,False,,normal,grok_variation,seed_012
var_seed_012_ed826c,болит десна и жар 38,anamnesis,symptom,False,urgent,False,,False,,normal,grok_variation,seed_012
var_seed_303_9e886f,отмена на завтра,booking,cancel,False,normal,False,,False,,hurried,grok_variation,seed_303
var_seed_303_7f467c,не приду завтра,booking,cancel,False,normal,False,,False,,hurried,grok_variation,seed_303
var_seed_303_c4210e,отменит приём завтра,booking,cancel,False,normal,False,,False,,hurried,grok_variation,seed_303
var_seed_303_17cba6,ребёнок заболел не сможем завтра прийти отмените нашу запись,booking,cancel,False,normal,False,,False,,contextual,grok_variation,seed_303
var_seed_303_7f2ac8,на работе срочно выезжаю в командировку отмените приём на завтра,booking,cancel,False,normal,False,,False,,contextual,grok_variation,seed_303
var_seed_303_943e31,самочувствие плохое голова болит весь день отмените завтрашний визит,booking,cancel,False,normal,False,,False,,contextual,grok_variation,seed_303
var_seed_303_97e567,погода плохая дождь ливень не доеду до вас отмените на завтра,booking,cancel,False,normal,False,,False,,contextual,grok_variation,seed_303
var_seed_303_4fc6a5,отмените запись на завтра пожалуйста,booking,cancel,False,normal,False,,False,,normal,grok_variation,seed_303
var_seed_303_9df66b,не смогу прийти завтра отмени,booking,cancel,False,normal,False,,False,,normal,grok_variation,seed_303
var_seed_303_fa17f8,хочу отменить приём завтра,booking,cancel,False,normal,False,,False,,normal,grok_variation,seed_303
var_seed_282_d5b9e4,на обед можно?,booking,reschedule,True,normal,False,,False,,hurried,grok_variation,seed_282
var_seed_282_eaa69f,перенеси на час,booking,reschedule,True,normal,False,,False,,hurried,grok_variation,seed_282
var_seed_282_032b92,в обеденник?,booking,reschedule,True,normal,False,,False,,hurried,grok_variation,seed_282
var_seed_282_be32e5,утро занято работой на обед свободен запись туда перенесите,booking,reschedule,True,normal,False,,False,,contextual,grok_variation,seed_282
var_seed_282_748822,ребёнку школа до обеда после часа могу на приём привести,booking,reschedule,True,normal,False,,False,,contextual,grok_variation,seed_282
var_seed_282_bf984a,пенсионер утром в магазин хожу около часа дня дома подойду,booking,reschedule,True,normal,False,,False,,contextual,grok_variation,seed_282
var_seed_282_632aea,боюсь зубы лечить но время на обед есть перенос туда,booking,reschedule,True,normal,False,,False,,contextual,grok_variation,seed_282
var_seed_282_489d58,можно запись на обеденное время,booking,reschedule,True,normal,False,,False,,normal,grok_variation,seed_282
var_seed_282_6d35f5,подходит около часа дня?,booking,reschedule,True,normal,False,,False,,normal,grok_variation,seed_282
var_seed_282_2b8656,перенос на час подойдёт,booking,reschedule,True,normal,False,,False,,normal,grok_variation,seed_282
var_seed_230_9d7807,запиши на приём,booking,new_appointment,True,normal,False,,False,,hurried,grok_variation,seed_230
var_seed_230_8a00e5,нужен осмотр срочно,booking,new_appointment,True,normal,False,,False,,hurried,grok_variation,seed_230
var_seed_230_b6f87d,зписаться чот,booking,new_appointment,True,normal,False,,False,,hurried,grok_variation,seed_230
var_seed_230_693d3b,ребёнку 7 лет зубы смотрели давно запишите на приём на этой неделе если есть место,booking,new_appointment,True,normal,False,,False,,contextual,grok_variation,seed_230
var_seed_230_61c906,на работе до вечера только после 18 могу на осмотр запишитесь меня пожалуйста,booking,new_appointment,True,normal,False,,False,,contextual,grok_variation,seed_230
var_seed_230_35ab62,бабушке 75 лет зуб ноет надо к вам на приём она боится но пойдёт,booking,new_appointment,True,normal,False,,False,,contextual,grok_variation,seed_230
var_seed_230_d880d1,в командировке был вернулся зубы проверить хочу записаться на завтра утро,booking,new_appointment,True,normal,False,,False,,contextual,grok_variation,seed_230
var_seed_230_e1a5f5,можно записаться на приём,booking,new_appointment,True,normal,False,,False,,normal,grok_variation,seed_230
var_seed_230_c48f8d,хочу на осмотр к вам,booking,new_appointment,True,normal,False,,False,,normal,grok_variation,seed_230
var_seed_230_60e68f,подскажите про запись на приём,booking,new_appointment,True,normal,False,,False,,normal,grok_variation,seed_230
var_seed_229_bcf995,завтра место есть?,booking,new_appointment,True,normal,False,,False,,hurried,grok_variation,seed_229
var_seed_229_bfe09f,на завтра свободно?,booking,new_appointment,True,normal,False,,False,,hurried,grok_variation,seed_229
var_seed_229_9f8399,завтра чё есть?,booking,new_appointment,True,normal,False,,False,,hurried,grok_variation,seed_229
var_seed_229_3a7080,завтра утром свободно на приём работаю весь день,booking,new_appointment,True,normal,False,,False,,contextual,grok_variation,seed_229
var_seed_229_fc155e,ребёнку 5 лет надо к вам завтра есть время если подойдёт,booking,new_appointment,True,normal,False,,False,,contextual,grok_variation,seed_229
var_seed_229_91774f,на выходные некогда завтра единственный шанс зписаться,booking,new_appointment,True,normal,False,,False,,contextual,grok_variation,seed_229
var_seed_229_3ae856,муж завтра свободен хочет к стоматологу место найдётся ли,booking,new_appointment,True,normal,False,,False,,contextual,grok_variation,seed_229
var_seed_229_070eb0,можно на завтра к вам?,booking,new_appointment,True,normal,False,,False,,normal,grok_variation,seed_229
var_seed_229_175c09,свободное время завтра есть?,booking,new_appointment,True,normal,False,,False,,normal,grok_variation,seed_229
var_seed_229_fbb760,подскажите на завтра место?,booking,new_appointment,True,normal,False,,False,,normal,grok_variation,seed_229
var_seed_237_ece21b,зписите к хирургу,booking,new_appointment,True,normal,False,хирург,False,,hurried,grok_variation,seed_237
var_seed_237_f3e5c5,хирурга запиши чот,booking,new_appointment,True,normal,False,хирург,False,,hurried,grok_variation,seed_237
var_seed_237_4c8407,ребёнку зуб мешает запишите к хирургу на завтра если можно,booking,new_appointment,True,normal,False,хирург,False,,contextual,grok_variation,seed_237
var_seed_237_68c9f3,на работе некогда весь день нужен хирург вечером запишете,booking,new_appointment,True,normal,False,хирург,False,,contextual,grok_variation,seed_237
var_seed_237_186d28,мужу к хирургу надо его запишите на этой неделе не тянет,booking,new_appointment,True,normal,False,хирург,False,,contextual,grok_variation,seed_237
var_seed_237_6b3437,переехала недавно хочу к вашему хирургу на приём поскорее,booking,new_appointment,True,normal,False,хирург,False,,contextual,grok_variation,seed_237
var_seed_237_fd376b,можно записаться к хирургу,booking,new_appointment,True,normal,False,хирург,False,,normal,grok_variation,seed_237
var_seed_237_3d080d,есть свободное к хирургу на неделю,booking,new_appointment,True,normal,False,хирург,False,,normal,grok_variation,seed_237
var_seed_237_653d8c,подскажите время к хирургу пожалуйста,booking,new_appointment,True,normal,False,хирург,False,,normal,grok_variation,seed_237
var_seed_255_51205c,нужен повторный приём,booking,new_appointment,True,normal,False,,False,,hurried,grok_variation,seed_255
var_seed_255_ef19aa,запишите на повтор,booking,new_appointment,True,normal,False,,False,,hurried,grok_variation,seed_255
var_seed_255_b7ca56,хочу ещё раз прийти,booking,new_appointment,True,normal,False,,False,,hurried,grok_variation,seed_255
var_seed_255_6f0f59,после пломбы вчера нужно на повторный осмотр скоро есть место,booking,new_appointment,True,normal,False,,False,,contextual,grok_variation,seed_255
var_seed_255_805ad5,на работе был теперь контрольный приём хочу записаться на этой неделе,booking,new_appointment,True,normal,False,,False,,contextual,grok_variation,seed_255
var_seed_255_92b8b4,мужу после осмотра сказали прийти повторно подскажите свободное время,booking,new_appointment,True,normal,False,,False,,contextual,grok_variation,seed_255
var_seed_255_4b3784,можно на повторный приём,booking,new_appointment,True,normal,False,,False,,normal,grok_variation,seed_255
var_seed_255_8ac03c,хочу записаться повторно,booking,new_appointment,True,normal,False,,False,,normal,grok_variation,seed_255
var_seed_255_3dcec3,подскажите на повторный осмотр,booking,new_appointment,True,normal,False,,False,,normal,grok_variation,seed_255
var_seed_257_8e4682,можно перенести,booking,reschedule,True,normal,False,,False,,hurried,grok_variation,seed_257
var_seed_257_a53ac6,др время?,booking,reschedule,True,normal,False,,False,,hurried,grok_variation,seed_257
var_seed_257_b8f4d1,переставить надо,booking,reschedule,True,normal,False,,False,,hurried,grok_variation,seed_257
var_seed_257_d042fb,на работе задержка запись на 15:00 перенести на завтра утро можно,booking,reschedule,True,normal,False,,False,,contextual,grok_variation,seed_257
var_seed_257_769ebd,ребёнок заболел не сможем в это время давайте на след неделю поменяем,booking,reschedule,True,normal,False,,False,,contextual,grok_variation,seed_257
var_seed_257_20ef4c,внуки приехали неожиданно время приёма не подходит перенести на вечер,booking,reschedule,True,normal,False,,False,,contextual,grok_variation,seed_257
var_seed_257_93894f,завтра пара в универе весь день занята перенести на вечер плиз,booking,reschedule,True,normal,False,,False,,contextual,grok_variation,seed_257
var_seed_257_b15024,можно время изменить,booking,reschedule,True,normal,False,,False,,normal,grok_variation,seed_257
var_seed_257_d648c7,перенос на потом,booking,reschedule,True,normal,False,,False,,normal,grok_variation,seed_257
var_seed_257_5bde3e,другое время подскажите,booking,reschedule,True,normal,False,,False,,normal,grok_variation,seed_257
var_seed_292_476ea9,не приду,booking,cancel,False,normal,False,,False,,hurried,grok_variation,seed_292
var_seed_292_cdb3f9,отмена,booking,cancel,False,normal,False,,False,,hurried,grok_variation,seed_292
var_seed_292_7a9047,не выйдет завтра,booking,cancel,False,normal,False,,False,,hurried,grok_variation,seed_292
var_seed_292_7580fe,ребёнок заболел не сможем прийти завтра отмените запись,booking,cancel,False,normal,False,,False,,contextual,grok_variation,seed_292
var_seed_292_217072,самочувствие плохое не дойду до вас сегодня отмена,booking,cancel,False,normal,False,,False,,contextual,grok_variation,seed_292
var_seed_292_ead571,на работе завал не успею отмените мой визит пожалуйста,booking,cancel,False,normal,False,,False,,contextual,grok_variation,seed_292
var_seed_292_78a6c9,отмените запись на завтра,booking,cancel,False,normal,False,,False,,normal,grok_variation,seed_292
var_seed_292_6a0127,прошу отменить мой приём,booking,cancel,False,normal,False,,False,,normal,grok_variation,seed_292
var_seed_305_220381,отмените запись,booking,cancel,False,normal,False,,False,,hurried,grok_variation,seed_305
var_seed_305_c1b8fd,ребёнку 5 лет болеет не пойдём завтра на приём отмените,booking,cancel,False,normal,False,,False,,contextual,grok_variation,seed_305
var_seed_305_360e33,уезжаю в другой город не смогу к вам прийти отменяйте запись,booking,cancel,False,normal,False,,False,,contextual,grok_variation,seed_305
var_seed_305_ab6862,нашёл клинику рядом не нужен ваш приём отмените пожалуйста,booking,cancel,False,normal,False,,False,,contextual,grok_variation,seed_305
var_seed_305_1e9f3d,хочу отменить запись на завтра,booking,cancel,False,normal,False,,False,,normal,grok_variation,seed_305
var_seed_299_195f30,отмена,booking,cancel,False,normal,False,,False,,hurried,grok_variation,seed_299
var_seed_299_16c8c9,отмените срочно,booking,cancel,False,normal,False,,False,,hurried,grok_variation,seed_299
var_seed_299_52c515,заболела не смогу завтра к вам отмените мою запись на 15 число,booking,cancel,False,normal,False,,False,,contextual,grok_variation,seed_299
var_seed_299_d4b85c,на работе задержка не успею в среду снимите меня с записи,booking,cancel,False,normal,False,,False,,contextual,grok_variation,seed_299
var_seed_299_8da25d,отмените мою запись,booking,cancel,False,normal,False,,False,,normal,grok_variation,seed_299
var_seed_299_7e57a2,не нужно больше приём,booking,cancel,False,normal,False,,False,,normal,grok_variation,seed_299
var_seed_299_94b1d8,снимите с записи пожалуйста,booking,cancel,False,normal,False,,False,,normal,grok_variation,seed_299
var_seed_253_8b2203,во вторник можно,booking,new_appointment,True,normal,False,,False,,hurried,grok_variation,seed_253
var_seed_253_68fd4c,вторник свободно,booking,new_appointment,True,normal,False,,False,,hurried,grok_variation,seed_253
var_seed_253_aac4f6,на вторник запиши,booking,new_appointment,True,normal,False,,False,,hurried,grok_variation,seed_253
var_seed_253_038644,могу только во вторник после работы есть время запишитесь,booking,new_appointment,True,normal,False,,False,,contextual,grok_variation,seed_253
var_seed_253_839921,ребёнку 4 года во вторник утро свободно привести можно,booking,new_appointment,True,normal,False,,False,,contextual,grok_variation,seed_253
var_seed_253_611bce,на этой неделе только вторник подойдёт запишите на 16 часов,booking,new_appointment,True,normal,False,,False,,contextual,grok_variation,seed_253
var_seed_253_b80227,мужу во вторник нужно время найдётся у вас днём,booking,new_appointment,True,normal,False,,False,,contextual,grok_variation,seed_253
var_seed_253_64bad9,можно во вторник записаться,booking,new_appointment,True,normal,False,,False,,normal,grok_variation,seed_253
var_seed_253_4c331d,есть место во вторник,booking,new_appointment,True,normal,False,,False,,normal,grok_variation,seed_253
var_seed_253_af18cc,подскажите во вторник приём,booking,new_appointment,True,normal,False,,False,,normal,grok_variation,seed_253
var_seed_311_1262ba,отмена запиши новую,booking,cancel,False,normal,False,,False,,hurried,grok_variation,seed_311
var_seed_311_219c19,отмени другую дату,booking,cancel,False,normal,False,,False,,hurried,grok_variation,seed_311
var_seed_311_3cb3f7,отменить перезапись срочно,booking,cancel,False,normal,False,,False,,hurried,grok_variation,seed_311
var_seed_311_af90f7,завтра не могу из-за работы отмените запись и запишите на четверг,booking,cancel,False,normal,False,,False,,contextual,grok_variation,seed_311
var_seed_311_1979b5,ребёнок простудился отмените на среду дайте место на следующей неделе,booking,cancel,False,normal,False,,False,,contextual,grok_variation,seed_311
var_seed_311_af4ca2,поезд опоздает отмените мою на вечер и запишите на утро пятницы,booking,cancel,False,normal,False,,False,,contextual,grok_variation,seed_311
var_seed_311_614db5,встреча перенеслась отмени старую запись запиши на 18е после обеда,booking,cancel,False,normal,False,,False,,contextual,grok_variation,seed_311
var_seed_311_e2326b,отмените запись и запишите заново,booking,cancel,False,normal,False,,False,,normal,grok_variation,seed_311
var_seed_311_7eef85,нужно отменить и перезаписаться,booking,cancel,False,normal,False,,False,,normal,grok_variation,seed_311
var_seed_311_83afac,отмена старой записи новая дата,booking,cancel,False,normal,False,,False,,normal,grok_variation,seed_311
var_seed_195_d6f5a7,снимки кто делает,faq,doctor_info,False,normal,False,,False,,hurried,grok_variation,seed_195
var_seed_195_2acb4d,снимок у кого,faq,doctor_info,False,normal,False,,False,,hurried,grok_variation,seed_195
var_seed_195_8ef8df,мне завтра на приём кто снимки будет делать врач или медсестра,faq,doctor_info,False,normal,False,,False,,contextual,grok_variation,seed_195
var_seed_195_e388a1,ребёнку 7 лет зубы проверить надо снимок а кто у вас их делает,faq,doctor_info,False,normal,False,,False,,contextual,grok_variation,seed_195
var_seed_195_e5d525,едем из другого города снимок нужен срочно кто это у вас делает,faq,doctor_info,False,normal,False,,False,,contextual,grok_variation,seed_195
var_seed_195_31aeae,надеюсь опытный кто снимки делает не напутает с дозировкой,faq,doctor_info,False,normal,False,,False,,contextual,grok_variation,seed_195
var_seed_195_18c70f,кто у вас снимки делает,faq,doctor_info,False,normal,False,,False,,normal,grok_variation,seed_195
var_seed_195_97b240,подскажите кто снимает зубы,faq,doctor_info,False,normal,False,,False,,normal,grok_variation,seed_195
var_seed_175_79651b,кто опытней всех,faq,doctor_info,False,normal,False,,False,subjective,hurried,grok_variation,seed_175
var_seed_175_cf6c8b,лучший доктор у вас,faq,doctor_info,False,normal,False,,False,subjective,hurried,grok_variation,seed_175
var_seed_175_9d7f83,ребёнку 5 лет зубки болеть начал к кому опытному детскому,faq,doctor_info,False,normal,False,,False,subjective,contextual,grok_variation,seed_175
var_seed_175_cae135,муж зуб боится лечить посоветуйте самого опытного стоматолога,faq,doctor_info,False,normal,False,,False,subjective,contextual,grok_variation,seed_175
var_seed_175_f94d13,давно не чистили зубы на работе некогда кто с большим стажем,faq,doctor_info,False,normal,False,,False,subjective,contextual,grok_variation,seed_175
var_seed_175_64453f,свадьба скоро идеальные зубы нужны к вашему топовому врачу,faq,doctor_info,False,normal,False,,False,subjective,contextual,grok_variation,seed_175
var_seed_175_4b916c,посоветуйте опытного врача,faq,doctor_info,False,normal,False,,False,subjective,normal,grok_variation,seed_175
var_seed_175_5fc176,кто у вас с большим стажем,faq,doctor_info,False,normal,False,,False,subjective,normal,grok_variation,seed_175
var_seed_175_b030ce,самый опытный стоматолог какой,faq,doctor_info,False,normal,False,,False,subjective,normal,grok_variation,seed_175
var_seed_159_74b8cc,справку налоговую даете,faq,clinic_info,False,normal,False,,False,policy_only,hurried,grok_variation,seed_159
var_seed_159_a53fab,даёте бумагу для налоговой,faq,clinic_info,False,normal,False,,False,policy_only,hurried,grok_variation,seed_159
var_seed_159_c89a7f,лечила зубы у вас чистку делала нужна справка для налогового вычета дадите,faq,clinic_info,False,normal,False,,False,policy_only,contextual,grok_variation,seed_159
var_seed_159_315839,пенсионер я пломбу поставили теперь для налоговой справочка нужна выписываете такую,faq,clinic_info,False,normal,False,,False,policy_only,contextual,grok_variation,seed_159
var_seed_159_ad914c,отбеливание делал вчера дорого вышло справку для налоговой оформите пожалуйста,faq,clinic_info,False,normal,False,,False,policy_only,contextual,grok_variation,seed_159
var_seed_159_c2457e,имплант вставлял у вас для вычета в налоговой нужна ваша справка даёте,faq,clinic_info,False,normal,False,,False,policy_only,contextual,grok_variation,seed_159
var_seed_159_95ae17,можно ли у вас взять справку для налоговой,faq,clinic_info,False,normal,False,,False,policy_only,normal,grok_variation,seed_159
var_seed_159_aaa2fb,выдаёте справки для налоговой вычета,faq,clinic_info,False,normal,False,,False,policy_only,normal,grok_variation,seed_159
var_seed_159_497199,нужна справка в налоговую от клиники есть,faq,clinic_info,False,normal,False,,False,policy_only,normal,grok_variation,seed_159
var_seed_134_38dcd0,дмс принимаете?,faq,price,False,normal,False,,False,policy_only,hurried,grok_variation,seed_134
var_seed_134_916744,по дмс можно?,faq,price,False,normal,False,,False,policy_only,hurried,grok_variation,seed_134
var_seed_134_f092bb,дмс есть?,faq,price,False,normal,False,,False,policy_only,hurried,grok_variation,seed_134
var_seed_134_59dcc8,у меня дмс от работы принимаете такие полисы или нет,faq,price,False,normal,False,,False,policy_only,contextual,grok_variation,seed_134
var_seed_134_4cdfb3,ребёнку зубы лечить по дмс подойдёт у вас или только наличкой,faq,price,False,normal,False,,False,policy_only,contextual,grok_variation,seed_134
var_seed_134_7c8de9,на пенсии дмс дали интересно принимаете вы их для осмотра,faq,price,False,normal,False,,False,policy_only,contextual,grok_variation,seed_134
var_seed_134_441d19,мужа отправляют по дмс к вам чё нужно принести полис,faq,price,False,normal,False,,False,policy_only,contextual,grok_variation,seed_134
var_seed_134_0dc85d,принимаете дмс полисы?,faq,price,False,normal,False,,False,policy_only,normal,grok_variation,seed_134
var_seed_134_d23d1b,работает дмс у вас?,faq,price,False,normal,False,,False,policy_only,normal,grok_variation,seed_134
var_seed_163_79c94c,куда жалобу?,faq,clinic_info,False,normal,False,,False,,hurried,grok_variation,seed_163
var_seed_163_8f6c29,куда стучать?,faq,clinic_info,False,normal,False,,False,,hurried,grok_variation,seed_163
var_seed_163_1c6bdc,куда на вас?,faq,clinic_info,False,normal,False,,False,,hurried,grok_variation,seed_163
var_seed_163_0f6adc,врач накричал вчера на приёме куда теперь жаловаться в вашей клинике,faq,clinic_info,False,normal,False,,False,,contextual,grok_variation,seed_163
var_seed_163_9b6073,ждали час в очереди ребёнок заплакал а вас не предупредили куда подать жалобу,faq,clinic_info,False,normal,False,,False,,contextual,grok_variation,seed_163
var_seed_163_84f161,лечили зуб но хуже стало куда обращаться с претензией к вам,faq,clinic_info,False,normal,False,,False,,contextual,grok_variation,seed_163
var_seed_163_193170,на работе заставили ждать долго а вы опоздали куда жаловаться на сервис,faq,clinic_info,False,normal,False,,False,,contextual,grok_variation,seed_163
var_seed_163_d53325,подскажите куда с жалобой,faq,clinic_info,False,normal,False,,False,,normal,grok_variation,seed_163
var_seed_163_d5d90c,где подать претензию к клинике,faq,clinic_info,False,normal,False,,False,,normal,grok_variation,seed_163
var_seed_181_dc23bb,гнатолог есть,faq,doctor_info,False,normal,False,,False,,hurried,grok_variation,seed_181
var_seed_181_74e58e,гнатолог чё,faq,doctor_info,False,normal,False,,False,,hurried,grok_variation,seed_181
var_seed_181_21da95,ребёнку кривой прикус нужен гнатолог есть у вас кто с детьми работает,faq,doctor_info,False,normal,False,,False,,contextual,grok_variation,seed_181
var_seed_181_b74923,на работе челюсть щёлкает читал нужен гнатолог такой доктор у вас имеется,faq,doctor_info,False,normal,False,,False,,contextual,grok_variation,seed_181
var_seed_181_1dc09b,давно думаю про прикус гнатолог поможет у вас есть специалист такой,faq,doctor_info,False,normal,False,,False,,contextual,grok_variation,seed_181
var_seed_181_678a93,мужу посоветовали гнатолога вы такого врача держите или к кому идти,faq,doctor_info,False,normal,False,,False,,contextual,grok_variation,seed_181
var_seed_181_96ca77,подскажите есть гнатолог,faq,doctor_info,False,normal,False,,False,,normal,grok_variation,seed_181
var_seed_181_acf458,работает гнатолог у вас,faq,doctor_info,False,normal,False,,False,,normal,grok_variation,seed_181
var_seed_141_f3af53,детей берёте,faq,clinic_info,False,normal,False,,False,,hurried,grok_variation,seed_141
var_seed_141_dfeb7f,лечитесь деток,faq,clinic_info,False,normal,False,,False,,hurried,grok_variation,seed_141
var_seed_141_c0c31e,детский приём есть,faq,clinic_info,False,normal,False,,False,,hurried,grok_variation,seed_141
var_seed_141_1b4b9c,дочке 4 года нужно к вам а вы детей принимаете или только взрослых,faq,clinic_info,False,normal,False,,False,,contextual,grok_variation,seed_141
var_seed_141_a6cb73,внуку 3 годика зубки лезут можно привести вы малышей берёте,faq,clinic_info,False,normal,False,,False,,contextual,grok_variation,seed_141
var_seed_141_7b5625,сыну 8 лет школа мешает а в выходные детей принимаете у вас,faq,clinic_info,False,normal,False,,False,,contextual,grok_variation,seed_141
var_seed_141_eab944,племяннице 5 лет боится но вы деток лечите или нет подскажите,faq,clinic_info,False,normal,False,,False,,contextual,grok_variation,seed_141
var_seed_141_1c9f8b,можно детей привести,faq,clinic_info,False,normal,False,,False,,normal,grok_variation,seed_141
var_seed_141_deb8d8,лечите маленьких детей,faq,clinic_info,False,normal,False,,False,,normal,grok_variation,seed_141
var_seed_141_31581c,принимаете ребёнышей,faq,clinic_info,False,normal,False,,False,,normal,grok_variation,seed_141
var_seed_209_7a8a40,беременным зубы лечить можно,faq,procedure_info,False,normal,False,,False,,hurried,grok_variation,seed_209
var_seed_209_4625fd,лечат беременных или нет,faq,procedure_info,False,normal,False,,False,,hurried,grok_variation,seed_209
var_seed_209_9ef435,я беременна стоматолог ок,faq,procedure_info,False,normal,False,,False,,hurried,grok_variation,seed_209
var_seed_209_023041,на 6 месяце беременна зуб ноет в инете пишут нельзя лечить правда ли,faq,procedure_info,False,normal,False,,False,,contextual,grok_variation,seed_209
var_seed_209_fb5507,подруга беременна первый триместр хочет пломбу поставить страшно ей можно,faq,procedure_info,False,normal,False,,False,,contextual,grok_variation,seed_209
var_seed_209_8471fb,сестре 7 мес беременность врач сказал лечить зубы а сомневаемся у вас спрошу,faq,procedure_info,False,normal,False,,False,,contextual,grok_variation,seed_209
var_seed_209_f3c3fb,дочка беременна невестка хочет перед свадьбой зуб вылечить на каком сроке можно,faq,procedure_info,False,normal,False,,False,,contextual,grok_variation,seed_209
var_seed_209_22ae92,подскажите беременным зубы лечить разрешают,faq,procedure_info,False,normal,False,,False,,normal,grok_variation,seed_209
var_seed_209_baac4b,лечение зубов при беременности возможно,faq,procedure_info,False,normal,False,,False,,normal,grok_variation,seed_209
var_seed_209_5dac27,беременным можно к стоматологу идти,faq,procedure_info,False,normal,False,,False,,normal,grok_variation,seed_209
var_seed_217_189975,мост или имплант чё лучше,faq,procedure_info,False,normal,False,,False,,hurried,grok_variation,seed_217
var_seed_217_e289df,имплант или мост что ставить,faq,procedure_info,False,normal,False,,False,,hurried,grok_variation,seed_217
var_seed_217_5bedd4,потерял передний зуб на работе чё лучше мост или имплант посоветуйте,faq,procedure_info,False,normal,False,,False,,contextual,grok_variation,seed_217
var_seed_217_ce5d2e,жене удалили зуб она боится чё лучше мост или имплант делать,faq,procedure_info,False,normal,False,,False,,contextual,grok_variation,seed_217
var_seed_217_f340d0,что лучше выбрать мост или имплант,faq,procedure_info,False,normal,False,,False,,normal,grok_variation,seed_217
var_seed_106_907456,скока имплант,faq,price,False,normal,False,,False,,hurried,grok_variation,seed_106
var_seed_106_679232,имплант цена,faq,price,False,normal,False,,False,,hurried,grok_variation,seed_106
var_seed_106_952f99,мне выбили передний зуб на драке скока имплант поставить выйдет,faq,price,False,normal,False,,False,,contextual,grok_variation,seed_106
var_seed_106_537bf8,дочке 7 лет молочный выпал а коренной нет имплант нужен цена какая,faq,price,False,normal,False,,False,,contextual,grok_variation,seed_106
var_seed_106_c3de70,на пенсии потерял жевательный зуб хочу имплант а скока это стоит у вас,faq,price,False,normal,False,,False,,contextual,grok_variation,seed_106
var_seed_106_6f3151,курю много зуб сломался имплант интересует цена посоветуйте,faq,price,False,normal,False,,False,,contextual,grok_variation,seed_106
var_seed_106_0a0c03,подскажите цену импланта,faq,price,False,normal,False,,False,,normal,grok_variation,seed_106
var_seed_203_bd5d15,укол или общий сон,faq,procedure_info,False,normal,False,,False,,hurried,grok_variation,seed_203
var_seed_203_00c99d,местная анестезия или как,faq,procedure_info,False,normal,False,,False,,hurried,grok_variation,seed_203
var_seed_203_318c1b,заморозка зуба или общая чё,faq,procedure_info,False,normal,False,,False,,hurried,grok_variation,seed_203
var_seed_203_54271e,ребёнку 7 лет удаляют молочный какая анестезия общая или в десну чтоб не плакал,faq,procedure_info,False,normal,False,,False,,contextual,grok_variation,seed_203
var_seed_203_583faa,начиталась в инете про общий наркоз страшно а вдруг местная лучше подскажите разницу,faq,procedure_info,False,normal,False,,False,,contextual,grok_variation,seed_203
var_seed_203_3ad8d1,завтра пломбу ставить какая анестезия местная или общая не люблю когда иглой колют,faq,procedure_info,False,normal,False,,False,,contextual,grok_variation,seed_203
var_seed_203_1e0f37,для чистки камня у вас укол в рот или можно общий чтоб не чувствовать ничего,faq,procedure_info,False,normal,False,,False,,contextual,grok_variation,seed_203
var_seed_203_c9e51d,какая анестезия местная или общая,faq,procedure_info,False,normal,False,,False,,normal,grok_variation,seed_203
var_seed_203_1f5e78,при удалении какая анестезия укол или сон,faq,procedure_info,False,normal,False,,False,,normal,grok_variation,seed_203
var_seed_126_eade6a,скока пластика десны,faq,price,False,normal,False,,False,,hurried,grok_variation,seed_126
var_seed_126_b53156,цена пластки десны,faq,price,False,normal,False,,False,,hurried,grok_variation,seed_126
var_seed_126_036189,свадьба через месяц пластика десны скока примерно выйдет,faq,price,False,normal,False,,False,,contextual,grok_variation,seed_126
var_seed_126_028024,ребенку посоветовали пластику десны цена какая у вас,faq,price,False,normal,False,,False,,contextual,grok_variation,seed_126
var_seed_126_7ab4e2,давно хотела пластику десны на нижней челюсти скока стоит,faq,price,False,normal,False,,False,,contextual,grok_variation,seed_126
var_seed_126_77e60a,мужу для работы пластика десны нужна подскажите стоимость,faq,price,False,normal,False,,False,,contextual,grok_variation,seed_126
var_seed_126_f81dd9,подскажите цену пластики десны,faq,price,False,normal,False,,False,,normal,grok_variation,seed_126
var_seed_406_feb77a,отзыв оставлю,unsupported,feedback,False,normal,False,,True,,hurried,grok_variation,seed_406
var_seed_406_20eab8,пишу отзыв,unsupported,feedback,False,normal,False,,True,,hurried,grok_variation,seed_406
var_seed_406_4f40ba,был у вас вчера чистку делали все ок хочу хороший отзыв оставить всем рекомендую,unsupported,feedback,False,normal,False,,True,,contextual,grok_variation,seed_406
var_seed_406_1503f0,привела дочку на удаление зубки врач молодец без слез сделала теперь отзыв положительный напишу,unsupported,feedback,False,normal,False,,True,,contextual,grok_variation,seed_406
var_seed_406_8d74b2,мужу имплант ставили месяц назад прижился все супер доволен напишу отзыв на сайте,unsupported,feedback,False,normal,False,,True,,contextual,grok_variation,seed_406
var_seed_406_4596cd,самолечение бросил пришел к вам отбелили зубы сияют отзыв хороший оставлю друзьям скажу,unsupported,feedback,False,normal,False,,True,,contextual,grok_variation,seed_406
var_seed_406_3cc5c7,можно отзыв написать,unsupported,feedback,False,normal,False,,True,,normal,grok_variation,seed_406
var_seed_406_6b94bb,оставлю отзыв о клинике,unsupported,feedback,False,normal,False,,True,,normal,grok_variation,seed_406
var_seed_406_9ec143,хочу отзыв поделиться,unsupported,feedback,False,normal,False,,True,,normal,grok_variation,seed_406
var_seed_335_f8ffcc,чё ты умеешь,unsupported,offtopic,False,normal,True,,False,,hurried,grok_variation,seed_335
var_seed_335_cc33c2,что можешь бот,unsupported,offtopic,False,normal,True,,False,,hurried,grok_variation,seed_335
var_seed_335_312971,расскажи чё делаешь,unsupported,offtopic,False,normal,True,,False,,hurried,grok_variation,seed_335
var_seed_335_11a2a7,сижу в очереди к врачу чёт скучно что ты умеешь делать чтобы не уснуть,unsupported,offtopic,False,normal,True,,False,,contextual,grok_variation,seed_335
var_seed_335_604e62,ребёнок рядом капризничает а ты чё умеешь смешного рассказать,unsupported,offtopic,False,normal,True,,False,,contextual,grok_variation,seed_335
var_seed_335_371d7a,на работе кофе пью перерыв что ты можешь интересного показать,unsupported,offtopic,False,normal,True,,False,,contextual,grok_variation,seed_335
var_seed_335_b52fda,вчера зуб чистили а сегодня чат открыл что бот умеет всякого,unsupported,offtopic,False,normal,True,,False,,contextual,grok_variation,seed_335
var_seed_335_3beed9,что ты умеешь делать,unsupported,offtopic,False,normal,True,,False,,normal,grok_variation,seed_335
var_seed_335_e81ecf,какие функции у тебя,unsupported,offtopic,False,normal,True,,False,,normal,grok_variation,seed_335
var_seed_335_801344,расскажи про свои умения,unsupported,offtopic,False,normal,True,,False,,normal,grok_variation,seed_335
var_seed_415_b6f31d,жалоба в надзор полетит,unsupported,feedback,False,normal,False,,True,,hurried,grok_variation,seed_415
var_seed_415_2c7762,стукану в росздрав,unsupported,feedback,False,normal,False,,True,,hurried,grok_variation,seed_415
var_seed_415_0e0f4d,напишу куда надо,unsupported,feedback,False,normal,False,,True,,hurried,grok_variation,seed_415
var_seed_415_aaacb2,вчера ждал два часа а врач даже не извинился напишу в инстанцию,unsupported,feedback,False,normal,False,,True,,contextual,grok_variation,seed_415
var_seed_415_29890c,дочке 6 лет поставили пломбу она три дня плачет а вы говорите нормально жалоба будет,unsupported,feedback,False,normal,False,,True,,contextual,grok_variation,seed_415
var_seed_415_7356eb,заплатил кучу бабла а зуб всё равно болит в надзор напишу точно,unsupported,feedback,False,normal,False,,True,,contextual,grok_variation,seed_415
var_seed_415_db0d29,пришли на приём в обед а закрыто на перерыв это ненормально жалобу оставлю,unsupported,feedback,False,normal,False,,True,,contextual,grok_variation,seed_415
var_seed_415_22e708,сервис никакой полный развод,unsupported,feedback,False,normal,False,,True,,normal,grok_variation,seed_415
var_seed_415_565ac6,очень разочарован клиникой,unsupported,feedback,False,normal,False,,True,,normal,grok_variation,seed_415
var_seed_415_a90821,больше не приду к вам,unsupported,feedback,False,normal,False,,True,,normal,grok_variation,seed_415
var_seed_329_ae6615,скока доллар,unsupported,offtopic,False,normal,True,,False,,hurried,grok_variation,seed_329
var_seed_329_44116a,доллар чё,unsupported,offtopic,False,normal,True,,False,,hurried,grok_variation,seed_329
var_seed_329_895836,курс бакса,unsupported,offtopic,False,normal,True,,False,,hurried,grok_variation,seed_329
var_seed_329_017e95,сижу в очереди к зубному а доллар какой сейчас курс скажи,unsupported,offtopic,False,normal,True,,False,,contextual,grok_variation,seed_329
var_seed_329_5dd712,привела дочку на приём курс доллара не подскажете сегодня,unsupported,offtopic,False,normal,True,,False,,contextual,grok_variation,seed_329
var_seed_329_46d090,какой курс доллара сейчас,unsupported,offtopic,False,normal,True,,False,,normal,grok_variation,seed_329
var_seed_329_8baa9e,подскажите курс доллара,unsupported,offtopic,False,normal,True,,False,,normal,grok_variation,seed_329
var_seed_327_e526aa,кто ты чот,unsupported,offtopic,False,normal,True,,False,,hurried,grok_variation,seed_327
var_seed_327_8d7d7f,чё за бот,unsupported,offtopic,False,normal,True,,False,,hurried,grok_variation,seed_327
var_seed_327_d7ba5b,про себя давай,unsupported,offtopic,False,normal,True,,False,,hurried,grok_variation,seed_327
var_seed_327_d1991a,сижу в очереди без дела расскажи про себя пока время есть,unsupported,offtopic,False,normal,True,,False,,contextual,grok_variation,seed_327
var_seed_327_33a8d3,ребенку 6 лет зуб чинят он плачет расскажи кто ты чтобы отвлечь,unsupported,offtopic,False,normal,True,,False,,contextual,grok_variation,seed_327
var_seed_327_969ded,на пенсии много времени болтаю с ботами расскажи о себе подробно,unsupported,offtopic,False,normal,True,,False,,contextual,grok_variation,seed_327
var_seed_327_d07eaa,вечером дома одна начиталась чатов кто вы такой расскажите,unsupported,offtopic,False,normal,True,,False,,contextual,grok_variation,seed_327
var_seed_327_be8aa4,расскажи кто ты,unsupported,offtopic,False,normal,True,,False,,normal,grok_variation,seed_327
var_seed_327_c85b03,представься пожалуйста,unsupported,offtopic,False,normal,True,,False,,normal,grok_variation,seed_327
var_seed_327_b9c80f,о себе расскажи,unsupported,offtopic,False,normal,True,,False,,normal,grok_variation,seed_327
var_seed_328_5cc40f,2+2 скока?,unsupported,offtopic,False,normal,True,,False,,hurried,grok_variation,seed_328
var_seed_328_c5629c,два плюс два чё?,unsupported,offtopic,False,normal,True,,False,,hurried,grok_variation,seed_328
var_seed_328_13d23d,сижу в очереди к стоматологу скучно 2+2 посчитай быстро,unsupported,offtopic,False,normal,True,,False,,contextual,grok_variation,seed_328
var_seed_328_4e6acc,ребёнок дома спрашивает сколько два плюс два ты знаешь ответ,unsupported,offtopic,False,normal,True,,False,,contextual,grok_variation,seed_328
var_seed_328_c8ef2d,вчера в школе учил математику 2+2 проверь меня,unsupported,offtopic,False,normal,True,,False,,contextual,grok_variation,seed_328
var_seed_328_87d61d,сколько два плюс два,unsupported,offtopic,False,normal,True,,False,,normal,grok_variation,seed_328
var_seed_328_2e3979,2+2 это сколько выходит,unsupported,offtopic,False,normal,True,,False,,normal,grok_variation,seed_328
var_seed_328_920d18,подскажи два плюс два,unsupported,offtopic,False,normal,True,,False,,normal,grok_variation,seed_328
var_seed_001_4c3e44,зуб ноет чё,anamnesis,symptom,False,normal,False,,False,,hurried,grok_variation,seed_001
var_seed_001_909383,ребёнку 5 лет вчера упал с качелей теперь зуб ноет плачет не переставая,anamnesis,symptom,False,normal,False,,False,,contextual,grok_variation,seed_001
var_seed_001_59c49c,на работе вчера кофе горячий пил и зуб начал ныть весь вечер не спал,anamnesis,symptom,False,normal,False,,False,,contextual,grok_variation,seed_001
var_seed_001_d5dc0b,давно камень на зубах но сейчас задний зуб разболелся боюсь дырки,anamnesis,symptom,False,normal,False,,False,,contextual,grok_variation,seed_001
var_seed_001_d7f7cf,замёрз вчера на улице холодный ветер дул в зуб ноет жуть как,anamnesis,symptom,False,normal,False,,False,,contextual,grok_variation,seed_001
var_seed_001_b2648e,зуб побаливает уже третий день,anamnesis,symptom,False,normal,False,,False,,normal,grok_variation,seed_001
var_seed_001_5bb023,ноет нижний зуб,anamnesis,symptom,False,normal,False,,False,,normal,grok_variation,seed_001
var_seed_002_d6a197,десна кровит чот,anamnesis,symptom,False,normal,False,,False,,hurried,grok_variation,seed_002
var_seed_002_22fafe,десны кровоточат срочно,anamnesis,symptom,False,normal,False,,False,,hurried,grok_variation,seed_002
var_seed_002_6df279,у дочки 5 лет десна кровит после яблока вчера не унимается,anamnesis,symptom,False,normal,False,,False,,contextual,grok_variation,seed_002
var_seed_002_68796e,чистил зубы щеткой и десна начала кровить уже неделю не проходит,anamnesis,symptom,False,normal,False,,False,,contextual,grok_variation,seed_002
var_seed_002_2c188b,курю много нижняя десна кровит опухло чуток на работе некогда,anamnesis,symptom,False,normal,False,,False,,contextual,grok_variation,seed_002
var_seed_002_ef9b36,после вчерашней чистки камня десна кровит страшно что теперь,anamnesis,symptom,False,normal,False,,False,,contextual,grok_variation,seed_002
var_seed_002_8e21ad,десна кровит при чистке зубов,anamnesis,symptom,False,normal,False,,False,,normal,grok_variation,seed_002
var_seed_003_68e44c,ноет под коронкой чот,anamnesis,symptom,False,normal,False,,False,,hurried,grok_variation,seed_003
var_seed_003_851759,нит под коронкой блин,anamnesis,symptom,False,normal,False,,False,,hurried,grok_variation,seed_003
var_seed_003_2a4f84,стреляет подкронкой,anamnesis,symptom,False,normal,False,,False,,hurried,grok_variation,seed_003
var_seed_003_fae808,поставили вчера коронку на жевательный а сегодня ноет есть дырка,anamnesis,symptom,False,normal,False,,False,,contextual,grok_variation,seed_003
var_seed_003_294670,у дочки 6 лет коронку надели ноет плачет яблоко не жуёт,anamnesis,symptom,False,normal,False,,False,,contextual,grok_variation,seed_003
var_seed_003_5d158c,коронка стоит год на переднем вдруг начала ныть жую хлеб больно,anamnesis,symptom,False,normal,False,,False,,contextual,grok_variation,seed_003
var_seed_003_9ee53a,на работе коронку поставили ноет мешает говорить с клиентами,anamnesis,symptom,False,normal,False,,False,,contextual,grok_variation,seed_003
var_seed_003_634cb6,побаливает под коронкой уже третий день,anamnesis,symptom,False,normal,False,,False,,normal,grok_variation,seed_003
var_seed_003_cd3f51,ноет внутри под коронкой,anamnesis,symptom,False,normal,False,,False,,normal,grok_variation,seed_003
var_seed_005_c8a869,щека опухла чот,anamnesis,symptom,False,normal,False,,False,,hurried,grok_variation,seed_005
var_seed_005_bcfd74,вчера зуб ноет щека распухла таблетки пью но не помогает,anamnesis,symptom,False,normal,False,,False,,contextual,grok_variation,seed_005
var_seed_005_4c8b73,у дочки 4 года щека опухла после качелей зуб болит,anamnesis,symptom,False,normal,False,,False,,contextual,grok_variation,seed_005
var_seed_005_cde2ad,на работе щека надулась под зубом мешает сосредоточиться,anamnesis,symptom,False,normal,False,,False,,contextual,grok_variation,seed_005
var_seed_005_623359,курил вчера щека опухла больно жевать чипсы,anamnesis,symptom,False,normal,False,,False,,contextual,grok_variation,seed_005
var_seed_005_335836,опухла щека под зубом,anamnesis,symptom,False,normal,False,,False,,normal,grok_variation,seed_005
var_seed_005_d13140,щека немного опухла ноет,anamnesis,symptom,False,normal,False,,False,,normal,grok_variation,seed_005
var_seed_006_c83f33,нижний правый стреляет,anamnesis,symptom,False,normal,False,,False,,hurried,grok_variation,seed_006
var_seed_006_72236d,резко ноет нижний справа,anamnesis,symptom,False,normal,False,,False,,hurried,grok_variation,seed_006
var_seed_006_f21fd9,нижний правый чот заболел,anamnesis,symptom,False,normal,False,,False,,hurried,grok_variation,seed_006
var_seed_006_7d577c,ел яблоко и нижний правый зуб резко заболел дырка там наверное,anamnesis,symptom,False,normal,False,,False,,contextual,grok_variation,seed_006
var_seed_006_782d19,на работе пью чай и нижний правый вдруг резко ноет не проходит,anamnesis,symptom,False,normal,False,,False,,contextual,grok_variation,seed_006
var_seed_006_820085,вчера все ок а сегодня нижний правый зуб резкая боль жевать больно,anamnesis,symptom,False,normal,False,,False,,contextual,grok_variation,seed_006
var_seed_006_35a899,нижний правый зуб резко ноет,anamnesis,symptom,False,normal,False,,False,,normal,grok_variation,seed_006
var_seed_006_884cd3,справа снизу зуб сильно заболел,anamnesis,symptom,False,normal,False,,False,,normal,grok_variation,seed_006
var_seed_007_7d1fd3,десны сползли корни видно,anamnesis,symptom,False,normal,False,,False,,hurried,grok_variation,seed_007
var_seed_007_4f46d1,корни зубов оголились,anamnesis,symptom,False,normal,False,,False,,hurried,grok_variation,seed_007
var_seed_007_b580be,у ребёнка 7 лет десны спустились корни передних зубов видно после того как упал,anamnesis,symptom,False,normal,False,,False,,contextual,grok_variation,seed_007
var_seed_007_f57e07,давно заметил десны ушли вверх корни жевательных зубов оголились курю много наверное,anamnesis,symptom,False,normal,False,,False,,contextual,grok_variation,seed_007
var_seed_007_4a1282,на работе ем фастфуд десны опустились корни снизу видно чистил вчера камень,anamnesis,symptom,False,normal,False,,False,,contextual,grok_variation,seed_007
var_seed_007_c870e4,вчера чистил зубы и увидел десны сползли корни всех зубов наполовину видно страшно,anamnesis,symptom,False,normal,False,,False,,contextual,grok_variation,seed_007
var_seed_007_9ee62c,десны опустились видно корни зубов,anamnesis,symptom,False,normal,False,,False,,normal,grok_variation,seed_007
var_seed_008_134900,челюсть щелкает рот открываю,anamnesis,symptom,False,normal,False,,False,,hurried,grok_variation,seed_008
var_seed_008_e352ab,клик в челюсти при зевке,anamnesis,symptom,False,normal,False,,False,,hurried,grok_variation,seed_008
var_seed_008_c517c8,хрустит челюсть когда рот разеваю,anamnesis,symptom,False,normal,False,,False,,hurried,grok_variation,seed_008
var_seed_008_64d9a2,вчера яблоко жевал сильно рот открыл и челюсть начала щелкать теперь каждый раз,anamnesis,symptom,False,normal,False,,False,,contextual,grok_variation,seed_008
var_seed_008_2bc339,у сына 6 лет челюсть щелкает при открытии рта упал с велосипеда неделю назад может из-за этого,anamnesis,symptom,False,normal,False,,False,,contextual,grok_variation,seed_008
var_seed_008_69844f,давно уже челюсть хрустит когда рот широко открываю на работе мешает жевать бутеры,anamnesis,symptom,False,normal,False,,False,,contextual,grok_variation,seed_008
var_seed_008_0a8ad5,на диете сухую еду ем челюсть кликает при открывании интернете начиталась страшно,anamnesis,symptom,False,normal,False,,False,,contextual,grok_variation,seed_008
var_seed_008_61852e,щелкает челюсть когда рот открываю,anamnesis,symptom,False,normal,False,,False,,normal,grok_variation,seed_008
var_seed_008_a358c5,кликает в челюсти ротом,anamnesis,symptom,False,normal,False,,False,,normal,grok_variation,seed_008
var_seed_009_21ce42,болит жевать слева чот,anamnesis,symptom,False,normal,False,,False,,hurried,grok_variation,seed_009
var_seed_009_fd9d1a,жуй слева стреляет,anamnesis,symptom,False,normal,False,,False,,hurried,grok_variation,seed_009
var_seed_009_713a7a,вчера обедал слева жевать начал болеть десна раздуло,anamnesis,symptom,False,normal,False,,False,,contextual,grok_variation,seed_009
var_seed_009_569057,на работе бутер слева надкусил и понеслось боль при жевании,anamnesis,symptom,False,normal,False,,False,,contextual,grok_variation,seed_009
var_seed_009_fedf09,курю давно а теперь слева жевать неудобно ноет десна,anamnesis,symptom,False,normal,False,,False,,contextual,grok_variation,seed_009
var_seed_009_8439df,больно жевать на левой челюсти,anamnesis,symptom,False,normal,False,,False,,normal,grok_variation,seed_009
var_seed_009_bf1205,при жевании слева боль отдаёт,anamnesis,symptom,False,normal,False,,False,,normal,grok_variation,seed_009
var_seed_009_c39b28,левая сторона ноет когда ем,anamnesis,symptom,False,normal,False,,False,,normal,grok_variation,seed_009
var_seed_010_7f60c2,восьмерка лезет десна опухла,anamnesis,symptom,False,normal,False,,False,,hurried,grok_variation,seed_010
var_seed_010_2c81f2,режет десну мудрый зуб,anamnesis,symptom,False,normal,False,,False,,hurried,grok_variation,seed_010
var_seed_010_bf3f15,дочке 14 лет восьмерка полезла десна раздуло есть температура чот,anamnesis,symptom,False,normal,False,,False,,contextual,grok_variation,seed_010
var_seed_010_c70f6b,на работе жую и десна от зуба мудрости ноет опухла уже третий день,anamnesis,symptom,False,normal,False,,False,,contextual,grok_variation,seed_010
var_seed_010_c2e80e,вчера мороженое ел и десна распухла восьмерка лезет больно жевать,anamnesis,symptom,False,normal,False,,False,,contextual,grok_variation,seed_010
var_seed_010_8776ec,пью чай горячий и десна от заднего зуба жжёт опухоль растёт боюсь,anamnesis,symptom,False,normal,False,,False,,contextual,grok_variation,seed_010
var_seed_010_112dfc,зуб мудрости режет десну опухло,anamnesis,symptom,False,normal,False,,False,,normal,grok_variation,seed_010
var_seed_010_d0fb88,восьмёрка лезет десна распухла,anamnesis,symptom,False,normal,False,,False,,normal,grok_variation,seed_010
var_seed_011_1a63c0,воняет из рта,anamnesis,symptom,False,normal,False,,False,,hurried,grok_variation,seed_011
var_seed_011_1ffac9,изо рта запах чё,anamnesis,symptom,False,normal,False,,False,,hurried,grok_variation,seed_011
var_seed_011_07c1f3,на свидании девушка поморщилась изо рта воняет чот,anamnesis,symptom,False,normal,False,,False,,contextual,grok_variation,seed_011
var_seed_011_a75a2f,у сына 6 лет запах изо рта весь день жалуется на язык,anamnesis,symptom,False,normal,False,,False,,contextual,grok_variation,seed_011
var_seed_011_ee22a4,пью кофе много теперь из рта несёт как из помойки,anamnesis,symptom,False,normal,False,,False,,contextual,grok_variation,seed_011
var_seed_011_9a4cdb,на работе коллеги отходят изо рта плохой запах уже неделю,anamnesis,symptom,False,normal,False,,False,,contextual,grok_variation,seed_011
var_seed_011_426c96,беспокоит запах изо рта,anamnesis,symptom,False,normal,False,,False,,normal,grok_variation,seed_011
var_seed_013_92a211,удалили зуб кровь хлещет,anamnesis,symptom,False,urgent,False,,False,,hurried,grok_variation,seed_013
var_seed_013_ddf2af,кровит рана после вырывания,anamnesis,symptom,False,urgent,False,,False,,hurried,grok_variation,seed_013
var_seed_013_3814b6,кровью плююсь после удаления,anamnesis,symptom,False,urgent,False,,False,,hurried,grok_variation,seed_013
var_seed_013_e31c8d,вчера вырвал жевательный зуб кровь до сих пор льёт не останавливается,anamnesis,symptom,False,urgent,False,,False,,contextual,grok_variation,seed_013
var_seed_013_9d8190,ребёнку 7 лет удалили молочный а кровь сильно идёт уже полчаса,anamnesis,symptom,False,urgent,False,,False,,contextual,grok_variation,seed_013
var_seed_013_a85a81,на работе зуб выдернули вернулся домой кровь опять хлынула,anamnesis,symptom,False,urgent,False,,False,,contextual,grok_variation,seed_013
var_seed_013_bc986c,дедушке удалили сегодня зуб мудрости кровь не берёт тампоном пугаюсь,anamnesis,symptom,False,urgent,False,,False,,contextual,grok_variation,seed_013
var_seed_013_6756f9,после удаления зуба обильно кровит,anamnesis,symptom,False,urgent,False,,False,,normal,grok_variation,seed_013
var_seed_016_ddcc40,горячее ем зуб ноет,anamnesis,symptom,False,normal,False,,False,,hurried,grok_variation,seed_016
var_seed_016_24040c,от горячей боли хуже,anamnesis,symptom,False,normal,False,,False,,hurried,grok_variation,seed_016
var_seed_016_cdc615,суп жгучий зуб стреляет,anamnesis,symptom,False,normal,False,,False,,hurried,grok_variation,seed_016
var_seed_016_ca3b91,ребенку 5 лет чай горячий пьет зуб разболелся плачет сильно,anamnesis,symptom,False,normal,False,,False,,contextual,grok_variation,seed_016
var_seed_016_170ad2,вчера кашу горячую съела зуб адски ноет интернете читала нерв,anamnesis,symptom,False,normal,False,,False,,contextual,grok_variation,seed_016
var_seed_016_eb8eeb,на работе обед горячий зуб заныл неудобно но пишу,anamnesis,symptom,False,normal,False,,False,,contextual,grok_variation,seed_016
var_seed_016_45ca2e,сгонял за шаурмой горячей жрал зуб чот стреляет фигня полная,anamnesis,symptom,False,normal,False,,False,,contextual,grok_variation,seed_016
var_seed_016_d34c31,зуб от горячей еды сильнее болит,anamnesis,symptom,False,normal,False,,False,,normal,grok_variation,seed_016
var_seed_016_08ee17,при горячем зуб ноет хуже,anamnesis,symptom,False,normal,False,,False,,normal,grok_variation,seed_016
var_seed_017_05690c,зуб пульсирует ночью,anamnesis,symptom,False,normal,False,,False,,hurried,grok_variation,seed_017
var_seed_017_7004f9,ноет толчками по ночам,anamnesis,symptom,False,normal,False,,False,,hurried,grok_variation,seed_017
var_seed_017_503d36,ночью стучит в зубе,anamnesis,symptom,False,normal,False,,False,,hurried,grok_variation,seed_017
var_seed_017_3933d8,дочке 6 лет зуб ноет пульсом по ночам просыпается плачет что делать,anamnesis,symptom,False,normal,False,,False,,contextual,grok_variation,seed_017
var_seed_017_70eaad,на выходных яблоко грыз задний зуб начал пульсировать ночью спать не могу,anamnesis,symptom,False,normal,False,,False,,contextual,grok_variation,seed_017
var_seed_017_3fa77c,у деда нижний зубик толчками ноет ночами уже третий день мучается,anamnesis,symptom,False,normal,False,,False,,contextual,grok_variation,seed_017
var_seed_017_eccad0,на работе стресс зуб запульсировал по ночам выспаться не выходит,anamnesis,symptom,False,normal,False,,False,,contextual,grok_variation,seed_017
var_seed_017_c08e69,зуб ноет пульсом по ночам,anamnesis,symptom,False,normal,False,,False,,normal,grok_variation,seed_017
var_seed_019_b657ef,рот не откр чот,anamnesis,symptom,False,normal,False,,False,,hurried,grok_variation,seed_019
var_seed_019_b58f3c,челюсть не разжимаеца,anamnesis,symptom,False,normal,False,,False,,hurried,grok_variation,seed_019
var_seed_019_3778b6,заело рот не открыв,anamnesis,symptom,False,normal,False,,False,,hurried,grok_variation,seed_019
var_seed_019_715f7a,вчера зевнул сильно и теперь рот не открывается челюсть ноет,anamnesis,symptom,False,normal,False,,False,,contextual,grok_variation,seed_019
var_seed_019_c1cdd3,у сына 7 лет после карусели челюсть не двигается рот еле открывает,anamnesis,symptom,False,normal,False,,False,,contextual,grok_variation,seed_019
var_seed_019_e59b6e,ел яблоко вчера и челюсть заело рот полностью не разевается больно,anamnesis,symptom,False,normal,False,,False,,contextual,grok_variation,seed_019
var_seed_019_8fb966,на работе жевал бутер и рот перестал открываться срочно чот с челюстью,anamnesis,symptom,False,normal,False,,False,,contextual,grok_variation,seed_019
var_seed_019_673139,рот открывается не полностью,anamnesis,symptom,False,normal,False,,False,,normal,grok_variation,seed_019
var_seed_019_f23602,не могу рот широко открыть,anamnesis,symptom,False,normal,False,,False,,normal,grok_variation,seed_019
var_seed_020_001fa6,утром челюсть зажало,anamnesis,symptom,False,normal,False,,False,,hurried,grok_variation,seed_020
var_seed_020_a5dbe9,с утра челюст скованая,anamnesis,symptom,False,normal,False,,False,,hurried,grok_variation,seed_020
var_seed_020_2d53b3,проснулся сегодня челюсть как деревянная вчера зубы скрипел всю ночь,anamnesis,symptom,False,normal,False,,False,,contextual,grok_variation,seed_020
var_seed_020_138ba8,у дочки 6 лет с утра челюсть скована после того как горло болело неделю,anamnesis,symptom,False,normal,False,,False,,contextual,grok_variation,seed_020
var_seed_020_648481,на работе с утра челюсть забита скрепит при разговоре некогда к врачу,anamnesis,symptom,False,normal,False,,False,,contextual,grok_variation,seed_020
var_seed_020_cd6083,вчера пережевал много орехов теперь утром челюсть не разжимается больно,anamnesis,symptom,False,normal,False,,False,,contextual,grok_variation,seed_020
var_seed_020_7da8a1,по утрам челюсть сковывает,anamnesis,symptom,False,normal,False,,False,,normal,grok_variation,seed_020
var_seed_020_76bb84,скована челюсть с утра,anamnesis,symptom,False,normal,False,,False,,normal,grok_variation,seed_020
var_seed_021_1c65a6,скрипит зубами ночью,anamnesis,symptom,False,normal,False,,False,,hurried,grok_variation,seed_021
var_seed_021_a48d1b,зубы трут во сне,anamnesis,symptom,False,normal,False,,False,,hurried,grok_variation,seed_021
var_seed_021_809fe5,у дочки 6 лет ночами зубами скрипит просыпается плачет что делать,anamnesis,symptom,False,normal,False,,False,,contextual,grok_variation,seed_021
var_seed_021_5bd60f,в последнее время ночью зубами сильно скрежещу жена будит не спится,anamnesis,symptom,False,normal,False,,False,,contextual,grok_variation,seed_021
var_seed_021_54a446,читала в инете скрежет зубами ночью от стресса страшно опухнут челюсть,anamnesis,symptom,False,normal,False,,False,,contextual,grok_variation,seed_021
var_seed_021_5b39cf,на работе нервы ночами зубы тру друг об друга стучат весь дом слышит,anamnesis,symptom,False,normal,False,,False,,contextual,grok_variation,seed_021
var_seed_021_a735ed,ночу зубами скрежещу беспокоит,anamnesis,symptom,False,normal,False,,False,,normal,grok_variation,seed_021
var_seed_021_4437a6,скрип зубами во сне есть,anamnesis,symptom,False,normal,False,,False,,normal,grok_variation,seed_021
var_seed_022_0d6619,зубы стираютс,anamnesis,symptom,False,normal,False,,False,,hurried,grok_variation,seed_022
var_seed_022_c70d8a,края сточены,anamnesis,symptom,False,normal,False,,False,,hurried,grok_variation,seed_022
var_seed_022_b4c244,дочке 6 лет передние зубы стираются елка вчера яблоко и показал что короче стали,anamnesis,symptom,False,normal,False,,False,,contextual,grok_variation,seed_022
var_seed_022_dfc26c,на работе грызу карандаши зубы стираются жевательные особенно ноет иногда,anamnesis,symptom,False,normal,False,,False,,contextual,grok_variation,seed_022
var_seed_022_4c4e4a,мне 65 лет зубы все стираются сверху камень накопился чистить стал чаще,anamnesis,symptom,False,normal,False,,False,,contextual,grok_variation,seed_022
var_seed_022_542787,курю много нижние зубы стираются неловко улыбаться стал стесняюсь,anamnesis,symptom,False,normal,False,,False,,contextual,grok_variation,seed_022
var_seed_022_22cffb,зубы стали короче стираются,anamnesis,symptom,False,normal,False,,False,,normal,grok_variation,seed_022
var_seed_022_7e0460,передние зубы сточены давно,anamnesis,symptom,False,normal,False,,False,,normal,grok_variation,seed_022
var_seed_023_8788ad,шишка под челюстью выросла,anamnesis,symptom,False,urgent,False,,False,,hurried,grok_variation,seed_023
var_seed_023_7140e7,под челюстью узелок опух,anamnesis,symptom,False,urgent,False,,False,,hurried,grok_variation,seed_023
var_seed_023_933f5c,лимфоузел под челюстъю большой,anamnesis,symptom,False,urgent,False,,False,,hurried,grok_variation,seed_023
var_seed_023_eea871,у сына 6 лет после гриппа под челюстью шишка не проходит уже неделю,anamnesis,symptom,False,urgent,False,,False,,contextual,grok_variation,seed_023
var_seed_023_c69e8b,на работе простыл горло першит и узел под челюстью увеличился давит,anamnesis,symptom,False,urgent,False,,False,,contextual,grok_variation,seed_023
var_seed_023_c3e4ad,вчера зуб мудрости резался а теперь под челюстью бугор весь распух,anamnesis,symptom,False,urgent,False,,False,,contextual,grok_variation,seed_023
var_seed_023_727cb8,едем в отпуск а у меня под челюстью лимфоузел раздулся чот страшно,anamnesis,symptom,False,urgent,False,,False,,contextual,grok_variation,seed_023
var_seed_023_65168c,под челюстью узел увеличился,anamnesis,symptom,False,urgent,False,,False,,normal,grok_variation,seed_023
var_seed_023_c70b29,шишка под челюстью набухла,anamnesis,symptom,False,urgent,False,,False,,normal,grok_variation,seed_023
var_seed_023_44b09c,лимфоузел под челюстью распух чуток,anamnesis,symptom,False,urgent,False,,False,,normal,grok_variation,seed_023
var_seed_024_90a6ca,десна опухла шарик,anamnesis,symptom,False,normal,False,,False,,hurried,grok_variation,seed_024
var_seed_024_475b58,шишка на десне чот,anamnesis,symptom,False,normal,False,,False,,hurried,grok_variation,seed_024
var_seed_024_075bcd,на десне бугор как мячик,anamnesis,symptom,False,normal,False,,False,,hurried,grok_variation,seed_024
var_seed_024_6073cc,вчера жевал и десна раздуло шариком над зубом больно,anamnesis,symptom,False,normal,False,,False,,contextual,grok_variation,seed_024
var_seed_024_617482,у дочки 6 лет на десне вырос шарик красный не спит ноет,anamnesis,symptom,False,normal,False,,False,,contextual,grok_variation,seed_024
var_seed_024_6fa7d4,на работе заметил опухло на десне как шарик давит язык,anamnesis,symptom,False,normal,False,,False,,contextual,grok_variation,seed_024
var_seed_024_9ffb5d,давно заметил на нижней десне шарик не проходит побаливает,anamnesis,symptom,False,normal,False,,False,,contextual,grok_variation,seed_024
var_seed_024_c6d42e,на десне шарик опух что это может быть,anamnesis,symptom,False,normal,False,,False,,normal,grok_variation,seed_024
var_seed_025_e8d2ce,от сладкого ноет,anamnesis,symptom,False,normal,False,,False,,hurried,grok_variation,seed_025
var_seed_025_d9589c,сладкое ем стреляет,anamnesis,symptom,False,normal,False,,False,,hurried,grok_variation,seed_025
var_seed_025_b5baa1,зуб болит от конфет,anamnesis,symptom,False,normal,False,,False,,hurried,grok_variation,seed_025
var_seed_025_9f4106,дочке 7 лет конфету съела зуб заныл от сладкого плачет помагите,anamnesis,symptom,False,normal,False,,False,,contextual,grok_variation,seed_025
var_seed_025_b243ad,вчера торт на днюху ел теперь от сладкого зуб ноет адски что делать,anamnesis,symptom,False,normal,False,,False,,contextual,grok_variation,seed_025
var_seed_025_ec49a3,на работе шоколадку хапнул зуб начал ныть от сахара некогда болтаться,anamnesis,symptom,False,normal,False,,False,,contextual,grok_variation,seed_025
var_seed_025_274e1a,начиталась что дырка до нерва от сладкого стреляет боюсь срочно к вам,anamnesis,symptom,False,normal,False,,False,,contextual,grok_variation,seed_025
var_seed_025_54f70d,зуб реагирует на сладкое,anamnesis,symptom,False,normal,False,,False,,normal,grok_variation,seed_025
var_seed_025_5d1dbd,побаливает от сахара зуб,anamnesis,symptom,False,normal,False,,False,,normal,grok_variation,seed_025
var_seed_025_230207,ныт когда ем сладкое,anamnesis,symptom,False,normal,False,,False,,normal,grok_variation,seed_025
var_seed_026_d4f71c,десны кровят при чистке,anamnesis,symptom,False,normal,False,,False,,hurried,grok_variation,seed_026
var_seed_026_4eba9b,кровь из десен щеткой,anamnesis,symptom,False,normal,False,,False,,hurried,grok_variation,seed_026
var_seed_026_74d5eb,чищу зубы десны кровоточат,anamnesis,symptom,False,normal,False,,False,,hurried,grok_variation,seed_026
var_seed_026_d12ae0,у ребенка 6 лет десны кровят когда чистим зубы вечером особенно сильно,anamnesis,symptom,False,normal,False,,False,,contextual,grok_variation,seed_026
var_seed_026_5aeead,вчера ел яблоко потом чистил зубы и кровь из десен пошла обильная,anamnesis,symptom,False,normal,False,,False,,contextual,grok_variation,seed_026
var_seed_026_355ba1,давно заметил десны кровят при чистке утром после чая хуже чем вечером,anamnesis,symptom,False,normal,False,,False,,contextual,grok_variation,seed_026
var_seed_026_79dfd9,на работе начал чистить зубы пастой новой и десны сразу закровоточили чот не так,anamnesis,symptom,False,normal,False,,False,,contextual,grok_variation,seed_026
var_seed_026_a14f3a,десны кровят когда чищу зубы,anamnesis,symptom,False,normal,False,,False,,normal,grok_variation,seed_026
var_seed_026_4353ef,десны кровоточат от щетки,anamnesis,symptom,False,normal,False,,False,,normal,grok_variation,seed_026
var_seed_027_05c380,зуб почернел,anamnesis,symptom,False,normal,False,,False,,hurried,grok_variation,seed_027
var_seed_027_24cb09,темнеет передний,anamnesis,symptom,False,normal,False,,False,,hurried,grok_variation,seed_027
var_seed_027_547c4f,у сына зуб потемнел ему 7 лет ел конфеты и заметил вчера,anamnesis,symptom,False,normal,False,,False,,contextual,grok_variation,seed_027
var_seed_027_2c2332,на работе заметил что жевательный зуб почернел после чая курю много,anamnesis,symptom,False,normal,False,,False,,contextual,grok_variation,seed_027
var_seed_027_e836ec,дочка упала с качелей зуб передний потемнел боюсь инфекция,anamnesis,symptom,False,normal,False,,False,,contextual,grok_variation,seed_027
var_seed_027_938cd1,зуб начал темнеть,anamnesis,symptom,False,normal,False,,False,,normal,grok_variation,seed_027
var_seed_028_9977f5,ребёнок ноет когда жуёт,anamnesis,symptom,False,normal,False,,False,,hurried,grok_variation,seed_028
var_seed_028_9b5856,сын болит при еде,anamnesis,symptom,False,normal,False,,False,,hurried,grok_variation,seed_028
var_seed_028_164796,дочке 4 года вчера конфету жевала и заплакала теперь отказывается есть твёрдое,anamnesis,symptom,False,normal,False,,False,,contextual,grok_variation,seed_028
var_seed_028_320e0f,сын 6 лет упал с качелей челюсть ушиблась теперь при еде плачет сильно,anamnesis,symptom,False,normal,False,,False,,contextual,grok_variation,seed_028
var_seed_028_a2b5ec,ребёнку 3 годика после мороженого начал жаловаться на боль во рту когда кусает,anamnesis,symptom,False,normal,False,,False,,contextual,grok_variation,seed_028
var_seed_028_0a9b7c,внучка вчера яблоко грызла и заревела теперь яблоки и бутеры есть не хочет,anamnesis,symptom,False,normal,False,,False,,contextual,grok_variation,seed_028
var_seed_028_adbbc5,у ребёнка зуб ноет при еде,anamnesis,symptom,False,normal,False,,False,,normal,grok_variation,seed_028
var_seed_028_8683f5,дочь жалуется на боль когда ест,anamnesis,symptom,False,normal,False,,False,,normal,grok_variation,seed_028
var_seed_028_3a7d0c,сын побаливает во рту жуя,anamnesis,symptom,False,normal,False,,False,,normal,grok_variation,seed_028
var_seed_030_18e0f7,десны опухли красные,anamnesis,symptom,False,normal,False,,False,,hurried,grok_variation,seed_030
var_seed_030_6aecbf,у сына 6 лет десны красные опухли после конфет жрал вчера,anamnesis,symptom,False,normal,False,,False,,contextual,grok_variation,seed_030
var_seed_030_51d846,на работе стресс ем фастфуд десны раздуло красные стали болят,anamnesis,symptom,False,normal,False,,False,,contextual,grok_variation,seed_030
var_seed_030_f1f09c,курю 10 лет десны опухшие красные начал полоскать но хуже,anamnesis,symptom,False,normal,False,,False,,contextual,grok_variation,seed_030
var_seed_030_f22b8b,читала в инете десны красные опухли страшно рак или что помагите,anamnesis,symptom,False,normal,False,,False,,contextual,grok_variation,seed_030
var_seed_030_e0d01c,десны красные и опухшие,anamnesis,symptom,False,normal,False,,False,,normal,grok_variation,seed_030
var_seed_030_11144a,наблюдаю опухлость десен краснеют,anamnesis,symptom,False,normal,False,,False,,normal,grok_variation,seed_030
var_seed_031_b16791,зуб розовый после удара чот,anamnesis,symptom,False,normal,False,,False,,hurried,grok_variation,seed_031
var_seed_031_166c50,ударнул зуб розовеет,anamnesis,symptom,False,normal,False,,False,,hurried,grok_variation,seed_031
var_seed_031_489667,ребёнку 5 лет упал с качелей зуб передний стал розоватым,anamnesis,symptom,False,normal,False,,False,,contextual,grok_variation,seed_031
var_seed_031_5d7f3e,на футболе мячом в челюсть попало зуб розовый внутри ноет,anamnesis,symptom,False,normal,False,,False,,contextual,grok_variation,seed_031
var_seed_031_284256,споткнулся дома ударился зубом стал розовый помагите старику,anamnesis,symptom,False,normal,False,,False,,contextual,grok_variation,seed_031
var_seed_031_1f9f4f,дверью на работе врезало в зуб теперь розоватый чую беду,anamnesis,symptom,False,normal,False,,False,,contextual,grok_variation,seed_031
var_seed_031_de847a,после удара зуб розовый стал,anamnesis,symptom,False,normal,False,,False,,normal,grok_variation,seed_031
var_seed_033_9c8047,шишка на десне,anamnesis,symptom,False,normal,False,,False,,hurried,grok_variation,seed_033
var_seed_033_e4cbfa,свищ вылез чот,anamnesis,symptom,False,normal,False,,False,,hurried,grok_variation,seed_033
var_seed_033_90eab6,десна гнойник,anamnesis,symptom,False,normal,False,,False,,hurried,grok_variation,seed_033
var_seed_033_2dfe3c,у сына 6 лет на десне свищ выскочил вчера упал ударился,anamnesis,symptom,False,normal,False,,False,,contextual,grok_variation,seed_033
var_seed_033_c380e8,после курения на нижней десне свищ прорвало страшно жрать больно,anamnesis,symptom,False,normal,False,,False,,contextual,grok_variation,seed_033
var_seed_033_cd2674,на десне над передним зубом гнойник появился читала форумы паника,anamnesis,symptom,False,normal,False,,False,,contextual,grok_variation,seed_033
var_seed_033_ab1447,появился свищ на десне беспокоит,anamnesis,symptom,False,normal,False,,False,,normal,grok_variation,seed_033
var_seed_034_36680d,флюс щека опухла,anamnesis,symptom,False,urgent,False,,False,,hurried,grok_variation,seed_034
var_seed_034_75cc7a,вчера зуб заболел сегодня щека распухла флюс похоже,anamnesis,symptom,False,urgent,False,,False,,contextual,grok_variation,seed_034
var_seed_034_7b7c1e,у дочки 6 лет флюс щека раздуло вчера горло болело,anamnesis,symptom,False,urgent,False,,False,,contextual,grok_variation,seed_034
var_seed_034_20351c,курил вчера зуб стреляет щека как шар флюс наверное,anamnesis,symptom,False,urgent,False,,False,,contextual,grok_variation,seed_034
var_seed_034_bd35fa,флюс на зубе щека распухла,anamnesis,symptom,False,urgent,False,,False,,normal,grok_variation,seed_034
var_seed_034_14d4f4,опухла щека от флюса,anamnesis,symptom,False,urgent,False,,False,,normal,grok_variation,seed_034
var_seed_035_045bd9,губа онемела после пломбы,anamnesis,symptom,False,normal,False,,False,,hurried,grok_variation,seed_035
var_seed_035_39c925,не чувствую губу чот после лечения,anamnesis,symptom,False,normal,False,,False,,hurried,grok_variation,seed_035
var_seed_035_be20c0,губа немеет после стоматолога,anamnesis,symptom,False,normal,False,,False,,hurried,grok_variation,seed_035
var_seed_035_121fbb,дочке 6 лет вчера пломбу ставили а сегодня верхняя губа онемела не шевелится,anamnesis,symptom,False,normal,False,,False,,contextual,grok_variation,seed_035
var_seed_035_5aab70,лечили корень вчера а теперь губа не чувствую уже сутки страшно что там,anamnesis,symptom,False,normal,False,,False,,contextual,grok_variation,seed_035
var_seed_035_a2eee7,на работе пломбу делали губа нижняя онемела домой пришел а говорить неловко,anamnesis,symptom,False,normal,False,,False,,contextual,grok_variation,seed_035
var_seed_035_2eb739,после укола анестезии губа онемела не проходит читала в инете плохо кончается,anamnesis,symptom,False,normal,False,,False,,contextual,grok_variation,seed_035
var_seed_035_cfaa49,губа онемела после лечения зуба,anamnesis,symptom,False,normal,False,,False,,normal,grok_variation,seed_035
var_seed_035_682bd8,не чувствую верхнюю губу после пломбы,anamnesis,symptom,False,normal,False,,False,,normal,grok_variation,seed_035
var_seed_037_ba1d5a,отвалился кусочек зуба,anamnesis,complaint,False,normal,False,,False,,hurried,grok_variation,seed_037
var_seed_037_c5df4b,вчера ел орех и кусок от жевательного зуба отломился больно жевать,anamnesis,complaint,False,normal,False,,False,,contextual,grok_variation,seed_037
var_seed_037_15d165,у сына 5 лет грыз яблоко сломался передний зуб кусочек большой откололся,anamnesis,complaint,False,normal,False,,False,,contextual,grok_variation,seed_037
var_seed_037_0bbce7,на работе жевал бутер твёрдый кусок зуба раскололся некогда к врачу,anamnesis,complaint,False,normal,False,,False,,contextual,grok_variation,seed_037
var_seed_037_213bff,давно трещинка была а сегодня кусок от заднего зуба отвалился нерв оголился,anamnesis,complaint,False,normal,False,,False,,contextual,grok_variation,seed_037
var_seed_037_82c547,сломался кусок от зуба,anamnesis,complaint,False,normal,False,,False,,normal,grok_variation,seed_037
var_seed_038_49ba56,коронка болтается,anamnesis,complaint,False,normal,False,,False,,hurried,grok_variation,seed_038
var_seed_038_2343f9,шатаетса коронка чот,anamnesis,complaint,False,normal,False,,False,,hurried,grok_variation,seed_038
var_seed_038_2a4963,коронк виляет блин,anamnesis,complaint,False,normal,False,,False,,hurried,grok_variation,seed_038
var_seed_038_412a34,поставили коронку год назад а теперь шатается когда ем твёрдое,anamnesis,complaint,False,normal,False,,False,,contextual,grok_variation,seed_038
var_seed_038_0adad7,у сына коронка шатается упал с велика вчера что делать,anamnesis,complaint,False,normal,False,,False,,contextual,grok_variation,seed_038
var_seed_038_215511,на жевательном зубе коронка расшаталась курю много наверное,anamnesis,complaint,False,normal,False,,False,,contextual,grok_variation,seed_038
var_seed_038_69509c,давно поставили коронку она шатается на работе некогда ехать,anamnesis,complaint,False,normal,False,,False,,contextual,grok_variation,seed_038
var_seed_038_4dbf21,коронка на зубе шатается,anamnesis,complaint,False,normal,False,,False,,normal,grok_variation,seed_038
var_seed_038_7e18fe,шатается коронка подскажите,anamnesis,complaint,False,normal,False,,False,,normal,grok_variation,seed_038
var_seed_038_496b1a,коронка расшаталась что теперь,anamnesis,complaint,False,normal,False,,False,,normal,grok_variation,seed_038
var_seed_039_9774e7,треснул зуб,anamnesis,complaint,False,normal,False,,False,,hurried,grok_variation,seed_039
var_seed_039_7b02b7,трещина в зубе,anamnesis,complaint,False,normal,False,,False,,hurried,grok_variation,seed_039
var_seed_039_776a2d,сыну 6 лет упал с качелей зуб треснул что теперь,anamnesis,complaint,False,normal,False,,False,,contextual,grok_variation,seed_039
var_seed_039_3788de,начиталась в инете про треснувший зуб нерв может умереть страшно,anamnesis,complaint,False,normal,False,,False,,contextual,grok_variation,seed_039
var_seed_039_d404cf,курил кальян и зуб треснул мужику неловко идти к врачу,anamnesis,complaint,False,normal,False,,False,,contextual,grok_variation,seed_039
var_seed_039_9bd59a,задний зуб треснул после яблока,anamnesis,complaint,False,normal,False,,False,,normal,grok_variation,seed_039
var_seed_039_99ad62,зуб раскололся от мороженого,anamnesis,complaint,False,normal,False,,False,,normal,grok_variation,seed_039
var_seed_040_0b0294,скобка отклеилси,anamnesis,complaint,False,normal,False,,False,,hurried,grok_variation,seed_040
var_seed_040_967218,брекет отвалился чё,anamnesis,complaint,False,normal,False,,False,,hurried,grok_variation,seed_040
var_seed_040_3fa237,отклеилса брекетик,anamnesis,complaint,False,normal,False,,False,,hurried,grok_variation,seed_040
var_seed_040_0a93e4,сыну 14 лет брекет отклеился ел чипсы жалуется что колет язык,anamnesis,complaint,False,normal,False,,False,,contextual,grok_variation,seed_040
var_seed_040_10bad2,на жевательном зубе скобка отвалилась вчера упал на карусели рот разбил,anamnesis,complaint,False,normal,False,,False,,contextual,grok_variation,seed_040
var_seed_040_47fa01,читала что брекет слетел вся система поедет страшно срочно что,anamnesis,complaint,False,normal,False,,False,,contextual,grok_variation,seed_040
var_seed_040_068424,на переднем зубе эта штука отклеилась курю много неловко рот открывать,anamnesis,complaint,False,normal,False,,False,,contextual,grok_variation,seed_040
var_seed_040_ac0c1a,отклеился брекет на зубе,anamnesis,complaint,False,normal,False,,False,,normal,grok_variation,seed_040
var_seed_040_92402b,брекет отвалился вчера,anamnesis,complaint,False,normal,False,,False,,normal,grok_variation,seed_040
var_seed_041_24c21b,предний зуб сломалс,anamnesis,complaint,False,normal,False,,False,,hurried,grok_variation,seed_041
var_seed_041_a38353,откололся передний,anamnesis,complaint,False,normal,False,,False,,hurried,grok_variation,seed_041
var_seed_041_0525d7,вчера грыз орех и передний зуб сломался дырка теперь,anamnesis,complaint,False,normal,False,,False,,contextual,grok_variation,seed_041
var_seed_041_91ed4a,на работе куснул яблоко передний зуб треснул больно жевать не могу,anamnesis,complaint,False,normal,False,,False,,contextual,grok_variation,seed_041
var_seed_041_bbf715,пил пиво с друзьями ударился передний зуб откололся кусок чё теперь,anamnesis,complaint,False,normal,False,,False,,contextual,grok_variation,seed_041
var_seed_041_d760af,сломан передний зуб,anamnesis,complaint,False,normal,False,,False,,normal,grok_variation,seed_041
var_seed_042_c0f63f,времянка слетела,anamnesis,complaint,False,normal,False,,False,,hurried,grok_variation,seed_042
var_seed_042_dd7305,временная вылетела чот,anamnesis,complaint,False,normal,False,,False,,hurried,grok_variation,seed_042
var_seed_042_31730d,у ребенка временная пломба вылетела ел конфету и слетела дырка теперь,anamnesis,complaint,False,normal,False,,False,,contextual,grok_variation,seed_042
var_seed_042_2ae4a4,поставили временную на жевательный вчера а сегодня выпала емол что теперь,anamnesis,complaint,False,normal,False,,False,,contextual,grok_variation,seed_042
var_seed_042_52bd06,временная пломба отвалилась после еды боюсь нерв оголится интернет начиталась,anamnesis,complaint,False,normal,False,,False,,contextual,grok_variation,seed_042
var_seed_042_7a858e,времянка выскочила на работе сижу неудобно вчера ставили срочно,anamnesis,complaint,False,normal,False,,False,,contextual,grok_variation,seed_042
var_seed_042_b92495,выпала временная пломба из зуба,anamnesis,complaint,False,normal,False,,False,,normal,grok_variation,seed_042
var_seed_042_b881bb,временная слетела что делать,anamnesis,complaint,False,normal,False,,False,,normal,grok_variation,seed_042
var_seed_043_46db46,протез трет десну,anamnesis,complaint,False,normal,False,,False,,hurried,grok_variation,seed_043
var_seed_043_18e879,десну натёр протез чё,anamnesis,complaint,False,normal,False,,False,,hurried,grok_variation,seed_043
var_seed_043_ddc086,надевал протез утром трет десну жрать не могу весь день,anamnesis,complaint,False,normal,False,,False,,contextual,grok_variation,seed_043
var_seed_043_b89b88,у мамы протез новый натирает десну после обеда кровь пошла,anamnesis,complaint,False,normal,False,,False,,contextual,grok_variation,seed_043
var_seed_043_65b35a,поставили протез он мне десну сильно трет больно жевать яблоко,anamnesis,complaint,False,normal,False,,False,,contextual,grok_variation,seed_043
var_seed_043_fe7647,на работе ем бутеры протез натёр десну опухло чуток срочно,anamnesis,complaint,False,normal,False,,False,,contextual,grok_variation,seed_043
var_seed_043_774824,протез натирает десну болит,anamnesis,complaint,False,normal,False,,False,,normal,grok_variation,seed_043
var_seed_043_35d592,десна от протеза натёрта,anamnesis,complaint,False,normal,False,,False,,normal,grok_variation,seed_043
var_seed_044_11bc82,мостик отвалился,anamnesis,complaint,False,normal,False,,False,,hurried,grok_variation,seed_044
var_seed_044_1bbee8,мост слетел чё,anamnesis,complaint,False,normal,False,,False,,hurried,grok_variation,seed_044
var_seed_044_4a862c,отпал мост блин,anamnesis,complaint,False,normal,False,,False,,hurried,grok_variation,seed_044
var_seed_044_9b1121,вчера жевал хлеб и мост отвалился теперь висит на боку,anamnesis,complaint,False,normal,False,,False,,contextual,grok_variation,seed_044
var_seed_044_2d2642,на работе ем обед мостик слетел некогда ехать домой сразу,anamnesis,complaint,False,normal,False,,False,,contextual,grok_variation,seed_044
var_seed_044_5c6623,мост отпал читала в инете инфекция пойдет страшно делать,anamnesis,complaint,False,normal,False,,False,,contextual,grok_variation,seed_044
var_seed_044_bf55cf,ел орехи вечером и мост отвалился десна оголилась чуть,anamnesis,complaint,False,normal,False,,False,,contextual,grok_variation,seed_044
var_seed_044_81b77c,мостик слетел что посоветуете,anamnesis,complaint,False,normal,False,,False,,normal,grok_variation,seed_044
var_seed_044_073745,нужен совет мост отпал,anamnesis,complaint,False,normal,False,,False,,normal,grok_variation,seed_044
var_seed_045_3be3c8,два передних выбило,anamnesis,complaint,False,normal,False,,False,,hurried,grok_variation,seed_045
var_seed_045_9c62d3,сломал два резца,anamnesis,complaint,False,normal,False,,False,,hurried,grok_variation,seed_045
var_seed_045_899a12,нет двух передних зубов,anamnesis,complaint,False,normal,False,,False,,hurried,grok_variation,seed_045
var_seed_045_91774e,на футболе мячом в рот два передних зуба выбило блин,anamnesis,complaint,False,normal,False,,False,,contextual,grok_variation,seed_045
var_seed_045_808adf,ребёнку 8 лет упал с дерева потерял два передних зуба что теперь,anamnesis,complaint,False,normal,False,,False,,contextual,grok_variation,seed_045
var_seed_045_2321c5,вчера драка была два передних резца нет страшно выглядит,anamnesis,complaint,False,normal,False,,False,,contextual,grok_variation,seed_045
var_seed_045_4f0a58,на велике врезался в столб два передних зуба сломало чот,anamnesis,complaint,False,normal,False,,False,,contextual,grok_variation,seed_045
var_seed_045_21f6c1,потерял два передних зуба недавно,anamnesis,complaint,False,normal,False,,False,,normal,grok_variation,seed_045
var_seed_045_4d3415,два резца отсутствуют у меня,anamnesis,complaint,False,normal,False,,False,,normal,grok_variation,seed_045
var_seed_046_77736c,зуб крошитс блин,anamnesis,complaint,False,normal,False,,False,,hurried,grok_variation,seed_046
var_seed_046_daa1f2,жевательный осыпаетса,anamnesis,complaint,False,normal,False,,False,,hurried,grok_variation,seed_046
var_seed_046_336a27,вчера грыз семечки и зуб крошится кусочки во рту чот,anamnesis,complaint,False,normal,False,,False,,contextual,grok_variation,seed_046
var_seed_046_fb7cd6,у дочки 5 лет молочный зуб крошится боится чистить плачет сильно,anamnesis,complaint,False,normal,False,,False,,contextual,grok_variation,seed_046
var_seed_046_38523f,давно зуб на боку крошится сплевываю обломки когда ем мягкое,anamnesis,complaint,False,normal,False,,False,,contextual,grok_variation,seed_046
var_seed_046_e79159,читала в инете зуб крошится это конец нерву паника у меня,anamnesis,complaint,False,normal,False,,False,,contextual,grok_variation,seed_046
var_seed_046_47eb45,зуб начал крошиться кусками,anamnesis,complaint,False,normal,False,,False,,normal,grok_variation,seed_046
var_seed_046_9177b6,мой зуб осыпается потихоньку,anamnesis,complaint,False,normal,False,,False,,normal,grok_variation,seed_046
var_seed_047_133e6b,штифт выпал блин,anamnesis,complaint,False,normal,False,,False,,hurried,grok_variation,seed_047
var_seed_047_8659ab,вчера ел яблоко штифт из жевательного зуба вылетел дырка теперь огромная,anamnesis,complaint,False,normal,False,,False,,contextual,grok_variation,seed_047
var_seed_047_30a28b,у дочки 6 лет штифт выпал после того как упала с качелей помагите,anamnesis,complaint,False,normal,False,,False,,contextual,grok_variation,seed_047
var_seed_047_55e416,давно поставили штифт в корень а он выпал читала в инете страшно инфекция,anamnesis,complaint,False,normal,False,,False,,contextual,grok_variation,seed_047
var_seed_047_02d2e1,выпал штифт из зуба,anamnesis,complaint,False,normal,False,,False,,normal,grok_variation,seed_047
var_seed_047_892214,штифт слетел что делать,anamnesis,complaint,False,normal,False,,False,,normal,grok_variation,seed_047
var_seed_048_3c8779,проволка брекетов щеку режет,anamnesis,complaint,False,normal,False,,False,,hurried,grok_variation,seed_048
var_seed_048_497dab,брекеты проволокой щеку дерут,anamnesis,complaint,False,normal,False,,False,,hurried,grok_variation,seed_048
var_seed_048_ab8891,царапает проволока внутри щеки,anamnesis,complaint,False,normal,False,,False,,hurried,grok_variation,seed_048
var_seed_048_f04b80,дочке брекеты поставили проволочка вылезла щеку поцарапала вчера яблоко жевала,anamnesis,complaint,False,normal,False,,False,,contextual,grok_variation,seed_048
var_seed_048_5c03c4,ношу брекеты месяц проволока щеку трёт внутри болит на работе некогда к врачу,anamnesis,complaint,False,normal,False,,False,,contextual,grok_variation,seed_048
var_seed_048_49f222,у сына подростка брекеты а проволока щеку колет краснеет чот после еды хуже,anamnesis,complaint,False,normal,False,,False,,contextual,grok_variation,seed_048
var_seed_048_0c3aeb,проволока брекетов царапает внутреннюю сторону щеки,anamnesis,complaint,False,normal,False,,False,,normal,grok_variation,seed_048
var_seed_048_03e629,брекетная проволока трёт щеку внутри,anamnesis,complaint,False,normal,False,,False,,normal,grok_variation,seed_048
var_seed_049_598018,винир слетел,anamnesis,complaint,False,normal,False,,False,,hurried,grok_variation,seed_049
var_seed_049_01d806,винир отклеился зуб,anamnesis,complaint,False,normal,False,,False,,hurried,grok_variation,seed_049
var_seed_049_38a218,кушал яблоко и винир отвалился с переднего зуба теперь болит,anamnesis,complaint,False,normal,False,,False,,contextual,grok_variation,seed_049
var_seed_049_216056,у дочки винир с зуба слетел поставили недавно она кричит,anamnesis,complaint,False,normal,False,,False,,contextual,grok_variation,seed_049
var_seed_049_9b10c4,на работе пил кофе винир отвалился срочно нужно починить,anamnesis,complaint,False,normal,False,,False,,contextual,grok_variation,seed_049
var_seed_049_6d99fe,давно поставили винир вчера чистил зубы и он отклеился что теперь,anamnesis,complaint,False,normal,False,,False,,contextual,grok_variation,seed_049
var_seed_049_c2c801,винир отвалился с зуба,anamnesis,complaint,False,normal,False,,False,,normal,grok_variation,seed_049
var_seed_049_b39401,слетел винир с переднего,anamnesis,complaint,False,normal,False,,False,,normal,grok_variation,seed_049
var_seed_049_a228b1,отклеился винир что делать,anamnesis,complaint,False,normal,False,,False,,normal,grok_variation,seed_049
var_seed_050_5afacc,зуб сгнил до корня,anamnesis,complaint,False,normal,False,,False,,hurried,grok_variation,seed_050
var_seed_050_b44a84,вчера ел орех чпок зуб развалился до корня дырка большая,anamnesis,complaint,False,normal,False,,False,,contextual,grok_variation,seed_050
var_seed_050_59596d,давно ныл жевательный зуб а теперь сгнил до корня камень был,anamnesis,complaint,False,normal,False,,False,,contextual,grok_variation,seed_050
var_seed_050_acc391,на даче сломал зуб твердым до корня теперь ноет не могу есть,anamnesis,complaint,False,normal,False,,False,,contextual,grok_variation,seed_050
var_seed_050_27cba8,зуб разрушен до корня ноет,anamnesis,complaint,False,normal,False,,False,,normal,grok_variation,seed_050
var_seed_050_7b775a,остался корень зуба сгнил,anamnesis,complaint,False,normal,False,,False,,normal,grok_variation,seed_050
var_seed_050_b6081a,дырка в зубе до корня,anamnesis,complaint,False,normal,False,,False,,normal,grok_variation,seed_050
var_seed_051_fcefc3,передние стерлись,anamnesis,complaint,False,normal,False,,False,,hurried,grok_variation,seed_051
var_seed_051_715f2f,спереди зубы истёрты,anamnesis,complaint,False,normal,False,,False,,hurried,grok_variation,seed_051
var_seed_051_3ed3a8,передки сточены чот,anamnesis,complaint,False,normal,False,,False,,hurried,grok_variation,seed_051
var_seed_051_4982f6,дочь 6 лет соску сильно жевала передние зубки стёрлись теперь видно,anamnesis,complaint,False,normal,False,,False,,contextual,grok_variation,seed_051
var_seed_051_70fbd7,на работе кофе тоннами пью передние зубы стёрлись пожелтели стыдно улыбаться,anamnesis,complaint,False,normal,False,,False,,contextual,grok_variation,seed_051
var_seed_051_aa29d4,кислые яблоки ем каждый день передние зубы истёрлись тонкие стали,anamnesis,complaint,False,normal,False,,False,,contextual,grok_variation,seed_051
var_seed_051_51b170,передние зубы стёрлись давно,anamnesis,complaint,False,normal,False,,False,,normal,grok_variation,seed_051
var_seed_052_501720,пломба почернела блин,anamnesis,complaint,False,normal,False,,False,,hurried,grok_variation,seed_052
var_seed_052_0e9476,темная пломба чот,anamnesis,complaint,False,normal,False,,False,,hurried,grok_variation,seed_052
var_seed_052_0f8518,у дочки пломба на молочке потемнела улыбается и все видно некрасиво,anamnesis,complaint,False,normal,False,,False,,contextual,grok_variation,seed_052
var_seed_052_40b836,давно поставил пломбу она почернела теперь видно когда рот открываю стыд,anamnesis,complaint,False,normal,False,,False,,contextual,grok_variation,seed_052
var_seed_052_7f579e,на переднем зубе пломба потемнела на свадьбе через неделю неудобно,anamnesis,complaint,False,normal,False,,False,,contextual,grok_variation,seed_052
var_seed_052_12e553,ел шоколад и пломба потемнела еще больше читала это гниет внутри,anamnesis,complaint,False,normal,False,,False,,contextual,grok_variation,seed_052
var_seed_052_4fadcd,пломба потемнела некрасиво смотрится,anamnesis,complaint,False,normal,False,,False,,normal,grok_variation,seed_052
var_seed_052_169038,старая пломба почернела видно,anamnesis,complaint,False,normal,False,,False,,normal,grok_variation,seed_052
var_seed_053_76dad1,щели меж зубами шире стали,anamnesis,complaint,False,normal,False,,False,,hurried,grok_variation,seed_053
var_seed_053_07a2fd,зубы чот разъехались,anamnesis,complaint,False,normal,False,,False,,hurried,grok_variation,seed_053
var_seed_053_f2d910,у дочки зазоры меж передними зубами увеличились ей 7 лет упала недавно может от этого,anamnesis,complaint,False,normal,False,,False,,contextual,grok_variation,seed_053
var_seed_053_58d343,после беременности щели между зубами стали шире жую и забивается едой,anamnesis,complaint,False,normal,False,,False,,contextual,grok_variation,seed_053
var_seed_053_7b469e,на работе заметил промежутки меж зубов побольше раньше плотнее стояли курю много,anamnesis,complaint,False,normal,False,,False,,contextual,grok_variation,seed_053
var_seed_053_876a21,вчера чистил зубы увидел щели шире стали нервничаю читала в инете пародонтит,anamnesis,complaint,False,normal,False,,False,,contextual,grok_variation,seed_053
var_seed_053_1396df,увеличились промежутки между зубами,anamnesis,complaint,False,normal,False,,False,,normal,grok_variation,seed_053
var_seed_053_9daf0a,зазоры между зубами побольше,anamnesis,complaint,False,normal,False,,False,,normal,grok_variation,seed_053
var_seed_054_6b9de7,проводок сломался,anamnesis,complaint,False,normal,False,,False,,hurried,grok_variation,seed_054
var_seed_054_5fb12e,дуга отвалилась,anamnesis,complaint,False,normal,False,,False,,hurried,grok_variation,seed_054
var_seed_054_2df663,скоба порвалась,anamnesis,complaint,False,normal,False,,False,,hurried,grok_variation,seed_054
var_seed_054_16695a,дочке 12 лет сняли брекеты поставили проводок сзади а он вчера сломался во время еды,anamnesis,complaint,False,normal,False,,False,,contextual,grok_variation,seed_054
var_seed_054_512768,после орто поставили такую проволочку на внутреннюю сторону зубов а она отогнулась кусочек торчит,anamnesis,complaint,False,normal,False,,False,,contextual,grok_variation,seed_054
var_seed_054_326cea,студент чот грыз семечки и сломал ту штуку что держит зубы ровно после брекетов,anamnesis,complaint,False,normal,False,,False,,contextual,grok_variation,seed_054
var_seed_054_b1fa0a,сломался провод за зубами,anamnesis,complaint,False,normal,False,,False,,normal,grok_variation,seed_054
var_seed_054_d5e9a2,дуга на зубах слетела,anamnesis,complaint,False,normal,False,,False,,normal,grok_variation,seed_054
var_seed_054_8656af,проводок от брекетов сломалса,anamnesis,complaint,False,normal,False,,False,,normal,grok_variation,seed_054
var_seed_055_8789aa,штифт шатаетс,anamnesis,complaint,False,normal,False,,False,,hurried,grok_variation,seed_055
var_seed_055_7479af,имплант расшатался,anamnesis,complaint,False,normal,False,,False,,hurried,grok_variation,seed_055
var_seed_055_cf2b04,вставка шатаетс блин,anamnesis,complaint,False,normal,False,,False,,hurried,grok_variation,seed_055
var_seed_055_26de23,поставили имплант год назад ел яблоко и шатается теперь сильно,anamnesis,complaint,False,normal,False,,False,,contextual,grok_variation,seed_055
var_seed_055_ba5341,у мужа имплант на жевательном шатается отказывается идти к врачу,anamnesis,complaint,False,normal,False,,False,,contextual,grok_variation,seed_055
var_seed_055_4c6607,два месяца как имплант стоит а теперь шатаетс болит чуток,anamnesis,complaint,False,normal,False,,False,,contextual,grok_variation,seed_055
var_seed_055_54a3c6,имплант шатается уже неделю,anamnesis,complaint,False,normal,False,,False,,normal,grok_variation,seed_055
var_seed_055_f78e60,мой имплант начал расшатываться,anamnesis,complaint,False,normal,False,,False,,normal,grok_variation,seed_055
var_seed_056_7b7d07,лечили нерв хуже,anamnesis,complaint,False,normal,False,,False,,hurried,grok_variation,seed_056
var_seed_056_dc8cd2,после канала ноет сильнее,anamnesis,complaint,False,normal,False,,False,,hurried,grok_variation,seed_056
var_seed_056_9f575f,чистка зуба болит хуже,anamnesis,complaint,False,normal,False,,False,,hurried,grok_variation,seed_056
var_seed_056_5939ee,дочке неделю назад нерв лечили а щека опухла и болит сильно не спит,anamnesis,complaint,False,normal,False,,False,,contextual,grok_variation,seed_056
var_seed_056_3c71c2,в пятницу прочищали канал в жевательном а вчера вечером разболелось адски таблетки не берут,anamnesis,complaint,False,normal,False,,False,,contextual,grok_variation,seed_056
var_seed_056_2b9a82,мне мужу чистили внутри зуба под коронкой а теперь стреляет в ухо читала осложнения страшные,anamnesis,complaint,False,normal,False,,False,,contextual,grok_variation,seed_056
var_seed_056_52051e,на работе зуб лечили нерв а через день раздуло десну чот инфекция может,anamnesis,complaint,False,normal,False,,False,,contextual,grok_variation,seed_056
var_seed_056_7d3c9b,после лечения нерва зуб ноет сильнее,anamnesis,complaint,False,normal,False,,False,,normal,grok_variation,seed_056
var_seed_056_5ba487,чистили канал стало хуже болит,anamnesis,complaint,False,normal,False,,False,,normal,grok_variation,seed_056
var_seed_056_1a9e69,лечение внутри зуба не помогло ухудшилось,anamnesis,complaint,False,normal,False,,False,,normal,grok_variation,seed_056
var_seed_057_4ecafc,зуб сдвинол после удара,anamnesis,complaint,False,normal,False,,False,,hurried,grok_variation,seed_057
var_seed_057_05cb0c,сдвинулся зуб чот от чина,anamnesis,complaint,False,normal,False,,False,,hurried,grok_variation,seed_057
var_seed_057_1f4523,ребёнку 5 лет с горки свалился передний зуб теперь криво стоит,anamnesis,complaint,False,normal,False,,False,,contextual,grok_variation,seed_057
var_seed_057_4b5026,споткнулся на улице упал мордой на асфальт зуб сместился болит,anamnesis,complaint,False,normal,False,,False,,contextual,grok_variation,seed_057
var_seed_057_5732c1,дома поскользнулась на ковре удар в зуб теперь он на боку,anamnesis,complaint,False,normal,False,,False,,contextual,grok_variation,seed_057
var_seed_057_fe8e87,после удара зуб немного сдвинулся,anamnesis,complaint,False,normal,False,,False,,normal,grok_variation,seed_057
var_seed_058_db198e,протез выпадат,anamnesis,complaint,False,normal,False,,False,,hurried,grok_variation,seed_058
var_seed_058_c87c25,съемник не сидит,anamnesis,complaint,False,normal,False,,False,,hurried,grok_variation,seed_058
var_seed_058_8be262,челюсть съёмная сползает,anamnesis,complaint,False,normal,False,,False,,hurried,grok_variation,seed_058
var_seed_058_89c24a,новый протез поставили а он выскальзывает когда жую яблоко,anamnesis,complaint,False,normal,False,,False,,contextual,grok_variation,seed_058
var_seed_058_8e9673,у мамы съёмная челюсть не держится уже год ем с ложки,anamnesis,complaint,False,normal,False,,False,,contextual,grok_variation,seed_058
var_seed_058_4c5086,на работе ем обед протез выпадет коллеги ржут стыдоба,anamnesis,complaint,False,normal,False,,False,,contextual,grok_variation,seed_058
var_seed_058_4f242f,давно ношу съёмный протез стал шататься вчера чуть не проглотил кусок,anamnesis,complaint,False,normal,False,,False,,contextual,grok_variation,seed_058
var_seed_058_d63863,съёмный протез не держится,anamnesis,complaint,False,normal,False,,False,,normal,grok_variation,seed_058
var_seed_058_677020,протез съёмный выпадает,anamnesis,complaint,False,normal,False,,False,,normal,grok_variation,seed_058
var_seed_058_6949e2,не сидит съёмная челюсть,anamnesis,complaint,False,normal,False,,False,,normal,grok_variation,seed_058
var_seed_059_0ab45a,откололса кусок спереди,anamnesis,complaint,False,normal,False,,False,,hurried,grok_variation,seed_059
var_seed_059_435aa1,ребенку 5 лет упала с качелей скол на переднем зубе чё делать,anamnesis,complaint,False,normal,False,,False,,contextual,grok_variation,seed_059
var_seed_059_35586a,на работе бутер с орехами жевал скололся передний зуб срочно помагите,anamnesis,complaint,False,normal,False,,False,,contextual,grok_variation,seed_059
var_seed_059_ee7351,падал с велика сынок передний зуб треснул скол большой боюсь инфекция,anamnesis,complaint,False,normal,False,,False,,contextual,grok_variation,seed_059
var_seed_059_1f825d,откололся кусочек от переднего зуба,anamnesis,complaint,False,normal,False,,False,,normal,grok_variation,seed_059
var_seed_060_cf9c7e,камень на зубах,anamnesis,complaint,False,normal,False,,False,,hurried,grok_variation,seed_060
var_seed_060_e207b7,зубы в камне чот,anamnesis,complaint,False,normal,False,,False,,hurried,grok_variation,seed_060
var_seed_060_e0c81e,налет твердый скопился,anamnesis,complaint,False,normal,False,,False,,hurried,grok_variation,seed_060
var_seed_060_554b60,у дочки камень на зубках не чистили годик плачет когда чистим,anamnesis,complaint,False,normal,False,,False,,contextual,grok_variation,seed_060
var_seed_060_eb87b9,давно не чистил зубы камень весь покрыл курю много видно на работе,anamnesis,complaint,False,normal,False,,False,,contextual,grok_variation,seed_060
var_seed_060_8cb849,на передних зубах камень нарос после отпуска не ходил к стоматологу,anamnesis,complaint,False,normal,False,,False,,contextual,grok_variation,seed_060
var_seed_060_49d15e,начиталась что камень вредный для десен у меня весь рот в нем паника,anamnesis,complaint,False,normal,False,,False,,contextual,grok_variation,seed_060
var_seed_060_de5a3a,на зубах камень накопился давно,anamnesis,complaint,False,normal,False,,False,,normal,grok_variation,seed_060
var_seed_061_366193,дочке чёрные дырки на зубах,anamnesis,complaint,False,normal,False,,False,,hurried,grok_variation,seed_061
var_seed_061_f35755,у сына чёрные точки зубки,anamnesis,complaint,False,normal,False,,False,,hurried,grok_variation,seed_061
var_seed_061_15fe7d,малышу дырочки чёрные,anamnesis,complaint,False,normal,False,,False,,hurried,grok_variation,seed_061
var_seed_061_95ffa5,ребёнку 5 лет ем сладкое чёрные дырочки на передних зубах появились,anamnesis,complaint,False,normal,False,,False,,contextual,grok_variation,seed_061
var_seed_061_8b304c,в садике воспитательница сказала у дочки чёрные точки на жевательных зубках,anamnesis,complaint,False,normal,False,,False,,contextual,grok_variation,seed_061
var_seed_061_10fa1a,сыну 3 года упал с качелей теперь чёрные дыры в зубах заметила,anamnesis,complaint,False,normal,False,,False,,contextual,grok_variation,seed_061
var_seed_061_fc4f56,дочке много шоколада ела чёрные пятнышки на зубках выросли за неделю,anamnesis,complaint,False,normal,False,,False,,contextual,grok_variation,seed_061
var_seed_061_c54600,у ребёнка чёрные дырочки на зубках появились,anamnesis,complaint,False,normal,False,,False,,normal,grok_variation,seed_061
var_seed_062_73bd9d,у сына камень на зубах,anamnesis,complaint,False,normal,False,,False,,hurried,grok_variation,seed_062
var_seed_062_a36bd1,ребенку налет скопился,anamnesis,complaint,False,normal,False,,False,,hurried,grok_variation,seed_062
var_seed_062_80c9fb,дочке 4 года на зубах желтый налет после сладкого не отмывается,anamnesis,complaint,False,normal,False,,False,,contextual,grok_variation,seed_062
var_seed_062_cbb863,внуку 5 лет камень на передних зубах заметила боится чистить,anamnesis,complaint,False,normal,False,,False,,contextual,grok_variation,seed_062
var_seed_062_d441a4,сыну после поездки налет толстый на жевательных зубах чот,anamnesis,complaint,False,normal,False,,False,,contextual,grok_variation,seed_062
var_seed_062_c47a53,малышке 2 года камень на зубках желтеет от еды не помогает,anamnesis,complaint,False,normal,False,,False,,contextual,grok_variation,seed_062
var_seed_062_ece8ac,у ребенка налет на зубах появился,anamnesis,complaint,False,normal,False,,False,,normal,grok_variation,seed_062
var_seed_062_4d16bc,камень на зубах у сына есть,anamnesis,complaint,False,normal,False,,False,,normal,grok_variation,seed_062
var_seed_063_35ba3b,нету зубов жевать неудобно,anamnesis,complaint,False,normal,False,,False,,hurried,grok_variation,seed_063
var_seed_063_9080b5,пропало зубов чё жевать,anamnesis,complaint,False,normal,False,,False,,hurried,grok_variation,seed_063
var_seed_063_76d312,ребенку 6 лет нет двух жевательных сзади жует только мягкое на одной стороне,anamnesis,complaint,False,normal,False,,False,,contextual,grok_variation,seed_063
var_seed_063_3fbf60,на работе ем обед а нет зубов снизу застревает еда неудобно,anamnesis,complaint,False,normal,False,,False,,contextual,grok_variation,seed_063
var_seed_063_db337e,давно нет трех зубов жевательных яблоко не могу нормально пережевать,anamnesis,complaint,False,normal,False,,False,,contextual,grok_variation,seed_063
var_seed_063_720f2a,курю ем орехи а слева нет двух зубов крошится все не жую нормально,anamnesis,complaint,False,normal,False,,False,,contextual,grok_variation,seed_063
var_seed_063_db61e7,отсутствуют несколько зубов жевать неудобно,anamnesis,complaint,False,normal,False,,False,,normal,grok_variation,seed_063
var_seed_063_083e91,пропали зубы проблема с жеванием,anamnesis,complaint,False,normal,False,,False,,normal,grok_variation,seed_063
var_seed_064_c39930,зубы серые стесняюсь,anamnesis,complaint,False,normal,False,,False,,hurried,grok_variation,seed_064
var_seed_064_ab02ad,серые зубы блин,anamnesis,complaint,False,normal,False,,False,,hurried,grok_variation,seed_064
var_seed_064_2554a1,зубы потемнели стыдно улыбаться,anamnesis,complaint,False,normal,False,,False,,hurried,grok_variation,seed_064
var_seed_064_f48944,дочке 7 лет зубки посерели в школе стесняется рот открывать все дразнят,anamnesis,complaint,False,normal,False,,False,,contextual,grok_variation,seed_064
var_seed_064_1f86c7,курю давно зубы посерели на работе улыбаюсь редко комплексы мучают,anamnesis,complaint,False,normal,False,,False,,contextual,grok_variation,seed_064
var_seed_064_97d5c7,вчера на фото увидел зубы серые стесняюсь девушке улыбаться свидание скоро,anamnesis,complaint,False,normal,False,,False,,contextual,grok_variation,seed_064
var_seed_064_d1cf95,зубы посерели стесняюсь улыбки,anamnesis,complaint,False,normal,False,,False,,normal,grok_variation,seed_064
var_seed_064_181b38,серый налет на зубах неудобно,anamnesis,complaint,False,normal,False,,False,,normal,grok_variation,seed_064
var_seed_064_5cb1a1,зубы серого цвета улыбаюсь редко,anamnesis,complaint,False,normal,False,,False,,normal,grok_variation,seed_064
var_seed_065_17b9d9,щель между передними чот,anamnesis,complaint,False,normal,False,,False,,hurried,grok_variation,seed_065
var_seed_065_e025a2,зазор у передних зубов,anamnesis,complaint,False,normal,False,,False,,hurried,grok_variation,seed_065
var_seed_065_90ba10,у дочки 6 лет щель между передними зубками большая заметили на фото,anamnesis,complaint,False,normal,False,,False,,contextual,grok_variation,seed_065
var_seed_065_17f593,с детства щель между передними зубами комплексы из-за неё на работе,anamnesis,complaint,False,normal,False,,False,,contextual,grok_variation,seed_065
var_seed_065_2a5f4f,вчера улыбнулась в зеркало щель между передними зубами опухла десна чуть,anamnesis,complaint,False,normal,False,,False,,contextual,grok_variation,seed_065
var_seed_065_c00bbe,давно щель меж передних зубов растёт наверное после беременности так,anamnesis,complaint,False,normal,False,,False,,contextual,grok_variation,seed_065
var_seed_065_b41216,щель между передними зубами есть,anamnesis,complaint,False,normal,False,,False,,normal,grok_variation,seed_065
var_seed_065_3927dc,беспокоит зазор передних зубов,anamnesis,complaint,False,normal,False,,False,,normal,grok_variation,seed_065
var_seed_065_3afbeb,между передними щель заметна,anamnesis,complaint,False,normal,False,,False,,normal,grok_variation,seed_065
var_seed_066_985f9a,кривые зубы чё,anamnesis,complaint,False,normal,False,,False,,hurried,grok_variation,seed_066
var_seed_066_14517f,неровно зубы,anamnesis,complaint,False,normal,False,,False,,hurried,grok_variation,seed_066
var_seed_066_76d1cc,у сына зубы кривые растут стесняется улыбаться в садике что посоветуете,anamnesis,complaint,False,normal,False,,False,,contextual,grok_variation,seed_066
var_seed_066_bcbb6e,всю жизнь зубы неровные начиталась в инете страшно исправлять а жить так не могу,anamnesis,complaint,False,normal,False,,False,,contextual,grok_variation,seed_066
var_seed_066_59b8f4,на работе улыбаюсь а зубы кривые все замечают мужик взрослый а стыдно,anamnesis,complaint,False,normal,False,,False,,contextual,grok_variation,seed_066
var_seed_066_a150df,с детства зубы криво выросли ел много сладкого теперь передние выпирают,anamnesis,complaint,False,normal,False,,False,,contextual,grok_variation,seed_066
var_seed_066_5833b8,зубы неровные что делать,anamnesis,complaint,False,normal,False,,False,,normal,grok_variation,seed_066
var_seed_066_d67954,есть проблема с кривыми зубами,anamnesis,complaint,False,normal,False,,False,,normal,grok_variation,seed_066
var_seed_067_30832c,прикус кривой,anamnesis,complaint,False,normal,False,,False,,hurried,grok_variation,seed_067
var_seed_067_158983,у сына 8 лет нижняя челюсть вперед торчит жует с трудом кусок яблока проглотить не может,anamnesis,complaint,False,normal,False,,False,,contextual,grok_variation,seed_067
var_seed_067_e7ea18,работаю за компом щеку прикусываю постоянно прикус не такой челюсти не сходятся,anamnesis,complaint,False,normal,False,,False,,contextual,grok_variation,seed_067
var_seed_067_dbadda,вчера зеркало в рот сунул зубы криво стоят верхние на нижние налезают плохо жевать мешает,anamnesis,complaint,False,normal,False,,False,,contextual,grok_variation,seed_067
var_seed_067_60c141,на пляже улыбаться стыдно из за кривого прикуса нижняя челюсть шире верхней фотки удаляю,anamnesis,complaint,False,normal,False,,False,,contextual,grok_variation,seed_067
var_seed_067_6b6e0a,прикус неправильный беспокоит,anamnesis,complaint,False,normal,False,,False,,normal,grok_variation,seed_067
var_seed_067_e7f931,зубы не в ряд смыкаются,anamnesis,complaint,False,normal,False,,False,,normal,grok_variation,seed_067
var_seed_067_d089b6,проблема с прикусом есть,anamnesis,complaint,False,normal,False,,False,,normal,grok_variation,seed_067
var_seed_068_5ade6d,у сына зубы не влезают,anamnesis,complaint,False,normal,False,,False,,hurried,grok_variation,seed_068
var_seed_068_dd3b14,дитя зубы скучены чот,anamnesis,complaint,False,normal,False,,False,,hurried,grok_variation,seed_068
var_seed_068_91b6e2,ребёнку тесно зубам,anamnesis,complaint,False,normal,False,,False,,hurried,grok_variation,seed_068
var_seed_068_e5ef6c,дочке 8 лет новые зубы лезут а старые не сдвинулись места нет,anamnesis,complaint,False,normal,False,,False,,contextual,grok_variation,seed_068
var_seed_068_b9c77c,внуку 6 лет челюсть узкая зубки налезли друг на друга вчера заметил,anamnesis,complaint,False,normal,False,,False,,contextual,grok_variation,seed_068
var_seed_068_af13ac,сыну 10 лет после удаления молочных зубы растут криво теснота страшная,anamnesis,complaint,False,normal,False,,False,,contextual,grok_variation,seed_068
var_seed_068_c855dc,малышке 7 лет зубы толкаются нет места для жевательных прочитала в инете плохо,anamnesis,complaint,False,normal,False,,False,,contextual,grok_variation,seed_068
var_seed_068_43baa2,у ребёнка зубы стоят тесно,anamnesis,complaint,False,normal,False,,False,,normal,grok_variation,seed_068
var_seed_068_26a0f4,дочке не хватает места для зубов,anamnesis,complaint,False,normal,False,,False,,normal,grok_variation,seed_068
var_seed_068_fc2834,у сына зубы налезли друг на друга,anamnesis,complaint,False,normal,False,,False,,normal,grok_variation,seed_068
var_seed_069_db996e,у сына рот не закрыт,anamnesis,complaint,False,normal,False,,False,,hurried,grok_variation,seed_069
var_seed_069_52fcc8,дочке рот открыт чот,anamnesis,complaint,False,normal,False,,False,,hurried,grok_variation,seed_069
var_seed_069_d866e6,сыну 5 лет вчера упал с качелей рот теперь не закрывается плачет,anamnesis,complaint,False,normal,False,,False,,contextual,grok_variation,seed_069
var_seed_069_5b970a,внучке после лечения зубика челюсть не сомкнуть опухло всё вокруг,anamnesis,complaint,False,normal,False,,False,,contextual,grok_variation,seed_069
var_seed_069_0c01f6,дочери 3 года вдруг рот не закрывает полностью начиталась в инете страшно,anamnesis,complaint,False,normal,False,,False,,contextual,grok_variation,seed_069
var_seed_069_d30927,мальчику 6 лет ел конфету и челюсть застряла не закрывается рот,anamnesis,complaint,False,normal,False,,False,,contextual,grok_variation,seed_069
var_seed_069_97ee0a,у ребёнка рот не закрывается нормально,anamnesis,complaint,False,normal,False,,False,,normal,grok_variation,seed_069
var_seed_069_3665bf,дочка не может рот сомкнуть,anamnesis,complaint,False,normal,False,,False,,normal,grok_variation,seed_069
var_seed_071_ddcb91,хочу зубы отбелить,anamnesis,treatment_interest,False,normal,False,,False,,hurried,grok_variation,seed_071
var_seed_071_36eec9,отбеливание чё как,anamnesis,treatment_interest,False,normal,False,,False,,hurried,grok_variation,seed_071
var_seed_071_a4f5d1,курю пачку в день зубы желтые от никотина хочу отбелить перед отпуском,anamnesis,treatment_interest,False,normal,False,,False,,contextual,grok_variation,seed_071
var_seed_071_0a7a92,свадьба сестры через две недели зубы потемнели от чая надо отбелить срочно,anamnesis,treatment_interest,False,normal,False,,False,,contextual,grok_variation,seed_071
var_seed_071_191da3,фоткаюсь много для инсты а зубы как у бабки хочу отбеливание чтоб сияли,anamnesis,treatment_interest,False,normal,False,,False,,contextual,grok_variation,seed_071
var_seed_071_89ffcd,кофе по утрам пью зубы окрасились в коричневый желаю отбелить их белыми,anamnesis,treatment_interest,False,normal,False,,False,,contextual,grok_variation,seed_071
var_seed_071_db22d2,подскажите про отбеливание зубов,anamnesis,treatment_interest,False,normal,False,,False,,normal,grok_variation,seed_071
var_seed_071_51a93f,интересует отбеливание у вас,anamnesis,treatment_interest,False,normal,False,,False,,normal,grok_variation,seed_071
var_seed_072_196ce6,делаете импланты,anamnesis,treatment_interest,False,normal,False,,False,,hurried,grok_variation,seed_072
var_seed_072_0fff0a,имплант ставите,anamnesis,treatment_interest,False,normal,False,,False,,hurried,grok_variation,seed_072
var_seed_072_511a36,интересует имплантация,anamnesis,treatment_interest,False,normal,False,,False,,hurried,grok_variation,seed_072
var_seed_072_782467,выбили передний зуб на работе теперь пусто хочу имплант поставить чтоб нормально жевать,anamnesis,treatment_interest,False,normal,False,,False,,contextual,grok_variation,seed_072
var_seed_072_0d5b8a,у жены два зуба нет сзади жевательные интересует имплантация сколько времени уйдёт,anamnesis,treatment_interest,False,normal,False,,False,,contextual,grok_variation,seed_072
var_seed_072_0be96b,давно потерял зуб после удаления дырка бесит импланты у вас хорошие делали кому то,anamnesis,treatment_interest,False,normal,False,,False,,contextual,grok_variation,seed_072
var_seed_072_a00d1f,курю много зуб сломался сверху нужен имплант чтоб не стесняться улыбаться,anamnesis,treatment_interest,False,normal,False,,False,,contextual,grok_variation,seed_072
var_seed_072_ca18c2,хочу имплант на место отсутствующего зуба,anamnesis,treatment_interest,False,normal,False,,False,,normal,grok_variation,seed_072
var_seed_072_737b24,интересуют импланты зубные,anamnesis,treatment_interest,False,normal,False,,False,,normal,grok_variation,seed_072
var_seed_072_c6f882,подскажите про имплантацию,anamnesis,treatment_interest,False,normal,False,,False,,normal,grok_variation,seed_072
var_seed_073_8919a0,хочу брекеты,anamnesis,treatment_interest,False,normal,False,,False,,hurried,grok_variation,seed_073
var_seed_073_95e2de,скобки нужны,anamnesis,treatment_interest,False,normal,False,,False,,hurried,grok_variation,seed_073
var_seed_073_2caa27,брекеты надо,anamnesis,treatment_interest,False,normal,False,,False,,hurried,grok_variation,seed_073
var_seed_073_abf406,сыну 13 лет зубы кривые брекеты интересуют можно ли у вас,anamnesis,treatment_interest,False,normal,False,,False,,contextual,grok_variation,seed_073
var_seed_073_f9589a,в универе стесняюсь улыбаться зубы неровные брекеты хочу поставить,anamnesis,treatment_interest,False,normal,False,,False,,contextual,grok_variation,seed_073
var_seed_073_cbf371,дочке 11 зубы растут криво читала про брекеты страшно но надо,anamnesis,treatment_interest,False,normal,False,,False,,contextual,grok_variation,seed_073
var_seed_073_94f2fb,на работе улыбаюсь клиентам зубы корявые брекеты думаю чё посоветуете,anamnesis,treatment_interest,False,normal,False,,False,,contextual,grok_variation,seed_073
var_seed_073_f6d22a,интересуют брекеты,anamnesis,treatment_interest,False,normal,False,,False,,normal,grok_variation,seed_073
var_seed_073_207b2e,делаете брекеты на зубы,anamnesis,treatment_interest,False,normal,False,,False,,normal,grok_variation,seed_073
var_seed_074_fb754d,виниры нужны,anamnesis,treatment_interest,False,normal,False,,False,,hurried,grok_variation,seed_074
var_seed_074_551041,делаете виниры,anamnesis,treatment_interest,False,normal,False,,False,,hurried,grok_variation,seed_074
var_seed_074_e5da06,хочу винирки,anamnesis,treatment_interest,False,normal,False,,False,,hurried,grok_variation,seed_074
var_seed_074_1c578d,свадьба скоро хочу виниры на передние зубы чтоб красиво улыбаться,anamnesis,treatment_interest,False,normal,False,,False,,contextual,grok_variation,seed_074
var_seed_074_8a9a7e,курю много зубы желтые винирами можно исправить ситуацию,anamnesis,treatment_interest,False,normal,False,,False,,contextual,grok_variation,seed_074
var_seed_074_d0051f,улыбка кривая виниры поставлю на работу идут фотки,anamnesis,treatment_interest,False,normal,False,,False,,contextual,grok_variation,seed_074
var_seed_074_651f06,девушке нравится улыбка виниры хочу нормальные,anamnesis,treatment_interest,False,normal,False,,False,,contextual,grok_variation,seed_074
var_seed_074_ae851e,интересуют виниры на зубы,anamnesis,treatment_interest,False,normal,False,,False,,normal,grok_variation,seed_074
var_seed_074_0566c3,хочу узнать про виниры,anamnesis,treatment_interest,False,normal,False,,False,,normal,grok_variation,seed_074
var_seed_074_4fcdc7,виниры ставите у вас,anamnesis,treatment_interest,False,normal,False,,False,,normal,grok_variation,seed_074
var_seed_075_4bbf18,хочу чистку проф,anamnesis,treatment_interest,False,normal,False,,False,,hurried,grok_variation,seed_075
var_seed_075_5d349b,нужна чистка зубов,anamnesis,treatment_interest,False,normal,False,,False,,hurried,grok_variation,seed_075
var_seed_075_7d912b,курю много налет желтый накопился чистку проф хочу сделать перед отпуском,anamnesis,treatment_interest,False,normal,False,,False,,contextual,grok_variation,seed_075
var_seed_075_869dc3,ребенку 6 лет камень на молочных зубках большой чистить профессионально можно у вас,anamnesis,treatment_interest,False,normal,False,,False,,contextual,grok_variation,seed_075
var_seed_075_6b4035,давно не чистил зубы камень твердый нажевательных надо убрать подробно скажите,anamnesis,treatment_interest,False,normal,False,,False,,contextual,grok_variation,seed_075
var_seed_075_177732,на работе кофе чай пью зубы в налете неловко чистку проф интересует,anamnesis,treatment_interest,False,normal,False,,False,,contextual,grok_variation,seed_075
var_seed_075_67345a,интересует проф чистка,anamnesis,treatment_interest,False,normal,False,,False,,normal,grok_variation,seed_075
var_seed_075_60abad,хочу убрать камень с зубов,anamnesis,treatment_interest,False,normal,False,,False,,normal,grok_variation,seed_075
var_seed_075_ab1c58,нужна чистка от налета,anamnesis,treatment_interest,False,normal,False,,False,,normal,grok_variation,seed_075
var_seed_076_12c54f,импланты вместо протеза,anamnesis,treatment_interest,False,normal,False,,False,,hurried,grok_variation,seed_076
var_seed_076_d45c08,хочу имплант не протез,anamnesis,treatment_interest,False,normal,False,,False,,hurried,grok_variation,seed_076
var_seed_076_ae3272,носил протез 5 лет трет десну хочу на импланты перейти,anamnesis,treatment_interest,False,normal,False,,False,,contextual,grok_variation,seed_076
var_seed_076_1dc68d,протез старый еле держится надо импланты вместо него делать,anamnesis,treatment_interest,False,normal,False,,False,,contextual,grok_variation,seed_076
var_seed_076_efbcbb,на работе протез мешает жевать хочу импланты поставить вместо,anamnesis,treatment_interest,False,normal,False,,False,,contextual,grok_variation,seed_076
var_seed_076_a53592,хочу импланты вместо старого протеза,anamnesis,treatment_interest,False,normal,False,,False,,normal,grok_variation,seed_076
var_seed_076_c29637,заменить протез на импланты можно,anamnesis,treatment_interest,False,normal,False,,False,,normal,grok_variation,seed_076
var_seed_077_3cd202,исправить прикус можно,anamnesis,treatment_interest,False,normal,False,,False,,hurried,grok_variation,seed_077
var_seed_077_0721d0,прикус хуевый пофиксить,anamnesis,treatment_interest,False,normal,False,,False,,hurried,grok_variation,seed_077
var_seed_077_c94fcb,делаете прикус,anamnesis,treatment_interest,False,normal,False,,False,,hurried,grok_variation,seed_077
var_seed_077_865dc3,сын 12 лет челюсти криво сходятся хочу прикус исправить пока не поздно,anamnesis,treatment_interest,False,normal,False,,False,,contextual,grok_variation,seed_077
var_seed_077_8319d1,давно прикус неправильный жую с одной стороны надо исправить а то хуже будет,anamnesis,treatment_interest,False,normal,False,,False,,contextual,grok_variation,seed_077
var_seed_077_b6ebcc,улыбаюсь в зеркало прикус портит вид интересно исправить брекетами или как,anamnesis,treatment_interest,False,normal,False,,False,,contextual,grok_variation,seed_077
var_seed_077_91d8c6,на работе замечают речь из за прикуса хочу поставить брекеты исправить,anamnesis,treatment_interest,False,normal,False,,False,,contextual,grok_variation,seed_077
var_seed_077_c355b6,интересует исправление прикуса,anamnesis,treatment_interest,False,normal,False,,False,,normal,grok_variation,seed_077
var_seed_077_253745,как исправить прикус у вас,anamnesis,treatment_interest,False,normal,False,,False,,normal,grok_variation,seed_077
var_seed_077_b4d1ea,хочу прикус поправить,anamnesis,treatment_interest,False,normal,False,,False,,normal,grok_variation,seed_077
var_seed_078_08b041,нужны элайнеры,anamnesis,treatment_interest,False,normal,False,,False,,hurried,grok_variation,seed_078
var_seed_078_5c2e7b,эллайнеры ставите,anamnesis,treatment_interest,False,normal,False,,False,,hurried,grok_variation,seed_078
var_seed_078_fd4102,дочке 10 лет зубы торчат хочу элайнеры вместо брекетов чтоб незаметно,anamnesis,treatment_interest,False,normal,False,,False,,contextual,grok_variation,seed_078
var_seed_078_6ec7f3,на работе стесняюсь улыбаться зубы неровные элайнеры подойдут мне,anamnesis,treatment_interest,False,normal,False,,False,,contextual,grok_variation,seed_078
var_seed_078_debf82,начиталась про элайнеры отзывы хорошие но боюсь боли хочу попробовать,anamnesis,treatment_interest,False,normal,False,,False,,contextual,grok_variation,seed_078
var_seed_078_a0384d,с фото в инсте все ровные зубы решил элайнеры сделать для себя,anamnesis,treatment_interest,False,normal,False,,False,,contextual,grok_variation,seed_078
var_seed_078_aa2113,интересуют элайнеры,anamnesis,treatment_interest,False,normal,False,,False,,normal,grok_variation,seed_078
var_seed_079_e83799,нужен мост на нижний ряд,anamnesis,treatment_interest,False,normal,False,,False,,hurried,grok_variation,seed_079
var_seed_079_dfa9b9,хочу мост снизу ставить,anamnesis,treatment_interest,False,normal,False,,False,,hurried,grok_variation,seed_079
var_seed_079_d09205,мостик на нижнюю нужен,anamnesis,treatment_interest,False,normal,False,,False,,hurried,grok_variation,seed_079
var_seed_079_774a1d,потерял два зуба подряд на нижней челюсти думаю мост сделать,anamnesis,treatment_interest,False,normal,False,,False,,contextual,grok_variation,seed_079
var_seed_079_328133,на работе жую только правой стороной снизу пусто нужен мостик,anamnesis,treatment_interest,False,normal,False,,False,,contextual,grok_variation,seed_079
var_seed_079_7bd548,мост на нижнюю челюсть интересует вы удалили мне зубы там,anamnesis,treatment_interest,False,normal,False,,False,,contextual,grok_variation,seed_079
var_seed_079_dd0b6a,давно без двух нижних зубов жую плохо мост поможет наверное,anamnesis,treatment_interest,False,normal,False,,False,,contextual,grok_variation,seed_079
var_seed_079_6f3a96,хочу мост на нижнюю челюсть сделать,anamnesis,treatment_interest,False,normal,False,,False,,normal,grok_variation,seed_079
var_seed_079_bba6ab,интересует мостовидный протез снизу,anamnesis,treatment_interest,False,normal,False,,False,,normal,grok_variation,seed_079
var_seed_079_c80747,подскажите про мост на нижний ряд зубов,anamnesis,treatment_interest,False,normal,False,,False,,normal,grok_variation,seed_079
var_seed_080_7acc4d,хочу восьмёрку вырвать,anamnesis,treatment_interest,False,normal,False,,False,,hurried,grok_variation,seed_080
var_seed_080_441dd5,удалить зуб мудрости надо,anamnesis,treatment_interest,False,normal,False,,False,,hurried,grok_variation,seed_080
var_seed_080_3d270b,восьмерку удалить чот,anamnesis,treatment_interest,False,normal,False,,False,,hurried,grok_variation,seed_080
var_seed_080_979392,зуб мудрости полез чот мешает жевать вчера ел и давит на щеку надо удалить,anamnesis,treatment_interest,False,normal,False,,False,,contextual,grok_variation,seed_080
var_seed_080_f274f9,на работе сказали зуб мудрости удалить вырос криво десна ноет боюсь но придется,anamnesis,treatment_interest,False,normal,False,,False,,contextual,grok_variation,seed_080
var_seed_080_525e63,ребёнку 18 лет зуб мудрости лезет болит голова от него хочет удалить поскорее,anamnesis,treatment_interest,False,normal,False,,False,,contextual,grok_variation,seed_080
var_seed_080_0cf858,курю много зуб мудрости пожелтел и давит на соседний надо его удалить срочно,anamnesis,treatment_interest,False,normal,False,,False,,contextual,grok_variation,seed_080
var_seed_080_5c60de,нужно удалить зуб мудрости,anamnesis,treatment_interest,False,normal,False,,False,,normal,grok_variation,seed_080
var_seed_080_84f9fb,хочу вырвать восьмёрку,anamnesis,treatment_interest,False,normal,False,,False,,normal,grok_variation,seed_080
var_seed_081_8f396c,делаете пластику десны,anamnesis,treatment_interest,False,normal,False,,False,,hurried,grok_variation,seed_081
var_seed_081_896087,улыбаюсь клиентам а десны низко пластику десны хочу сделать,anamnesis,treatment_interest,False,normal,False,,False,,contextual,grok_variation,seed_081
var_seed_081_2f0b19,дочке 7 лет десна сползла после удара пластика нужна срочно,anamnesis,treatment_interest,False,normal,False,,False,,contextual,grok_variation,seed_081
var_seed_081_91641f,курю много десны отступили читал про пластику десны у вас есть,anamnesis,treatment_interest,False,normal,False,,False,,contextual,grok_variation,seed_081
var_seed_081_71d120,свадьба скоро эстетика нужна пластику десны делайте подскажите,anamnesis,treatment_interest,False,normal,False,,False,,contextual,grok_variation,seed_081
var_seed_081_7db5e9,подскажите про пластику десны,anamnesis,treatment_interest,False,normal,False,,False,,normal,grok_variation,seed_081
var_seed_081_7baf6d,есть пластика десны у вас,anamnesis,treatment_interest,False,normal,False,,False,,normal,grok_variation,seed_081
var_seed_083_0b5c07,передний зуб сколол чё делать,anamnesis,treatment_interest,False,normal,False,,False,,hurried,grok_variation,seed_083
var_seed_083_647ac4,нужно починить передний зуб,anamnesis,treatment_interest,False,normal,False,,False,,hurried,grok_variation,seed_083
var_seed_083_6137df,дочке 6 лет упала с качелей передний зуб откололся надо восстановить чтоб не портился дальше,anamnesis,treatment_interest,False,normal,False,,False,,contextual,grok_variation,seed_083
var_seed_083_53603f,на работе улыбнулся и заметил трещину на переднем зубе хочу починить чтоб нормально выглядело,anamnesis,treatment_interest,False,normal,False,,False,,contextual,grok_variation,seed_083
var_seed_083_c2debc,вчера яблоко грыз передний зуб стукнул теперь неровный нужно подлатать побыстрее,anamnesis,treatment_interest,False,normal,False,,False,,contextual,grok_variation,seed_083
var_seed_083_f949c4,у деда передний зуб сточился от времени надо его подправить чтоб жевать удобней,anamnesis,treatment_interest,False,normal,False,,False,,contextual,grok_variation,seed_083
var_seed_083_d27603,хочу восстановить передний зуб,anamnesis,treatment_interest,False,normal,False,,False,,normal,grok_variation,seed_083
var_seed_084_b78df2,хочу протез на имплантах,anamnesis,treatment_interest,False,normal,False,,False,,hurried,grok_variation,seed_084
var_seed_084_f55662,импланты с зубами делаете,anamnesis,treatment_interest,False,normal,False,,False,,hurried,grok_variation,seed_084
var_seed_084_c56b1c,протез на имплантант ставите,anamnesis,treatment_interest,False,normal,False,,False,,hurried,grok_variation,seed_084
var_seed_084_4cf227,удалили передний зуб пустая дырка во рту надо имплант и протез поставить жутко неудобно,anamnesis,treatment_interest,False,normal,False,,False,,contextual,grok_variation,seed_084
var_seed_084_bc4028,нижняя челюсть голая без зубов интересует протез на имплантах крепкий чтоб жевать орехи,anamnesis,treatment_interest,False,normal,False,,False,,contextual,grok_variation,seed_084
var_seed_084_dc649e,на работе потерял мост из-за импланта старого хочу новый протез на имплантах поменять,anamnesis,treatment_interest,False,normal,False,,False,,contextual,grok_variation,seed_084
var_seed_084_8c123a,дочке 10 лет молочный не выпал корень сидит надо имплант с протезом сделать аккуратно,anamnesis,treatment_interest,False,normal,False,,False,,contextual,grok_variation,seed_084
var_seed_084_f04614,подскажите про протез на имплантах,anamnesis,treatment_interest,False,normal,False,,False,,normal,grok_variation,seed_084
var_seed_085_f21b39,хочу все на 4,anamnesis,treatment_interest,False,normal,False,,False,,hurried,grok_variation,seed_085
var_seed_085_e2916c,делаете все на 4,anamnesis,treatment_interest,False,normal,False,,False,,hurried,grok_variation,seed_085
var_seed_085_31dd3c,нет зубов на верхней челюсти читал про все на 4 хочу сделать,anamnesis,treatment_interest,False,normal,False,,False,,contextual,grok_variation,seed_085
var_seed_085_4180c1,жене удалили все зубы снизу все на 4 посоветовали узнать детали,anamnesis,treatment_interest,False,normal,False,,False,,contextual,grok_variation,seed_085
var_seed_085_8f9087,курю много зубы пропали все на 4 быстрое решение хочу попробовать,anamnesis,treatment_interest,False,normal,False,,False,,contextual,grok_variation,seed_085
var_seed_085_d0240f,в аварии потерял челюсть все на 4 подойдет после протезов,anamnesis,treatment_interest,False,normal,False,,False,,contextual,grok_variation,seed_085
var_seed_085_bad716,хочу узнать про все на 4,anamnesis,treatment_interest,False,normal,False,,False,,normal,grok_variation,seed_085
var_seed_085_3ef457,интересует все на 4 процедура,anamnesis,treatment_interest,False,normal,False,,False,,normal,grok_variation,seed_085
var_seed_085_fb4314,можно сделать все на 4,anamnesis,treatment_interest,False,normal,False,,False,,normal,grok_variation,seed_085
var_seed_086_55e559,ребёнку чистку надо,anamnesis,treatment_interest,False,normal,False,,False,,hurried,grok_variation,seed_086
var_seed_086_626684,дочке камень снять,anamnesis,treatment_interest,False,normal,False,,False,,hurried,grok_variation,seed_086
var_seed_086_bf2e7e,сыну чистить зубки,anamnesis,treatment_interest,False,normal,False,,False,,hurried,grok_variation,seed_086
var_seed_086_907cd4,дочке 5 лет налёт от соков чистку зубов хочу сделать,anamnesis,treatment_interest,False,normal,False,,False,,contextual,grok_variation,seed_086
var_seed_086_74ea1e,внуку 3 года зубы жёлтые от шоколада чистка нужна,anamnesis,treatment_interest,False,normal,False,,False,,contextual,grok_variation,seed_086
var_seed_086_3e4085,мальчишке 7 лет камень на жвачках после каникул чистить надо,anamnesis,treatment_interest,False,normal,False,,False,,contextual,grok_variation,seed_086
var_seed_086_5a63a0,девчонке 6 лет налёт большой чистку детскую посоветуйте,anamnesis,treatment_interest,False,normal,False,,False,,contextual,grok_variation,seed_086
var_seed_086_ae070e,хочу чистку зубов для ребёнка,anamnesis,treatment_interest,False,normal,False,,False,,normal,grok_variation,seed_086
var_seed_086_b2ace5,детская чистка от камня интересует,anamnesis,treatment_interest,False,normal,False,,False,,normal,grok_variation,seed_086
var_seed_088_d87ade,фторирование делаете,anamnesis,treatment_interest,False,normal,False,,False,,hurried,grok_variation,seed_088
var_seed_088_b64a05,чё фторирование,anamnesis,treatment_interest,False,normal,False,,False,,hurried,grok_variation,seed_088
var_seed_088_84f731,ребёнку 5 лет врач сказал фторирование для зубов можно у вас,anamnesis,treatment_interest,False,normal,False,,False,,contextual,grok_variation,seed_088
var_seed_088_0de38e,на работе чистили посоветовали фторирование после хочу попробовать,anamnesis,treatment_interest,False,normal,False,,False,,contextual,grok_variation,seed_088
var_seed_088_ba040a,дочке 7 лет в школе фтором мажут зубы у вас тоже есть такая процедура,anamnesis,treatment_interest,False,normal,False,,False,,contextual,grok_variation,seed_088
var_seed_088_2c6938,планирую беременность читала про фторирование для профилактики подойдёт,anamnesis,treatment_interest,False,normal,False,,False,,contextual,grok_variation,seed_088
var_seed_088_840223,интересует фторирование зубов,anamnesis,treatment_interest,False,normal,False,,False,,normal,grok_variation,seed_088
var_seed_088_894212,делаете фторирование,anamnesis,treatment_interest,False,normal,False,,False,,normal,grok_variation,seed_088
var_seed_089_944f54,хочу камень убрать,anamnesis,treatment_interest,False,normal,False,,False,,hurried,grok_variation,seed_089
var_seed_089_6f9dbf,убрать зубной камень чот,anamnesis,treatment_interest,False,normal,False,,False,,hurried,grok_variation,seed_089
var_seed_089_1a039d,у меня камень на зубах накопился после курения хочу почистить чтоб не было проблем,anamnesis,treatment_interest,False,normal,False,,False,,contextual,grok_variation,seed_089
var_seed_089_ae81c8,ребёнку 7 лет камень на передних зубах налет жёлтый помагите убрать,anamnesis,treatment_interest,False,normal,False,,False,,contextual,grok_variation,seed_089
var_seed_089_a9faf1,давно не чистили камень весь рот забил боюсь пародонтита срочно надо,anamnesis,treatment_interest,False,normal,False,,False,,contextual,grok_variation,seed_089
var_seed_089_3ce235,на работе кофе пью камень на нижних зубах вырос чтуть неудобно чистить,anamnesis,treatment_interest,False,normal,False,,False,,contextual,grok_variation,seed_089
var_seed_089_b55edd,интересует чистка камня с зубов,anamnesis,treatment_interest,False,normal,False,,False,,normal,grok_variation,seed_089
var_seed_090_eabc0b,надо дырку залатать,anamnesis,treatment_interest,False,normal,False,,False,,hurried,grok_variation,seed_090
var_seed_090_c34a5c,дырка в зубе лечить,anamnesis,treatment_interest,False,normal,False,,False,,hurried,grok_variation,seed_090
var_seed_090_f6f78f,чё с дыркой в зубе,anamnesis,treatment_interest,False,normal,False,,False,,hurried,grok_variation,seed_090
var_seed_090_1ff844,у дочки 5 лет дырка в жевательном зубе сладкое ест ноет вылечить надо,anamnesis,treatment_interest,False,normal,False,,False,,contextual,grok_variation,seed_090
var_seed_090_087c28,на нижней челюсти дырка большая чёрная дед ноет есть не может пора лечить,anamnesis,treatment_interest,False,normal,False,,False,,contextual,grok_variation,seed_090
var_seed_090_8c9b72,на работе заметил дырка сквозит в зубе мешает говорить вылечить хочу быстро,anamnesis,treatment_interest,False,normal,False,,False,,contextual,grok_variation,seed_090
var_seed_090_2e6509,нужно вылечить дырку в зубе,anamnesis,treatment_interest,False,normal,False,,False,,normal,grok_variation,seed_090
var_seed_090_9f1164,хочу залепить дырку зуба,anamnesis,treatment_interest,False,normal,False,,False,,normal,grok_variation,seed_090
var_seed_090_e916eb,дырка появилась надо лечить,anamnesis,treatment_interest,False,normal,False,,False,,normal,grok_variation,seed_090
var_seed_091_f4de0e,хочу нерв полечить,anamnesis,treatment_interest,False,normal,False,,False,,hurried,grok_variation,seed_091
var_seed_091_de70bd,каналы чистить надо,anamnesis,treatment_interest,False,normal,False,,False,,hurried,grok_variation,seed_091
var_seed_091_b8e361,лечение нервов чё,anamnesis,treatment_interest,False,normal,False,,False,,hurried,grok_variation,seed_091
var_seed_091_cff049,нерв ноет давно вчера яблоко грызла и стреляет хочу каналы пролечить,anamnesis,treatment_interest,False,normal,False,,False,,contextual,grok_variation,seed_091
var_seed_091_a8fa17,у дочки 6 лет зуб запломбировали но нерв беспокоит нужно лечение каналов сделать,anamnesis,treatment_interest,False,normal,False,,False,,contextual,grok_variation,seed_091
var_seed_091_f4d8d8,на работе некогда раньше но теперь зуб под корень болит хочу каналы вылечить,anamnesis,treatment_interest,False,normal,False,,False,,contextual,grok_variation,seed_091
var_seed_091_3dbe3c,начиталась в инете про воспаление нервов страшно боюсь осложнений нужна чистка каналов,anamnesis,treatment_interest,False,normal,False,,False,,contextual,grok_variation,seed_091
var_seed_091_d2ad6b,нужно лечение каналов в зубе,anamnesis,treatment_interest,False,normal,False,,False,,normal,grok_variation,seed_091
var_seed_091_3be4b2,интересует чистка нервов,anamnesis,treatment_interest,False,normal,False,,False,,normal,grok_variation,seed_091
var_seed_092_374386,закись азота ребенку можно,anamnesis,treatment_interest,False,normal,False,,False,,hurried,grok_variation,seed_092
var_seed_092_61f965,есть закись для дитеи,anamnesis,treatment_interest,False,normal,False,,False,,hurried,grok_variation,seed_092
var_seed_092_f1373c,закись для малыша скока,anamnesis,treatment_interest,False,normal,False,,False,,hurried,grok_variation,seed_092
var_seed_092_1ae42f,дочке 4 года боится зубы лечить закисью азота пользуетесь для таких,anamnesis,treatment_interest,False,normal,False,,False,,contextual,grok_variation,seed_092
var_seed_092_4811b3,сыну 7 лет кариес на переднем упал с качелей теперь плачет закись поможет,anamnesis,treatment_interest,False,normal,False,,False,,contextual,grok_variation,seed_092
var_seed_092_471cf0,ребенку 5 лет камень на зубах чистить надо а он дергается закись азота даете,anamnesis,treatment_interest,False,normal,False,,False,,contextual,grok_variation,seed_092
var_seed_092_19e1a0,вчера дите яблоко грызло дырка открылась боится врача нужна закись,anamnesis,treatment_interest,False,normal,False,,False,,contextual,grok_variation,seed_092
var_seed_092_f966b5,интересует закись азота для детей,anamnesis,treatment_interest,False,normal,False,,False,,normal,grok_variation,seed_092
var_seed_092_910fbb,закись азота применяете у малышей,anamnesis,treatment_interest,False,normal,False,,False,,normal,grok_variation,seed_092
var_seed_093_bf5362,коронку надо,anamnesis,treatment_interest,False,normal,False,,False,,hurried,grok_variation,seed_093
var_seed_093_fe839b,нужна коронка на зуб,anamnesis,treatment_interest,False,normal,False,,False,,hurried,grok_variation,seed_093
var_seed_093_446be4,ставить коронку чот,anamnesis,treatment_interest,False,normal,False,,False,,hurried,grok_variation,seed_093
var_seed_093_08f0cc,пломба совсем разрушилась вчера яблоко грыз и слетела теперь коронку надо срочно,anamnesis,treatment_interest,False,normal,False,,False,,contextual,grok_variation,seed_093
var_seed_093_8e5c7c,у дочки передний зуб сточен от кариеса коронку посоветуйте ставить или как,anamnesis,treatment_interest,False,normal,False,,False,,contextual,grok_variation,seed_093
var_seed_093_aa70cb,давно зуб крошится пломбы не держатся думаю коронку надеть чтобы не потерять,anamnesis,treatment_interest,False,normal,False,,False,,contextual,grok_variation,seed_093
var_seed_093_9112a1,на работе жую с одной стороны корень оголился нужна коронка чтобы нормально есть,anamnesis,treatment_interest,False,normal,False,,False,,contextual,grok_variation,seed_093
var_seed_093_e97a97,подскажите про коронку на разрушенный зуб,anamnesis,treatment_interest,False,normal,False,,False,,normal,grok_variation,seed_093
var_seed_093_8ac0ed,интересует коронка на жевательный зуб,anamnesis,treatment_interest,False,normal,False,,False,,normal,grok_variation,seed_093
var_seed_093_66ffd0,нужно поставить коронку что посоветуете,anamnesis,treatment_interest,False,normal,False,,False,,normal,grok_variation,seed_093
var_seed_094_23c4f1,хочу циркониевы коронки,anamnesis,treatment_interest,False,normal,False,,False,,hurried,grok_variation,seed_094
var_seed_094_00d59f,коронки из циркония?,anamnesis,treatment_interest,False,normal,False,,False,,hurried,grok_variation,seed_094
var_seed_094_aebd73,цирконий на зубы чё,anamnesis,treatment_interest,False,normal,False,,False,,hurried,grok_variation,seed_094
var_seed_094_e5221d,у меня передние сточены совсем читала про циркониевые коронки хочу такие,anamnesis,treatment_interest,False,normal,False,,False,,contextual,grok_variation,seed_094
var_seed_094_caeaba,курю много зубы желтые и кривые подскажите про циркониевые коронки у вас,anamnesis,treatment_interest,False,normal,False,,False,,contextual,grok_variation,seed_094
var_seed_094_b77c9f,на работе все с белыми зубами а у меня старые пломбы хочу поменять на циркониевые коронки,anamnesis,treatment_interest,False,normal,False,,False,,contextual,grok_variation,seed_094
var_seed_094_37c81e,свадьба скоро стесняюсь улыбаться интересуют циркониевые коронки сколько держатся,anamnesis,treatment_interest,False,normal,False,,False,,contextual,grok_variation,seed_094
var_seed_094_ad295a,интересуют циркониевые коронки,anamnesis,treatment_interest,False,normal,False,,False,,normal,grok_variation,seed_094
var_seed_096_ef158c,хочу имплант сразу,anamnesis,treatment_interest,False,normal,False,,False,,hurried,grok_variation,seed_096
var_seed_096_b09584,сразу имплант после удаления,anamnesis,treatment_interest,False,normal,False,,False,,hurried,grok_variation,seed_096
var_seed_096_3d6bcd,вырвал зуб на выходных челюсть пустая хочу сразу имплант чтоб не мучаться,anamnesis,treatment_interest,False,normal,False,,False,,contextual,grok_variation,seed_096
var_seed_096_7ffcda,у жены корень сломался на работе хочет одномоментный имплант без долгого ожидания,anamnesis,treatment_interest,False,normal,False,,False,,contextual,grok_variation,seed_096
var_seed_096_649401,упал с лестницы выбил жевательный зуб срочно нужен имплант сразу после удаления,anamnesis,treatment_interest,False,normal,False,,False,,contextual,grok_variation,seed_096
var_seed_096_0c6466,давно болит надо удалять а сразу имплант ставить чтоб красиво было на свадьбе,anamnesis,treatment_interest,False,normal,False,,False,,contextual,grok_variation,seed_096
var_seed_096_fc14a7,интересует имплант сразу после удаления зуба,anamnesis,treatment_interest,False,normal,False,,False,,normal,grok_variation,seed_096
var_seed_096_5e712f,хочу узнать про одномоментную установку импланта,anamnesis,treatment_interest,False,normal,False,,False,,normal,grok_variation,seed_096
var_seed_096_52d52f,делаете имплантацию без ожидания после удаления,anamnesis,treatment_interest,False,normal,False,,False,,normal,grok_variation,seed_096
var_seed_097_4075a6,уздечку губы подрезать,anamnesis,treatment_interest,False,normal,False,,False,,hurried,grok_variation,seed_097
var_seed_097_436051,нужна уздечка губы,anamnesis,treatment_interest,False,normal,False,,False,,hurried,grok_variation,seed_097
var_seed_097_2be21f,у малыша уздечка на верхней губе короткая мешает нормально сосать надо подрезать,anamnesis,treatment_interest,False,normal,False,,False,,contextual,grok_variation,seed_097
var_seed_097_e850df,уздечка губы тянет зубы не сходятся после родов хочу подрезать чтоб нормально было,anamnesis,treatment_interest,False,normal,False,,False,,contextual,grok_variation,seed_097
var_seed_097_67b1bf,на работе заметили уздечка короткая мешает улыбаться срочно подрезать хочу,anamnesis,treatment_interest,False,normal,False,,False,,contextual,grok_variation,seed_097
var_seed_097_7058e7,дочке 3 года уздечка губы короткая врач сказал подрезать когда можно,anamnesis,treatment_interest,False,normal,False,,False,,contextual,grok_variation,seed_097
var_seed_097_0904f5,короткая уздечка на губе подрезать можно,anamnesis,treatment_interest,False,normal,False,,False,,normal,grok_variation,seed_097
var_seed_097_68ecc6,уздечка губы короткая надо исправить,anamnesis,treatment_interest,False,normal,False,,False,,normal,grok_variation,seed_097
var_seed_098_576130,лазером лечите?,anamnesis,treatment_interest,False,normal,False,,False,,hurried,grok_variation,seed_098
var_seed_098_230b8e,лазер чё такое,anamnesis,treatment_interest,False,normal,False,,False,,hurried,grok_variation,seed_098
var_seed_098_e5c3b4,есть лазерное лечение,anamnesis,treatment_interest,False,normal,False,,False,,hurried,grok_variation,seed_098
var_seed_098_ff540f,дочке 7 лет боится сверла читала про лазер без боли можно у вас,anamnesis,treatment_interest,False,normal,False,,False,,contextual,grok_variation,seed_098
var_seed_098_449434,у меня кариес на переднем зубе хочу лазером чтоб не резали страшно,anamnesis,treatment_interest,False,normal,False,,False,,contextual,grok_variation,seed_098
var_seed_098_2c3fa7,курю много зубы темные пробовал отбеливание лазером подскажите как,anamnesis,treatment_interest,False,normal,False,,False,,contextual,grok_variation,seed_098
var_seed_098_cc00bd,на работе дышащий зуб ноет а лазерное лечение щадящее делате ли,anamnesis,treatment_interest,False,normal,False,,False,,contextual,grok_variation,seed_098
var_seed_098_fef186,хочу узнать про лазерное лечение зубов,anamnesis,treatment_interest,False,normal,False,,False,,normal,grok_variation,seed_098
var_seed_098_80ed5a,делаетесь лазером?,anamnesis,treatment_interest,False,normal,False,,False,,normal,grok_variation,seed_098
var_seed_098_9d48c8,подскажите про лечение лазером,anamnesis,treatment_interest,False,normal,False,,False,,normal,grok_variation,seed_098
var_seed_099_9830d1,хочу зуб красиво починить,anamnesis,treatment_interest,False,normal,False,,False,,hurried,grok_variation,seed_099
var_seed_099_02fe7e,пломба под зуб нужна,anamnesis,treatment_interest,False,normal,False,,False,,hurried,grok_variation,seed_099
var_seed_099_5ea081,скол на переднем чё делать,anamnesis,treatment_interest,False,normal,False,,False,,hurried,grok_variation,seed_099
var_seed_099_349bf3,дочке 6 лет зуб треснул на горке хочу чтобы пломба как родной,anamnesis,treatment_interest,False,normal,False,,False,,contextual,grok_variation,seed_099
var_seed_099_82c0bf,на работе все смотрят зуб сточился со временем починить незаметно надо,anamnesis,treatment_interest,False,normal,False,,False,,contextual,grok_variation,seed_099
var_seed_099_9d0e03,ел орех передний зуб откололся жена ругает срочно красиво запломбировать,anamnesis,treatment_interest,False,normal,False,,False,,contextual,grok_variation,seed_099
var_seed_099_7e25d3,начиталась инета про пломбы под цвет боюсь но зуб сколот хочу исправить,anamnesis,treatment_interest,False,normal,False,,False,,contextual,grok_variation,seed_099
var_seed_099_ad22f6,интересует починка зуба эстетично,anamnesis,treatment_interest,False,normal,False,,False,,normal,grok_variation,seed_099
var_seed_099_cec01f,нужна пломба незаметная на зуб,anamnesis,treatment_interest,False,normal,False,,False,,normal,grok_variation,seed_099
var_seed_100_ba8b55,вкладку надо срочно,anamnesis,treatment_interest,False,normal,False,,False,,hurried,grok_variation,seed_100
var_seed_100_5145ab,хочу вкладку ставить,anamnesis,treatment_interest,False,normal,False,,False,,hurried,grok_variation,seed_100
var_seed_100_cfd93f,вкладка нужна чё,anamnesis,treatment_interest,False,normal,False,,False,,hurried,grok_variation,seed_100
var_seed_100_11027f,пломба большая треснула зуб крошится вчера орехом ударил теперь вкладку хочу,anamnesis,treatment_interest,False,normal,False,,False,,contextual,grok_variation,seed_100
var_seed_100_60606b,на жевательном зубе дырка огромная врач раньше говорил вкладку ставить а я тянул,anamnesis,treatment_interest,False,normal,False,,False,,contextual,grok_variation,seed_100
var_seed_100_98d6c6,давно пломба старая держится на соплях надо нормальную вкладку поставить чтоб не болело,anamnesis,treatment_interest,False,normal,False,,False,,contextual,grok_variation,seed_100
var_seed_100_bc82eb,кусок зуба откололся от конфеты твердой теперь боюсь жевать хочу вкладку аккуратную,anamnesis,treatment_interest,False,normal,False,,False,,contextual,grok_variation,seed_100
var_seed_100_f75a86,подскажите про вкладку на зуб,anamnesis,treatment_interest,False,normal,False,,False,,normal,grok_variation,seed_100
var_seed_100_887784,интересует поставить вкладку,anamnesis,treatment_interest,False,normal,False,,False,,normal,grok_variation,seed_100
var_seed_101_52ba8d,делаете синус лифтинг,anamnesis,treatment_interest,False,normal,False,,False,,hurried,grok_variation,seed_101
var_seed_101_570a1a,синус лифтинг чё,anamnesis,treatment_interest,False,normal,False,,False,,hurried,grok_variation,seed_101
var_seed_101_94f9e5,нужен синуслифтинг,anamnesis,treatment_interest,False,normal,False,,False,,hurried,grok_variation,seed_101
var_seed_101_0f6304,врач сказал синус лифтинг перед имплантом наверху надо расскажи как проходит,anamnesis,treatment_interest,False,normal,False,,False,,contextual,grok_variation,seed_101
var_seed_101_372546,верхняя челюсть кости мало для импланта синус лифтинг поможет или нет,anamnesis,treatment_interest,False,normal,False,,False,,contextual,grok_variation,seed_101
var_seed_101_f6a7d1,читал в инете про синус лифтинг для зубов сверху планирую ставить импланты,anamnesis,treatment_interest,False,normal,False,,False,,contextual,grok_variation,seed_101
var_seed_101_dde8f0,друг делал синуслифтинг теперь жуёт нормально у вас такая процедура есть,anamnesis,treatment_interest,False,normal,False,,False,,contextual,grok_variation,seed_101
var_seed_101_5aa3b0,подскажите про синус лифтинг,anamnesis,treatment_interest,False,normal,False,,False,,normal,grok_variation,seed_101
var_seed_101_509304,синус-лифтинг интересует,anamnesis,treatment_interest,False,normal,False,,False,,normal,grok_variation,seed_101
var_seed_101_077a5f,хочу узнать синуслифтинг,anamnesis,treatment_interest,False,normal,False,,False,,normal,grok_variation,seed_101
var_seed_102_e75c21,нужна каппа от скрипа зубов,anamnesis,treatment_interest,False,normal,False,,False,,hurried,grok_variation,seed_102
var_seed_102_1463d2,каппа на ночь скриплю,anamnesis,treatment_interest,False,normal,False,,False,,hurried,grok_variation,seed_102
var_seed_102_3b1644,хочу каппу скрежу зубами,anamnesis,treatment_interest,False,normal,False,,False,,hurried,grok_variation,seed_102
var_seed_102_8ad16f,муж ночью зубами скрипит жена просыпается нужна каппа ему срочно,anamnesis,treatment_interest,False,normal,False,,False,,contextual,grok_variation,seed_102
var_seed_102_2318f4,ребёнку 7 лет во сне зубами жуёт сильно нужна защитная каппа на ночь,anamnesis,treatment_interest,False,normal,False,,False,,contextual,grok_variation,seed_102
var_seed_102_f6fab1,давно заметил скрежет зубами ночью зубы стираются хочу каппу заказать,anamnesis,treatment_interest,False,normal,False,,False,,contextual,grok_variation,seed_102
var_seed_102_6a73c8,после стресса на работе скриплю зубами во сне болит челюсть нужна каппа,anamnesis,treatment_interest,False,normal,False,,False,,contextual,grok_variation,seed_102
var_seed_102_df30ee,интересует каппа от скрежета зубов ночью,anamnesis,treatment_interest,False,normal,False,,False,,normal,grok_variation,seed_102
var_seed_102_2a5106,нужна ночная каппа скриплю зубами,anamnesis,treatment_interest,False,normal,False,,False,,normal,grok_variation,seed_102
var_seed_103_60c080,каппа для спорта нужна,anamnesis,treatment_interest,False,normal,False,,False,,hurried,grok_variation,seed_103
var_seed_103_366bb7,спортивная каппа чё,anamnesis,treatment_interest,False,normal,False,,False,,hurried,grok_variation,seed_103
var_seed_103_1afc9e,сыну 10 лет хоккеем занимается нужна спортивная каппа чтоб зубы защитить,anamnesis,treatment_interest,False,normal,False,,False,,contextual,grok_variation,seed_103
var_seed_103_0f35fa,играю в бокс удары сильные хочу спортивную каппу заказать у вас,anamnesis,treatment_interest,False,normal,False,,False,,contextual,grok_variation,seed_103
var_seed_103_16f432,на футболе вчера чуть зуб не выбили каппа спортивная нужна срочно,anamnesis,treatment_interest,False,normal,False,,False,,contextual,grok_variation,seed_103
var_seed_103_20d46c,в теннисе играю для защиты зубов интересует спортивная каппа как сделать,anamnesis,treatment_interest,False,normal,False,,False,,contextual,grok_variation,seed_103
var_seed_103_db04aa,делаете спортивные каппы,anamnesis,treatment_interest,False,normal,False,,False,,normal,grok_variation,seed_103
var_seed_103_cb4e3a,интересует каппа для спорта,anamnesis,treatment_interest,False,normal,False,,False,,normal,grok_variation,seed_103
var_seed_104_d25a6b,хочу кт зубов,anamnesis,treatment_interest,False,normal,False,,False,,hurried,grok_variation,seed_104
var_seed_104_2bb4db,кт челюсти сделаю,anamnesis,treatment_interest,False,normal,False,,False,,hurried,grok_variation,seed_104
var_seed_104_d13739,врач сказал кт зубов перед лечением надо сделать а у вас есть такая,anamnesis,treatment_interest,False,normal,False,,False,,contextual,grok_variation,seed_104
var_seed_104_77f2de,ребенку 7 лет стоматолог прописал кт челюсти чтоб пломбу ставить правильно,anamnesis,treatment_interest,False,normal,False,,False,,contextual,grok_variation,seed_104
var_seed_104_546c38,курю много зубы темные но для отбеливания кт зубов посоветовали сначала,anamnesis,treatment_interest,False,normal,False,,False,,contextual,grok_variation,seed_104
var_seed_104_258b37,на работе травма челюсти после кт зубов определиться с протезом,anamnesis,treatment_interest,False,normal,False,,False,,contextual,grok_variation,seed_104
var_seed_104_6e13fc,интересует кт зубов у вас,anamnesis,treatment_interest,False,normal,False,,False,,normal,grok_variation,seed_104
var_seed_104_86b113,хочу сделать кт челюсти,anamnesis,treatment_interest,False,normal,False,,False,,normal,grok_variation,seed_104
var_seed_104_b6a942,можно кт на зубы пройти,anamnesis,treatment_interest,False,normal,False,,False,,normal,grok_variation,seed_104
var_seed_105_1cef28,хочу профосмотр,anamnesis,treatment_interest,False,normal,False,,False,,hurried,grok_variation,seed_105
var_seed_105_fd1001,осмотр зубов нужен,anamnesis,treatment_interest,False,normal,False,,False,,hurried,grok_variation,seed_105
var_seed_105_e21402,дочке 5 лет налет на зубах скопился хочу профосмотр чтобы почистить,anamnesis,treatment_interest,False,normal,False,,False,,contextual,grok_variation,seed_105
var_seed_105_7cedd0,курю пачку в день зубы желтые от камня нужна профчистка срочно,anamnesis,treatment_interest,False,normal,False,,False,,contextual,grok_variation,seed_105
var_seed_105_40f8ca,давно не был у дантиста зубы проверить профосмотр интересует перед поездкой,anamnesis,treatment_interest,False,normal,False,,False,,contextual,grok_variation,seed_105
var_seed_105_2d8c6c,на свадьбе через 2 нед зубы не блестят хочу профосмотр и чистку,anamnesis,treatment_interest,False,normal,False,,False,,contextual,grok_variation,seed_105
var_seed_105_2fabe7,нужен профосмотр зубов,anamnesis,treatment_interest,False,normal,False,,False,,normal,grok_variation,seed_105
var_seed_105_a575d7,хочу пройти профчистку,anamnesis,treatment_interest,False,normal,False,,False,,normal,grok_variation,seed_105
var_seed_105_f58fdd,профосмотр интересует,anamnesis,treatment_interest,False,normal,False,,False,,normal,grok_variation,seed_105
var_seed_107_52fc97,скока чистка,faq,price,False,normal,False,,False,,hurried,grok_variation,seed_107
var_seed_107_c0fd12,стоимость чистки зубов,faq,price,False,normal,False,,False,,hurried,grok_variation,seed_107
var_seed_107_1ac943,ребёнку 5 лет камень на зубах скока чистка для малых,faq,price,False,normal,False,,False,,contextual,grok_variation,seed_107
var_seed_107_add882,на работе все курят зубы желтые чистку хочу скока у вас выйдет,faq,price,False,normal,False,,False,,contextual,grok_variation,seed_107
var_seed_107_37fce8,давно не был камень толстый чистку надо сделать цены скажите,faq,price,False,normal,False,,False,,contextual,grok_variation,seed_107
var_seed_107_27081f,перед свадьбой чистить зубы надо скока стоит у вас чистка,faq,price,False,normal,False,,False,,contextual,grok_variation,seed_107
var_seed_107_ae47d1,подскажите цену чистки,faq,price,False,normal,False,,False,,normal,grok_variation,seed_107
var_seed_107_6fa8a1,сколько стоит чистка зубов,faq,price,False,normal,False,,False,,normal,grok_variation,seed_107
var_seed_108_9d7361,скока брекеты,faq,price,False,normal,False,,False,,hurried,grok_variation,seed_108
var_seed_108_e69445,брекеты цена,faq,price,False,normal,False,,False,,hurried,grok_variation,seed_108
var_seed_108_7976eb,дочке 12 лет кривые зубы брекеты нужны скока выйдет вся установка,faq,price,False,normal,False,,False,,contextual,grok_variation,seed_108
var_seed_108_d98cfd,сыну подростку брекеты посоветовал знакомый врач скока примерно стоит,faq,price,False,normal,False,,False,,contextual,grok_variation,seed_108
var_seed_108_d10c81,взрослому человеку брекеты скока у вас реально цена читала отзывы дорого,faq,price,False,normal,False,,False,,contextual,grok_variation,seed_108
var_seed_108_7a8ba6,внучке брекеты на передние зубы скока будет полная цена с установкой,faq,price,False,normal,False,,False,,contextual,grok_variation,seed_108
var_seed_108_7fab6b,сколько стоят брекеты,faq,price,False,normal,False,,False,,normal,grok_variation,seed_108
var_seed_109_b0b944,скока виниры,faq,price,False,normal,False,,False,,hurried,grok_variation,seed_109
var_seed_109_af1ffa,виниры цена,faq,price,False,normal,False,,False,,hurried,grok_variation,seed_109
var_seed_109_7af094,хочу виниры на передние зубы скока примерно выйдет за один,faq,price,False,normal,False,,False,,contextual,grok_variation,seed_109
var_seed_109_8a631d,курю много зубы желтые виниры ставить интересно цена какая у вас,faq,price,False,normal,False,,False,,contextual,grok_variation,seed_109
var_seed_109_995e35,девушка посоветовала виниры после чистки скока стоит комплект на всю челюсть,faq,price,False,normal,False,,False,,contextual,grok_variation,seed_109
var_seed_109_d70573,на работу надо улыбку идеальную виниры скока за пару передних,faq,price,False,normal,False,,False,,contextual,grok_variation,seed_109
var_seed_109_2701bf,цена виниров у вас какая,faq,price,False,normal,False,,False,,normal,grok_variation,seed_109
var_seed_110_d17682,расрочка на имплант есть,faq,price,False,normal,False,,False,,hurried,grok_variation,seed_110
var_seed_110_8cd861,имплантацию в рассрочку можно,faq,price,False,normal,False,,False,,hurried,grok_variation,seed_110
var_seed_110_466110,мне имплант нужен срочно на работу а бабла нет сразу расрочка у вас на имплантацию есть,faq,price,False,normal,False,,False,,contextual,grok_variation,seed_110
var_seed_110_037345,мужу импланты нижние нужны после удаления а зарплата раз в месяц расрочка на имплантацию какая,faq,price,False,normal,False,,False,,contextual,grok_variation,seed_110
var_seed_110_66e42f,читала имплантация куча денег надо а вдруг осложнения рассрочка без процентов на имплантацию есть ли,faq,price,False,normal,False,,False,,contextual,grok_variation,seed_110
var_seed_110_1322af,есть расрочка под имплантацию,faq,price,False,normal,False,,False,,normal,grok_variation,seed_110
var_seed_110_1a64db,можно имплант оплатить в рассрочку,faq,price,False,normal,False,,False,,normal,grok_variation,seed_110
var_seed_111_012c94,скока восьмерку удалить,faq,price,False,normal,False,,False,,hurried,grok_variation,seed_111
var_seed_111_c426ed,удалить зуб мудрости цена,faq,price,False,normal,False,,False,,hurried,grok_variation,seed_111
var_seed_111_c92ba4,почём вырвать мудрость,faq,price,False,normal,False,,False,,hurried,grok_variation,seed_111
var_seed_111_da64bb,мне снизу зуб мудрости мешает скока у вас стоит удалить его,faq,price,False,normal,False,,False,,contextual,grok_variation,seed_111
var_seed_111_313ecb,сын 18 лет жалуется на восьмёрку какая цена на удаление,faq,price,False,normal,False,,False,,contextual,grok_variation,seed_111
var_seed_111_423b9b,на работе сказали удалить зуб мудрости сколько примерно выйдет,faq,price,False,normal,False,,False,,contextual,grok_variation,seed_111
var_seed_111_47ca8b,давно копит камень на зубе мудрости скока удаление,faq,price,False,normal,False,,False,,contextual,grok_variation,seed_111
var_seed_111_a1a91f,сколько стоит удаление зуба мудрости,faq,price,False,normal,False,,False,,normal,grok_variation,seed_111
var_seed_111_522cbb,цена вырывания восьмёрки у вас,faq,price,False,normal,False,,False,,normal,grok_variation,seed_111
var_seed_112_5a2779,скока отбеливание,faq,price,False,normal,False,,False,,hurried,grok_variation,seed_112
var_seed_112_dcf181,отбеливание почём,faq,price,False,normal,False,,False,,hurried,grok_variation,seed_112
var_seed_112_282dbd,курю зубы пожелтели скока отбеливание у вас стоит,faq,price,False,normal,False,,False,,contextual,grok_variation,seed_112
var_seed_112_8bc6c6,свадьба скоро хочу белые зубы цена отбеливания какая,faq,price,False,normal,False,,False,,contextual,grok_variation,seed_112
var_seed_112_b041a6,сыну 17 лет перед выпускным отбелить зубы сколько выйдет,faq,price,False,normal,False,,False,,contextual,grok_variation,seed_112
var_seed_112_3ca627,на работе кофе пью много желтеют зубы цена отбеливания,faq,price,False,normal,False,,False,,contextual,grok_variation,seed_112
var_seed_112_310926,подскажите стоимость отбеливания,faq,price,False,normal,False,,False,,normal,grok_variation,seed_112
var_seed_112_17771a,сколько отбеливание зубов,faq,price,False,normal,False,,False,,normal,grok_variation,seed_112
var_seed_113_516365,скока коронка из циркония,faq,price,False,normal,False,,False,,hurried,grok_variation,seed_113
var_seed_113_f5c648,коронка цирконий почем,faq,price,False,normal,False,,False,,hurried,grok_variation,seed_113
var_seed_113_d7d9dd,врач сказал ставить коронку из циркония скока это будет стоить примерно,faq,price,False,normal,False,,False,,contextual,grok_variation,seed_113
var_seed_113_e2ce2f,у меня передний зуб под коронку из циркония надо а цена какая у вас на неё,faq,price,False,normal,False,,False,,contextual,grok_variation,seed_113
var_seed_113_3965b3,достали старые коронки хочу из циркония поменять посоветуйте цену,faq,price,False,normal,False,,False,,contextual,grok_variation,seed_113
var_seed_113_ada384,на работу некогда ехать а зуб крошится коронка из циркония скока выйдет,faq,price,False,normal,False,,False,,contextual,grok_variation,seed_113
var_seed_113_5c109e,подскажите цену коронки из циркония,faq,price,False,normal,False,,False,,normal,grok_variation,seed_113
var_seed_114_29b74a,скока дырку лечить,faq,price,False,normal,False,,False,,hurried,grok_variation,seed_114
var_seed_114_9d203a,цена пломбы скока,faq,price,False,normal,False,,False,,hurried,grok_variation,seed_114
var_seed_114_894b56,залатать зуб почем,faq,price,False,normal,False,,False,,hurried,grok_variation,seed_114
var_seed_114_b9aeb1,дочке 5 лет дырка в переднем зубе скока лечение стоит у вас,faq,price,False,normal,False,,False,,contextual,grok_variation,seed_114
var_seed_114_ad7323,на работе дырка в жевательном зубе нашли скока выйдет починить,faq,price,False,normal,False,,False,,contextual,grok_variation,seed_114
var_seed_114_9c919f,бабушке дырка в зубе болит чуток скока заплатить за лечение,faq,price,False,normal,False,,False,,contextual,grok_variation,seed_114
var_seed_114_cdd81c,курю много дырки появились скока будет стоить вылечить все,faq,price,False,normal,False,,False,,contextual,grok_variation,seed_114
var_seed_114_4a9fcc,сколько стоит залатать дырку в зубе,faq,price,False,normal,False,,False,,normal,grok_variation,seed_114
var_seed_114_4db635,цена лечения дырки какая,faq,price,False,normal,False,,False,,normal,grok_variation,seed_114
var_seed_114_3fee60,подскажите скока починить зуб с дыркой,faq,price,False,normal,False,,False,,normal,grok_variation,seed_114
var_seed_115_1351c8,есть рассрочка без процентов,faq,price,False,normal,False,,False,,hurried,grok_variation,seed_115
var_seed_115_529a20,рассрочку без % делаете,faq,price,False,normal,False,,False,,hurried,grok_variation,seed_115
var_seed_115_cdfa0d,зарплата через неделю на лечение зубов нужна беспроцентная рассрочка у вас есть такая,faq,price,False,normal,False,,False,,contextual,grok_variation,seed_115
var_seed_115_1046bb,мужу имплант ставить дорого хочу в рассрочку без процентов можно ли у вас,faq,price,False,normal,False,,False,,contextual,grok_variation,seed_115
var_seed_115_229c72,для ребёнка брекеты берём бабки сразу нет беспроцентная рассрочка подойдёт,faq,price,False,normal,False,,False,,contextual,grok_variation,seed_115
var_seed_115_3c2b88,отбеливание планирую на свадьбу нужна рассрочка без переплаты есть,faq,price,False,normal,False,,False,,contextual,grok_variation,seed_115
var_seed_115_881862,подскажите про беспроцентную рассрочку,faq,price,False,normal,False,,False,,normal,grok_variation,seed_115
var_seed_115_27da87,есть ли у вас рассрочка без процентов,faq,price,False,normal,False,,False,,normal,grok_variation,seed_115
var_seed_116_eafcab,скока приём,faq,price,False,normal,False,,False,,hurried,grok_variation,seed_116
var_seed_116_8a667a,осмотр почём,faq,price,False,normal,False,,False,,hurried,grok_variation,seed_116
var_seed_116_dcde51,цена приёма чё,faq,price,False,normal,False,,False,,hurried,grok_variation,seed_116
var_seed_116_ded45a,ребёнку 7 лет к вам идём скока первый осмотр стоит у вас,faq,price,False,normal,False,,False,,contextual,grok_variation,seed_116
var_seed_116_05cf14,на работе заставили проверить зубы цена приёма какая чтоб знал заранее,faq,price,False,normal,False,,False,,contextual,grok_variation,seed_116
var_seed_116_54841d,давно не была боюсь но сначала цена осмотра узнать надо,faq,price,False,normal,False,,False,,contextual,grok_variation,seed_116
var_seed_116_249fe8,подскажите цену приёма,faq,price,False,normal,False,,False,,normal,grok_variation,seed_116
var_seed_116_fb0fd2,сколько стоит осмотр,faq,price,False,normal,False,,False,,normal,grok_variation,seed_116
var_seed_116_6205d5,стоимость первого приёма,faq,price,False,normal,False,,False,,normal,grok_variation,seed_116
var_seed_117_9f03f5,скока кт,faq,price,False,normal,False,,False,,hurried,grok_variation,seed_117
var_seed_117_179a0c,кт почём,faq,price,False,normal,False,,False,,hurried,grok_variation,seed_117
var_seed_117_57c48b,цена кт?,faq,price,False,normal,False,,False,,hurried,grok_variation,seed_117
var_seed_117_33a098,студент надо кт зубов срочно сессия скока выйдет у вас,faq,price,False,normal,False,,False,,contextual,grok_variation,seed_117
var_seed_117_c07e88,ребёнку 6 лет врач сказал кт челюсти сделать цена какая,faq,price,False,normal,False,,False,,contextual,grok_variation,seed_117
var_seed_117_c5aa55,на работе имплант планирую сначала кт скока стоит процедура,faq,price,False,normal,False,,False,,contextual,grok_variation,seed_117
var_seed_117_ca5417,курю много зубы проверить надо кт цена у вас какая примерно,faq,price,False,normal,False,,False,,contextual,grok_variation,seed_117
var_seed_117_573c81,подскажите стоимость кт,faq,price,False,normal,False,,False,,normal,grok_variation,seed_117
var_seed_117_a8816a,сколько кт челюсти,faq,price,False,normal,False,,False,,normal,grok_variation,seed_117
var_seed_117_4deb77,цена на кт зубов,faq,price,False,normal,False,,False,,normal,grok_variation,seed_117
var_seed_118_230f14,скока элайнеры,faq,price,False,normal,False,,False,,hurried,grok_variation,seed_118
var_seed_118_7f1de1,элайнеры цена чё,faq,price,False,normal,False,,False,,hurried,grok_variation,seed_118
var_seed_118_4ff423,почём элайнеры,faq,price,False,normal,False,,False,,hurried,grok_variation,seed_118
var_seed_118_823866,сыну 14 лет кривые зубы элайнеры лучше брекетов скока комплект стоит,faq,price,False,normal,False,,False,,contextual,grok_variation,seed_118
var_seed_118_b502ff,вчера увидела рекламу элайнеров для взрослых но не знаю цену у вас какая примерно,faq,price,False,normal,False,,False,,contextual,grok_variation,seed_118
var_seed_118_3654c7,на работе заметили кривизну хочу элайнеры поставить посоветуйте цену за курс,faq,price,False,normal,False,,False,,contextual,grok_variation,seed_118
var_seed_118_56c858,друг сделал элайнеры теперь я думаю скока у вас полный комплект выйдет деньгами,faq,price,False,normal,False,,False,,contextual,grok_variation,seed_118
var_seed_118_2200ac,сколько стоят элайнеры,faq,price,False,normal,False,,False,,normal,grok_variation,seed_118
var_seed_119_95b5a4,мост или имплант чё дешевле,faq,price,False,normal,False,,False,,hurried,grok_variation,seed_119
var_seed_119_66c86a,скока мост против импланта,faq,price,False,normal,False,,False,,hurried,grok_variation,seed_119
var_seed_119_f15293,имплант дороже моста?,faq,price,False,normal,False,,False,,hurried,grok_variation,seed_119
var_seed_119_1d175b,потерял передний зуб врач предложил мост или имплант какой по цене дешевле,faq,price,False,normal,False,,False,,contextual,grok_variation,seed_119
var_seed_119_8da4b0,жене надо два зуба подряд мостик или импланты что выгоднее посчитайте по бабкам,faq,price,False,normal,False,,False,,contextual,grok_variation,seed_119
var_seed_119_92eb11,на пенсии бюджет ограничен мост или имплант на жевательный подскажите дешевле какой,faq,price,False,normal,False,,False,,contextual,grok_variation,seed_119
var_seed_119_87e445,курю много зуб сломался чё дешевле поставить мост или имплант срочно надо,faq,price,False,normal,False,,False,,contextual,grok_variation,seed_119
var_seed_119_7e4575,подскажите по цене что дешевле мост или имплант,faq,price,False,normal,False,,False,,normal,grok_variation,seed_119
var_seed_120_dfb179,скока всё лечение,faq,price,False,normal,False,,False,,hurried,grok_variation,seed_120
var_seed_120_1e693b,лечение почём,faq,price,False,normal,False,,False,,hurried,grok_variation,seed_120
var_seed_120_52153e,сколько встанет лечение,faq,price,False,normal,False,,False,,hurried,grok_variation,seed_120
var_seed_120_749b95,на работе допоздна скока выйдет полное лечение зубов если за пару визитов,faq,price,False,normal,False,,False,,contextual,grok_variation,seed_120
var_seed_120_cc38e8,ребёнку 6 лет сказали много ставить пломбы скока обойдётся всё лечение,faq,price,False,normal,False,,False,,contextual,grok_variation,seed_120
var_seed_120_c91903,давно не был у дантиста зубы запущены подскажите цену на всё лечение,faq,price,False,normal,False,,False,,contextual,grok_variation,seed_120
var_seed_120_2f4b3d,мужу нужно корректировать прикус скока примерно полное лечение выйдет,faq,price,False,normal,False,,False,,contextual,grok_variation,seed_120
var_seed_120_bc8d47,подскажите стоимость полного лечения,faq,price,False,normal,False,,False,,normal,grok_variation,seed_120
var_seed_120_4e5366,сколько стоит вылечить все зубы,faq,price,False,normal,False,,False,,normal,grok_variation,seed_120
var_seed_120_17e342,цена на всё лечение какая,faq,price,False,normal,False,,False,,normal,grok_variation,seed_120
var_seed_121_8fbc6f,скока пломба,faq,price,False,normal,False,,False,,hurried,grok_variation,seed_121
var_seed_121_0b82eb,пломба почём,faq,price,False,normal,False,,False,,hurried,grok_variation,seed_121
var_seed_121_278505,ребенку 5 лет дырку пломбой скока у вас стоит,faq,price,False,normal,False,,False,,contextual,grok_variation,seed_121
var_seed_121_b5bbd1,на передний зуб пломбу надо скока выйдет примерно в клинике,faq,price,False,normal,False,,False,,contextual,grok_variation,seed_121
var_seed_121_df1605,мужу жевательный чинить пломбой цена какая у вас,faq,price,False,normal,False,,False,,contextual,grok_variation,seed_121
var_seed_121_ec383a,дочке вчера пломба слетела новая скока посчитайте,faq,price,False,normal,False,,False,,contextual,grok_variation,seed_121
var_seed_121_8297e0,подскажите цену пломбы,faq,price,False,normal,False,,False,,normal,grok_variation,seed_121
var_seed_121_238a29,сколько пломба стоит у вас,faq,price,False,normal,False,,False,,normal,grok_variation,seed_121
var_seed_122_158549,скока протез,faq,price,False,normal,False,,False,,hurried,grok_variation,seed_122
var_seed_122_39d927,протез почём,faq,price,False,normal,False,,False,,hurried,grok_variation,seed_122
var_seed_122_4298ce,цена протеза,faq,price,False,normal,False,,False,,hurried,grok_variation,seed_122
var_seed_122_f68694,выбил передний зуб на работе скока протез вставит,faq,price,False,normal,False,,False,,contextual,grok_variation,seed_122
var_seed_122_020da8,мне на нижнюю челюсть протез нужен после удаления цена какая,faq,price,False,normal,False,,False,,contextual,grok_variation,seed_122
var_seed_122_826ca0,два зуба нету хочу мостик протез скока примерно выйдет у вас,faq,price,False,normal,False,,False,,contextual,grok_variation,seed_122
var_seed_122_7d06a1,подскажите цену протеза,faq,price,False,normal,False,,False,,normal,grok_variation,seed_122
var_seed_122_4421a6,сколько протезирование,faq,price,False,normal,False,,False,,normal,grok_variation,seed_122
var_seed_123_d1b02f,скока чистка каналов,faq,price,False,normal,False,,False,,hurried,grok_variation,seed_123
var_seed_123_a341ee,цена лечение нерва,faq,price,False,normal,False,,False,,hurried,grok_variation,seed_123
var_seed_123_b1c2a0,каналы лечить почем,faq,price,False,normal,False,,False,,hurried,grok_variation,seed_123
var_seed_123_d26f47,мужу нужно каналы прочищать завтра на работу скока у вас выйдет,faq,price,False,normal,False,,False,,contextual,grok_variation,seed_123
var_seed_123_986bee,дочке 6 лет врач сказал каналы лечить посчитайте стоимость пожалуйста,faq,price,False,normal,False,,False,,contextual,grok_variation,seed_123
var_seed_123_b82a7f,на нижнем жевательном каналы чистить хочу узнать точную цену заранее,faq,price,False,normal,False,,False,,contextual,grok_variation,seed_123
var_seed_123_9ba2e6,курю много зуб с каналами надо лечить скока примерно заплачу у вас,faq,price,False,normal,False,,False,,contextual,grok_variation,seed_123
var_seed_123_71d825,подскажите цену на лечение каналов,faq,price,False,normal,False,,False,,normal,grok_variation,seed_123
var_seed_123_0ae26f,сколько чистка каналов стоит,faq,price,False,normal,False,,False,,normal,grok_variation,seed_123
var_seed_124_8b11a8,скока чистка ребенку,faq,price,False,normal,False,,False,,hurried,grok_variation,seed_124
var_seed_124_05c3b7,дочке 5 лет чистку зубов надо сделать скока у вас стоит,faq,price,False,normal,False,,False,,contextual,grok_variation,seed_124
var_seed_124_b63157,сыну 7 лет к школе чистить зубки посоветовали цена какая,faq,price,False,normal,False,,False,,contextual,grok_variation,seed_124
var_seed_124_966789,мальчишке 4 года зубы пожелтели чистка детская сколько выйдет,faq,price,False,normal,False,,False,,contextual,grok_variation,seed_124
var_seed_124_6bc3c4,внучке 3 годика первый раз чистку делать цена для малышей,faq,price,False,normal,False,,False,,contextual,grok_variation,seed_124
var_seed_124_8287bd,подскажите цену детской чистки зубов,faq,price,False,normal,False,,False,,normal,grok_variation,seed_124
var_seed_124_89a696,сколько чистка для ребенка,faq,price,False,normal,False,,False,,normal,grok_variation,seed_124
var_seed_125_107276,укол входит в цену,faq,price,False,normal,False,,False,,hurried,grok_variation,seed_125
var_seed_125_ddf669,заморозка платно?,faq,price,False,normal,False,,False,,hurried,grok_variation,seed_125
var_seed_125_1b65d0,анестезия бесплатно?,faq,price,False,normal,False,,False,,hurried,grok_variation,seed_125
var_seed_125_a7183d,дочке ставить пломбу укол от боли входит в стоимость или отдельно,faq,price,False,normal,False,,False,,contextual,grok_variation,seed_125
var_seed_125_423a2e,на работу завтра анестезия при лечении входит в общую цену или доплата,faq,price,False,normal,False,,False,,contextual,grok_variation,seed_125
var_seed_125_06e6b3,начиталась в инете что уколы дорого у вас входит в стоимость пломбы,faq,price,False,normal,False,,False,,contextual,grok_variation,seed_125
var_seed_125_6d9074,мужу боится боли скажите входит ли заморозка в цену лечения зуба,faq,price,False,normal,False,,False,,contextual,grok_variation,seed_125
var_seed_125_5b7fb7,анестезия входит в стоимость?,faq,price,False,normal,False,,False,,normal,grok_variation,seed_125
var_seed_125_7aab1b,укол от боли в цену включен,faq,price,False,normal,False,,False,,normal,grok_variation,seed_125
var_seed_125_50825c,заморозка входит в общую стоимость,faq,price,False,normal,False,,False,,normal,grok_variation,seed_125
var_seed_127_c6a16e,прайс скиньте,faq,price,False,normal,False,,False,,hurried,grok_variation,seed_127
var_seed_127_10f352,цены скока,faq,price,False,normal,False,,False,,hurried,grok_variation,seed_127
var_seed_127_e4ccaa,лист цен есть,faq,price,False,normal,False,,False,,hurried,grok_variation,seed_127
var_seed_127_cc641a,ребёнку чистку делать полный прайс нужен чтоб спланировать,faq,price,False,normal,False,,False,,contextual,grok_variation,seed_127
var_seed_127_3aa562,на работу некогда цены на пломбы и удаление камня скиньте,faq,price,False,normal,False,,False,,contextual,grok_variation,seed_127
var_seed_127_17491c,бабушке протезы ставить ваш прайс на всё про всё,faq,price,False,normal,False,,False,,contextual,grok_variation,seed_127
var_seed_127_19ca4a,подскажите прайс-лист,faq,price,False,normal,False,,False,,normal,grok_variation,seed_127
var_seed_127_dec2ee,интересует список цен,faq,price,False,normal,False,,False,,normal,grok_variation,seed_127
var_seed_127_a3e74b,можно цены на услуги,faq,price,False,normal,False,,False,,normal,grok_variation,seed_127
var_seed_128_76e7a9,скока месяцев рассрочка,faq,price,False,normal,False,,False,,hurried,grok_variation,seed_128
var_seed_128_f773f6,лечение дорогое 80к на сколько месяцев рассрочку даёте я студент,faq,price,False,normal,False,,False,,contextual,grok_variation,seed_128
var_seed_128_4ca4fa,дочке 7 лет коронки ставить скока бабла рассрочка максимум на сколько месяцев,faq,price,False,normal,False,,False,,contextual,grok_variation,seed_128
var_seed_128_c15823,на пенсии живу зубы вставлять хочу на сколько месяцев можно в рассрочку взять,faq,price,False,normal,False,,False,,contextual,grok_variation,seed_128
var_seed_128_6262c6,импланты нужны срочно цена кусается рассрочка у вас на сколько месяцев возможна,faq,price,False,normal,False,,False,,contextual,grok_variation,seed_128
var_seed_128_4008df,подскажите рассрочка на сколько месяцев,faq,price,False,normal,False,,False,,normal,grok_variation,seed_128
var_seed_128_2265c8,максимум месяцев в рассрочку какой,faq,price,False,normal,False,,False,,normal,grok_variation,seed_128
var_seed_129_845d68,скока брекеты снять,faq,price,False,normal,False,,False,,hurried,grok_variation,seed_129
var_seed_129_ee82fe,брехеты снимать чё стоит,faq,price,False,normal,False,,False,,hurried,grok_variation,seed_129
var_seed_129_3b86d9,ношу брекеты годик скоро снимать скока процедура выйдет у вас,faq,price,False,normal,False,,False,,contextual,grok_variation,seed_129
var_seed_129_523eff,дочке брекеты ставили два года назад цена снятия какая сейчас,faq,price,False,normal,False,,False,,contextual,grok_variation,seed_129
var_seed_129_500b2c,завтра смена работы хочу брекеты снять подскажите цену процедуры,faq,price,False,normal,False,,False,,contextual,grok_variation,seed_129
var_seed_129_a31afa,мужу брекеты надо снять после лечения скока примерно заплатим,faq,price,False,normal,False,,False,,contextual,grok_variation,seed_129
var_seed_129_2546fa,подскажите цену на снятие брекетов,faq,price,False,normal,False,,False,,normal,grok_variation,seed_129
var_seed_130_ff58f8,алл он 4 цена?,faq,price,False,normal,False,,False,,hurried,grok_variation,seed_130
var_seed_131_8f86e1,скока снимок зуба,faq,price,False,normal,False,,False,,hurried,grok_variation,seed_131
var_seed_131_ad1dcf,рентген зуба цена?,faq,price,False,normal,False,,False,,hurried,grok_variation,seed_131
var_seed_131_ebe981,ребёнку 6 лет надо рентген зуба перед пломбой скока у вас выйдет,faq,price,False,normal,False,,False,,contextual,grok_variation,seed_131
var_seed_131_7d9cfb,муж хочет имплант сначала снимок зуба какая цена в вашей клинике,faq,price,False,normal,False,,False,,contextual,grok_variation,seed_131
var_seed_131_94eece,на работу сказали сделать рентген челюсти скока стоит один снимок,faq,price,False,normal,False,,False,,contextual,grok_variation,seed_131
var_seed_131_68b20f,давно не чистили зубы хочу рентген для осмотра цена какая,faq,price,False,normal,False,,False,,contextual,grok_variation,seed_131
var_seed_131_702161,сколько снимок зуба стоит,faq,price,False,normal,False,,False,,normal,grok_variation,seed_131
var_seed_131_10a184,цена рентгена зуба у вас,faq,price,False,normal,False,,False,,normal,grok_variation,seed_131
var_seed_132_b0c852,скока герметизация фиссур,faq,price,False,normal,False,,False,,hurried,grok_variation,seed_132
var_seed_132_a3943a,цена фиссур гермет,faq,price,False,normal,False,,False,,hurried,grok_variation,seed_132
var_seed_132_1d03e4,дочке 7 лет педиатр сказал герметизацию фиссур сделать скока стоит,faq,price,False,normal,False,,False,,contextual,grok_variation,seed_132
var_seed_132_623d57,внуку на жевательных зубах фиссур герметизация нужна цена какая у вас,faq,price,False,normal,False,,False,,contextual,grok_variation,seed_132
var_seed_132_834bb9,читала что герметизация фиссур спасает от кариеса для ребёнка сколько цена,faq,price,False,normal,False,,False,,contextual,grok_variation,seed_132
var_seed_132_5f4f58,сыну 5 лет стоматолог посоветовал герметизировать фиссур чё цена,faq,price,False,normal,False,,False,,contextual,grok_variation,seed_132
var_seed_132_da3bed,подскажите цену герметизации фиссур,faq,price,False,normal,False,,False,,normal,grok_variation,seed_132
var_seed_133_3b0f06,скока удалить нерв,faq,price,False,normal,False,,False,,hurried,grok_variation,seed_133
var_seed_133_3ae418,нерв вынуть цена,faq,price,False,normal,False,,False,,hurried,grok_variation,seed_133
var_seed_133_500ac5,удаление нерва почём,faq,price,False,normal,False,,False,,hurried,grok_variation,seed_133
var_seed_133_535250,ребёнку 6 лет в молочном зубе нерв воспалился скока стоит удалить,faq,price,False,normal,False,,False,,contextual,grok_variation,seed_133
var_seed_133_8ad015,на работе некогда но зуб ноет надо нерв убрать цена какая у вас,faq,price,False,normal,False,,False,,contextual,grok_variation,seed_133
var_seed_133_618348,давно мучусь с этим зубом нерв выскакивает скока удаление,faq,price,False,normal,False,,False,,contextual,grok_variation,seed_133
var_seed_133_241d85,сверху на жевательном нерв разболелся после вчерашнего скока убрать,faq,price,False,normal,False,,False,,contextual,grok_variation,seed_133
var_seed_133_b05863,сколько стоит удаление нерва,faq,price,False,normal,False,,False,,normal,grok_variation,seed_133
var_seed_133_7bdaaa,подскажите скока убрать нерв,faq,price,False,normal,False,,False,,normal,grok_variation,seed_133
var_seed_135_7fd0ab,картой можно платить?,faq,price,False,normal,False,,False,,hurried,grok_variation,seed_135
var_seed_135_4482e7,завтра чистку делать наличных нет с собой карты возьму можно оплатить?,faq,price,False,normal,False,,False,,contextual,grok_variation,seed_135
var_seed_135_6aff94,ребёнку 6 лет пломбу ставить боюсь наличку потерять картой оплатить у вас получается?,faq,price,False,normal,False,,False,,contextual,grok_variation,seed_135
var_seed_135_bd81b2,на пенсии хожу только с картой приём можно ею оплатить или как?,faq,price,False,normal,False,,False,,contextual,grok_variation,seed_135
var_seed_135_2f5409,в командировке без наличных картой плату приму у вас за лечение?,faq,price,False,normal,False,,False,,contextual,grok_variation,seed_135
var_seed_135_37f1b3,принимаете оплату картой?,faq,price,False,normal,False,,False,,normal,grok_variation,seed_135
var_seed_135_c44aeb,можно картой оплатить приём?,faq,price,False,normal,False,,False,,normal,grok_variation,seed_135
var_seed_136_74bdc5,где клиника,faq,clinic_info,False,normal,False,,False,,hurried,grok_variation,seed_136
var_seed_136_de360a,адрес какой,faq,clinic_info,False,normal,False,,False,,hurried,grok_variation,seed_136
var_seed_136_5a2d9b,где находитесь,faq,clinic_info,False,normal,False,,False,,hurried,grok_variation,seed_136
var_seed_136_6b884e,еду на машине а не знаю где вы подскажите адрес пожалуйста,faq,clinic_info,False,normal,False,,False,,contextual,grok_variation,seed_136
var_seed_136_70249f,ребёнку срочно зуб чинить а я из другого района где ваша клиника точно,faq,clinic_info,False,normal,False,,False,,contextual,grok_variation,seed_136
var_seed_136_93365b,на работе рядом но адрес забыл напомните где находитесь,faq,clinic_info,False,normal,False,,False,,contextual,grok_variation,seed_136
var_seed_136_344a2e,приятель сказал про вас а сам не знаю где вы расположены,faq,clinic_info,False,normal,False,,False,,contextual,grok_variation,seed_136
var_seed_136_27d9ef,подскажите адрес клиники,faq,clinic_info,False,normal,False,,False,,normal,grok_variation,seed_136
var_seed_136_481d2a,где у вас клиника находится,faq,clinic_info,False,normal,False,,False,,normal,grok_variation,seed_136
var_seed_137_e0a1ca,суббота работаете,faq,clinic_info,False,normal,False,,False,,hurried,grok_variation,seed_137
var_seed_137_4c5a35,в субботу есть,faq,clinic_info,False,normal,False,,False,,hurried,grok_variation,seed_137
var_seed_137_37b588,выходные принимаете,faq,clinic_info,False,normal,False,,False,,hurried,grok_variation,seed_137
var_seed_137_ebd252,работаю всю неделю только суббота свободна у вас открыто тогда,faq,clinic_info,False,normal,False,,False,,contextual,grok_variation,seed_137
var_seed_137_97c659,ребёнку в будни садик субботой можно привести вы работаете,faq,clinic_info,False,normal,False,,False,,contextual,grok_variation,seed_137
var_seed_137_560ccf,на работе плотный график субботы удобны принимаете ли,faq,clinic_info,False,normal,False,,False,,contextual,grok_variation,seed_137
var_seed_137_e7f424,живу далеко ехать час суббота лучше открыты будете,faq,clinic_info,False,normal,False,,False,,contextual,grok_variation,seed_137
var_seed_137_c064b4,принимаете по субботам,faq,clinic_info,False,normal,False,,False,,normal,grok_variation,seed_137
var_seed_137_0c46f9,график в субботу какой,faq,clinic_info,False,normal,False,,False,,normal,grok_variation,seed_137
var_seed_137_f5e060,работаете ли субботами,faq,clinic_info,False,normal,False,,False,,normal,grok_variation,seed_137
var_seed_138_0c4950,парковка есть?,faq,clinic_info,False,normal,False,,False,,hurried,grok_variation,seed_138
var_seed_138_81d43f,можно припарковать,faq,clinic_info,False,normal,False,,False,,hurried,grok_variation,seed_138
var_seed_138_911f86,парковочных мест много?,faq,clinic_info,False,normal,False,,False,,hurried,grok_variation,seed_138
var_seed_138_05cf15,еду на машине с работы есть парковка у клиники или ходить далеко,faq,clinic_info,False,normal,False,,False,,contextual,grok_variation,seed_138
var_seed_138_58b224,привезу ребенка на прием подскажите парковка бесплатная или как,faq,clinic_info,False,normal,False,,False,,contextual,grok_variation,seed_138
var_seed_138_143a90,завтра утром приеду авто полно машин будет парковаться негде,faq,clinic_info,False,normal,False,,False,,contextual,grok_variation,seed_138
var_seed_138_5829cf,на такси жалко ехать из области скажите про парковку у вас,faq,clinic_info,False,normal,False,,False,,contextual,grok_variation,seed_138
var_seed_138_0de4d4,есть парковка возле клиники?,faq,clinic_info,False,normal,False,,False,,normal,grok_variation,seed_138
var_seed_138_091ec3,подскажите про парковку,faq,clinic_info,False,normal,False,,False,,normal,grok_variation,seed_138
var_seed_138_c31b27,парковка у вас имеется,faq,clinic_info,False,normal,False,,False,,normal,grok_variation,seed_138
var_seed_139_b2543b,адрес где,faq,clinic_info,False,normal,False,,False,,hurried,grok_variation,seed_139
var_seed_139_39730f,гду вы,faq,clinic_info,False,normal,False,,False,,hurried,grok_variation,seed_139
var_seed_139_6395f9,на машине еду нужен точный адрес для навигатора,faq,clinic_info,False,normal,False,,False,,contextual,grok_variation,seed_139
var_seed_139_8dcae6,приехала из другого района где ваша клиника найти,faq,clinic_info,False,normal,False,,False,,contextual,grok_variation,seed_139
var_seed_139_e1f388,маме отправляю адрес она с ребёнком куда ехать,faq,clinic_info,False,normal,False,,False,,contextual,grok_variation,seed_139
var_seed_139_1cb0c8,подскажите адрес клиники,faq,clinic_info,False,normal,False,,False,,normal,grok_variation,seed_139
var_seed_139_f84aaa,где вы находитесь,faq,clinic_info,False,normal,False,,False,,normal,grok_variation,seed_139
var_seed_139_45b80f,точный адрес какой,faq,clinic_info,False,normal,False,,False,,normal,grok_variation,seed_139
var_seed_140_110484,до скока пашете,faq,clinic_info,False,normal,False,,False,,hurried,grok_variation,seed_140
var_seed_140_b60b1b,скока закрываетесь,faq,clinic_info,False,normal,False,,False,,hurried,grok_variation,seed_140
var_seed_140_95b7e1,вечером до скольки,faq,clinic_info,False,normal,False,,False,,hurried,grok_variation,seed_140
var_seed_140_385e71,работаю до 8 вечера до скольки у вас приемы чтоб успеть заехать,faq,clinic_info,False,normal,False,,False,,contextual,grok_variation,seed_140
var_seed_140_f91854,живу далеко на машине до скольки работаете не опоздать бы,faq,clinic_info,False,normal,False,,False,,contextual,grok_variation,seed_140
var_seed_140_35eabf,ребенку после сада возить хочу до скольки открыты вечером,faq,clinic_info,False,normal,False,,False,,contextual,grok_variation,seed_140
var_seed_140_33c6ff,пенсионер я медленно иду график полный до скольки закрытие,faq,clinic_info,False,normal,False,,False,,contextual,grok_variation,seed_140
var_seed_140_8d1758,до какого времени график работы,faq,clinic_info,False,normal,False,,False,,normal,grok_variation,seed_140
var_seed_140_0432fa,какое время закрытия клиники,faq,clinic_info,False,normal,False,,False,,normal,grok_variation,seed_140
var_seed_140_864664,последний прием во сколько,faq,clinic_info,False,normal,False,,False,,normal,grok_variation,seed_140
var_seed_142_2b9fc9,с какого возраста детей берёте,faq,clinic_info,False,normal,False,,False,,hurried,grok_variation,seed_142
var_seed_142_9f8a22,детей с скока лет,faq,clinic_info,False,normal,False,,False,,hurried,grok_variation,seed_142
var_seed_142_5c2928,мин возраст для детей,faq,clinic_info,False,normal,False,,False,,hurried,grok_variation,seed_142
var_seed_142_c11543,у меня сыну годик можно привести с какого возраста малых берёте,faq,clinic_info,False,normal,False,,False,,contextual,grok_variation,seed_142
var_seed_142_0e8653,дочке 1.8 года читала в инете что не все берут с одного когда у вас,faq,clinic_info,False,normal,False,,False,,contextual,grok_variation,seed_142
var_seed_142_b92768,внуку 2.5 хотим на профилактику а вы с какого года деток принимаете,faq,clinic_info,False,normal,False,,False,,contextual,grok_variation,seed_142
var_seed_142_bec732,племяннику 10 мес интересует минималка по возрасту для приёма детей,faq,clinic_info,False,normal,False,,False,,contextual,grok_variation,seed_142
var_seed_142_1c83db,какой минимальный возраст для детей,faq,clinic_info,False,normal,False,,False,,normal,grok_variation,seed_142
var_seed_142_b06e84,принимаете детей с какого года,faq,clinic_info,False,normal,False,,False,,normal,grok_variation,seed_142
var_seed_142_836fce,с какого возраста берут детишек,faq,clinic_info,False,normal,False,,False,,normal,grok_variation,seed_142
var_seed_143_988f1d,какой номер клиники,faq,clinic_info,False,normal,False,,False,,hurried,grok_variation,seed_143
var_seed_143_c2f93a,телефон чё,faq,clinic_info,False,normal,False,,False,,hurried,grok_variation,seed_143
var_seed_143_b4725d,номерок ваш,faq,clinic_info,False,normal,False,,False,,hurried,grok_variation,seed_143
var_seed_143_0af2e2,на работе сижу сайт не открывает телефон клиники нужен чтобы перезвонить позже,faq,clinic_info,False,normal,False,,False,,contextual,grok_variation,seed_143
var_seed_143_347fee,мама с коляской стою у метро не вижу номер телефона клиники дайте позвонить,faq,clinic_info,False,normal,False,,False,,contextual,grok_variation,seed_143
var_seed_143_181939,едем из другого города телефон клиники скажите заранее чтобы не потеряться,faq,clinic_info,False,normal,False,,False,,contextual,grok_variation,seed_143
var_seed_143_19b958,вчера был на приёме потерял визитку телефон клиники напомните пожалуйста,faq,clinic_info,False,normal,False,,False,,contextual,grok_variation,seed_143
var_seed_143_5bad4d,подскажите телефон клиники,faq,clinic_info,False,normal,False,,False,,normal,grok_variation,seed_143
var_seed_143_9eb074,какой у вас номер телефона,faq,clinic_info,False,normal,False,,False,,normal,grok_variation,seed_143
var_seed_144_b51b51,воскресенье работаете?,faq,clinic_info,False,normal,False,,False,,hurried,grok_variation,seed_144
var_seed_144_ad2ea8,в вск открыты?,faq,clinic_info,False,normal,False,,False,,hurried,grok_variation,seed_144
var_seed_144_9b0ac6,воскренья приём есть?,faq,clinic_info,False,normal,False,,False,,hurried,grok_variation,seed_144
var_seed_144_b0998c,работаю всю неделю только воскресенье свободно принимаете тогда?,faq,clinic_info,False,normal,False,,False,,contextual,grok_variation,seed_144
var_seed_144_ed8208,ребёнок в будни в школе можно в воскресенье к вам подойдёт график?,faq,clinic_info,False,normal,False,,False,,contextual,grok_variation,seed_144
var_seed_144_a162e3,муж в командировке до пятницы воскресенье нужно открыто у вас?,faq,clinic_info,False,normal,False,,False,,contextual,grok_variation,seed_144
var_seed_144_b99a06,летом приезжаю на выходные воскресенье удобно работаете ли?,faq,clinic_info,False,normal,False,,False,,contextual,grok_variation,seed_144
var_seed_144_10fab3,принимаете в воскресенье?,faq,clinic_info,False,normal,False,,False,,normal,grok_variation,seed_144
var_seed_144_178838,воскресенье выходной или работаете?,faq,clinic_info,False,normal,False,,False,,normal,grok_variation,seed_144
var_seed_145_9390a5,лицензия есть?,faq,clinic_info,False,normal,False,,False,,hurried,grok_variation,seed_145
var_seed_145_7936b1,в инете пугают нелегальными клиниками у вас лицензия официальная на зубы?,faq,clinic_info,False,normal,False,,False,,contextual,grok_variation,seed_145
var_seed_145_6cf786,ребёнку 6 лет лечить боюсь без лицензии есть ли у вас такая бумажка,faq,clinic_info,False,normal,False,,False,,contextual,grok_variation,seed_145
var_seed_145_b38174,на пенсии хожу только к проверенным лицензия у вас на стоматологию в силе?,faq,clinic_info,False,normal,False,,False,,contextual,grok_variation,seed_145
var_seed_145_80be4e,перед имплантом уточняю лицензия ваша просрочена или нет,faq,clinic_info,False,normal,False,,False,,contextual,grok_variation,seed_145
var_seed_145_4ef953,подскажите есть ли лицензия,faq,clinic_info,False,normal,False,,False,,normal,grok_variation,seed_145
var_seed_145_a21866,клиника лицензирована?,faq,clinic_info,False,normal,False,,False,,normal,grok_variation,seed_145
var_seed_145_e64a08,какая у вас лицензия,faq,clinic_info,False,normal,False,,False,,normal,grok_variation,seed_145
var_seed_146_51ff25,чё седация есть,faq,clinic_info,False,normal,False,,False,,hurried,grok_variation,seed_146
var_seed_146_3d80c1,делаете седацию,faq,clinic_info,False,normal,False,,False,,hurried,grok_variation,seed_146
var_seed_146_aa17b5,у вас седация,faq,clinic_info,False,normal,False,,False,,hurried,grok_variation,seed_146
var_seed_146_95ff70,дочке 4 года зубы боится лечить седация у вас имеется,faq,clinic_info,False,normal,False,,False,,contextual,grok_variation,seed_146
var_seed_146_f12a8c,я паникерша от стоматологов седацию применяете для взрослых,faq,clinic_info,False,normal,False,,False,,contextual,grok_variation,seed_146
var_seed_146_f82bad,отцу 70 лет нервный перед пломбой седация нужна или нет,faq,clinic_info,False,normal,False,,False,,contextual,grok_variation,seed_146
var_seed_146_ec61d0,завтра на работу но зуб надо срочно седация спасёт ситуацию,faq,clinic_info,False,normal,False,,False,,contextual,grok_variation,seed_146
var_seed_146_604633,подскажите про седацию у вас,faq,clinic_info,False,normal,False,,False,,normal,grok_variation,seed_146
var_seed_146_570da6,есть седация в клинике,faq,clinic_info,False,normal,False,,False,,normal,grok_variation,seed_146
var_seed_146_d129f4,лечение под седацией делаете,faq,clinic_info,False,normal,False,,False,,normal,grok_variation,seed_146
var_seed_147_566213,делаете под закисью,faq,clinic_info,False,normal,False,,False,,hurried,grok_variation,seed_147
var_seed_147_646f59,закись азота есть,faq,clinic_info,False,normal,False,,False,,hurried,grok_variation,seed_147
var_seed_147_290433,лечите закисью,faq,clinic_info,False,normal,False,,False,,hurried,grok_variation,seed_147
var_seed_147_574454,ребенку 4 года боится врача под закисью азота лечите детей,faq,clinic_info,False,normal,False,,False,,contextual,grok_variation,seed_147
var_seed_147_ef2492,на работе некогда боюсь боли делаете лечение под закисью,faq,clinic_info,False,normal,False,,False,,contextual,grok_variation,seed_147
var_seed_147_0e616f,слышал про газ смеха закисью вы такое применяете для взрослых,faq,clinic_info,False,normal,False,,False,,contextual,grok_variation,seed_147
var_seed_147_e1f160,девушка пугливая хочет под закисью можно у вас такое,faq,clinic_info,False,normal,False,,False,,contextual,grok_variation,seed_147
var_seed_147_de0a69,применяете закись азота,faq,clinic_info,False,normal,False,,False,,normal,grok_variation,seed_147
var_seed_147_086f60,лечение под закисью делаете,faq,clinic_info,False,normal,False,,False,,normal,grok_variation,seed_147
var_seed_147_94958f,есть закись азота у вас,faq,clinic_info,False,normal,False,,False,,normal,grok_variation,seed_147
var_seed_148_1e4525,как до вас доехать,faq,clinic_info,False,normal,False,,False,,hurried,grok_variation,seed_148
var_seed_148_33eb9e,адрес и маршрут,faq,clinic_info,False,normal,False,,False,,hurried,grok_variation,seed_148
var_seed_148_71cdb0,еду с работы на машине как лучше до вас проехать чтобы не запутаться,faq,clinic_info,False,normal,False,,False,,contextual,grok_variation,seed_148
var_seed_148_23dc0a,ребенку к врачу идем с другого конца города подскажите как добраться на автобусе,faq,clinic_info,False,normal,False,,False,,contextual,grok_variation,seed_148
var_seed_148_dcc316,приезжаю из области на электричке от вокзала как дойти до клиники,faq,clinic_info,False,normal,False,,False,,contextual,grok_variation,seed_148
var_seed_148_6dc416,такси вызываю скока стоит и как сказать водителю куда ехать,faq,clinic_info,False,normal,False,,False,,contextual,grok_variation,seed_148
var_seed_148_422836,подскажите как к вам проехать,faq,clinic_info,False,normal,False,,False,,normal,grok_variation,seed_148
var_seed_148_b6ff19,маршрут до клиники какой,faq,clinic_info,False,normal,False,,False,,normal,grok_variation,seed_148
var_seed_148_9b4e18,от метро как дойти,faq,clinic_info,False,normal,False,,False,,normal,grok_variation,seed_148
var_seed_149_822b6f,картой платите?,faq,clinic_info,False,normal,False,,False,,hurried,grok_variation,seed_149
var_seed_149_2830f6,налик берёте?,faq,clinic_info,False,normal,False,,False,,hurried,grok_variation,seed_149
var_seed_149_cc031a,оплата как?,faq,clinic_info,False,normal,False,,False,,hurried,grok_variation,seed_149
var_seed_149_51d200,ребёнку пломбу ставить а бабушкины деньги наличкой только как у вас оплатить,faq,clinic_info,False,normal,False,,False,,contextual,grok_variation,seed_149
var_seed_149_91fe0d,завтра на работу поеду зарплата на карту скатили оплатить приём как можно,faq,clinic_info,False,normal,False,,False,,contextual,grok_variation,seed_149
var_seed_149_fb0b03,муж приедет из командировки наликом хочет расплатиться а картой тоже можно,faq,clinic_info,False,normal,False,,False,,contextual,grok_variation,seed_149
var_seed_149_fb923f,читала в отзывах что без карты никак а вдруг только наличкой переживаю заранее,faq,clinic_info,False,normal,False,,False,,contextual,grok_variation,seed_149
var_seed_149_44f44a,подскажите способы оплаты,faq,clinic_info,False,normal,False,,False,,normal,grok_variation,seed_149
var_seed_149_403d3c,как оплатить услуги,faq,clinic_info,False,normal,False,,False,,normal,grok_variation,seed_149
var_seed_149_38876a,наличными или безнал?,faq,clinic_info,False,normal,False,,False,,normal,grok_variation,seed_149
var_seed_150_47f497,гарантия на лечение даете,faq,clinic_info,False,normal,False,,False,,hurried,grok_variation,seed_150
var_seed_150_730080,даёте гарантию чё,faq,clinic_info,False,normal,False,,False,,hurried,grok_variation,seed_150
var_seed_150_2783d9,ребёнку ставят пломбу в передний зуб даёте ли вы гарантию на такое лечение,faq,clinic_info,False,normal,False,,False,,contextual,grok_variation,seed_150
var_seed_150_690572,лечила у вас дырку год назад опять болит есть гарантия чтобы бесплатно починить,faq,clinic_info,False,normal,False,,False,,contextual,grok_variation,seed_150
var_seed_150_38f462,на работе сказали лечить зубы у вас интересует гарантия сколько она действует на пломбы,faq,clinic_info,False,normal,False,,False,,contextual,grok_variation,seed_150
var_seed_150_1a0804,курю много зубы лечить боюсь опять пожелтеют даёте гарантию на качество лечения,faq,clinic_info,False,normal,False,,False,,contextual,grok_variation,seed_150
var_seed_150_81e548,даёте ли гарантию на лечение,faq,clinic_info,False,normal,False,,False,,normal,grok_variation,seed_150
var_seed_150_44e3f8,есть гарантия на пломбы у вас,faq,clinic_info,False,normal,False,,False,,normal,grok_variation,seed_150
var_seed_151_627eb5,чё доки на приём,faq,clinic_info,False,normal,False,,False,,hurried,grok_variation,seed_151
var_seed_151_a88c0d,документы какие надо,faq,clinic_info,False,normal,False,,False,,hurried,grok_variation,seed_151
var_seed_151_9bc5dc,бумажки на визит,faq,clinic_info,False,normal,False,,False,,hurried,grok_variation,seed_151
var_seed_151_71df7c,ребёнку 7 лет первый раз к вам какие документы брать не хочу чтобы не вертаться,faq,clinic_info,False,normal,False,,False,,contextual,grok_variation,seed_151
var_seed_151_4e4229,на работу иду потом сразу к вам паспорт полис страховка хватит или ещё чё,faq,clinic_info,False,normal,False,,False,,contextual,grok_variation,seed_151
var_seed_151_fce96a,папе 70 лет плохо видит скажите какие доки нужны на приём чтоб не забыли,faq,clinic_info,False,normal,False,,False,,contextual,grok_variation,seed_151
var_seed_151_5d14bf,впервые в вашей клинике что документы захватить с собой боюсь не пропустят,faq,clinic_info,False,normal,False,,False,,contextual,grok_variation,seed_151
var_seed_151_9152bb,какие документы для приёма нужны,faq,clinic_info,False,normal,False,,False,,normal,grok_variation,seed_151
var_seed_151_d73baa,что взять на осмотр в клинику,faq,clinic_info,False,normal,False,,False,,normal,grok_variation,seed_151
var_seed_151_773849,паспорт и полис достаточно,faq,clinic_info,False,normal,False,,False,,normal,grok_variation,seed_151
var_seed_152_b4cfcb,электронно чот есть,faq,clinic_info,False,normal,False,,False,,hurried,grok_variation,seed_152
var_seed_153_a71712,кт есть?,faq,clinic_info,False,normal,False,,False,,hurried,grok_variation,seed_153
var_seed_153_ef8f63,делаете кт?,faq,clinic_info,False,normal,False,,False,,hurried,grok_variation,seed_153
var_seed_153_617088,кт снимок у вас,faq,clinic_info,False,normal,False,,False,,hurried,grok_variation,seed_153
var_seed_153_31d957,мне кт челюсти надо по направлению делаете у вас или куда ехать,faq,clinic_info,False,normal,False,,False,,contextual,grok_variation,seed_153
var_seed_153_c53ca2,ребёнку ортодонт прописал кт вы такое делаете удобно,faq,clinic_info,False,normal,False,,False,,contextual,grok_variation,seed_153
var_seed_153_312773,в другой клинике очередь на кт месяц у вас быстрее получается,faq,clinic_info,False,normal,False,,False,,contextual,grok_variation,seed_153
var_seed_153_4d4e50,делаете компьютерную томографию зубов?,faq,clinic_info,False,normal,False,,False,,normal,grok_variation,seed_153
var_seed_153_bcb850,есть кт челюстей у вас,faq,clinic_info,False,normal,False,,False,,normal,grok_variation,seed_153
var_seed_153_f4260e,подскажите про кт в вашей клинике,faq,clinic_info,False,normal,False,,False,,normal,grok_variation,seed_153
var_seed_154_4deeed,рентген есть?,faq,clinic_info,False,normal,False,,False,,hurried,grok_variation,seed_154
var_seed_154_fa04b5,у вас рентген,faq,clinic_info,False,normal,False,,False,,hurried,grok_variation,seed_154
var_seed_154_e81cf5,приеду завтра нужен рентген для зуба есть ли аппарат у вас в клинике,faq,clinic_info,False,normal,False,,False,,contextual,grok_variation,seed_154
var_seed_154_04ea44,ребенку надо снимок зубов делаете рентген или только в другой клинике,faq,clinic_info,False,normal,False,,False,,contextual,grok_variation,seed_154
var_seed_154_2b4de9,на работе сказали сначала рентген у вас есть такая услуга,faq,clinic_info,False,normal,False,,False,,contextual,grok_variation,seed_154
var_seed_154_3177f7,едем из области есть ли рентген чтобы не ехать дальше,faq,clinic_info,False,normal,False,,False,,contextual,grok_variation,seed_154
var_seed_154_47476b,есть ли рентген у вас,faq,clinic_info,False,normal,False,,False,,normal,grok_variation,seed_154
var_seed_154_f9037d,рентген снимок делаете,faq,clinic_info,False,normal,False,,False,,normal,grok_variation,seed_154
var_seed_154_7fdf57,подскажите про рентген в клинике,faq,clinic_info,False,normal,False,,False,,normal,grok_variation,seed_154
var_seed_155_a77c4b,скока открываетесь,faq,clinic_info,False,normal,False,,False,,hurried,grok_variation,seed_155
var_seed_155_d76636,когда открытие,faq,clinic_info,False,normal,False,,False,,hurried,grok_variation,seed_155
var_seed_155_a8e140,с какого времени,faq,clinic_info,False,normal,False,,False,,hurried,grok_variation,seed_155
var_seed_155_c40c7f,на работу с 7 утра выхожу во сколько у вас открыто чтоб успеть,faq,clinic_info,False,normal,False,,False,,contextual,grok_variation,seed_155
var_seed_155_3f4f46,ребёнок болеет надо срочно утром во сколько начинаете приём,faq,clinic_info,False,normal,False,,False,,contextual,grok_variation,seed_155
var_seed_155_854e47,завтра с утра лечусь во сколько отпираете двери клиники,faq,clinic_info,False,normal,False,,False,,contextual,grok_variation,seed_155
var_seed_155_66818c,в командировке пару часов во сколько открываетесь чтоб попасть,faq,clinic_info,False,normal,False,,False,,contextual,grok_variation,seed_155
var_seed_155_b71db6,подскажите время открытия,faq,clinic_info,False,normal,False,,False,,normal,grok_variation,seed_155
var_seed_155_570263,во сколько начинаете работу,faq,clinic_info,False,normal,False,,False,,normal,grok_variation,seed_155
var_seed_155_594ce3,какое у вас время открытия,faq,clinic_info,False,normal,False,,False,,normal,grok_variation,seed_155
var_seed_156_8513fd,как клиника называется,faq,clinic_info,False,normal,False,,False,,hurried,grok_variation,seed_156
var_seed_156_dd3d2c,ищу стоматологию по совету подруги а как ваша называется чтобы уточнить адрес,faq,clinic_info,False,normal,False,,False,,contextual,grok_variation,seed_156
var_seed_156_35f418,ребенку зуб болит а вы какая клиника чтобы отзывы почитать перед визитом,faq,clinic_info,False,normal,False,,False,,contextual,grok_variation,seed_156
var_seed_156_48fd2c,на работе коллега хвалил похожую а ваша точно как называется напомните,faq,clinic_info,False,normal,False,,False,,contextual,grok_variation,seed_156
var_seed_156_89707e,переехал недавно как ваша клиника официально называется для карты,faq,clinic_info,False,normal,False,,False,,contextual,grok_variation,seed_156
var_seed_156_ecbf20,подскажите название вашей клиники,faq,clinic_info,False,normal,False,,False,,normal,grok_variation,seed_156
var_seed_156_c4cd0a,как называется стоматология у вас,faq,clinic_info,False,normal,False,,False,,normal,grok_variation,seed_156
var_seed_157_61ea70,вы на рябикова,faq,clinic_info,False,normal,False,,False,,hurried,grok_variation,seed_157
var_seed_157_c6b350,рябикова ваша улица,faq,clinic_info,False,normal,False,,False,,hurried,grok_variation,seed_157
var_seed_157_f78292,клиника рябикова,faq,clinic_info,False,normal,False,,False,,hurried,grok_variation,seed_157
var_seed_157_d9a469,подруга сказала вы на рябикова живу рядом подтвердите чтоб не ошибиться,faq,clinic_info,False,normal,False,,False,,contextual,grok_variation,seed_157
var_seed_157_06c4d3,еду на машине с работы вы точно на рябикова или перепутала адрес,faq,clinic_info,False,normal,False,,False,,contextual,grok_variation,seed_157
var_seed_157_1605b0,ребёнку срочно зуб чинить а вы на рябикова как доехать посоветуйте,faq,clinic_info,False,normal,False,,False,,contextual,grok_variation,seed_157
var_seed_157_c79d35,в интернете два адреса один рябикова ваш или нет уточните пожалуйста,faq,clinic_info,False,normal,False,,False,,contextual,grok_variation,seed_157
var_seed_157_5b6bff,адрес на рябикова ваш,faq,clinic_info,False,normal,False,,False,,normal,grok_variation,seed_157
var_seed_157_4af03b,вы на улице рябикова,faq,clinic_info,False,normal,False,,False,,normal,grok_variation,seed_157
var_seed_157_fc534a,клиника находится на рябикова,faq,clinic_info,False,normal,False,,False,,normal,grok_variation,seed_157
var_seed_158_8b41c8,вычет за лечение зубов есть,faq,clinic_info,False,normal,False,,False,policy_only,hurried,grok_variation,seed_158
var_seed_158_611392,налоговый вычет дают,faq,clinic_info,False,normal,False,,False,policy_only,hurried,grok_variation,seed_158
var_seed_158_90ade8,возврат налога за пломбы,faq,clinic_info,False,normal,False,,False,policy_only,hurried,grok_variation,seed_158
var_seed_158_1b4de1,лечила дочку зубы платно можно ли вычет получить за лечение в клинике,faq,clinic_info,False,normal,False,,False,policy_only,contextual,grok_variation,seed_158
var_seed_158_4a8928,мужу имплант ставили дорого а вычет налоговый за такое положен или нет,faq,clinic_info,False,normal,False,,False,policy_only,contextual,grok_variation,seed_158
var_seed_158_521c21,в прошлом месяце чистку делал слышал про возврат налогов подскажите как,faq,clinic_info,False,normal,False,,False,policy_only,contextual,grok_variation,seed_158
var_seed_158_d4b13e,отбеливание делала у вас а налоговый вычет за косметику дают,faq,clinic_info,False,normal,False,,False,policy_only,contextual,grok_variation,seed_158
var_seed_158_211ad6,подскажите про вычет за лечение,faq,clinic_info,False,normal,False,,False,policy_only,normal,grok_variation,seed_158
var_seed_158_905703,налоговый возврат за зубы возможен,faq,clinic_info,False,normal,False,,False,policy_only,normal,grok_variation,seed_158
var_seed_158_693112,есть ли вычет на услуги стоматолога,faq,clinic_info,False,normal,False,,False,policy_only,normal,grok_variation,seed_158
var_seed_160_fdb7f5,програма лояльности есть,faq,clinic_info,False,normal,False,,False,policy_only,hurried,grok_variation,seed_160
var_seed_160_cc8995,лояльность программа?,faq,clinic_info,False,normal,False,,False,policy_only,hurried,grok_variation,seed_160
var_seed_160_85a9b6,дисконт для своих есть,faq,clinic_info,False,normal,False,,False,policy_only,hurried,grok_variation,seed_160
var_seed_160_36a1db,дочке 6 лет часто чистку делаем есть ли программа лояльности чтоб дешевле выходило,faq,clinic_info,False,normal,False,,False,policy_only,contextual,grok_variation,seed_160
var_seed_160_f92c53,пенсионер я каждый месяц прихожу зубы лечить программа лояльности у вас какая,faq,clinic_info,False,normal,False,,False,policy_only,contextual,grok_variation,seed_160
var_seed_160_47247e,на работе коллеги хвалят вашу лояльность а у вас правда есть такая программа,faq,clinic_info,False,normal,False,,False,policy_only,contextual,grok_variation,seed_160
var_seed_160_cae818,семья большая все зубы болят есть программа лояльности для постоянных клиентов,faq,clinic_info,False,normal,False,,False,policy_only,contextual,grok_variation,seed_160
var_seed_160_c1c81f,подскажите про программу лояльности,faq,clinic_info,False,normal,False,,False,policy_only,normal,grok_variation,seed_160
var_seed_160_fcb6d0,есть ли лояльность у вас,faq,clinic_info,False,normal,False,,False,policy_only,normal,grok_variation,seed_160
var_seed_161_0bc787,акции чё есть,faq,clinic_info,False,normal,False,,False,policy_only,hurried,grok_variation,seed_161
var_seed_161_3c9812,скока акции,faq,clinic_info,False,normal,False,,False,policy_only,hurried,grok_variation,seed_161
var_seed_161_ca2751,скидки имеются,faq,clinic_info,False,normal,False,,False,policy_only,hurried,grok_variation,seed_161
var_seed_161_7c1a5c,женюсь скоро отбеливание надо акции на него у вас есть сейчас,faq,clinic_info,False,normal,False,,False,policy_only,contextual,grok_variation,seed_161
var_seed_161_eb25d6,ребенку 6 лет чистка зубов акции на детскую какая цена,faq,clinic_info,False,normal,False,,False,policy_only,contextual,grok_variation,seed_161
var_seed_161_9ec889,пенсионер скидки для нас на камень с зубов какие акции действуют,faq,clinic_info,False,normal,False,,False,policy_only,contextual,grok_variation,seed_161
var_seed_161_c4d9a0,на работе весь день акции на вечерний осмотр есть подскажите,faq,clinic_info,False,normal,False,,False,policy_only,contextual,grok_variation,seed_161
var_seed_161_dc3be9,какие акции сейчас,faq,clinic_info,False,normal,False,,False,policy_only,normal,grok_variation,seed_161
var_seed_161_0143d8,подскажите про акции,faq,clinic_info,False,normal,False,,False,policy_only,normal,grok_variation,seed_161
var_seed_161_9c0305,есть акции на чистку,faq,clinic_info,False,normal,False,,False,policy_only,normal,grok_variation,seed_161
var_seed_162_ba8553,нужно направление?,faq,clinic_info,False,normal,False,,False,,hurried,grok_variation,seed_162
var_seed_162_ae9c49,напрвление надо?,faq,clinic_info,False,normal,False,,False,,hurried,grok_variation,seed_162
var_seed_162_77895d,без направления можно?,faq,clinic_info,False,normal,False,,False,,hurried,grok_variation,seed_162
var_seed_162_fd21bd,от терапевта дали направл а к вам нужно ещё одно или хватит,faq,clinic_info,False,normal,False,,False,,contextual,grok_variation,seed_162
var_seed_162_3b975d,ребёнку 7 лет идем к вам на осмотр берут ли без направления от школьного врача,faq,clinic_info,False,normal,False,,False,,contextual,grok_variation,seed_162
var_seed_162_8d3ce0,на пенсии хожу по поликлинике дали талон это направление для стоматолога подойдёт у вас,faq,clinic_info,False,normal,False,,False,,contextual,grok_variation,seed_162
var_seed_162_b4923a,муж боится врачей терпиевт выписал направл а вы принимаете по нему или нет,faq,clinic_info,False,normal,False,,False,,contextual,grok_variation,seed_162
var_seed_162_a658b2,направление требуется или нет?,faq,clinic_info,False,normal,False,,False,,normal,grok_variation,seed_162
var_seed_162_936a0a,подскажите нужно направление для приёма?,faq,clinic_info,False,normal,False,,False,,normal,grok_variation,seed_162
var_seed_162_0acf0a,принимаете без направления?,faq,clinic_info,False,normal,False,,False,,normal,grok_variation,seed_162
var_seed_164_0c80b9,вайфай есть у вас,faq,clinic_info,False,normal,False,,False,,hurried,grok_variation,seed_164
var_seed_164_cbc49a,привожу сына на осмотр долго ждать вайфай нужен мультики смотреть,faq,clinic_info,False,normal,False,,False,,contextual,grok_variation,seed_164
var_seed_164_ba92c9,на работе без интернета приеду к вам в клинику вайфай есть подключается,faq,clinic_info,False,normal,False,,False,,contextual,grok_variation,seed_164
var_seed_164_819397,иду к вам пожилой ждать наверное долго в клинике вайфай есть или нет,faq,clinic_info,False,normal,False,,False,,contextual,grok_variation,seed_164
var_seed_164_c718a6,взял такси приеду через час в клинике вайфай бесплатно дают,faq,clinic_info,False,normal,False,,False,,contextual,grok_variation,seed_164
var_seed_164_a56a4c,есть ли вайфай в зале ожидания,faq,clinic_info,False,normal,False,,False,,normal,grok_variation,seed_164
var_seed_164_2ad53a,вайфай в клинике работает,faq,clinic_info,False,normal,False,,False,,normal,grok_variation,seed_164
var_seed_164_6710b4,подскажите про вайфай у вас,faq,clinic_info,False,normal,False,,False,,normal,grok_variation,seed_164
var_seed_165_f43528,скока детских стоматологов,faq,doctor_info,False,normal,False,,False,,hurried,grok_variation,seed_165
var_seed_165_6faae6,детских врачей сколько,faq,doctor_info,False,normal,False,,False,,hurried,grok_variation,seed_165
var_seed_165_4c1378,ребёнку 3 года боюсь обычных врачей сколько у вас детских стоматологов работает,faq,doctor_info,False,normal,False,,False,,contextual,grok_variation,seed_165
var_seed_165_baf487,вчера дочка зуб разбила срочно нужно а сколько детских специалистов у вас в штате,faq,doctor_info,False,normal,False,,False,,contextual,grok_variation,seed_165
var_seed_165_dc3249,нашёл вашу клинику отзывы хорошие а сколько детских стоматологов принимает по утрам,faq,doctor_info,False,normal,False,,False,,contextual,grok_variation,seed_165
var_seed_165_b558fa,сын боится зубных врачей подскажите сколько детских стоматологов у вас есть в команде,faq,doctor_info,False,normal,False,,False,,contextual,grok_variation,seed_165
var_seed_165_3c2cee,подскажите сколько детских стоматологов у вас,faq,doctor_info,False,normal,False,,False,,normal,grok_variation,seed_165
var_seed_165_10c5ee,интересует количество детских врачей,faq,doctor_info,False,normal,False,,False,,normal,grok_variation,seed_165
var_seed_165_923853,сколько специалистов для детей,faq,doctor_info,False,normal,False,,False,,normal,grok_variation,seed_165
var_seed_166_f50df5,батылин работает?,faq,doctor_info,False,normal,False,,False,,hurried,grok_variation,seed_166
var_seed_166_5a5e8f,у вас батылин есть?,faq,doctor_info,False,normal,False,,False,,hurried,grok_variation,seed_166
var_seed_166_00ddd9,слышала про батылина он у вас еще работает раньше хвалили,faq,doctor_info,False,normal,False,,False,,contextual,grok_variation,seed_166
var_seed_166_9556f7,дочке понравился батылин в прошлый раз работает ли он у вас сейчас,faq,doctor_info,False,normal,False,,False,,contextual,grok_variation,seed_166
var_seed_166_78732f,посоветовали батылина на работе уточните есть ли такой доктор у вас,faq,doctor_info,False,normal,False,,False,,contextual,grok_variation,seed_166
var_seed_166_90e15d,лечилась раньше у батылина теперь проверяю работает ли он в вашей клинике,faq,doctor_info,False,normal,False,,False,,contextual,grok_variation,seed_166
var_seed_166_8e7918,есть доктор батылин у вас?,faq,doctor_info,False,normal,False,,False,,normal,grok_variation,seed_166
var_seed_166_cba29b,когда батылин принимает у вас?,faq,doctor_info,False,normal,False,,False,,normal,grok_variation,seed_166
var_seed_167_bac1a9,лучший ортодонт кто,faq,doctor_info,False,normal,False,,False,subjective,hurried,grok_variation,seed_167
var_seed_167_1cd7b1,ортодонт лучший у вас,faq,doctor_info,False,normal,False,,False,subjective,hurried,grok_variation,seed_167
var_seed_167_710ee4,дочке 12 лет брекеты нужны кто у вас лучший ортодонт сделает красиво,faq,doctor_info,False,normal,False,,False,subjective,contextual,grok_variation,seed_167
var_seed_167_bd967c,на работе посоветовали к ортодонту кто у вас самый опытный по ровным зубам,faq,doctor_info,False,normal,False,,False,subjective,contextual,grok_variation,seed_167
var_seed_167_3a1bb1,читала отзывы про брекеты ваш лучший ортодонт какой чтобы не ошибиться,faq,doctor_info,False,normal,False,,False,subjective,contextual,grok_variation,seed_167
var_seed_167_8b9bcf,жене для улыбки ортодонт нужен посоветуйте лучшего у вас в клинике,faq,doctor_info,False,normal,False,,False,subjective,contextual,grok_variation,seed_167
var_seed_167_71b567,кто лучший ортодонт у вас,faq,doctor_info,False,normal,False,,False,subjective,normal,grok_variation,seed_167
var_seed_168_fe5be5,скока лет хирургу,faq,doctor_info,False,normal,False,,False,,hurried,grok_variation,seed_168
var_seed_168_ccb457,хирург опыт чё,faq,doctor_info,False,normal,False,,False,,hurried,grok_variation,seed_168
var_seed_168_d6be17,стаж хирурга какой,faq,doctor_info,False,normal,False,,False,,hurried,grok_variation,seed_168
var_seed_168_73a2f4,выбираю клинику для удаления расскажите стаж вашего хирурга,faq,doctor_info,False,normal,False,,False,,contextual,grok_variation,seed_168
var_seed_168_7a82d8,на работе все хвалят вашего хирурга а сколько у него опыта,faq,doctor_info,False,normal,False,,False,,contextual,grok_variation,seed_168
var_seed_168_1e94f3,для мамы нужно удалять а какой стаж у хирурга в клинике,faq,doctor_info,False,normal,False,,False,,contextual,grok_variation,seed_168
var_seed_168_07aa04,какой у хирурга стаж работы,faq,doctor_info,False,normal,False,,False,,normal,grok_variation,seed_168
var_seed_168_f7b256,подскажите опыт хирурга,faq,doctor_info,False,normal,False,,False,,normal,grok_variation,seed_168
var_seed_169_d7c853,детский стом есть,faq,doctor_info,False,normal,False,,False,,hurried,grok_variation,seed_169
var_seed_169_84224f,у вас детский дантист,faq,doctor_info,False,normal,False,,False,,hurried,grok_variation,seed_169
var_seed_169_35188d,стом для детей чё,faq,doctor_info,False,normal,False,,False,,hurried,grok_variation,seed_169
var_seed_169_ae2beb,ребёнку 3 года пора к врачу есть детский стоматолог у вас,faq,doctor_info,False,normal,False,,False,,contextual,grok_variation,seed_169
var_seed_169_94345f,сыну зубы растут боюсь обычным врачом есть специалист для детей,faq,doctor_info,False,normal,False,,False,,contextual,grok_variation,seed_169
var_seed_169_5ec5c3,внучке 7 лет школа началась нужен детский стом в вашей клинике,faq,doctor_info,False,normal,False,,False,,contextual,grok_variation,seed_169
var_seed_169_3945bb,дочке пломбу ставить а вдруг испугается есть детский врач по зубам,faq,doctor_info,False,normal,False,,False,,contextual,grok_variation,seed_169
var_seed_169_0c1f38,подскажите есть детский стоматолог,faq,doctor_info,False,normal,False,,False,,normal,grok_variation,seed_169
var_seed_169_f8e409,нужен детский специалист по зубам,faq,doctor_info,False,normal,False,,False,,normal,grok_variation,seed_169
var_seed_170_9425c0,кто импланты ставит,faq,doctor_info,False,normal,False,,False,,hurried,grok_variation,seed_170
var_seed_170_6c89e0,имплант какой доктор,faq,doctor_info,False,normal,False,,False,,hurried,grok_variation,seed_170
var_seed_170_242789,мне имплант нужен а кто у вас этим занимается на работу после обеда могу,faq,doctor_info,False,normal,False,,False,,contextual,grok_variation,seed_170
var_seed_170_9ef9e9,потерял зуб муж хочет имплант кто у вас ставит посоветуйте врача опытного,faq,doctor_info,False,normal,False,,False,,contextual,grok_variation,seed_170
var_seed_170_796d6a,дочка вырастет а пока узнать кто импланты делает у вас хорошо чтоб,faq,doctor_info,False,normal,False,,False,,contextual,grok_variation,seed_170
var_seed_170_1d056a,в аварии зуб сломал срочно имплант кто мастер по этому у вас,faq,doctor_info,False,normal,False,,False,,contextual,grok_variation,seed_170
var_seed_170_61375c,кто у вас импланты делает,faq,doctor_info,False,normal,False,,False,,normal,grok_variation,seed_170
var_seed_170_f76b8d,какой врач имплантацию,faq,doctor_info,False,normal,False,,False,,normal,grok_variation,seed_170
var_seed_171_b7bf0b,ермаков у вас есть?,faq,doctor_info,False,normal,False,,False,,hurried,grok_variation,seed_171
var_seed_171_cb1c27,ортодонт ермаков?,faq,doctor_info,False,normal,False,,False,,hurried,grok_variation,seed_171
var_seed_171_1d48ac,есть ермаков ортодонт?,faq,doctor_info,False,normal,False,,False,,hurried,grok_variation,seed_171
var_seed_171_1339bf,знакомая хвалила ортодонта ермакова он у вас работает сейчас?,faq,doctor_info,False,normal,False,,False,,contextual,grok_variation,seed_171
var_seed_171_f83411,для дочки ищу ермакова ортодонта есть ли он в клинике вашей?,faq,doctor_info,False,normal,False,,False,,contextual,grok_variation,seed_171
var_seed_171_15d4b6,слышал про ермакова хорошие отзывы он у вас принимает пациентов?,faq,doctor_info,False,normal,False,,False,,contextual,grok_variation,seed_171
var_seed_171_1d774c,работает ли у вас ермаков ортодонт,faq,doctor_info,False,normal,False,,False,,normal,grok_variation,seed_171
var_seed_172_6d1082,демин ещё есть?,faq,doctor_info,False,normal,False,,False,,hurried,grok_variation,seed_172
var_seed_172_38b636,демин работает?,faq,doctor_info,False,normal,False,,False,,hurried,grok_variation,seed_172
var_seed_172_54e240,у вас демин?,faq,doctor_info,False,normal,False,,False,,hurried,grok_variation,seed_172
var_seed_172_a5d821,лечилась у демина год назад понравилось демин щас принимает у вас?,faq,doctor_info,False,normal,False,,False,,contextual,grok_variation,seed_172
var_seed_172_191651,ребёнку ставили у демина всё ок теперь опять нужен демин ещё работает?,faq,doctor_info,False,normal,False,,False,,contextual,grok_variation,seed_172
var_seed_172_b6284b,слышал демин ушёл правда ли демин продолжает у вас работать?,faq,doctor_info,False,normal,False,,False,,contextual,grok_variation,seed_172
var_seed_172_abfcd0,на работе посоветовали демина раньше был у вас демин не сменил клинику?,faq,doctor_info,False,normal,False,,False,,contextual,grok_variation,seed_172
var_seed_172_55ace0,демин ещё принимает у вас,faq,doctor_info,False,normal,False,,False,,normal,grok_variation,seed_172
var_seed_172_391775,работает ли демин в вашей клинике,faq,doctor_info,False,normal,False,,False,,normal,grok_variation,seed_172
var_seed_172_b2c7cb,доктор демин у вас ещё?,faq,doctor_info,False,normal,False,,False,,normal,grok_variation,seed_172
var_seed_173_3471a1,кто деток лечит,faq,doctor_info,False,normal,False,,False,,hurried,grok_variation,seed_173
var_seed_173_2b63c6,детский доктор есть,faq,doctor_info,False,normal,False,,False,,hurried,grok_variation,seed_173
var_seed_173_9ec62c,кто малых берёт,faq,doctor_info,False,normal,False,,False,,hurried,grok_variation,seed_173
var_seed_173_234b82,сыну 4 года первый раз к зубному кто у вас детей принимает,faq,doctor_info,False,normal,False,,False,,contextual,grok_variation,seed_173
var_seed_173_640da3,дочке 7 лет зубки проверить кто специализируется на детях,faq,doctor_info,False,normal,False,,False,,contextual,grok_variation,seed_173
var_seed_173_923fe1,ребёнку 3 годика страшно кто хорошо лечит мелких у вас,faq,doctor_info,False,normal,False,,False,,contextual,grok_variation,seed_173
var_seed_173_efdd74,подскажите кто принимает детей,faq,doctor_info,False,normal,False,,False,,normal,grok_variation,seed_173
var_seed_173_6ca244,кто у вас лечит деток,faq,doctor_info,False,normal,False,,False,,normal,grok_variation,seed_173
var_seed_173_167f81,есть врач для маленьких,faq,doctor_info,False,normal,False,,False,,normal,grok_variation,seed_173
var_seed_174_7de821,пародонтолог есть,faq,doctor_info,False,normal,False,,False,,hurried,grok_variation,seed_174
var_seed_174_52326a,у вас паронтолог,faq,doctor_info,False,normal,False,,False,,hurried,grok_variation,seed_174
var_seed_174_644d39,чё пародонтолог имеется,faq,doctor_info,False,normal,False,,False,,hurried,grok_variation,seed_174
var_seed_174_f46789,друг сказал идти к пародонтологу в вашу клинику такой доктор работает,faq,doctor_info,False,normal,False,,False,,contextual,grok_variation,seed_174
var_seed_174_18a481,для мамы нужен специалист пародонтолог у вас есть такой врач или нет,faq,doctor_info,False,normal,False,,False,,contextual,grok_variation,seed_174
var_seed_174_32188e,на работе коллега хвалил вашего пародонтолога правда он есть,faq,doctor_info,False,normal,False,,False,,contextual,grok_variation,seed_174
var_seed_174_672af6,слышала про лечение десен у вас пародонтолог принимает пациентов,faq,doctor_info,False,normal,False,,False,,contextual,grok_variation,seed_174
var_seed_174_312a66,есть пародонтолог у вас,faq,doctor_info,False,normal,False,,False,,normal,grok_variation,seed_174
var_seed_174_94473a,работает пародонтолог,faq,doctor_info,False,normal,False,,False,,normal,grok_variation,seed_174
var_seed_174_70dc1d,подскажите про пародонтолога,faq,doctor_info,False,normal,False,,False,,normal,grok_variation,seed_174
var_seed_176_e3c0fe,коновская принимает,faq,doctor_info,False,normal,False,,False,,hurried,grok_variation,seed_176
var_seed_176_6c51d1,конновская есть,faq,doctor_info,False,normal,False,,False,,hurried,grok_variation,seed_176
var_seed_176_86722b,к конновской можно,faq,doctor_info,False,normal,False,,False,,hurried,grok_variation,seed_176
var_seed_176_26ec57,раньше ходила к конновской она ещё у вас работает,faq,doctor_info,False,normal,False,,False,,contextual,grok_variation,seed_176
var_seed_176_ebb095,муж хочет только к конновской она принимает по вечерам,faq,doctor_info,False,normal,False,,False,,contextual,grok_variation,seed_176
var_seed_176_ae0e79,дочке понравилась конновская ведёт она приём сейчас,faq,doctor_info,False,normal,False,,False,,contextual,grok_variation,seed_176
var_seed_176_efe8f2,на работе слышал про конновскую у вас она есть,faq,doctor_info,False,normal,False,,False,,contextual,grok_variation,seed_176
var_seed_176_219089,конновская ведёт приём,faq,doctor_info,False,normal,False,,False,,normal,grok_variation,seed_176
var_seed_176_308377,конновская работает у вас,faq,doctor_info,False,normal,False,,False,,normal,grok_variation,seed_176
var_seed_176_c3e54f,принимает ли коновская,faq,doctor_info,False,normal,False,,False,,normal,grok_variation,seed_176
var_seed_177_fcb7f1,демин чё спец,faq,doctor_info,False,normal,False,,False,,hurried,grok_variation,seed_177
var_seed_177_3056fa,какой демин врач,faq,doctor_info,False,normal,False,,False,,hurried,grok_variation,seed_177
var_seed_177_53d634,ребёнку зубы лечить демин детский берёт или только взрослых,faq,doctor_info,False,normal,False,,False,,contextual,grok_variation,seed_177
var_seed_177_e74b07,муж хочет к демину а мы не знаем чем он занимается подскажите,faq,doctor_info,False,normal,False,,False,,contextual,grok_variation,seed_177
var_seed_177_1929bc,читала отзывы про демина какая у него специализация точно,faq,doctor_info,False,normal,False,,False,,contextual,grok_variation,seed_177
var_seed_177_c8c7e4,на работе посоветовали демина интересно на каких зубах он спец,faq,doctor_info,False,normal,False,,False,,contextual,grok_variation,seed_177
var_seed_177_4a7377,подскажите чем занимается демин,faq,doctor_info,False,normal,False,,False,,normal,grok_variation,seed_177
var_seed_177_e983aa,какая у демина специализация,faq,doctor_info,False,normal,False,,False,,normal,grok_variation,seed_177
var_seed_177_aba542,демин какой профиль,faq,doctor_info,False,normal,False,,False,,normal,grok_variation,seed_177
var_seed_178_661242,кто брекеты ставит,faq,doctor_info,False,normal,False,,False,,hurried,grok_variation,seed_178
var_seed_178_5b6d51,у вас ортодонт есть,faq,doctor_info,False,normal,False,,False,,hurried,grok_variation,seed_178
var_seed_178_1896fa,сыну 14 лет кривые зубы кто у вас брекеты ставит опытный,faq,doctor_info,False,normal,False,,False,,contextual,grok_variation,seed_178
var_seed_178_aac619,дочке 10 брекеты нужны а кто врач по ним у вас в клинике,faq,doctor_info,False,normal,False,,False,,contextual,grok_variation,seed_178
var_seed_178_d1763d,на работе все ношу улыбку хочу брекеты кто специалист у вас,faq,doctor_info,False,normal,False,,False,,contextual,grok_variation,seed_178
var_seed_178_528076,подростку брекеты чот нужны скажите кто ставит в вашей клинике,faq,doctor_info,False,normal,False,,False,,contextual,grok_variation,seed_178
var_seed_178_3c7740,кто у вас специалист по брекетам,faq,doctor_info,False,normal,False,,False,,normal,grok_variation,seed_178
var_seed_178_a28ce6,подскажите кто ставит брекеты,faq,doctor_info,False,normal,False,,False,,normal,grok_variation,seed_178
var_seed_179_3e65b8,у вас ортопед,faq,doctor_info,False,normal,False,,False,,hurried,grok_variation,seed_179
var_seed_179_2ab096,ортопед принимает,faq,doctor_info,False,normal,False,,False,,hurried,grok_variation,seed_179
var_seed_179_1f3055,есть ортопедист,faq,doctor_info,False,normal,False,,False,,hurried,grok_variation,seed_179
var_seed_179_5b742c,ребенку 7 лет протез нужен ортопед детский у вас есть,faq,doctor_info,False,normal,False,,False,,contextual,grok_variation,seed_179
var_seed_179_5ffa7f,мне коронку менять надо ортопед опытный какой график,faq,doctor_info,False,normal,False,,False,,contextual,grok_variation,seed_179
var_seed_179_c8193a,слышала ортопеды пугают пациентов у вас нормальный есть,faq,doctor_info,False,normal,False,,False,,contextual,grok_variation,seed_179
var_seed_179_194b87,на работу некогда днем нужен ортопед вечером работает,faq,doctor_info,False,normal,False,,False,,contextual,grok_variation,seed_179
var_seed_179_1816b8,подскажите есть ли ортопед,faq,doctor_info,False,normal,False,,False,,normal,grok_variation,seed_179
var_seed_179_b27d23,кто ваш ортопед,faq,doctor_info,False,normal,False,,False,,normal,grok_variation,seed_179
var_seed_179_20c64d,ортопед в клинике есть,faq,doctor_info,False,normal,False,,False,,normal,grok_variation,seed_179
var_seed_180_664a94,кто протезы делает,faq,doctor_info,False,normal,False,,False,,hurried,grok_variation,seed_180
var_seed_180_41c0fb,мне без передних зубов нужен протез кто у вас этим занимается срочно свадьба скоро,faq,doctor_info,False,normal,False,,False,,contextual,grok_variation,seed_180
var_seed_180_6ed821,бабушка потеряла зубы хочет съёмный протез кто врач делает такие,faq,doctor_info,False,normal,False,,False,,contextual,grok_variation,seed_180
var_seed_180_423297,на работе травма потерял зуб кто у вас протезирование делает мостик поставит,faq,doctor_info,False,normal,False,,False,,contextual,grok_variation,seed_180
var_seed_180_129b03,жене нужно протезирование нижней челюсти кто специалист по коронкам и мостам,faq,doctor_info,False,normal,False,,False,,contextual,grok_variation,seed_180
var_seed_180_228bf3,кто у вас протезы ставит,faq,doctor_info,False,normal,False,,False,,normal,grok_variation,seed_180
var_seed_180_0a3aa1,подскажите кто занимается протезированием,faq,doctor_info,False,normal,False,,False,,normal,grok_variation,seed_180
var_seed_182_5e3cc3,кто вырывает зубы мудрости,faq,doctor_info,False,normal,False,,False,,hurried,grok_variation,seed_182
var_seed_182_7051eb,у кого удаляют восьмёрки,faq,doctor_info,False,normal,False,,False,,hurried,grok_variation,seed_182
var_seed_182_a08a66,чё за доктор на зубы мудрсти,faq,doctor_info,False,normal,False,,False,,hurried,grok_variation,seed_182
var_seed_182_5c419c,у дочки лезет зуб мудрости кто у вас его удаляет опытный,faq,doctor_info,False,normal,False,,False,,contextual,grok_variation,seed_182
var_seed_182_fdf05f,на работе сказали к хирургу по зубам мудрости какой у вас,faq,doctor_info,False,normal,False,,False,,contextual,grok_variation,seed_182
var_seed_182_b12d58,подростку вырвать восьмёрку нужно кто специалист в клинике,faq,doctor_info,False,normal,False,,False,,contextual,grok_variation,seed_182
var_seed_182_6f41c4,кто у вас удаляет зубы мудрости,faq,doctor_info,False,normal,False,,False,,normal,grok_variation,seed_182
var_seed_182_b3ec5e,подскажите врача на удаление восьмёрок,faq,doctor_info,False,normal,False,,False,,normal,grok_variation,seed_182
var_seed_183_d89ca9,кто у вас врачи,faq,doctor_info,False,normal,False,,False,,hurried,grok_variation,seed_183
var_seed_183_37b2b7,про докторов чё,faq,doctor_info,False,normal,False,,False,,hurried,grok_variation,seed_183
var_seed_183_8722dc,врачи какие есть,faq,doctor_info,False,normal,False,,False,,hurried,grok_variation,seed_183
var_seed_183_6c1d5c,ребёнку надо к стоматологу а я не знаю ваших врачей расскажите кто там опытный,faq,doctor_info,False,normal,False,,False,,contextual,grok_variation,seed_183
var_seed_183_f1bb98,на работе посоветовали клинику хочу узнать про ваших докторов квалификация какая,faq,doctor_info,False,normal,False,,False,,contextual,grok_variation,seed_183
var_seed_183_0f7ec9,выбираю где лечить зубы читал отзывы про врачей у вас подскажите подробнее,faq,doctor_info,False,normal,False,,False,,contextual,grok_variation,seed_183
var_seed_183_2778d5,давно не был у стоматолога теперь к вам хочу про специалистов ваших рассказать можно,faq,doctor_info,False,normal,False,,False,,contextual,grok_variation,seed_183
var_seed_183_c83e52,подскажите про ваших стоматологов,faq,doctor_info,False,normal,False,,False,,normal,grok_variation,seed_183
var_seed_183_2d8269,кто у вас работает врачами,faq,doctor_info,False,normal,False,,False,,normal,grok_variation,seed_183
var_seed_183_246655,расскажите о докторах клиники,faq,doctor_info,False,normal,False,,False,,normal,grok_variation,seed_183
var_seed_184_48afd7,ермаков скока стаж,faq,doctor_info,False,normal,False,,False,,hurried,grok_variation,seed_184
var_seed_184_5f64a8,стаж ермакова чё,faq,doctor_info,False,normal,False,,False,,hurried,grok_variation,seed_184
var_seed_184_05116a,ермаков сколько лет работает,faq,doctor_info,False,normal,False,,False,,hurried,grok_variation,seed_184
var_seed_184_445fd5,ребёнку ставить пломбу у ермакова а он давно в деле,faq,doctor_info,False,normal,False,,False,,contextual,grok_variation,seed_184
var_seed_184_a41410,на работе посоветовали ермакова сколько у него опыта в стоматологии,faq,doctor_info,False,normal,False,,False,,contextual,grok_variation,seed_184
var_seed_184_ab0499,читала про ермакова в отзывах какой стаж у него чтобы не ошибиться,faq,doctor_info,False,normal,False,,False,,contextual,grok_variation,seed_184
var_seed_184_4bbb02,другу нужно к ермакову подскажите сколько лет он практикует,faq,doctor_info,False,normal,False,,False,,contextual,grok_variation,seed_184
var_seed_184_d6cc79,подскажите стаж ермакова,faq,doctor_info,False,normal,False,,False,,normal,grok_variation,seed_184
var_seed_184_3c7f22,сколько лет работает ермаков,faq,doctor_info,False,normal,False,,False,,normal,grok_variation,seed_184
var_seed_184_0d5cd4,опыт ермакова какой,faq,doctor_info,False,normal,False,,False,,normal,grok_variation,seed_184
var_seed_185_1ca731,анестезиолог есть?,faq,doctor_info,False,normal,False,,False,,hurried,grok_variation,seed_185
var_seed_185_b0ba6c,ребёнку 6 лет лечить зубы страшно анестезиолог у вас есть чтобы без боли,faq,doctor_info,False,normal,False,,False,,contextual,grok_variation,seed_185
var_seed_185_88e1dd,я боюсь уколов очень подскажите есть ли анестезиолог в клинике вашей,faq,doctor_info,False,normal,False,,False,,contextual,grok_variation,seed_185
var_seed_185_080d9d,мужу удалять зуб на работе некогда ждать есть анестезиолог для быстрого,faq,doctor_info,False,normal,False,,False,,contextual,grok_variation,seed_185
var_seed_185_63b388,давно не был у зубных анестезиолог теперь делают уколы есть у вас такой,faq,doctor_info,False,normal,False,,False,,contextual,grok_variation,seed_185
var_seed_185_5bdfcc,есть ли анестезиолог у вас,faq,doctor_info,False,normal,False,,False,,normal,grok_variation,seed_185
var_seed_185_cd862d,работает анестезиолог в клинике?,faq,doctor_info,False,normal,False,,False,,normal,grok_variation,seed_185
var_seed_185_93cd14,подскажите про анестезиолога есть?,faq,doctor_info,False,normal,False,,False,,normal,grok_variation,seed_185
var_seed_186_5ef2e1,кто десны лечит,faq,doctor_info,False,normal,False,,False,,hurried,grok_variation,seed_186
var_seed_186_d36c1c,десны кто смотрит,faq,doctor_info,False,normal,False,,False,,hurried,grok_variation,seed_186
var_seed_186_ce97f9,врач на десну,faq,doctor_info,False,normal,False,,False,,hurried,grok_variation,seed_186
var_seed_186_eb7564,у дочки десны надо глянуть кто у вас этим занимается,faq,doctor_info,False,normal,False,,False,,contextual,grok_variation,seed_186
var_seed_186_b319a0,мне десны беспокоят а кто специалист по ним в клинике,faq,doctor_info,False,normal,False,,False,,contextual,grok_variation,seed_186
var_seed_186_c477b7,на работе все хвалят ваш врач кто десны лечит подскажите,faq,doctor_info,False,normal,False,,False,,contextual,grok_variation,seed_186
var_seed_186_c0bb2f,кто у вас лечит десны,faq,doctor_info,False,normal,False,,False,,normal,grok_variation,seed_186
var_seed_186_71aa99,подскажите врача на десны,faq,doctor_info,False,normal,False,,False,,normal,grok_variation,seed_186
var_seed_187_e40c81,какие врачи по выходным,faq,doctor_info,False,normal,False,,False,,hurried,grok_variation,seed_187
var_seed_187_8dad1b,в субботу кто работает,faq,doctor_info,False,normal,False,,False,,hurried,grok_variation,seed_187
var_seed_187_f0b027,воскресенье врачи есть,faq,doctor_info,False,normal,False,,False,,hurried,grok_variation,seed_187
var_seed_187_a5afeb,работаю всю неделю только суббота свободна какие врачи у вас дежурят тогда,faq,doctor_info,False,normal,False,,False,,contextual,grok_variation,seed_187
var_seed_187_51071b,мне срочно надо но в будни некогда по субботам какие врачи есть посоветуйте,faq,doctor_info,False,normal,False,,False,,contextual,grok_variation,seed_187
var_seed_187_7a6fad,на пенсии хожу медленно но по выходным кто работает не знаю подскажите пожалуйста,faq,doctor_info,False,normal,False,,False,,contextual,grok_variation,seed_187
var_seed_187_eff865,подскажите врачей в выходные,faq,doctor_info,False,normal,False,,False,,normal,grok_variation,seed_187
var_seed_187_647132,кто работает по субботам,faq,doctor_info,False,normal,False,,False,,normal,grok_variation,seed_187
var_seed_187_c96180,врачи по выходным какие,faq,doctor_info,False,normal,False,,False,,normal,grok_variation,seed_187
var_seed_188_30ad82,кто лидер по отзывам,faq,doctor_info,False,normal,False,,False,subjective,hurried,grok_variation,seed_188
var_seed_188_e25233,у кого отзивов топ,faq,doctor_info,False,normal,False,,False,subjective,hurried,grok_variation,seed_188
var_seed_188_43785c,больше отзывов чьих,faq,doctor_info,False,normal,False,,False,subjective,hurried,grok_variation,seed_188
var_seed_188_2ed028,на сайте у вас отзывы читала у какого доктора их больше всего хочу понять кто опытный,faq,doctor_info,False,normal,False,,False,subjective,contextual,grok_variation,seed_188
var_seed_188_97016d,ребёнку 7 лет вести к стоматологу с отзывами кучей у вас кто такой самый популярный,faq,doctor_info,False,normal,False,,False,subjective,contextual,grok_variation,seed_188
var_seed_188_462738,муж боится зубных врачей подскажите кто у вас с наибольшим количеством отзывов чтобы не ошибиться,faq,doctor_info,False,normal,False,,False,subjective,contextual,grok_variation,seed_188
var_seed_188_950d9a,на работе коллеги хвалят клинику а кто доктор с рекордными отзывами посоветуйте такого,faq,doctor_info,False,normal,False,,False,subjective,contextual,grok_variation,seed_188
var_seed_188_1015d3,кто из стоматологов у вас больше отзывов имеет,faq,doctor_info,False,normal,False,,False,subjective,normal,grok_variation,seed_188
var_seed_188_94580e,подскажите врача с максимумом отзывов,faq,doctor_info,False,normal,False,,False,subjective,normal,grok_variation,seed_188
var_seed_189_edfa8c,терапевт есть?,faq,doctor_info,False,normal,False,,False,,hurried,grok_variation,seed_189
var_seed_189_af1826,у вас терапевт?,faq,doctor_info,False,normal,False,,False,,hurried,grok_variation,seed_189
var_seed_189_71626f,ребёнку 6 лет нужен терапевт не хирург у вас есть такой,faq,doctor_info,False,normal,False,,False,,contextual,grok_variation,seed_189
var_seed_189_727108,на работе сказали идти к терапевту а не к хирургу вы такого имеете,faq,doctor_info,False,normal,False,,False,,contextual,grok_variation,seed_189
var_seed_189_42ebc5,начиталась что терапевт лучше хирурга для первого раза есть у вас,faq,doctor_info,False,normal,False,,False,,contextual,grok_variation,seed_189
var_seed_189_9ac50d,мужу нужен терапевт стоматолог боится операций такой доктор есть,faq,doctor_info,False,normal,False,,False,,contextual,grok_variation,seed_189
var_seed_189_d4538a,подскажите есть терапевт,faq,doctor_info,False,normal,False,,False,,normal,grok_variation,seed_189
var_seed_189_c936f7,у вас терапевт-стоматолог работает,faq,doctor_info,False,normal,False,,False,,normal,grok_variation,seed_189
var_seed_190_165c53,кто эстетику робит,faq,doctor_info,False,normal,False,,False,,hurried,grok_variation,seed_190
var_seed_190_584892,эстетика у кого,faq,doctor_info,False,normal,False,,False,,hurried,grok_variation,seed_190
var_seed_190_efd75f,кто по эстетике,faq,doctor_info,False,normal,False,,False,,hurried,grok_variation,seed_190
var_seed_190_022805,дочке 16 лет хочет виниры кто у вас этим занимается,faq,doctor_info,False,normal,False,,False,,contextual,grok_variation,seed_190
var_seed_190_6d591f,свадьба скоро виниры нужны кто мастер по эстетике,faq,doctor_info,False,normal,False,,False,,contextual,grok_variation,seed_190
var_seed_190_81133a,увидала ваши виниры в инсте кто ставит такие красоту,faq,doctor_info,False,normal,False,,False,,contextual,grok_variation,seed_190
var_seed_190_0896b5,кто у вас эстетику делает,faq,doctor_info,False,normal,False,,False,,normal,grok_variation,seed_190
var_seed_190_e05c90,подскажите врача по эстетике,faq,doctor_info,False,normal,False,,False,,normal,grok_variation,seed_190
var_seed_190_3c9453,кто специалист эстетика зубов,faq,doctor_info,False,normal,False,,False,,normal,grok_variation,seed_190
var_seed_191_b0205c,скока врачей у вас,faq,doctor_info,False,normal,False,,False,,hurried,grok_variation,seed_191
var_seed_191_97428f,ребенку к стоматологу а у вас сколько врачей чтоб очередь не большая была,faq,doctor_info,False,normal,False,,False,,contextual,grok_variation,seed_191
var_seed_191_dda85d,на работе некогда долго ждать подскажите сколько врачей работает чтоб быстро попали,faq,doctor_info,False,normal,False,,False,,contextual,grok_variation,seed_191
var_seed_191_9d3989,начиталась в инете отзывы плохие сколько у вас опытных врачей не боюсь,faq,doctor_info,False,normal,False,,False,,contextual,grok_variation,seed_191
var_seed_191_0c62c5,пенсионер я в будни неудобно сколько врачей чтоб выбрать время попроще,faq,doctor_info,False,normal,False,,False,,contextual,grok_variation,seed_191
var_seed_191_593fbd,подскажите сколько врачей в клинике,faq,doctor_info,False,normal,False,,False,,normal,grok_variation,seed_191
var_seed_191_828cf0,у вас сколько докторов работает,faq,doctor_info,False,normal,False,,False,,normal,grok_variation,seed_191
var_seed_192_abc9ba,есть женщина стоматолог,faq,doctor_info,False,normal,False,,False,subjective,hurried,grok_variation,seed_192
var_seed_192_352fba,к даме врачу можно,faq,doctor_info,False,normal,False,,False,subjective,hurried,grok_variation,seed_192
var_seed_192_45ae4c,ребёнку 5 лет боюсь мужиков врачей есть женщина стоматолог,faq,doctor_info,False,normal,False,,False,subjective,contextual,grok_variation,seed_192
var_seed_192_bdd093,мужа отправляю к вам предпочитает даму у вас такая есть,faq,doctor_info,False,normal,False,,False,subjective,contextual,grok_variation,seed_192
var_seed_192_d7ab48,на работе все хвалят женщин стоматологов делаете у себя,faq,doctor_info,False,normal,False,,False,subjective,contextual,grok_variation,seed_192
var_seed_192_e2ea28,старая к тетке ходила теперь хочу к молодой женщине есть ли,faq,doctor_info,False,normal,False,,False,subjective,contextual,grok_variation,seed_192
var_seed_192_1cdc18,есть женщины стоматологи у вас,faq,doctor_info,False,normal,False,,False,subjective,normal,grok_variation,seed_192
var_seed_192_caf699,подскажите про женщин врачей,faq,doctor_info,False,normal,False,,False,subjective,normal,grok_variation,seed_192
var_seed_193_e5d2c7,кто берменных принимает,faq,doctor_info,False,normal,False,,False,,hurried,grok_variation,seed_193
var_seed_193_c5c91e,врач для беременных есть,faq,doctor_info,False,normal,False,,False,,hurried,grok_variation,seed_193
var_seed_193_8c2dfa,я на 5 месяце подскажите кто беременных у вас осматривает,faq,doctor_info,False,normal,False,,False,,contextual,grok_variation,seed_193
var_seed_193_e58328,беременна вторая неделя зубы проверить надо кто принимает таких,faq,doctor_info,False,normal,False,,False,,contextual,grok_variation,seed_193
var_seed_193_e9f05c,мужу сказали к стоматологу но я беременна чей приём подойдёт,faq,doctor_info,False,normal,False,,False,,contextual,grok_variation,seed_193
var_seed_193_3c4bf0,на третьем месяце кто из врачей берёт беременных на осмотр,faq,doctor_info,False,normal,False,,False,,contextual,grok_variation,seed_193
var_seed_193_bcfc4c,кто у вас принимает беременных,faq,doctor_info,False,normal,False,,False,,normal,grok_variation,seed_193
var_seed_193_38f6aa,подскажите врача для беременных,faq,doctor_info,False,normal,False,,False,,normal,grok_variation,seed_193
var_seed_194_2f3120,хирург по имплантам есть,faq,doctor_info,False,normal,False,,False,,hurried,grok_variation,seed_194
var_seed_194_dd69ce,имплант кто ставит у вас,faq,doctor_info,False,normal,False,,False,,hurried,grok_variation,seed_194
var_seed_194_8e7679,есть спец на имплантацию,faq,doctor_info,False,normal,False,,False,,hurried,grok_variation,seed_194
var_seed_194_5be1b8,потерял передний зуб нужен имплант а хирурга у вас есть кто опытный,faq,doctor_info,False,normal,False,,False,,contextual,grok_variation,seed_194
var_seed_194_96857d,на работе травма зуб сломал теперь имплант думает есть ли хирург для этого,faq,doctor_info,False,normal,False,,False,,contextual,grok_variation,seed_194
var_seed_194_a3f7ec,давно зубы удалили хочу импланты у вас хирург занимается такой процедурой,faq,doctor_info,False,normal,False,,False,,contextual,grok_variation,seed_194
var_seed_194_8629c1,сосед хвалит вашу клинику имплантам есть хирург посоветуйте,faq,doctor_info,False,normal,False,,False,,contextual,grok_variation,seed_194
var_seed_194_016339,есть ли хирург для имплантов,faq,doctor_info,False,normal,False,,False,,normal,grok_variation,seed_194
var_seed_196_b3a9e5,имплант ставить больно,faq,procedure_info,False,normal,False,,False,,hurried,grok_variation,seed_196
var_seed_196_e4dffe,имплантация чё болит,faq,procedure_info,False,normal,False,,False,,hurried,grok_variation,seed_196
var_seed_196_5b3c05,муж боится имплантацию делать больно ли у вас анестезия хорошая,faq,procedure_info,False,normal,False,,False,,contextual,grok_variation,seed_196
var_seed_196_17f321,вчера решил имплант ставить но страшно больно правда эта процедура,faq,procedure_info,False,normal,False,,False,,contextual,grok_variation,seed_196
var_seed_196_898f26,дочке 20 лет зуб сломала имплантация больно будет ей скажите,faq,procedure_info,False,normal,False,,False,,contextual,grok_variation,seed_196
var_seed_196_896c7e,на работе коллега делал имплант жаловался на боль у вас как проходит,faq,procedure_info,False,normal,False,,False,,contextual,grok_variation,seed_196
var_seed_196_7d7add,имплантация это больно ли,faq,procedure_info,False,normal,False,,False,,normal,grok_variation,seed_196
var_seed_196_93e065,ставить имплант больно,faq,procedure_info,False,normal,False,,False,,normal,grok_variation,seed_196
var_seed_197_94994e,скока чистка длится,faq,procedure_info,False,normal,False,,False,,hurried,grok_variation,seed_197
var_seed_197_868a27,чистка чё по времени,faq,procedure_info,False,normal,False,,False,,hurried,grok_variation,seed_197
var_seed_197_751f5e,ребёнку чистку делать скока времени уйдёт на весь рот,faq,procedure_info,False,normal,False,,False,,contextual,grok_variation,seed_197
var_seed_197_48cded,завтра с утра время мало чистка сколько займёт минут,faq,procedure_info,False,normal,False,,False,,contextual,grok_variation,seed_197
var_seed_197_4c1a58,на обед перерыв чистка зубов влезет по времени или нет,faq,procedure_info,False,normal,False,,False,,contextual,grok_variation,seed_197
var_seed_197_683885,читала отзывы чистка у вас долго скока точно процедура,faq,procedure_info,False,normal,False,,False,,contextual,grok_variation,seed_197
var_seed_197_df093b,подскажите длительность чистки,faq,procedure_info,False,normal,False,,False,,normal,grok_variation,seed_197
var_seed_198_d06e17,отбеливанию противопоказания какие,faq,procedure_info,False,normal,False,,False,,hurried,grok_variation,seed_198
var_seed_198_5e1c62,кому нельзя отбеливание,faq,procedure_info,False,normal,False,,False,,hurried,grok_variation,seed_198
var_seed_198_207c82,на свадьбу через месяц отбеливание хочу а какие противопоказания читала в инете,faq,procedure_info,False,normal,False,,False,,contextual,grok_variation,seed_198
var_seed_198_52411c,дочке 16 лет пацаны дразнят зубы хочет отбелить а противопоказания у вас есть список,faq,procedure_info,False,normal,False,,False,,contextual,grok_variation,seed_198
var_seed_198_c44c53,курю много зубы желтые отбеливание планирую но боюсь противопоказаний расскажи,faq,procedure_info,False,normal,False,,False,,contextual,grok_variation,seed_198
var_seed_198_37a9c8,подскажите противопоказания отбеливания зубов,faq,procedure_info,False,normal,False,,False,,normal,grok_variation,seed_198
var_seed_199_b7a978,как удаляют восьмерку,faq,procedure_info,False,normal,False,,False,,hurried,grok_variation,seed_199
var_seed_199_ae7891,чё при удалении мудрости,faq,procedure_info,False,normal,False,,False,,hurried,grok_variation,seed_199
var_seed_199_c03427,друг удалял восьмёрку страшно было расскажите как там проходит вся процедура,faq,procedure_info,False,normal,False,,False,,contextual,grok_variation,seed_199
var_seed_199_6a39fc,на работе посоветовали удалить зуб мудрости как это делается анестезия какая,faq,procedure_info,False,normal,False,,False,,contextual,grok_variation,seed_199
var_seed_199_b05658,ребёнку 18 лет выросла восьмёрка хочу понять как её удаляют без боли,faq,procedure_info,False,normal,False,,False,,contextual,grok_variation,seed_199
var_seed_199_7a4d4a,читала в инете про удаление зубов мудрости у вас как проходит под местной,faq,procedure_info,False,normal,False,,False,,contextual,grok_variation,seed_199
var_seed_199_3ad0c8,расскажите как удаляют зуб мудрости,faq,procedure_info,False,normal,False,,False,,normal,grok_variation,seed_199
var_seed_199_4092d0,процедура удаления восьмёрки какая,faq,procedure_info,False,normal,False,,False,,normal,grok_variation,seed_199
var_seed_200_2f5d64,скока ждать после пломбы до еды,faq,procedure_info,False,normal,False,,False,,hurried,grok_variation,seed_200
var_seed_200_8ed8f2,после пломбы когда жрать можно,faq,procedure_info,False,normal,False,,False,,hurried,grok_variation,seed_200
var_seed_200_312e48,ребёнку 6 лет пломбу поставили есть просит через сколько дать,faq,procedure_info,False,normal,False,,False,,contextual,grok_variation,seed_200
var_seed_200_50825e,на работе пломбу сделали перерыв обеденный скока ждать до еды,faq,procedure_info,False,normal,False,,False,,contextual,grok_variation,seed_200
var_seed_200_e35723,вчера пломбу ставили сказали не есть а сколько часов точно ждать,faq,procedure_info,False,normal,False,,False,,contextual,grok_variation,seed_200
var_seed_200_35aab3,стоматолог пломбу сделал боюсь испортить через сколько безопасно жевать,faq,procedure_info,False,normal,False,,False,,contextual,grok_variation,seed_200
var_seed_200_ad7915,подскажите через сколько кушать после пломбы,faq,procedure_info,False,normal,False,,False,,normal,grok_variation,seed_200
var_seed_201_9c2fd7,скока имплант заживает,faq,procedure_info,False,normal,False,,False,,hurried,grok_variation,seed_201
var_seed_201_de1048,после импланта когда ок,faq,procedure_info,False,normal,False,,False,,hurried,grok_variation,seed_201
var_seed_201_3a77db,имплант сколько ждать,faq,procedure_info,False,normal,False,,False,,hurried,grok_variation,seed_201
var_seed_201_e5270d,на след неделе имплант ставлю скока заживает до еды нормальной,faq,procedure_info,False,normal,False,,False,,contextual,grok_variation,seed_201
var_seed_201_0e3967,мужу вчера имплант воткнули когда приживется чтоб не болтался,faq,procedure_info,False,normal,False,,False,,contextual,grok_variation,seed_201
var_seed_201_d4b1bf,в инете по разному пишут после имплантации скока реально заживает,faq,procedure_info,False,normal,False,,False,,contextual,grok_variation,seed_201
var_seed_201_04df76,коллеге поставили имплант говорит ждать 4 мес а сколько обычно,faq,procedure_info,False,normal,False,,False,,contextual,grok_variation,seed_201
var_seed_201_cc4272,подскажите сколько заживает имплант,faq,procedure_info,False,normal,False,,False,,normal,grok_variation,seed_201
var_seed_202_664179,скока брекеты носить,faq,procedure_info,False,normal,False,,False,,hurried,grok_variation,seed_202
var_seed_202_012b2e,брекеты чё сколько,faq,procedure_info,False,normal,False,,False,,hurried,grok_variation,seed_202
var_seed_202_7e3453,ребёнку 12 лет поставили брекеты на сколько месяцев их теперь тащить,faq,procedure_info,False,normal,False,,False,,contextual,grok_variation,seed_202
var_seed_202_df18ea,хочу поставить брекеты но страшно надолго увязнусь скока обычно носят такие штуки,faq,procedure_info,False,normal,False,,False,,contextual,grok_variation,seed_202
var_seed_202_fedbfe,другу надели брекеты год прошёл а конца не видно сколько всего терпеть надо,faq,procedure_info,False,normal,False,,False,,contextual,grok_variation,seed_202
var_seed_202_9fb783,на работе строгий дресс код боюсь брекетов сколько их прятать придётся примерно,faq,procedure_info,False,normal,False,,False,,contextual,grok_variation,seed_202
var_seed_202_76d0d3,подскажите сколько носят брекеты,faq,procedure_info,False,normal,False,,False,,normal,grok_variation,seed_202
var_seed_204_d6c43a,импланты какие виды,faq,procedure_info,False,normal,False,,False,,hurried,grok_variation,seed_204
var_seed_204_73e3d9,чё за виды имплантов,faq,procedure_info,False,normal,False,,False,,hurried,grok_variation,seed_204
var_seed_204_e50fca,мужу ставить имплант потерял передний какие виды посоветуйте выбрать,faq,procedure_info,False,normal,False,,False,,contextual,grok_variation,seed_204
var_seed_204_3f38f0,давно курю зубы желтые плюс один пропал какие импланты подойдут мне,faq,procedure_info,False,normal,False,,False,,contextual,grok_variation,seed_204
var_seed_204_711905,дочке 30 лет хочет имплант вместо старого моста какие варианты у вас есть,faq,procedure_info,False,normal,False,,False,,contextual,grok_variation,seed_204
var_seed_204_e21b5f,подскажите какие бывают импланты,faq,procedure_info,False,normal,False,,False,,normal,grok_variation,seed_204
var_seed_205_1c9f08,скока визитов надо,faq,procedure_info,False,normal,False,,False,,hurried,grok_variation,seed_205
var_seed_205_869134,сколько раз ходить,faq,procedure_info,False,normal,False,,False,,hurried,grok_variation,seed_205
var_seed_205_79e8ad,визитов чё столько,faq,procedure_info,False,normal,False,,False,,hurried,grok_variation,seed_205
var_seed_205_94ade5,ребенку 6 лет пломбу ставить сколько визитов у вас уйдет на все,faq,procedure_info,False,normal,False,,False,,contextual,grok_variation,seed_205
var_seed_205_ce1960,на имплант нижний зуб скока визитов всего планировать времени мало,faq,procedure_info,False,normal,False,,False,,contextual,grok_variation,seed_205
var_seed_205_68f764,отбеливание хочу но начиталась много визитов скока реально нужно,faq,procedure_info,False,normal,False,,False,,contextual,grok_variation,seed_205
var_seed_205_8d60e4,коронку старенькую менять пожилому сколько визитов ходить неудобно,faq,procedure_info,False,normal,False,,False,,contextual,grok_variation,seed_205
var_seed_205_084bc8,сколько визитов обычно,faq,procedure_info,False,normal,False,,False,,normal,grok_variation,seed_205
var_seed_205_6d3e72,нужно ли много визитов,faq,procedure_info,False,normal,False,,False,,normal,grok_variation,seed_205
var_seed_206_13b9a4,кт готовиться надо?,faq,procedure_info,False,normal,False,,False,,hurried,grok_variation,seed_206
var_seed_206_fbc9bf,подготовка к кт?,faq,procedure_info,False,normal,False,,False,,hurried,grok_variation,seed_206
var_seed_206_76467e,к кт чё готовить?,faq,procedure_info,False,normal,False,,False,,hurried,grok_variation,seed_206
var_seed_206_9606b7,ребёнку 6 лет кт назначено нужно ли его чем-то кормить или нет заранее,faq,procedure_info,False,normal,False,,False,,contextual,grok_variation,seed_206
var_seed_206_f0c6bf,завтра утром кт челюсти а я читала что иногда голодать надо у вас как,faq,procedure_info,False,normal,False,,False,,contextual,grok_variation,seed_206
var_seed_206_730bb8,на работе сказали кт сделать перед имплантом а подготовка какая требуется скажите,faq,procedure_info,False,normal,False,,False,,contextual,grok_variation,seed_206
var_seed_206_1ee0c0,мне кт на нижнюю челюсть врач выписал а в инете пишут разное про подготовку что нужно,faq,procedure_info,False,normal,False,,False,,contextual,grok_variation,seed_206
var_seed_206_b03b58,нужна ли подготовка перед кт,faq,procedure_info,False,normal,False,,False,,normal,grok_variation,seed_206
var_seed_207_b7218f,чё нельзя после удаления,faq,procedure_info,False,normal,False,,False,,hurried,grok_variation,seed_207
var_seed_207_8b62d6,после вырвал зуб нельзя чё,faq,procedure_info,False,normal,False,,False,,hurried,grok_variation,seed_207
var_seed_207_749356,нельза курить после вырывания,faq,procedure_info,False,normal,False,,False,,hurried,grok_variation,seed_207
var_seed_207_b58120,мне вчера зуб выдернули а завтра работа что нельзя делать чтоб не разболталось,faq,procedure_info,False,normal,False,,False,,contextual,grok_variation,seed_207
var_seed_207_407bd7,ребёнку 7 лет удалили молочный зуб что ему нельзя есть чтоб не было хуже,faq,procedure_info,False,normal,False,,False,,contextual,grok_variation,seed_207
var_seed_207_911c3d,вырвал зуб начиталась в инете что нельзя полоскать страшно осложнений боюсь,faq,procedure_info,False,normal,False,,False,,contextual,grok_variation,seed_207
var_seed_207_85947c,на работе вырвал зуб лечу домой скока не курить и не пить горячее,faq,procedure_info,False,normal,False,,False,,contextual,grok_variation,seed_207
var_seed_207_1cd993,что нельзя после удаления зуба,faq,procedure_info,False,normal,False,,False,,normal,grok_variation,seed_207
var_seed_207_b71d87,подскажите ограничения после вырывания зуба,faq,procedure_info,False,normal,False,,False,,normal,grok_variation,seed_207
var_seed_208_ceae1f,как чистить брекеты,faq,procedure_info,False,normal,False,,False,,hurried,grok_variation,seed_208
var_seed_208_6ef94c,дочке поставили брекеты как теперь чистить чтоб не было проблем с зубами,faq,procedure_info,False,normal,False,,False,,contextual,grok_variation,seed_208
var_seed_208_a554e8,вчера начали носить брекеты начиталась в инете страшно как правильно за ними ухаживать,faq,procedure_info,False,normal,False,,False,,contextual,grok_variation,seed_208
var_seed_208_76c4bb,внуку брекетики поставили путаюсь как за ними смотреть чтоб не портились зубы,faq,procedure_info,False,normal,False,,False,,contextual,grok_variation,seed_208
var_seed_208_52c7ba,на работе поставили брекеты некогда разбираться как чистить посоветуйте,faq,procedure_info,False,normal,False,,False,,contextual,grok_variation,seed_208
var_seed_208_18ed06,подскажите как ухаживать за брекетами,faq,procedure_info,False,normal,False,,False,,normal,grok_variation,seed_208
var_seed_210_599861,через скока швы снимают,faq,procedure_info,False,normal,False,,False,,hurried,grok_variation,seed_210
var_seed_210_08b18e,швы посколько после вырвали,faq,procedure_info,False,normal,False,,False,,hurried,grok_variation,seed_210
var_seed_210_325fa1,вчера зуб вырвали швы зашили когда их снимать надо,faq,procedure_info,False,normal,False,,False,,contextual,grok_variation,seed_210
var_seed_210_c8c5c7,ребенку 6 лет удалили зубик швы наложили когда снимать,faq,procedure_info,False,normal,False,,False,,contextual,grok_variation,seed_210
var_seed_210_70bcf6,мне нижний зуб вытащили швы поставили чз сколько дней убрать,faq,procedure_info,False,normal,False,,False,,contextual,grok_variation,seed_210
var_seed_210_312c06,когда снимают швы после удаления зуба,faq,procedure_info,False,normal,False,,False,,normal,grok_variation,seed_210
var_seed_210_490f05,через сколько дней швы после вырывания,faq,procedure_info,False,normal,False,,False,,normal,grok_variation,seed_210
var_seed_210_7ff466,подскажите когда убирают швы после удаления,faq,procedure_info,False,normal,False,,False,,normal,grok_variation,seed_210
var_seed_211_e6eec2,отбеливание эмаль портит?,faq,procedure_info,False,normal,False,,False,,hurried,grok_variation,seed_211
var_seed_211_775bc2,эмаль мочит отбеливание чё,faq,procedure_info,False,normal,False,,False,,hurried,grok_variation,seed_211
var_seed_211_5c1ff5,курю много зубы жёлтые хочу отбелить но говорят эмаль стирается это так,faq,procedure_info,False,normal,False,,False,,contextual,grok_variation,seed_211
var_seed_211_8134df,девушка хочет отбеливание перед свадьбой а я начитался в инете что эмаль разрушается подскажите,faq,procedure_info,False,normal,False,,False,,contextual,grok_variation,seed_211
var_seed_211_f998c3,слышал от друзей отбеливание сильно вредит эмали особенно если часто делать правда ли,faq,procedure_info,False,normal,False,,False,,contextual,grok_variation,seed_211
var_seed_211_04e35f,отбеливание сильно вредит эмали?,faq,procedure_info,False,normal,False,,False,,normal,grok_variation,seed_211
var_seed_212_883930,имплант сколько ходит,faq,procedure_info,False,normal,False,,False,,hurried,grok_variation,seed_212
var_seed_212_779fbc,имплантт скока живет,faq,procedure_info,False,normal,False,,False,,hurried,grok_variation,seed_212
var_seed_212_b28add,друг поставил имплант год назад а вы какой срок даёте интересно,faq,procedure_info,False,normal,False,,False,,contextual,grok_variation,seed_212
var_seed_212_72c0d4,на работе коллега имплант 15 лет носит а у вас какой средний срок службы,faq,procedure_info,False,normal,False,,False,,contextual,grok_variation,seed_212
var_seed_212_4a0b95,жена хочет имплант но боится что недолго будет подскажите срок,faq,procedure_info,False,normal,False,,False,,contextual,grok_variation,seed_212
var_seed_212_395f3b,самолетом лечу а имплант новый какой гарантийный срок у вас,faq,procedure_info,False,normal,False,,False,,contextual,grok_variation,seed_212
var_seed_212_f82279,какой срок у имплантов,faq,procedure_info,False,normal,False,,False,,normal,grok_variation,seed_212
var_seed_213_af173a,нерв за один визит лечат?,faq,procedure_info,False,normal,False,,False,,hurried,grok_variation,seed_213
var_seed_213_b5f686,можно нерв вылечить за раз,faq,procedure_info,False,normal,False,,False,,hurried,grok_variation,seed_213
var_seed_213_39a1c7,лечение нерва за приём?,faq,procedure_info,False,normal,False,,False,,hurried,grok_variation,seed_213
var_seed_213_721d1a,у мужа нерв в зубе воспалён работаем допоздна можно за один визит вылечить или несколько раз бегать,faq,procedure_info,False,normal,False,,False,,contextual,grok_variation,seed_213
var_seed_213_3adb4f,дочке 6 лет зуб чёрный нерв наверное можно за один приём вылечить чтоб не мучилась,faq,procedure_info,False,normal,False,,False,,contextual,grok_variation,seed_213
var_seed_213_1f5c0d,на переднем зубе нерв застрял свадьба скоро за визит один вылечить реально,faq,procedure_info,False,normal,False,,False,,contextual,grok_variation,seed_213
var_seed_213_56f583,курю много нерв в жевательном зубе скока визитов надо чтоб вылечить за один не выйдет,faq,procedure_info,False,normal,False,,False,,contextual,grok_variation,seed_213
var_seed_213_4851a3,можно вылечить нерв зуба за один приём,faq,procedure_info,False,normal,False,,False,,normal,grok_variation,seed_213
var_seed_213_19ec2f,нерв лечат за один визит или нет,faq,procedure_info,False,normal,False,,False,,normal,grok_variation,seed_213
var_seed_213_c88d5b,возможно вылечить воспалённый нерв за визит,faq,procedure_info,False,normal,False,,False,,normal,grok_variation,seed_213
var_seed_214_79350f,веселящий газ как работает,faq,procedure_info,False,normal,False,,False,,hurried,grok_variation,seed_214
var_seed_214_d3c163,закись чё делает,faq,procedure_info,False,normal,False,,False,,hurried,grok_variation,seed_214
var_seed_214_f37430,газ закись принцип,faq,procedure_info,False,normal,False,,False,,hurried,grok_variation,seed_214
var_seed_214_5f17ab,дочке 5 лет зуб лечить боится читала про закись азота как она успокаивает,faq,procedure_info,False,normal,False,,False,,contextual,grok_variation,seed_214
var_seed_214_233bed,завтра пломбу ставить а я паникер про веселящий газ как он на мозг действует,faq,procedure_info,False,normal,False,,False,,contextual,grok_variation,seed_214
var_seed_214_56e0d0,старику 72 зубы плохие слышал про газ закись как точно помогает не больно,faq,procedure_info,False,normal,False,,False,,contextual,grok_variation,seed_214
var_seed_214_9eb3ea,на работе сказали про закись азота для лечения как она расслабляет человека,faq,procedure_info,False,normal,False,,False,,contextual,grok_variation,seed_214
var_seed_214_2fc9c8,подскажите как закись азота работает,faq,procedure_info,False,normal,False,,False,,normal,grok_variation,seed_214
var_seed_214_82c48f,веселящий газ принцип действия,faq,procedure_info,False,normal,False,,False,,normal,grok_variation,seed_214
var_seed_215_6dfc2b,скока времени коронк ставить,faq,procedure_info,False,normal,False,,False,,hurried,grok_variation,seed_215
var_seed_215_3efffd,коронку за сколько времени,faq,procedure_info,False,normal,False,,False,,hurried,grok_variation,seed_215
var_seed_215_18ac56,время на коронку чё,faq,procedure_info,False,normal,False,,False,,hurried,grok_variation,seed_215
var_seed_215_dbc594,на работу опаздываю скока времени уйдёт на коронку ставить завтра,faq,procedure_info,False,normal,False,,False,,contextual,grok_variation,seed_215
var_seed_215_fb3216,мужу коронку надо а он боится сколько по времени вся процедура у вас,faq,procedure_info,False,normal,False,,False,,contextual,grok_variation,seed_215
var_seed_215_b92800,свадьба скоро коронку на передний хочу знать сколько времени займёт,faq,procedure_info,False,normal,False,,False,,contextual,grok_variation,seed_215
var_seed_215_79dfeb,дедушке коронку ставить планируем он старый сколько минут примерно,faq,procedure_info,False,normal,False,,False,,contextual,grok_variation,seed_215
var_seed_215_323bab,сколько времени ставить коронку,faq,procedure_info,False,normal,False,,False,,normal,grok_variation,seed_215
var_seed_215_727a20,коронка сколько по времени делается,faq,procedure_info,False,normal,False,,False,,normal,grok_variation,seed_215
var_seed_216_203d48,риски импланта чё,faq,procedure_info,False,normal,False,,False,,hurried,grok_variation,seed_216
var_seed_216_f27e05,имплант опасно?,faq,procedure_info,False,normal,False,,False,,hurried,grok_variation,seed_216
var_seed_216_172a33,ставить имплант рискованно,faq,procedure_info,False,normal,False,,False,,hurried,grok_variation,seed_216
var_seed_216_ec7f10,в инете начиталась про импланты осложнения страшные риски какие бывают,faq,procedure_info,False,normal,False,,False,,contextual,grok_variation,seed_216
var_seed_216_203bc5,мне 68 лет имплант надо а риски большие какие подскажите подробно,faq,procedure_info,False,normal,False,,False,,contextual,grok_variation,seed_216
var_seed_216_dc8388,свадьба скоро имплант вставлю а вдруг осложнения риски есть или нет,faq,procedure_info,False,normal,False,,False,,contextual,grok_variation,seed_216
var_seed_216_6013d1,какие осложнения при имплантах,faq,procedure_info,False,normal,False,,False,,normal,grok_variation,seed_216
var_seed_216_088b86,риски установки импланта есть?,faq,procedure_info,False,normal,False,,False,,normal,grok_variation,seed_216
var_seed_218_18f8ab,курить после вырвал зуб можно,faq,procedure_info,False,normal,False,,False,,hurried,grok_variation,seed_218
var_seed_218_5c3cc2,после удаления курить чё,faq,procedure_info,False,normal,False,,False,,hurried,grok_variation,seed_218
var_seed_218_d12d65,можно закурить после вынимания,faq,procedure_info,False,normal,False,,False,,hurried,grok_variation,seed_218
var_seed_218_0199fd,завтра вырвут зуб а я курю много можно ли сразу после процедуры,faq,procedure_info,False,normal,False,,False,,contextual,grok_variation,seed_218
var_seed_218_85183b,мужу удалили вчера он злой без сигарет можно ему курить после удаления,faq,procedure_info,False,normal,False,,False,,contextual,grok_variation,seed_218
var_seed_218_e0d8b6,удалил зуб на нижней челюсти теперь чешется сигарету можно ли после вырывания,faq,procedure_info,False,normal,False,,False,,contextual,grok_variation,seed_218
var_seed_218_66b2c0,доктор вынул зуб сказал не есть горячее а курить можно после удаления или нет,faq,procedure_info,False,normal,False,,False,,contextual,grok_variation,seed_218
var_seed_218_2d0280,можно ли курить после удаления зуба,faq,procedure_info,False,normal,False,,False,,normal,grok_variation,seed_218
var_seed_219_7ee73b,чистку как часто,faq,procedure_info,False,normal,False,,False,,hurried,grok_variation,seed_219
var_seed_219_96d144,камень скока чистить,faq,procedure_info,False,normal,False,,False,,hurried,grok_variation,seed_219
var_seed_219_d9d8c0,профчистка раз в сколько,faq,procedure_info,False,normal,False,,False,,hurried,grok_variation,seed_219
var_seed_219_0ccef3,дочке 6 лет камень удалили как часто теперь водить на чистку,faq,procedure_info,False,normal,False,,False,,contextual,grok_variation,seed_219
var_seed_219_d2cdc7,курю много зубы желтеют профчистку делали год назад скока повторять,faq,procedure_info,False,normal,False,,False,,contextual,grok_variation,seed_219
var_seed_219_129aa6,на работе кофе литрами пью чистил полгода назад какчасто надо проф,faq,procedure_info,False,normal,False,,False,,contextual,grok_variation,seed_219
var_seed_219_a5029c,мне за 60 камень наросли раньше раз в год чистил теперь чаще ли,faq,procedure_info,False,normal,False,,False,,contextual,grok_variation,seed_219
var_seed_219_255f2d,как часто рекомендуют чистку от камня,faq,procedure_info,False,normal,False,,False,,normal,grok_variation,seed_219
var_seed_219_86d22f,профчистку сколько раз в год делать,faq,procedure_info,False,normal,False,,False,,normal,grok_variation,seed_219
var_seed_219_b47658,нужна ли чистка каждые полгода,faq,procedure_info,False,normal,False,,False,,normal,grok_variation,seed_219
var_seed_220_7ab179,из чего пломбы,faq,procedure_info,False,normal,False,,False,,hurried,grok_variation,seed_220
var_seed_220_052eed,какие матерналы пломб,faq,procedure_info,False,normal,False,,False,,hurried,grok_variation,seed_220
var_seed_220_ba397c,пломбы из чего ставите,faq,procedure_info,False,normal,False,,False,,hurried,grok_variation,seed_220
var_seed_220_d66d80,ребенку 6 лет дырка маленькая какие материалы для пломбы посоветуете,faq,procedure_info,False,normal,False,,False,,contextual,grok_variation,seed_220
var_seed_220_7daf45,читала про амалгаму и композит боится ртути какие у вас ставят в пломбы,faq,procedure_info,False,normal,False,,False,,contextual,grok_variation,seed_220
var_seed_220_fc1ad9,на работу бегаю хочу долговечную пломбу из чего лучше делать у вас,faq,procedure_info,False,normal,False,,False,,contextual,grok_variation,seed_220
var_seed_220_fdfb7c,раньше ставили серые пломбы теперь светлые какие материалы применяете,faq,procedure_info,False,normal,False,,False,,contextual,grok_variation,seed_220
var_seed_220_3b0a0a,подскажите материалы для пломб,faq,procedure_info,False,normal,False,,False,,normal,grok_variation,seed_220
var_seed_220_2dd9c1,какие используете для пломбирования,faq,procedure_info,False,normal,False,,False,,normal,grok_variation,seed_220
var_seed_220_fe9782,из каких материалов пломбы ставите,faq,procedure_info,False,normal,False,,False,,normal,grok_variation,seed_220
var_seed_221_683974,керамеческие брекеты от металических чем отличаются,faq,procedure_info,False,normal,False,,False,,hurried,grok_variation,seed_221
var_seed_221_72b7d9,разница керамика и металл в брекетах,faq,procedure_info,False,normal,False,,False,,hurried,grok_variation,seed_221
var_seed_221_f6598a,чё лучше керамические или металлические брекеты,faq,procedure_info,False,normal,False,,False,,hurried,grok_variation,seed_221
var_seed_221_f3ba65,дочке 13 лет брекеты нужны керамические или металлические чем они отличаются поноске,faq,procedure_info,False,normal,False,,False,,contextual,grok_variation,seed_221
var_seed_221_e43760,на работе ношу деловой костюм хочу незаметные брекеты в чём разница керамики и металла,faq,procedure_info,False,normal,False,,False,,contextual,grok_variation,seed_221
var_seed_221_8c5918,сыну 14 ставить брекеты посоветуйте чем металлические отличаются от керамических по лечению,faq,procedure_info,False,normal,False,,False,,contextual,grok_variation,seed_221
var_seed_221_17e2f5,курю много зубы пожелтели брекеты планирую керамеческие или металические какая разница в уходе,faq,procedure_info,False,normal,False,,False,,contextual,grok_variation,seed_221
var_seed_221_27c433,подскажите чем отличаются керамические брекеты от металлических,faq,procedure_info,False,normal,False,,False,,normal,grok_variation,seed_221
var_seed_222_9c7ab7,ретейнер после брекетов нужен?,faq,procedure_info,False,normal,False,,False,,hurried,grok_variation,seed_222
var_seed_222_4c04f7,брекеты сняты ретейнер чё,faq,procedure_info,False,normal,False,,False,,hurried,grok_variation,seed_222
var_seed_222_2cad64,дочке 12 лет брекеты сняли теперь ретейнер советуют а он правда обязателен,faq,procedure_info,False,normal,False,,False,,contextual,grok_variation,seed_222
var_seed_222_67e533,курю много после брекетов зубы сдвинутся без ретейнера или нет,faq,procedure_info,False,normal,False,,False,,contextual,grok_variation,seed_222
var_seed_222_870628,вчера брекеты сняли врач ретейнер прописал но я читал в инете что не всем надо,faq,procedure_info,False,normal,False,,False,,contextual,grok_variation,seed_222
var_seed_222_03dac4,на работе ношу брекеты скоро сниму нужен ли потом ретейнер чтоб держались,faq,procedure_info,False,normal,False,,False,,contextual,grok_variation,seed_222
var_seed_222_384094,после брекетов ретейнер ставят всегда?,faq,procedure_info,False,normal,False,,False,,normal,grok_variation,seed_222
var_seed_223_2cf35d,скока укол держится,faq,procedure_info,False,normal,False,,False,,hurried,grok_variation,seed_223
var_seed_223_d1e77e,анестезия долго работает?,faq,procedure_info,False,normal,False,,False,,hurried,grok_variation,seed_223
var_seed_223_0e9442,после заморозки сколько не болит,faq,procedure_info,False,normal,False,,False,,hurried,grok_variation,seed_223
var_seed_223_819d3d,ребенку 6 лет завтра пломбу ставить скока после укола не будет чувствовать рот,faq,procedure_info,False,normal,False,,False,,contextual,grok_variation,seed_223
var_seed_223_063a9f,вчера чистили зуб укол сделали до сих пор губа онемела когда отпустит,faq,procedure_info,False,normal,False,,False,,contextual,grok_variation,seed_223
var_seed_223_af2997,на работе после лечения нельзя за руль сколько держится обезболивающий укол,faq,procedure_info,False,normal,False,,False,,contextual,grok_variation,seed_223
var_seed_223_2c1d7c,едем в отпуск завтра к вам на удаление скока анестезия будет действовать,faq,procedure_info,False,normal,False,,False,,contextual,grok_variation,seed_223
var_seed_223_fc2142,подскажите сколько действует анестезия после укола,faq,procedure_info,False,normal,False,,False,,normal,grok_variation,seed_223
var_seed_223_e0ca2b,как долго держится эффект от укола в зуб,faq,procedure_info,False,normal,False,,False,,normal,grok_variation,seed_223
var_seed_224_9d5de6,детям рентген можно,faq,procedure_info,False,normal,False,,False,,hurried,grok_variation,seed_224
var_seed_224_48c82e,рентгенн детям ок,faq,procedure_info,False,normal,False,,False,,hurried,grok_variation,seed_224
var_seed_224_12f8e2,чё рентген ребенку,faq,procedure_info,False,normal,False,,False,,hurried,grok_variation,seed_224
var_seed_224_319bad,дочке 4 года зубки проверить надо а рентген детям можно делать или вредно,faq,procedure_info,False,normal,False,,False,,contextual,grok_variation,seed_224
var_seed_224_7fbbea,внуку 7 лет стоматолог требует снимок но я боюсь радиации детям можно такой рентген,faq,procedure_info,False,normal,False,,False,,contextual,grok_variation,seed_224
var_seed_224_3e7a92,сын 5 лет упал сломал зубик а рентген ему безопасно делать начиталась в инете,faq,procedure_info,False,normal,False,,False,,contextual,grok_variation,seed_224
var_seed_224_88b9c8,можно рентген детям делать,faq,procedure_info,False,normal,False,,False,,normal,grok_variation,seed_224
var_seed_224_9004ef,рентген зубов для ребенка возможен,faq,procedure_info,False,normal,False,,False,,normal,grok_variation,seed_224
var_seed_224_aa3d7b,делают ли снимок детям,faq,procedure_info,False,normal,False,,False,,normal,grok_variation,seed_224
var_seed_225_01375a,диета после отбеливания надо?,faq,procedure_info,False,normal,False,,False,,hurried,grok_variation,seed_225
var_seed_225_8312f3,хочу завтра зубы отбелить а потом диету соблюдать сколько дней,faq,procedure_info,False,normal,False,,False,,contextual,grok_variation,seed_225
var_seed_225_7b78f0,свадьба скоро отбеливаю зубы скажите нужна ли диета сразу после,faq,procedure_info,False,normal,False,,False,,contextual,grok_variation,seed_225
var_seed_225_64b3a3,курю много планирую отбеливание после него диету держать или нет,faq,procedure_info,False,normal,False,,False,,contextual,grok_variation,seed_225
var_seed_225_56ca0e,другу делали отбеливание он кофе пил сразу а мне скажите про диету надо,faq,procedure_info,False,normal,False,,False,,contextual,grok_variation,seed_225
var_seed_225_af66d3,после отбеливания диета обязательна?,faq,procedure_info,False,normal,False,,False,,normal,grok_variation,seed_225
var_seed_225_f63fd0,что с едой после отбеливания зубов?,faq,procedure_info,False,normal,False,,False,,normal,grok_variation,seed_225
var_seed_226_78d441,запиши меня,booking,new_appointment,True,normal,False,,False,,hurried,grok_variation,seed_226
var_seed_226_cf7744,на приём надо,booking,new_appointment,True,normal,False,,False,,hurried,grok_variation,seed_226
var_seed_226_7c1203,свободно есть,booking,new_appointment,True,normal,False,,False,,hurried,grok_variation,seed_226
var_seed_226_b516a9,ребёнку 5 лет к стоматологу записать на вечер школа мешает,booking,new_appointment,True,normal,False,,False,,contextual,grok_variation,seed_226
var_seed_226_a23311,с завтрашнего дня зубы болтать некогда надо срочно записаться,booking,new_appointment,True,normal,False,,False,,contextual,grok_variation,seed_226
var_seed_226_034588,на свадьбу через неделю чистку зубов хочу успеть запишите,booking,new_appointment,True,normal,False,,False,,contextual,grok_variation,seed_226
var_seed_226_870ac0,можно записаться на приём,booking,new_appointment,True,normal,False,,False,,normal,grok_variation,seed_226
var_seed_226_72ba58,подскажите как на осмотр,booking,new_appointment,True,normal,False,,False,,normal,grok_variation,seed_226
var_seed_226_dc449d,хочу визит назначить,booking,new_appointment,True,normal,False,,False,,normal,grok_variation,seed_226
var_seed_227_a00270,есть свободное?,booking,new_appointment,True,normal,False,,False,,hurried,grok_variation,seed_227
var_seed_227_c1f977,когда слот?,booking,new_appointment,True,normal,False,,False,,hurried,grok_variation,seed_227
var_seed_227_04fa79,можно завтра?,booking,new_appointment,True,normal,False,,False,,hurried,grok_variation,seed_227
var_seed_227_dab0a2,лекции утром весь день чот когда вечером зписаться успею,booking,new_appointment,True,normal,False,,False,,contextual,grok_variation,seed_227
var_seed_227_f85f27,ребёнку 5 лет садик до 17 когда на этой неделе место найдётся,booking,new_appointment,True,normal,False,,False,,contextual,grok_variation,seed_227
var_seed_227_e2fb9b,ноги плохо хожу палочкой когда утром доктор принимает чтоб не толпа,booking,new_appointment,True,normal,False,,False,,contextual,grok_variation,seed_227
var_seed_227_7ec405,работа до вечера срочно на завтра пятницу окна есть у вас,booking,new_appointment,True,normal,False,,False,,contextual,grok_variation,seed_227
var_seed_227_8580d7,подскажите когда приём ближайший,booking,new_appointment,True,normal,False,,False,,normal,grok_variation,seed_227
var_seed_227_726f4e,есть места на неделю,booking,new_appointment,True,normal,False,,False,,normal,grok_variation,seed_227
var_seed_228_6fd122,зписать на след нед,booking,new_appointment,True,normal,False,,False,,hurried,grok_variation,seed_228
var_seed_228_3aa5d4,место на будущую?,booking,new_appointment,True,normal,False,,False,,hurried,grok_variation,seed_228
var_seed_228_3d4712,запишите на нед вперёд,booking,new_appointment,True,normal,False,,False,,hurried,grok_variation,seed_228
var_seed_228_3b0274,работаю всю неделю только на след могу подойдёт?,booking,new_appointment,True,normal,False,,False,,contextual,grok_variation,seed_228
var_seed_228_b73658,дочке 5 лет зубки проверить запишите на следующую неделю пожалуйста,booking,new_appointment,True,normal,False,,False,,contextual,grok_variation,seed_228
var_seed_228_e255ad,сессия начинается на этой неделе свободно ли на будущую,booking,new_appointment,True,normal,False,,False,,contextual,grok_variation,seed_228
var_seed_228_c9788c,мужу после отпуска на след неделе нужно к вам звоните,booking,new_appointment,True,normal,False,,False,,contextual,grok_variation,seed_228
var_seed_228_86cec6,можно на приём на следующую неделю,booking,new_appointment,True,normal,False,,False,,normal,grok_variation,seed_228
var_seed_228_a4cc50,хочу записаться на след неделю,booking,new_appointment,True,normal,False,,False,,normal,grok_variation,seed_228
var_seed_231_ddcd07,запиши на чистку,booking,new_appointment,True,normal,False,,False,,hurried,grok_variation,seed_231
var_seed_231_3f5cdc,чистку когда можно,booking,new_appointment,True,normal,False,,False,,hurried,grok_variation,seed_231
var_seed_231_a55527,завтра вечером чистку зубов хочу после работы запишитесь если есть,booking,new_appointment,True,normal,False,,False,,contextual,grok_variation,seed_231
var_seed_231_cf0fd9,ребенку 5 лет чистку надо привести запишите на пятницу утро,booking,new_appointment,True,normal,False,,False,,contextual,grok_variation,seed_231
var_seed_231_6b28c9,давно не чистил камень весь запишитесь на чистку на этой неделе,booking,new_appointment,True,normal,False,,False,,contextual,grok_variation,seed_231
var_seed_231_d19043,хочу на чистку записаться,booking,new_appointment,True,normal,False,,False,,normal,grok_variation,seed_231
var_seed_231_2bad1f,нужно место на чистку зубов,booking,new_appointment,True,normal,False,,False,,normal,grok_variation,seed_231
var_seed_231_874b44,подскажите на чистку когда есть,booking,new_appointment,True,normal,False,,False,,normal,grok_variation,seed_231
var_seed_232_96d4cb,запишите меня,booking,new_appointment,True,normal,False,,False,,hurried,grok_variation,seed_232
var_seed_232_91f3c4,к стоматологу срочно,booking,new_appointment,True,normal,False,,False,,hurried,grok_variation,seed_232
var_seed_232_8c7ad2,ребёнку 7 лет первый зуб нужно к стоматологу запишите на эту неделю если есть место,booking,new_appointment,True,normal,False,,False,,contextual,grok_variation,seed_232
var_seed_232_5e570d,работаю допоздна могу только в субботу запишитесь меня пожалуйста на утро,booking,new_appointment,True,normal,False,,False,,contextual,grok_variation,seed_232
var_seed_232_1ee0fd,муж боится зубных врачей но надо запишите его на вечерний приём на след неделе,booking,new_appointment,True,normal,False,,False,,contextual,grok_variation,seed_232
var_seed_232_b3ac7d,можно записаться на приём,booking,new_appointment,True,normal,False,,False,,normal,grok_variation,seed_232
var_seed_232_5dea63,хочу к стоматологу зписаться,booking,new_appointment,True,normal,False,,False,,normal,grok_variation,seed_232
var_seed_232_b2c1ea,подскажите есть свободное время,booking,new_appointment,True,normal,False,,False,,normal,grok_variation,seed_232
var_seed_233_bf0e55,есть свободное на неделе,booking,new_appointment,True,normal,False,,False,,hurried,grok_variation,seed_233
var_seed_233_a1a321,окошко на этой неделе?,booking,new_appointment,True,normal,False,,False,,hurried,grok_variation,seed_233
var_seed_233_a6daf2,работаю всю неделю допоздна можно на этой неделе утром записаться,booking,new_appointment,True,normal,False,,False,,contextual,grok_variation,seed_233
var_seed_233_6a3a36,ребёнку 5 лет зубик ноет надо на этой неделе место найдётся,booking,new_appointment,True,normal,False,,False,,contextual,grok_variation,seed_233
var_seed_233_52a8d7,в отпуске на этой неделе хочу к вам на осмотр свободно ли,booking,new_appointment,True,normal,False,,False,,contextual,grok_variation,seed_233
var_seed_233_9e5fd9,муж боится но надо чистку на этой неделе есть когда,booking,new_appointment,True,normal,False,,False,,contextual,grok_variation,seed_233
var_seed_233_4b03a6,можно записаться на этой неделе,booking,new_appointment,True,normal,False,,False,,normal,grok_variation,seed_233
var_seed_233_a1ce90,есть места на приём на неделе,booking,new_appointment,True,normal,False,,False,,normal,grok_variation,seed_233
var_seed_233_0b1807,подскажите свободно ли на этой неделе,booking,new_appointment,True,normal,False,,False,,normal,grok_variation,seed_233
var_seed_234_0ed1d7,запиши ребнка,booking,new_appointment,True,normal,False,,False,,hurried,grok_variation,seed_234
var_seed_234_3b9a57,дочку на приём,booking,new_appointment,True,normal,False,,False,,hurried,grok_variation,seed_234
var_seed_234_491e65,ребёнку слот есть,booking,new_appointment,True,normal,False,,False,,hurried,grok_variation,seed_234
var_seed_234_e3bf89,сыну 6 лет школа начинается хочу на следующей неделе записать на осмотр,booking,new_appointment,True,normal,False,,False,,contextual,grok_variation,seed_234
var_seed_234_588c0a,дочке 4 годика первый визит к стоматологу запишите пожалуйста на вечер,booking,new_appointment,True,normal,False,,False,,contextual,grok_variation,seed_234
var_seed_234_bec2f6,внуку 5 лет на выходных свободны чтобы привести к вам на приём,booking,new_appointment,True,normal,False,,False,,contextual,grok_variation,seed_234
var_seed_234_fc871b,мальчишке моему 8 лет после садика некогда запишитесь на субботу,booking,new_appointment,True,normal,False,,False,,contextual,grok_variation,seed_234
var_seed_234_9c98f3,как записать ребёнка к вам,booking,new_appointment,True,normal,False,,False,,normal,grok_variation,seed_234
var_seed_234_d03bca,нужно место для малыша на этой неделе,booking,new_appointment,True,normal,False,,False,,normal,grok_variation,seed_234
var_seed_235_e426d5,запиши на приём,booking,new_appointment,True,normal,False,,False,,hurried,grok_variation,seed_235
var_seed_235_454ab5,хочу записаться,booking,new_appointment,True,normal,False,,False,,hurried,grok_variation,seed_235
var_seed_235_e65128,ребёнку 6 лет первый раз к стоматологу запишите на утро,booking,new_appointment,True,normal,False,,False,,contextual,grok_variation,seed_235
var_seed_235_5a92f1,старик я по утрам хожу запишите на осмотр пожалста,booking,new_appointment,True,normal,False,,False,,contextual,grok_variation,seed_235
var_seed_235_ba15ca,как записаться на приём,booking,new_appointment,True,normal,False,,False,,normal,grok_variation,seed_235
var_seed_236_050a67,сегодня место есть,booking,new_appointment,True,normal,False,,False,,hurried,grok_variation,seed_236
var_seed_236_51869c,зписаться на сегодня,booking,new_appointment,True,normal,False,,False,,hurried,grok_variation,seed_236
var_seed_236_ea3ec2,можно щас к вам,booking,new_appointment,True,normal,False,,False,,hurried,grok_variation,seed_236
var_seed_236_e83f38,ребёнку 5 лет зуб ноет только сегодня свободны запишите пожалуйста,booking,new_appointment,True,normal,False,,False,,contextual,grok_variation,seed_236
var_seed_236_43693d,на работе весь день занята могу только вечером сегодня подойдёт запись,booking,new_appointment,True,normal,False,,False,,contextual,grok_variation,seed_236
var_seed_236_0440a9,вчера заметила дырку срочно нужно сегодня к стоматологу есть время,booking,new_appointment,True,normal,False,,False,,contextual,grok_variation,seed_236
var_seed_236_d5984f,муж завтра уезжает запишите его на сегодня на осмотр зубов,booking,new_appointment,True,normal,False,,False,,contextual,grok_variation,seed_236
var_seed_236_425f3b,хочу записаться сегодня,booking,new_appointment,True,normal,False,,False,,normal,grok_variation,seed_236
var_seed_236_66cdfe,есть свободное на сегодня,booking,new_appointment,True,normal,False,,False,,normal,grok_variation,seed_236
var_seed_236_f7a22e,подскажите запись на сегодня,booking,new_appointment,True,normal,False,,False,,normal,grok_variation,seed_236
var_seed_238_0f8693,запиши к ортодонту,booking,new_appointment,True,normal,False,ортодонт,False,,hurried,grok_variation,seed_238
var_seed_238_db884b,ортодонт когда можно,booking,new_appointment,True,normal,False,ортодонт,False,,hurried,grok_variation,seed_238
var_seed_238_b4fed9,нужен ортодонт срочно,booking,new_appointment,True,normal,False,ортодонт,False,,hurried,grok_variation,seed_238
var_seed_238_ca86a5,сыну 14 зубы кривые хочу к ортодонту записаться на следующей неделе,booking,new_appointment,True,normal,False,ортодонт,False,,contextual,grok_variation,seed_238
var_seed_238_c045a2,дочке брекеты нужны читала отзывы про вашего ортодонта когда место есть,booking,new_appointment,True,normal,False,ортодонт,False,,contextual,grok_variation,seed_238
var_seed_238_4d82d9,вчера понял что прикус плохой хочу к ортодонту на этой неделе если свободно,booking,new_appointment,True,normal,False,ортодонт,False,,contextual,grok_variation,seed_238
var_seed_238_93fe4f,можно к ортодонту записаться,booking,new_appointment,True,normal,False,ортодонт,False,,normal,grok_variation,seed_238
var_seed_238_7638a3,хочу приём у ортодонта,booking,new_appointment,True,normal,False,ортодонт,False,,normal,grok_variation,seed_238
var_seed_239_82f359,запишите к детскому,booking,new_appointment,True,normal,False,детский стоматолог,False,,hurried,grok_variation,seed_239
var_seed_239_c06764,ребенку запись к стоматологу,booking,new_appointment,True,normal,False,детский стоматолог,False,,hurried,grok_variation,seed_239
var_seed_239_e34508,зписать к детскму срочно,booking,new_appointment,True,normal,False,детский стоматолог,False,,hurried,grok_variation,seed_239
var_seed_239_f7fc8b,сыну 4 года надо к детскому стоматологу на этой неделе запишите,booking,new_appointment,True,normal,False,детский стоматолог,False,,contextual,grok_variation,seed_239
var_seed_239_16b771,внучке 7 лет зубки осмотреть к детскому доктору когда место есть,booking,new_appointment,True,normal,False,детский стоматолог,False,,contextual,grok_variation,seed_239
var_seed_239_701427,мальчишке 5 лет на профилактику к детскому запишите в пятницу,booking,new_appointment,True,normal,False,детский стоматолог,False,,contextual,grok_variation,seed_239
var_seed_239_2e8e0f,нужна запись к детскому стоматологу,booking,new_appointment,True,normal,False,детский стоматолог,False,,normal,grok_variation,seed_239
var_seed_239_3c255a,можно к детскому врачу записаться,booking,new_appointment,True,normal,False,детский стоматолог,False,,normal,grok_variation,seed_239
var_seed_239_9cb65b,хочу ребенку к детскому на приём,booking,new_appointment,True,normal,False,детский стоматолог,False,,normal,grok_variation,seed_239
var_seed_240_62ae98,зписаться на удаление,booking,new_appointment,True,normal,False,,False,,hurried,grok_variation,seed_240
var_seed_240_638aa1,на удаление зуба срочно,booking,new_appointment,True,normal,False,,False,,hurried,grok_variation,seed_240
var_seed_240_de3d3f,запиши на вырывание зуба,booking,new_appointment,True,normal,False,,False,,hurried,grok_variation,seed_240
var_seed_240_0ebfec,ребёнку 6 лет молочный зуб запишите на удаление в субботу,booking,new_appointment,True,normal,False,,False,,contextual,grok_variation,seed_240
var_seed_240_c55862,мужу завтра на удаление зуба который мешает зписать если место есть,booking,new_appointment,True,normal,False,,False,,contextual,grok_variation,seed_240
var_seed_240_fd5cfe,вечером свободна только запишите на удаление зуба после 18,booking,new_appointment,True,normal,False,,False,,contextual,grok_variation,seed_240
var_seed_240_a97f08,на работе зуб мешает запиште на удаление на этой неделе когда можно,booking,new_appointment,True,normal,False,,False,,contextual,grok_variation,seed_240
var_seed_240_c30ca2,можно записаться на удаление зуба,booking,new_appointment,True,normal,False,,False,,normal,grok_variation,seed_240
var_seed_240_580249,хочу на удаление зуба к вам,booking,new_appointment,True,normal,False,,False,,normal,grok_variation,seed_240
var_seed_240_0cc919,есть запись на удаление зуба,booking,new_appointment,True,normal,False,,False,,normal,grok_variation,seed_240
var_seed_241_5d4dc6,зписаться в понедельник,booking,new_appointment,True,normal,False,,False,,hurried,grok_variation,seed_241
var_seed_241_08817a,пн приём есть?,booking,new_appointment,True,normal,False,,False,,hurried,grok_variation,seed_241
var_seed_241_e3166b,ребёнку 7 лет зубик ноет запишите на понедельник утро,booking,new_appointment,True,normal,False,,False,,contextual,grok_variation,seed_241
var_seed_241_fe7a6f,на работе только пн вечером можно к вам зписаться на приём,booking,new_appointment,True,normal,False,,False,,contextual,grok_variation,seed_241
var_seed_241_1103e2,живу рядом пенсионер хочу в понедельник на осмотр подойдёт,booking,new_appointment,True,normal,False,,False,,contextual,grok_variation,seed_241
var_seed_241_08c7d1,с завтрашнего дня отпуск пн утро свободно запишитесь меня,booking,new_appointment,True,normal,False,,False,,contextual,grok_variation,seed_241
var_seed_241_e302d0,можно на приём в понедельник,booking,new_appointment,True,normal,False,,False,,normal,grok_variation,seed_241
var_seed_241_975911,подскажите места в пн есть,booking,new_appointment,True,normal,False,,False,,normal,grok_variation,seed_241
var_seed_242_a2d2eb,можно онлайн?,faq,clinic_info,False,normal,False,,False,policy_only,hurried,grok_variation,seed_242
var_seed_243_16182f,зписите нас двоих,booking,new_appointment,True,normal,False,,False,,hurried,grok_variation,seed_243
var_seed_243_123683,меня мужа запишите,booking,new_appointment,True,normal,False,,False,,hurried,grok_variation,seed_243
var_seed_243_70b573,мы с мужем оба хотим на приём запишите на этой неделе если можно,booking,new_appointment,True,normal,False,,False,,contextual,grok_variation,seed_243
var_seed_243_b5cad3,завтра свободно меня и супруга двоих запишите на утро работаем,booking,new_appointment,True,normal,False,,False,,contextual,grok_variation,seed_243
var_seed_243_a045c6,запишите меня и мужа пожалуйста,booking,new_appointment,True,normal,False,,False,,normal,grok_variation,seed_243
var_seed_243_cc4865,можно нас двоих записать,booking,new_appointment,True,normal,False,,False,,normal,grok_variation,seed_243
var_seed_243_de9ac4,прошу запись мне с супругом,booking,new_appointment,True,normal,False,,False,,normal,grok_variation,seed_243
var_seed_244_0006fb,утром принимаете?,booking,new_appointment,True,normal,False,,False,,hurried,grok_variation,seed_244
var_seed_244_59d13c,утренний приём есть?,booking,new_appointment,True,normal,False,,False,,hurried,grok_variation,seed_244
var_seed_244_98e373,утро свободно?,booking,new_appointment,True,normal,False,,False,,hurried,grok_variation,seed_244
var_seed_244_cd7844,работаю допоздна только утром могу есть утренние часы на приём?,booking,new_appointment,True,normal,False,,False,,contextual,grok_variation,seed_244
var_seed_244_fb9536,ребёнку в школу в 8 утром нужно привести до 9 подойдёт у вас?,booking,new_appointment,True,normal,False,,False,,contextual,grok_variation,seed_244
var_seed_244_db96b9,завтра поезд в 10 выхожу нужен осмотр поутру свободное место?,booking,new_appointment,True,normal,False,,False,,contextual,grok_variation,seed_244
var_seed_244_4d5e84,есть приём утром?,booking,new_appointment,True,normal,False,,False,,normal,grok_variation,seed_244
var_seed_244_29c1bb,можно утром записаться?,booking,new_appointment,True,normal,False,,False,,normal,grok_variation,seed_244
var_seed_244_65012b,подскажите утренние часы есть?,booking,new_appointment,True,normal,False,,False,,normal,grok_variation,seed_244
var_seed_245_6425f0,зпис после 18,booking,new_appointment,True,normal,False,,False,,hurried,grok_variation,seed_245
var_seed_245_24f473,вечер после 18 есть?,booking,new_appointment,True,normal,False,,False,,hurried,grok_variation,seed_245
var_seed_245_0c06b6,на вечер чот запиши,booking,new_appointment,True,normal,False,,False,,hurried,grok_variation,seed_245
var_seed_245_c5f4b4,работаю до 18 запишите вечером на завтра после шести удобно ли,booking,new_appointment,True,normal,False,,False,,contextual,grok_variation,seed_245
var_seed_245_d63971,мужчина я на машине подъеду после 18 вечером есть свободное время,booking,new_appointment,True,normal,False,,False,,contextual,grok_variation,seed_245
var_seed_245_a5063b,завтра с работы после 18 сразу к вам запишитесь пожалуйста на приём,booking,new_appointment,True,normal,False,,False,,contextual,grok_variation,seed_245
var_seed_245_3f7e2b,можно записаться после 18,booking,new_appointment,True,normal,False,,False,,normal,grok_variation,seed_245
var_seed_245_02fac2,вечером после 18 подойдёт,booking,new_appointment,True,normal,False,,False,,normal,grok_variation,seed_245
var_seed_245_06a776,есть место на вечер после шести,booking,new_appointment,True,normal,False,,False,,normal,grok_variation,seed_245
var_seed_246_6e1951,записатся на имплант,booking,new_appointment,True,normal,False,,False,,hurried,grok_variation,seed_246
var_seed_246_b0cb58,имплант хочу поставить,booking,new_appointment,True,normal,False,,False,,hurried,grok_variation,seed_246
var_seed_246_d91e75,на имплант свободно,booking,new_appointment,True,normal,False,,False,,hurried,grok_variation,seed_246
var_seed_246_c12b36,выбил зуб на футболе хочу имплант записаться на будущей неделе когда есть места,booking,new_appointment,True,normal,False,,False,,contextual,grok_variation,seed_246
var_seed_246_f18d57,мужу нужно имплант на жевательный потерял давно на работе некогда только вечером можно записать,booking,new_appointment,True,normal,False,,False,,contextual,grok_variation,seed_246
var_seed_246_a08c11,на свадьбу друга через месяц зуб пустой хочу имплант поставить подскажите когда приём,booking,new_appointment,True,normal,False,,False,,contextual,grok_variation,seed_246
var_seed_246_52fac1,давно думаю про имплант выдернули старый теперь место пустое запишитесь меня пожалуйста,booking,new_appointment,True,normal,False,,False,,contextual,grok_variation,seed_246
var_seed_246_c831c0,хочу записаться на имплант,booking,new_appointment,True,normal,False,,False,,normal,grok_variation,seed_246
var_seed_246_5cd913,можно на имплант к вам,booking,new_appointment,True,normal,False,,False,,normal,grok_variation,seed_246
var_seed_246_61d21f,подскажите про запись на имплант,booking,new_appointment,True,normal,False,,False,,normal,grok_variation,seed_246
var_seed_247_e6ac2a,срочно запишите,booking,new_appointment,True,urgent,False,,False,,hurried,grok_variation,seed_247
var_seed_247_40d52d,запись щас нужна,booking,new_appointment,True,urgent,False,,False,,hurried,grok_variation,seed_247
var_seed_247_c96ce0,место сегодня срочно,booking,new_appointment,True,urgent,False,,False,,hurried,grok_variation,seed_247
var_seed_247_e4eb25,завтра улетаю срочно нужна запись на приём сегодня если есть,booking,new_appointment,True,urgent,False,,False,,contextual,grok_variation,seed_247
var_seed_247_89b054,на работе некогда только сейчас свободен срочно место подскажите,booking,new_appointment,True,urgent,False,,False,,contextual,grok_variation,seed_247
var_seed_247_02ca54,другу надо срочно зуб проверить вы лучшие запишитесь на сегодня,booking,new_appointment,True,urgent,False,,False,,contextual,grok_variation,seed_247
var_seed_247_a59231,можно срочно записаться на приём,booking,new_appointment,True,urgent,False,,False,,normal,grok_variation,seed_247
var_seed_247_fe07f2,нужна срочная запись сегодня,booking,new_appointment,True,urgent,False,,False,,normal,grok_variation,seed_247
var_seed_247_df9825,есть свободное срочно подскажите,booking,new_appointment,True,urgent,False,,False,,normal,grok_variation,seed_247
var_seed_248_0c693a,срочно приём есть,booking,new_appointment,True,urgent,False,,False,,hurried,grok_variation,seed_248
var_seed_248_4b5ed5,экстренно можно,booking,new_appointment,True,urgent,False,,False,,hurried,grok_variation,seed_248
var_seed_248_2811ad,ребёнку 3 года срочно приём нужен сегодня если есть свободное время,booking,new_appointment,True,urgent,False,,False,,contextual,grok_variation,seed_248
var_seed_248_391129,завтра свадьба срочно чистку зубов сделать можно ли сегодня экстренно,booking,new_appointment,True,urgent,False,,False,,contextual,grok_variation,seed_248
var_seed_248_1a77cd,на работе срочно перерыв в обед нужен приём прямо сейчас подойдёт,booking,new_appointment,True,urgent,False,,False,,contextual,grok_variation,seed_248
var_seed_248_d65ee2,самолёт в 18 вылет срочно осмотр зубов успеть сегодня пожалуйста,booking,new_appointment,True,urgent,False,,False,,contextual,grok_variation,seed_248
var_seed_248_290c67,есть экстренный приём сегодня,booking,new_appointment,True,urgent,False,,False,,normal,grok_variation,seed_248
var_seed_248_cc0349,подскажите про срочный приём,booking,new_appointment,True,urgent,False,,False,,normal,grok_variation,seed_248
var_seed_249_b9b96a,берёте новичков,faq,clinic_info,False,normal,False,,False,policy_only,hurried,grok_variation,seed_249
var_seed_249_12bdb0,первичных принимаете,faq,clinic_info,False,normal,False,,False,policy_only,hurried,grok_variation,seed_249
var_seed_249_30707b,первых берёте,faq,clinic_info,False,normal,False,,False,policy_only,hurried,grok_variation,seed_249
var_seed_249_ef5f67,ребёнку первый раз к стоматологу берёте ли таких маленьких первичных,faq,clinic_info,False,normal,False,,False,policy_only,contextual,grok_variation,seed_249
var_seed_249_14216b,никогда не лечился в платных клиниках у вас первичку принимаете,faq,clinic_info,False,normal,False,,False,policy_only,contextual,grok_variation,seed_249
var_seed_249_3008dc,переехал в город нужен стоматолог берёте ли первичных пациентов,faq,clinic_info,False,normal,False,,False,policy_only,contextual,grok_variation,seed_249
var_seed_249_3c0583,можно к вам на первый приём,faq,clinic_info,False,normal,False,,False,policy_only,normal,grok_variation,seed_249
var_seed_249_3caf7c,принимаете первичных пациентов,faq,clinic_info,False,normal,False,,False,policy_only,normal,grok_variation,seed_249
var_seed_249_cf3965,берёте ли первых посетителей,faq,clinic_info,False,normal,False,,False,policy_only,normal,grok_variation,seed_249
var_seed_250_1dcd83,к ермакову запишете,booking,new_appointment,True,normal,False,ортодонт,False,,hurried,grok_variation,seed_250
var_seed_250_17997a,ермакову на приём,booking,new_appointment,True,normal,False,ортодонт,False,,hurried,grok_variation,seed_250
var_seed_250_f7a9ac,запись к ермаку чот,booking,new_appointment,True,normal,False,ортодонт,False,,hurried,grok_variation,seed_250
var_seed_250_f895ed,завтра свободен запишите к ермакову на утро если можно,booking,new_appointment,True,normal,False,ортодонт,False,,contextual,grok_variation,seed_250
var_seed_250_06fa45,ребёнку 6 лет к ермакову нужно на этой неделе записать,booking,new_appointment,True,normal,False,ортодонт,False,,contextual,grok_variation,seed_250
var_seed_250_c12d52,на работе весь день могу только вечером к ермакову подойдёт,booking,new_appointment,True,normal,False,ортодонт,False,,contextual,grok_variation,seed_250
var_seed_250_160745,едем в отпуск через неделю к ермакову срочно запишитесь нам,booking,new_appointment,True,normal,False,ортодонт,False,,contextual,grok_variation,seed_250
var_seed_250_c6241f,можно к ермакову записаться,booking,new_appointment,True,normal,False,ортодонт,False,,normal,grok_variation,seed_250
var_seed_250_64b296,подскажите запись к ермакову,booking,new_appointment,True,normal,False,ортодонт,False,,normal,grok_variation,seed_250
var_seed_251_52d7a5,зписаться к конновской,booking,new_appointment,True,normal,False,детский стоматолог,False,,hurried,grok_variation,seed_251
var_seed_251_b125ca,к конновской срочно,booking,new_appointment,True,normal,False,детский стоматолог,False,,hurried,grok_variation,seed_251
var_seed_251_7a2629,конновская есть?,booking,new_appointment,True,normal,False,детский стоматолог,False,,hurried,grok_variation,seed_251
var_seed_251_85139a,на работе только вечером могу к конновской запишитесь пожалуйста на завтра,booking,new_appointment,True,normal,False,детский стоматолог,False,,contextual,grok_variation,seed_251
var_seed_251_3037cd,ребёнку 7 лет зуб ноет хочу к конновской записать на эту неделю,booking,new_appointment,True,normal,False,детский стоматолог,False,,contextual,grok_variation,seed_251
var_seed_251_b8605e,в понедельник утром к конновской есть место? вчера пломбу потерял,booking,new_appointment,True,normal,False,детский стоматолог,False,,contextual,grok_variation,seed_251
var_seed_251_206ad3,можно записаться к конновской,booking,new_appointment,True,normal,False,детский стоматолог,False,,normal,grok_variation,seed_251
var_seed_251_97493c,хочу к конновской на приём,booking,new_appointment,True,normal,False,детский стоматолог,False,,normal,grok_variation,seed_251
var_seed_251_d9d046,подскажите время к конновской,booking,new_appointment,True,normal,False,детский стоматолог,False,,normal,grok_variation,seed_251
var_seed_252_8c2b33,зписите срочно,booking,new_appointment,True,normal,False,,False,,hurried,grok_variation,seed_252
var_seed_252_72b84a,ближайшее есть?,booking,new_appointment,True,normal,False,,False,,hurried,grok_variation,seed_252
var_seed_252_81b2fb,когда свободно щас,booking,new_appointment,True,normal,False,,False,,hurried,grok_variation,seed_252
var_seed_252_7b1778,работаю до ночи запишите на утро завтра если место есть,booking,new_appointment,True,normal,False,,False,,contextual,grok_variation,seed_252
var_seed_252_c009dd,ребёнку 4 года после сада запиши на вечер ближайший,booking,new_appointment,True,normal,False,,False,,contextual,grok_variation,seed_252
var_seed_252_40c4b2,в командировке до пятницы нужно на субботу самое раннее,booking,new_appointment,True,normal,False,,False,,contextual,grok_variation,seed_252
var_seed_252_0dd281,свадьба жены на носу запишите меня на сегодня или завтра утро,booking,new_appointment,True,normal,False,,False,,contextual,grok_variation,seed_252
var_seed_252_8e8783,можно на завтра?,booking,new_appointment,True,normal,False,,False,,normal,grok_variation,seed_252
var_seed_254_d6f1e7,запиши на отбеливание,booking,new_appointment,True,normal,False,,False,,hurried,grok_variation,seed_254
var_seed_254_6088b4,отбеливание запись срочно,booking,new_appointment,True,normal,False,,False,,hurried,grok_variation,seed_254
var_seed_254_394966,хочу отбелить запишитесь,booking,new_appointment,True,normal,False,,False,,hurried,grok_variation,seed_254
var_seed_254_133c67,свадьба через неделю зубы отбелить надо запишитесь на эту пятницу если свободно,booking,new_appointment,True,normal,False,,False,,contextual,grok_variation,seed_254
var_seed_254_50f45b,курю давно зубы жёлтые хочу отбеливание на следующей неделе запишусь когда можно,booking,new_appointment,True,normal,False,,False,,contextual,grok_variation,seed_254
var_seed_254_848504,на работе некогда только вечером свободен запишите на отбеливание зубов завтра после 18,booking,new_appointment,True,normal,False,,False,,contextual,grok_variation,seed_254
var_seed_254_3b9db8,подруга посоветовала вашу клинику хочу зубы отбелить запишитесь на удобное время на днях,booking,new_appointment,True,normal,False,,False,,contextual,grok_variation,seed_254
var_seed_254_c77f25,можно записаться на отбеливание зубов,booking,new_appointment,True,normal,False,,False,,normal,grok_variation,seed_254
var_seed_254_de2eb1,хочу на приём по отбеливанию,booking,new_appointment,True,normal,False,,False,,normal,grok_variation,seed_254
var_seed_254_318d06,подскажите как записаться на отбеливание,booking,new_appointment,True,normal,False,,False,,normal,grok_variation,seed_254
var_seed_256_6284a0,сдвиньте на четверг,booking,reschedule,True,normal,False,,False,,hurried,grok_variation,seed_256
var_seed_256_088adf,четверг вместо завтра,booking,reschedule,True,normal,False,,False,,hurried,grok_variation,seed_256
var_seed_256_d76f7a,завтра на работе срочно нужно перенести запись на четверг пожалуйста,booking,reschedule,True,normal,False,,False,,contextual,grok_variation,seed_256
var_seed_256_af8a94,ребенку 6 лет завтра не сможем приехать сдвиньте на четверг,booking,reschedule,True,normal,False,,False,,contextual,grok_variation,seed_256
var_seed_256_5084c7,еду в отпуск на днях перенесите мой прием четврг подойдет,booking,reschedule,True,normal,False,,False,,contextual,grok_variation,seed_256
var_seed_256_d4b94f,машина сломалась не доеду завтра на четверг меня поменяйте,booking,reschedule,True,normal,False,,False,,contextual,grok_variation,seed_256
var_seed_256_955acb,можно на четверг перенести,booking,reschedule,True,normal,False,,False,,normal,grok_variation,seed_256
var_seed_256_b1a2cf,перенос записи на четверг прошу,booking,reschedule,True,normal,False,,False,,normal,grok_variation,seed_256
var_seed_256_3cc95e,сдвинуть приём на четврг,booking,reschedule,True,normal,False,,False,,normal,grok_variation,seed_256
var_seed_258_c491ee,перенести запись срочно,booking,reschedule,True,normal,False,,False,,hurried,grok_variation,seed_258
var_seed_258_04119a,сдвинуть приём,booking,reschedule,True,normal,False,,False,,hurried,grok_variation,seed_258
var_seed_258_cf4036,запись на потом,booking,reschedule,True,normal,False,,False,,hurried,grok_variation,seed_258
var_seed_258_f197ac,завтра командировка перенести на след неделю пожалуйста,booking,reschedule,True,normal,False,,False,,contextual,grok_variation,seed_258
var_seed_258_91b0ab,муж слег перенести мою запись на понедельник,booking,reschedule,True,normal,False,,False,,contextual,grok_variation,seed_258
var_seed_258_4fad39,можно перенести запись,booking,reschedule,True,normal,False,,False,,normal,grok_variation,seed_258
var_seed_258_6103fd,хочу изменить время приёма,booking,reschedule,True,normal,False,,False,,normal,grok_variation,seed_258
var_seed_258_175e67,подскажите как сдвинуть запись,booking,reschedule,True,normal,False,,False,,normal,grok_variation,seed_258
var_seed_259_e7fa14,пн не могу вт давай,booking,reschedule,True,normal,False,,False,,hurried,grok_variation,seed_259
var_seed_259_a37164,перенеси на вторник пон не выйдет,booking,reschedule,True,normal,False,,False,,hurried,grok_variation,seed_259
var_seed_259_748d23,вт вместо пн ок,booking,reschedule,True,normal,False,,False,,hurried,grok_variation,seed_259
var_seed_259_4e04f9,в понедельник на работе срочно не могу во вторник перенесите пожалуйста,booking,reschedule,True,normal,False,,False,,contextual,grok_variation,seed_259
var_seed_259_961286,ребёнок в пн в садик ходит во вторник свободны запишите нас туда,booking,reschedule,True,normal,False,,False,,contextual,grok_variation,seed_259
var_seed_259_992105,уехала в понедельник из города вернусь во вторник можно перенести приём,booking,reschedule,True,normal,False,,False,,contextual,grok_variation,seed_259
var_seed_259_a88a58,папа в пн занят делами давайте во вторник ближе к вечеру,booking,reschedule,True,normal,False,,False,,contextual,grok_variation,seed_259
var_seed_259_c36d20,не могу в понедельник перенесите на вторник,booking,reschedule,True,normal,False,,False,,normal,grok_variation,seed_259
var_seed_259_f5095e,давайте во вторник вместо понедельника,booking,reschedule,True,normal,False,,False,,normal,grok_variation,seed_259
var_seed_260_ec18cb,на утро перенеси,booking,reschedule,True,normal,False,,False,,hurried,grok_variation,seed_260
var_seed_260_ad909b,сдвиньте на утро,booking,reschedule,True,normal,False,,False,,hurried,grok_variation,seed_260
var_seed_260_b57082,утроо чё делайте,booking,reschedule,True,normal,False,,False,,hurried,grok_variation,seed_260
var_seed_260_50e443,завтра вечером не могу из за работы перенесите на утро мою запись,booking,reschedule,True,normal,False,,False,,contextual,grok_variation,seed_260
var_seed_260_bfc4e5,ребёнку школа до обеда после не успеем на утро перезапишите пожалуйста,booking,reschedule,True,normal,False,,False,,contextual,grok_variation,seed_260
var_seed_260_f2e6e6,я записана на вечер но утром свободнее можно переставить время,booking,reschedule,True,normal,False,,False,,contextual,grok_variation,seed_260
var_seed_260_e3ecb5,встал рано а вечером пробки перенесите приём на утро если есть место,booking,reschedule,True,normal,False,,False,,contextual,grok_variation,seed_260
var_seed_260_5abb9e,можно перенести на утро,booking,reschedule,True,normal,False,,False,,normal,grok_variation,seed_260
var_seed_260_ff322f,перезапишите запись на утро,booking,reschedule,True,normal,False,,False,,normal,grok_variation,seed_260
var_seed_260_c7e0ef,хочу на утро время поменять,booking,reschedule,True,normal,False,,False,,normal,grok_variation,seed_260
var_seed_261_22f58b,сдвиньте на след нед,booking,reschedule,True,normal,False,,False,,hurried,grok_variation,seed_261
var_seed_261_b24232,перенос на следнюю неделю,booking,reschedule,True,normal,False,,False,,hurried,grok_variation,seed_261
var_seed_261_c08d8f,на след нед меня,booking,reschedule,True,normal,False,,False,,hurried,grok_variation,seed_261
var_seed_261_7609ff,записана на среду но заболела перенести на след неделю пж,booking,reschedule,True,normal,False,,False,,contextual,grok_variation,seed_261
var_seed_261_a882e4,мальчику 7 лет приём завтра но горло болит сдвиньте на будущую неделю,booking,reschedule,True,normal,False,,False,,contextual,grok_variation,seed_261
var_seed_261_a3c137,на этой неделе поездка в другой город перенос приёма на след нед когда свободно,booking,reschedule,True,normal,False,,False,,contextual,grok_variation,seed_261
var_seed_261_72be2c,можно перенести приём на следующую неделю,booking,reschedule,True,normal,False,,False,,normal,grok_variation,seed_261
var_seed_261_e19f2b,прошу сдвинуть на будущую неделю,booking,reschedule,True,normal,False,,False,,normal,grok_variation,seed_261
var_seed_261_63dcb9,нужно изменить дату на след неделю,booking,reschedule,True,normal,False,,False,,normal,grok_variation,seed_261
var_seed_262_d54fc3,перенести на пятницу можно,booking,reschedule,True,normal,False,,False,,hurried,grok_variation,seed_262
var_seed_262_2ffbd4,на пятницу запись поменяй,booking,reschedule,True,normal,False,,False,,hurried,grok_variation,seed_262
var_seed_262_974630,записан на среду но работа задержит перенести на пятницу плиз,booking,reschedule,True,normal,False,,False,,contextual,grok_variation,seed_262
var_seed_262_38f43a,дочке 6 лет завтра школа контрольная в пятницу свободнее перенесите приём,booking,reschedule,True,normal,False,,False,,contextual,grok_variation,seed_262
var_seed_262_8bf656,мужу на вторник записывали а он командировка до четверга в пятницу можно сдвинуть,booking,reschedule,True,normal,False,,False,,contextual,grok_variation,seed_262
var_seed_262_2a9286,самолёт задержали не успею на приём в четверг давай на пятницу,booking,reschedule,True,normal,False,,False,,contextual,grok_variation,seed_262
var_seed_262_386bce,можно запись перенести на пятницу,booking,reschedule,True,normal,False,,False,,normal,grok_variation,seed_262
var_seed_262_119cc4,подскажите как сдвинуть на пятницу,booking,reschedule,True,normal,False,,False,,normal,grok_variation,seed_262
var_seed_262_4b6442,прошу перенести приём на пятницу,booking,reschedule,True,normal,False,,False,,normal,grok_variation,seed_262
var_seed_263_f62251,перенесите на4,booking,reschedule,True,normal,False,,False,,hurried,grok_variation,seed_263
var_seed_263_29264e,в4 давайте,booking,reschedule,True,normal,False,,False,,hurried,grok_variation,seed_263
var_seed_263_45066f,лучше в4 часа,booking,reschedule,True,normal,False,,False,,hurried,grok_variation,seed_263
var_seed_263_e53c09,задерживаюсь на работе перенесите приём на4 попозже,booking,reschedule,True,normal,False,,False,,contextual,grok_variation,seed_263
var_seed_263_a10142,ребёнок уснул только щас могу в4 подойдёт,booking,reschedule,True,normal,False,,False,,contextual,grok_variation,seed_263
var_seed_263_8d9253,пробка на дороге давайте попозже в4 часа,booking,reschedule,True,normal,False,,False,,contextual,grok_variation,seed_263
var_seed_263_65b996,доктор занят был перенесём на4 пожалуйста,booking,reschedule,True,normal,False,,False,,contextual,grok_variation,seed_263
var_seed_263_77bfac,можно перенести на 4 часа,booking,reschedule,True,normal,False,,False,,normal,grok_variation,seed_263
var_seed_263_424db1,давайте в четыре позже,booking,reschedule,True,normal,False,,False,,normal,grok_variation,seed_263
var_seed_263_e43aa6,перенос на четыре подойдёт,booking,reschedule,True,normal,False,,False,,normal,grok_variation,seed_263
var_seed_264_7fd3b7,к10 не встигну на12?,booking,reschedule,True,normal,False,,False,,hurried,grok_variation,seed_264
var_seed_264_3a5703,перенос на полдень?,booking,reschedule,True,normal,False,,False,,hurried,grok_variation,seed_264
var_seed_264_ffd207,сдвиньте с10 на12,booking,reschedule,True,normal,False,,False,,hurried,grok_variation,seed_264
var_seed_264_071389,пробка на дороге не доеду к10 можно запись на12 перенести,booking,reschedule,True,normal,False,,False,,contextual,grok_variation,seed_264
var_seed_264_f7ee55,ребенок в школе задержался не успеем к10 запишите нас на полдень,booking,reschedule,True,normal,False,,False,,contextual,grok_variation,seed_264
var_seed_264_d9713d,встреча на работе затянулась к10 не успеваю сдвиньте на12 пожалуйста,booking,reschedule,True,normal,False,,False,,contextual,grok_variation,seed_264
var_seed_264_ab0938,забыл про очередь в аптеке не влезу к10 перенесите на12 час,booking,reschedule,True,normal,False,,False,,contextual,grok_variation,seed_264
var_seed_264_3ea925,можно перенести с 10 на 12,booking,reschedule,True,normal,False,,False,,normal,grok_variation,seed_264
var_seed_264_849a5a,не успею к десяти подойдет 12?,booking,reschedule,True,normal,False,,False,,normal,grok_variation,seed_264
var_seed_264_b53348,прошу сдвинуть запись на полдень,booking,reschedule,True,normal,False,,False,,normal,grok_variation,seed_264
var_seed_265_f69782,перенесите приём дочки,booking,reschedule,True,normal,False,,False,,hurried,grok_variation,seed_265
var_seed_265_868c01,сдвиньте визит сыну,booking,reschedule,True,normal,False,,False,,hurried,grok_variation,seed_265
var_seed_265_00a4ae,ребёнку прием перенести,booking,reschedule,True,normal,False,,False,,hurried,grok_variation,seed_265
var_seed_265_1a0c02,дочке завтра приём но она в садик не пошла заболела перенести на пятницу можно,booking,reschedule,True,normal,False,,False,,contextual,grok_variation,seed_265
var_seed_265_7a1d3c,внуку приём в среду но уезжаем в деревню на выходные нужно сдвинуть на понедельник,booking,reschedule,True,normal,False,,False,,contextual,grok_variation,seed_265
var_seed_265_094879,сын не сможет в пятницу к вам школа контрольная перенос на следующую неделю подойдёт,booking,reschedule,True,normal,False,,False,,contextual,grok_variation,seed_265
var_seed_265_93691c,малышу приём назначен но няня заболела срочно перенести на утро четверга пожалуйста,booking,reschedule,True,normal,False,,False,,contextual,grok_variation,seed_265
var_seed_265_13e7df,можно перенести приём ребёнка,booking,reschedule,True,normal,False,,False,,normal,grok_variation,seed_265
var_seed_265_afb737,подскажите как сдвинуть визит дочки,booking,reschedule,True,normal,False,,False,,normal,grok_variation,seed_265
var_seed_265_b46a2c,нужно перенести приём для сына,booking,reschedule,True,normal,False,,False,,normal,grok_variation,seed_265
var_seed_266_a00a4b,перенеси на др день,booking,reschedule,True,normal,False,,False,,hurried,grok_variation,seed_266
var_seed_266_f846c5,другой день давай,booking,reschedule,True,normal,False,,False,,hurried,grok_variation,seed_266
var_seed_266_5db9f4,смени дату срочно,booking,reschedule,True,normal,False,,False,,hurried,grok_variation,seed_266
var_seed_266_83d283,завтра командировка перенос на четверг подойдёт,booking,reschedule,True,normal,False,,False,,contextual,grok_variation,seed_266
var_seed_266_1f7924,дочка простудилась не сможем в пятницу на след неделю перенесите,booking,reschedule,True,normal,False,,False,,contextual,grok_variation,seed_266
var_seed_266_c69573,на работе аврал завтра не выйдет поменяйте на понедельник,booking,reschedule,True,normal,False,,False,,contextual,grok_variation,seed_266
var_seed_266_082e7c,собака родила срочно нужен другой день вместо субботы,booking,reschedule,True,normal,False,,False,,contextual,grok_variation,seed_266
var_seed_266_b2c50f,можно на другой день перенести,booking,reschedule,True,normal,False,,False,,normal,grok_variation,seed_266
var_seed_266_de6d2c,подскажите перенос даты,booking,reschedule,True,normal,False,,False,,normal,grok_variation,seed_266
var_seed_267_3b6c1c,можно раньше?,booking,reschedule,True,normal,False,,False,,hurried,grok_variation,seed_267
var_seed_267_ce9bbd,пораньше сделайте,booking,reschedule,True,normal,False,,False,,hurried,grok_variation,seed_267
var_seed_267_a02c7f,завтра на 16 записан но надо пораньше на работу тороплюсь,booking,reschedule,True,normal,False,,False,,contextual,grok_variation,seed_267
var_seed_267_26513d,ребёнку на вечер записали а он после обеда уснёт можно утром,booking,reschedule,True,normal,False,,False,,contextual,grok_variation,seed_267
var_seed_267_1414af,у меня поезд в то время что назначено переставьте пораньше плиз,booking,reschedule,True,normal,False,,False,,contextual,grok_variation,seed_267
var_seed_267_b9b719,на след неделе на 14 но соседи позвали раньше можно перенести,booking,reschedule,True,normal,False,,False,,contextual,grok_variation,seed_267
var_seed_267_47c160,можно на более раннее время,booking,reschedule,True,normal,False,,False,,normal,grok_variation,seed_267
var_seed_267_0affb7,есть слот пораньше?,booking,reschedule,True,normal,False,,False,,normal,grok_variation,seed_267
var_seed_267_d926c4,перенести запись раньше,booking,reschedule,True,normal,False,,False,,normal,grok_variation,seed_267
var_seed_268_cee674,перенеси на послезавтра,booking,reschedule,True,normal,False,,False,,hurried,grok_variation,seed_268
var_seed_268_20d0d8,завтра командировка не успею на послезавтра можно перенести,booking,reschedule,True,normal,False,,False,,contextual,grok_variation,seed_268
var_seed_268_43308e,ребёнку 6 лет завтра школа тест не можем на послезавтра сдвиньте,booking,reschedule,True,normal,False,,False,,contextual,grok_variation,seed_268
var_seed_268_bb7d55,погода плохая ехать не рискую перенесите приём на послезавтра,booking,reschedule,True,normal,False,,False,,contextual,grok_variation,seed_268
var_seed_268_1e1f88,можно перенести на послезавтра,booking,reschedule,True,normal,False,,False,,normal,grok_variation,seed_268
var_seed_269_bb48a2,перенесите со среды на четверг,booking,reschedule,True,normal,False,,False,,hurried,grok_variation,seed_269
var_seed_269_058a46,с среды на четверг запись,booking,reschedule,True,normal,False,,False,,hurried,grok_variation,seed_269
var_seed_269_317417,хочу с 3 на 4 день,booking,reschedule,True,normal,False,,False,,hurried,grok_variation,seed_269
var_seed_269_991c59,запись была на среду а завтра на работе срочно нужно на четверг перенести,booking,reschedule,True,normal,False,,False,,contextual,grok_variation,seed_269
var_seed_269_0921c9,ребёнку записывали на среду но разболелся животик перенесите на четверг пожалуйста,booking,reschedule,True,normal,False,,False,,contextual,grok_variation,seed_269
var_seed_269_9cdad1,у меня на среду поезд а после обеда свободен можно на четверг переставить,booking,reschedule,True,normal,False,,False,,contextual,grok_variation,seed_269
var_seed_269_c428c1,была запись на среду но муж заболел перенести на четверг если можно,booking,reschedule,True,normal,False,,False,,contextual,grok_variation,seed_269
var_seed_269_b00b6d,можно запись перенести с среды на четверг,booking,reschedule,True,normal,False,,False,,normal,grok_variation,seed_269
var_seed_270_dbec92,завтра не смогу,booking,reschedule,True,normal,False,,False,,hurried,grok_variation,seed_270
var_seed_270_52229c,на работе задержусь не могу завтра перенесите на вечер пятницы,booking,reschedule,True,normal,False,,False,,contextual,grok_variation,seed_270
var_seed_270_966dfb,дочке плохо не приеду завтра запишите на субботу пожалуйста,booking,reschedule,True,normal,False,,False,,contextual,grok_variation,seed_270
var_seed_270_20dbd6,пробки будут огромные завтра не доберусь на когда можно отложить,booking,reschedule,True,normal,False,,False,,contextual,grok_variation,seed_270
var_seed_270_18bd8e,не могу завтра можно перенести,booking,reschedule,True,normal,False,,False,,normal,grok_variation,seed_270
var_seed_271_333968,перенеси на вечер,booking,reschedule,True,normal,False,,False,,hurried,grok_variation,seed_271
var_seed_271_fbf0cb,вечером запишите вместо,booking,reschedule,True,normal,False,,False,,hurried,grok_variation,seed_271
var_seed_271_724ad6,работаю до 6 переношу на вечер сегодня,booking,reschedule,True,normal,False,,False,,contextual,grok_variation,seed_271
var_seed_271_0b8dd4,пробка на дороге буду поздно на вечер мою запись,booking,reschedule,True,normal,False,,False,,contextual,grok_variation,seed_271
var_seed_271_a6f7b0,можно перенести на вечер,booking,reschedule,True,normal,False,,False,,normal,grok_variation,seed_271
var_seed_271_824e15,сдвиньте запись на вечерок,booking,reschedule,True,normal,False,,False,,normal,grok_variation,seed_271
var_seed_271_ff795a,перезапись на вечер пожалуйста,booking,reschedule,True,normal,False,,False,,normal,grok_variation,seed_271
var_seed_272_6e4bad,сменить врача надо,booking,reschedule,True,normal,False,,False,,hurried,grok_variation,seed_272
var_seed_272_16e3af,другого дайте срочно,booking,reschedule,True,normal,False,,False,,hurried,grok_variation,seed_272
var_seed_272_988229,не к этому перекиньте,booking,reschedule,True,normal,False,,False,,hurried,grok_variation,seed_272
var_seed_272_becf8b,записала сына к врачу а он кричал на него перенесите к другому пожалуйста,booking,reschedule,True,normal,False,,False,,contextual,grok_variation,seed_272
var_seed_272_e4b43b,к этому доктору не пойду колол вчера больно очень на другого запись перенесите,booking,reschedule,True,normal,False,,False,,contextual,grok_variation,seed_272
var_seed_272_76adad,работаю допоздна врач этот утром только свободен вечером к другому перезапишите меня,booking,reschedule,True,normal,False,,False,,contextual,grok_variation,seed_272
var_seed_272_f91c47,не понравился прием грубый был врач перенести хочу к спокойному другому,booking,reschedule,True,normal,False,,False,,contextual,grok_variation,seed_272
var_seed_272_96a0f4,можно на другого врача перенести,booking,reschedule,True,normal,False,,False,,normal,grok_variation,seed_272
var_seed_272_0fc078,прошу сменить доктора,booking,reschedule,True,normal,False,,False,,normal,grok_variation,seed_272
var_seed_272_6ba313,хочу запись к иному врачу,booking,reschedule,True,normal,False,,False,,normal,grok_variation,seed_272
var_seed_273_81fc1a,сдвин на час попже,booking,reschedule,True,normal,False,,False,,hurried,grok_variation,seed_273
var_seed_273_0b7a3d,перенес чот на час,booking,reschedule,True,normal,False,,False,,hurried,grok_variation,seed_273
var_seed_273_629213,на час позже сдвинь,booking,reschedule,True,normal,False,,False,,hurried,grok_variation,seed_273
var_seed_273_6a4340,запись дочки на 14 но садик затянется сдвиньте на 15 плиз,booking,reschedule,True,normal,False,,False,,contextual,grok_variation,seed_273
var_seed_273_5c0ed4,сегодня на работу опаздываю автобус встал перенесите мою на час позже,booking,reschedule,True,normal,False,,False,,contextual,grok_variation,seed_273
var_seed_273_2d9fd5,я утром хожу медленно запись сдвиньте на час я не успею добежать,booking,reschedule,True,normal,False,,False,,contextual,grok_variation,seed_273
var_seed_273_a62106,пробки на трассе боюсь опоздать сильно на час позже сделайте,booking,reschedule,True,normal,False,,False,,contextual,grok_variation,seed_273
var_seed_273_03ddaf,можно запись на час позже,booking,reschedule,True,normal,False,,False,,normal,grok_variation,seed_273
var_seed_273_8a53fb,перенесите приём на час,booking,reschedule,True,normal,False,,False,,normal,grok_variation,seed_273
var_seed_273_fbcc42,сдвиньте мою на час попозже,booking,reschedule,True,normal,False,,False,,normal,grok_variation,seed_273
var_seed_274_34994c,время не подходит,booking,reschedule,True,normal,False,,False,,hurried,grok_variation,seed_274
var_seed_274_2fe4d2,перенести время,booking,reschedule,True,normal,False,,False,,hurried,grok_variation,seed_274
var_seed_274_b81005,время поменяйте,booking,reschedule,True,normal,False,,False,,hurried,grok_variation,seed_274
var_seed_274_85566b,записан на завтра но на работе срочно вылет нужно на вечер перенести,booking,reschedule,True,normal,False,,False,,contextual,grok_variation,seed_274
var_seed_274_f69a4f,бабушка записана на 10 утра но соседка опаздывает с машиной давайте позже время,booking,reschedule,True,normal,False,,False,,contextual,grok_variation,seed_274
var_seed_274_b67954,можно время записи изменить,booking,reschedule,True,normal,False,,False,,normal,grok_variation,seed_274
var_seed_274_ade874,не подходит назначенное время,booking,reschedule,True,normal,False,,False,,normal,grok_variation,seed_274
var_seed_275_3deec2,зпись мужа перенеси,booking,reschedule,True,normal,False,,False,,hurried,grok_variation,seed_275
var_seed_275_9c5e35,мужа приём сдвинь,booking,reschedule,True,normal,False,,False,,hurried,grok_variation,seed_275
var_seed_275_46368d,перенос мужа срочно,booking,reschedule,True,normal,False,,False,,hurried,grok_variation,seed_275
var_seed_275_42a492,муж завтра занят на работе зпись к вам перенести на вечер,booking,reschedule,True,normal,False,,False,,contextual,grok_variation,seed_275
var_seed_275_93de47,у мужа командировка на неделю приём стоматолога сдвинуть на потом,booking,reschedule,True,normal,False,,False,,contextual,grok_variation,seed_275
var_seed_275_8410e7,мужа машина сломалась не доедет сегодня запись перенести на пятницу,booking,reschedule,True,normal,False,,False,,contextual,grok_variation,seed_275
var_seed_275_b6e3cf,ребёнок болеет муж не сможет отвезти перенести его приём на след неделю,booking,reschedule,True,normal,False,,False,,contextual,grok_variation,seed_275
var_seed_275_eb995d,можно запись мужа перенести,booking,reschedule,True,normal,False,,False,,normal,grok_variation,seed_275
var_seed_275_883c54,прошу сдвинуть приём мужа,booking,reschedule,True,normal,False,,False,,normal,grok_variation,seed_275
var_seed_275_90b83d,нужно перенести зпись мужа,booking,reschedule,True,normal,False,,False,,normal,grok_variation,seed_275
var_seed_276_52b56a,сдвиньте с утра на вечер,booking,reschedule,True,normal,False,,False,,hurried,grok_variation,seed_276
var_seed_276_7821c1,вечер вместо утра,booking,reschedule,True,normal,False,,False,,hurried,grok_variation,seed_276
var_seed_276_628251,ребёнку на утро записали а в школу надо можно на вечер перенести,booking,reschedule,True,normal,False,,False,,contextual,grok_variation,seed_276
var_seed_276_c95c33,завтра на 10 утра но пробки будут давайте на вечер сдвинем,booking,reschedule,True,normal,False,,False,,contextual,grok_variation,seed_276
var_seed_276_721d12,записался утром но заболел сын надо с ним остаться на вечер перенесите,booking,reschedule,True,normal,False,,False,,contextual,grok_variation,seed_276
var_seed_276_862dba,можно перенести на вечер,booking,reschedule,True,normal,False,,False,,normal,grok_variation,seed_276
var_seed_277_07e6a1,тока суббота могу,booking,reschedule,True,normal,False,,False,,hurried,grok_variation,seed_277
var_seed_277_dafe88,суббота перенос,booking,reschedule,True,normal,False,,False,,hurried,grok_variation,seed_277
var_seed_277_2c966a,запись на вторник но работаю допоздна перенести на субботу плиз,booking,reschedule,True,normal,False,,False,,contextual,grok_variation,seed_277
var_seed_277_eeafe3,занят всю неделю на работе только выходные свободны перезапишите на субботу,booking,reschedule,True,normal,False,,False,,contextual,grok_variation,seed_277
var_seed_277_6915e2,был приём назначен но слег с простудой перенесите на эту субботу,booking,reschedule,True,normal,False,,False,,contextual,grok_variation,seed_277
var_seed_277_f5bb4a,можно запись на субботу перенести,booking,reschedule,True,normal,False,,False,,normal,grok_variation,seed_277
var_seed_277_bab026,свободна только в субботу перезапишите,booking,reschedule,True,normal,False,,False,,normal,grok_variation,seed_277
var_seed_277_72494c,предпочитаю субботу для записи,booking,reschedule,True,normal,False,,False,,normal,grok_variation,seed_277
var_seed_278_fb7687,перенеси на неделю,booking,reschedule,True,normal,False,,False,,hurried,grok_variation,seed_278
var_seed_278_574a0e,сдвинь на 7 дней,booking,reschedule,True,normal,False,,False,,hurried,grok_variation,seed_278
var_seed_278_9668e9,позже на неделю чот,booking,reschedule,True,normal,False,,False,,hurried,grok_variation,seed_278
var_seed_278_8a03a1,на работе командировка перенести приём на неделю попозже,booking,reschedule,True,normal,False,,False,,contextual,grok_variation,seed_278
var_seed_278_8e1d92,едем в отпуск на 7 дней перенести запись к стоматологу,booking,reschedule,True,normal,False,,False,,contextual,grok_variation,seed_278
var_seed_278_e2d87b,дедушка плохо ходит перенести приём на неделю позже пожалуйста,booking,reschedule,True,normal,False,,False,,contextual,grok_variation,seed_278
var_seed_278_4e1047,можно перенести на неделю позже,booking,reschedule,True,normal,False,,False,,normal,grok_variation,seed_278
var_seed_278_f188fe,нужно сдвинуть приём на 7 дней,booking,reschedule,True,normal,False,,False,,normal,grok_variation,seed_278
var_seed_279_2e7fb9,можно на час раньше,booking,reschedule,True,normal,False,,False,,hurried,grok_variation,seed_279
var_seed_279_581b17,завтра приеду раньше на час переносите запись на 14 вместо 15,booking,reschedule,True,normal,False,,False,,contextual,grok_variation,seed_279
var_seed_279_86a316,ребёнок заболеет не хочу опаздывать сдвиньте мою на час раньше пожалуйста,booking,reschedule,True,normal,False,,False,,contextual,grok_variation,seed_279
var_seed_279_ae8627,дочка подвезёт раньше чем планировали передвиньте приём на час,booking,reschedule,True,normal,False,,False,,contextual,grok_variation,seed_279
var_seed_279_96e88a,перенесите запись на час раньше,booking,reschedule,True,normal,False,,False,,normal,grok_variation,seed_279
var_seed_279_da0928,сделайте на час пораньше,booking,reschedule,True,normal,False,,False,,normal,grok_variation,seed_279
var_seed_279_96a67d,нужно сдвинуть на час раньше,booking,reschedule,True,normal,False,,False,,normal,grok_variation,seed_279
var_seed_280_89d1b1,др время надо,booking,reschedule,True,normal,False,,False,,hurried,grok_variation,seed_280
var_seed_280_e0bc58,поменяй вр приёма,booking,reschedule,True,normal,False,,False,,hurried,grok_variation,seed_280
var_seed_280_30b97b,завтра пробки будут не успею перенесите на вечерок пожалуйста,booking,reschedule,True,normal,False,,False,,contextual,grok_variation,seed_280
var_seed_280_c17202,ребёнок болеет не сможем в обед давайте на утро перенести,booking,reschedule,True,normal,False,,False,,contextual,grok_variation,seed_280
var_seed_280_35f612,на работе задержка вышла нужно время приёма на завтра скиньте,booking,reschedule,True,normal,False,,False,,contextual,grok_variation,seed_280
var_seed_280_a3c30c,ноги плохо слушаются в это время не доеду попозже сделайте,booking,reschedule,True,normal,False,,False,,contextual,grok_variation,seed_280
var_seed_280_56bf2a,можно время приёма поменять,booking,reschedule,True,normal,False,,False,,normal,grok_variation,seed_280
var_seed_281_6b5800,лучше в пятницу,booking,reschedule,True,normal,False,,False,,hurried,grok_variation,seed_281
var_seed_281_ce12e5,давай пятница,booking,reschedule,True,normal,False,,False,,hurried,grok_variation,seed_281
var_seed_281_faeea0,в четверг не могу на работе допоздна перенесите на пятницу пожалуйста,booking,reschedule,True,normal,False,,False,,contextual,grok_variation,seed_281
var_seed_281_6a66c9,ребёнку записали на завтра но у него кружок лучше пятницу после обеда,booking,reschedule,True,normal,False,,False,,contextual,grok_variation,seed_281
var_seed_281_e59e15,заболел сын не придём в среду давайте пятницу утром перенести,booking,reschedule,True,normal,False,,False,,contextual,grok_variation,seed_281
var_seed_281_8545c5,в будни некогда пятница подойдёт свободно есть на вечер,booking,reschedule,True,normal,False,,False,,contextual,grok_variation,seed_281
var_seed_281_b0e7d8,можно на пятницу перенести,booking,reschedule,True,normal,False,,False,,normal,grok_variation,seed_281
var_seed_281_6108da,предпочитаю пятницу,booking,reschedule,True,normal,False,,False,,normal,grok_variation,seed_281
var_seed_283_bfb29b,перенести запись мелкий болеет,booking,reschedule,True,normal,False,,False,,hurried,grok_variation,seed_283
var_seed_283_47213d,не приду чадо приболело,booking,reschedule,True,normal,False,,False,,hurried,grok_variation,seed_283
var_seed_283_cb5110,перенос срочно ребёнок слёг,booking,reschedule,True,normal,False,,False,,hurried,grok_variation,seed_283
var_seed_283_4c6e9a,дочке 4 года насморк кашель не выходим переносите на пятницу,booking,reschedule,True,normal,False,,False,,contextual,grok_variation,seed_283
var_seed_283_cfb50e,внуку 6 лет горло болит весь день температура поднялась перенесите приём,booking,reschedule,True,normal,False,,False,,contextual,grok_variation,seed_283
var_seed_283_934cf1,сын утром проснулся с животной болью не смогу приехать давайте позже,booking,reschedule,True,normal,False,,False,,contextual,grok_variation,seed_283
var_seed_283_71c20d,малышка отказывается есть сопли текут перенести на след неделю можно,booking,reschedule,True,normal,False,,False,,contextual,grok_variation,seed_283
var_seed_283_5ef51d,нужно перенести приём ребёнок заболел,booking,reschedule,True,normal,False,,False,,normal,grok_variation,seed_283
var_seed_283_be2ce9,прошу перенести визит из-за болезни малыша,booking,reschedule,True,normal,False,,False,,normal,grok_variation,seed_283
var_seed_283_85615c,перенос записи малыш приболел,booking,reschedule,True,normal,False,,False,,normal,grok_variation,seed_283
var_seed_284_a2de54,командировка перенести,booking,reschedule,True,normal,False,,False,,hurried,grok_variation,seed_284
var_seed_284_7b874d,на др дату надо,booking,reschedule,True,normal,False,,False,,hurried,grok_variation,seed_284
var_seed_284_36301e,командровка пренести,booking,reschedule,True,normal,False,,False,,hurried,grok_variation,seed_284
var_seed_284_55f676,завтра командировка не успею перенесите приём на четверг,booking,reschedule,True,normal,False,,False,,contextual,grok_variation,seed_284
var_seed_284_f8413f,уезжаю в командировку на неделю запись на 15 на 22 можно,booking,reschedule,True,normal,False,,False,,contextual,grok_variation,seed_284
var_seed_284_a89bee,муж в командировку а я с ребёнком не могу прийти перенесите на след нед,booking,reschedule,True,normal,False,,False,,contextual,grok_variation,seed_284
var_seed_284_9da2d4,по работе командировка срочно нужно менять дату визита к вам,booking,reschedule,True,normal,False,,False,,contextual,grok_variation,seed_284
var_seed_284_4ad73b,нужно перенести дату командировка,booking,reschedule,True,normal,False,,False,,normal,grok_variation,seed_284
var_seed_284_ddf238,из за командировки на другую дату,booking,reschedule,True,normal,False,,False,,normal,grok_variation,seed_284
var_seed_285_9e1f28,поменяй время,booking,reschedule,True,normal,False,,False,,hurried,grok_variation,seed_285
var_seed_285_bb56e0,перенеси приём,booking,reschedule,True,normal,False,,False,,hurried,grok_variation,seed_285
var_seed_285_388114,записан на завтра но на работе срочно нужно поменять на вечер,booking,reschedule,True,normal,False,,False,,contextual,grok_variation,seed_285
var_seed_285_2d5ce7,ребёнку было на 10 утра но врач сказал перенести на неделю позже,booking,reschedule,True,normal,False,,False,,contextual,grok_variation,seed_285
var_seed_285_5a8226,мне на среду назначили а там поезд опаздывает смените на четверг,booking,reschedule,True,normal,False,,False,,contextual,grok_variation,seed_285
var_seed_285_dbb4bd,запись на пятницу но заболела мама нужно срочно поменять время,booking,reschedule,True,normal,False,,False,,contextual,grok_variation,seed_285
var_seed_285_5b4d30,можно время записи изменить,booking,reschedule,True,normal,False,,False,,normal,grok_variation,seed_285
var_seed_285_6f4a4a,нужно перенести мой приём,booking,reschedule,True,normal,False,,False,,normal,grok_variation,seed_285
var_seed_286_ac8bfa,отмена записи,booking,cancel,False,normal,False,,False,,hurried,grok_variation,seed_286
var_seed_286_5080c7,снимите меня чот,booking,cancel,False,normal,False,,False,,hurried,grok_variation,seed_286
var_seed_286_2c28fc,заболела не смогу в среду отмените мою запись плиз,booking,cancel,False,normal,False,,False,,contextual,grok_variation,seed_286
var_seed_286_112338,ребёнку 6 лет температурит не придём завтра снимите нас,booking,cancel,False,normal,False,,False,,contextual,grok_variation,seed_286
var_seed_286_bbc0d6,уехала к маме в деревню не вернусь вовремя отмена записи,booking,cancel,False,normal,False,,False,,contextual,grok_variation,seed_286
var_seed_286_6e42d7,хочу отменить запись на завтра,booking,cancel,False,normal,False,,False,,normal,grok_variation,seed_286
var_seed_286_ac7487,не могу прийти снимите запись,booking,cancel,False,normal,False,,False,,normal,grok_variation,seed_286
var_seed_287_63c3e5,завтра не иду,booking,cancel,False,normal,False,,False,,hurried,grok_variation,seed_287
var_seed_287_167681,отмена завт,booking,cancel,False,normal,False,,False,,hurried,grok_variation,seed_287
var_seed_287_53ad82,ребёнок температурит завтра не сможем на приём прийти отмените,booking,cancel,False,normal,False,,False,,contextual,grok_variation,seed_287
var_seed_287_4b8b18,на работе завал завтра не вырвусь отменить запись на завтра,booking,cancel,False,normal,False,,False,,contextual,grok_variation,seed_287
var_seed_287_8964b9,дочка упала разбила губу завтра боится идти отмените нам,booking,cancel,False,normal,False,,False,,contextual,grok_variation,seed_287
var_seed_287_aa4e2e,отмените запись на завтра пожалуйста,booking,cancel,False,normal,False,,False,,normal,grok_variation,seed_287
var_seed_288_b0b827,отмените запись,booking,cancel,False,normal,False,,False,,hurried,grok_variation,seed_288
var_seed_288_ce664f,ребёнок заболел не сможем на завтра отмените запись,booking,cancel,False,normal,False,,False,,contextual,grok_variation,seed_288
var_seed_288_3731a7,голова болит сильно не дойду до вас отменить надо,booking,cancel,False,normal,False,,False,,contextual,grok_variation,seed_288
var_seed_288_a46991,погода плохая не поеду сегодня отмените мою запись пожалуйста,booking,cancel,False,normal,False,,False,,contextual,grok_variation,seed_288
var_seed_288_3f2f08,нужно отменить приём на завтра,booking,cancel,False,normal,False,,False,,normal,grok_variation,seed_288
var_seed_288_a1cf64,отменить визит к вам,booking,cancel,False,normal,False,,False,,normal,grok_variation,seed_288
var_seed_289_ce9a6b,отмена записи,booking,cancel,False,normal,False,,False,,hurried,grok_variation,seed_289
var_seed_289_728acb,не приду снимите,booking,cancel,False,normal,False,,False,,hurried,grok_variation,seed_289
var_seed_289_a9499b,заболела не смогу завтра отмените мою запись на 15 число,booking,cancel,False,normal,False,,False,,contextual,grok_variation,seed_289
var_seed_289_3f026b,в командировку уезжаю срочно откажитесь от моей записи на понедельник,booking,cancel,False,normal,False,,False,,contextual,grok_variation,seed_289
var_seed_289_42517a,отмените мою запись пожалуйста,booking,cancel,False,normal,False,,False,,normal,grok_variation,seed_289
var_seed_289_3b56b1,не смогу прийти снимите с очереди,booking,cancel,False,normal,False,,False,,normal,grok_variation,seed_289
var_seed_290_9a0249,отмените запись,booking,cancel,False,normal,False,,False,,hurried,grok_variation,seed_290
var_seed_290_287bbe,заболела не смогу на завтра отмените мою запись пожалуйста,booking,cancel,False,normal,False,,False,,contextual,grok_variation,seed_290
var_seed_290_a72662,поезд опоздал вернусь поздно уберите запись на сегодня,booking,cancel,False,normal,False,,False,,contextual,grok_variation,seed_290
var_seed_290_077fe1,хочу отменить запись на завтра,booking,cancel,False,normal,False,,False,,normal,grok_variation,seed_290
var_seed_291_c3748c,отмените,booking,cancel,False,normal,False,,False,,hurried,grok_variation,seed_291
var_seed_291_a26f37,ребёнку 5 лет температурит не придём сегодня на приём отмените нас,booking,cancel,False,normal,False,,False,,contextual,grok_variation,seed_291
var_seed_291_2988d1,отменить запись на завтра,booking,cancel,False,normal,False,,False,,normal,grok_variation,seed_291
var_seed_293_8e55bc,отмена на среду,booking,cancel,False,normal,False,,False,,hurried,grok_variation,seed_293
var_seed_293_3248a9,не приду среду,booking,cancel,False,normal,False,,False,,hurried,grok_variation,seed_293
var_seed_293_cfb424,заболела отмените запись на среду не смогу дойти,booking,cancel,False,normal,False,,False,,contextual,grok_variation,seed_293
var_seed_293_4a4cb0,ребенку плохо не придем в среду срочно отмените,booking,cancel,False,normal,False,,False,,contextual,grok_variation,seed_293
var_seed_293_4ec3c2,на работе задержка отменяю приём на среду блин,booking,cancel,False,normal,False,,False,,contextual,grok_variation,seed_293
var_seed_293_1f2fd3,вылет опоздал не успею отмените мою на среду пожалуйста,booking,cancel,False,normal,False,,False,,contextual,grok_variation,seed_293
var_seed_293_0e85c9,отмените запись на среду пожалуйста,booking,cancel,False,normal,False,,False,,normal,grok_variation,seed_293
var_seed_293_f4e883,хочу отменить на среду,booking,cancel,False,normal,False,,False,,normal,grok_variation,seed_293
var_seed_294_204b83,не прыду,booking,cancel,False,normal,False,,False,,hurried,grok_variation,seed_294
var_seed_294_4ca168,ребёнку 6 лет температурит не придём завтра отмените запись,booking,cancel,False,normal,False,,False,,contextual,grok_variation,seed_294
var_seed_294_cf4751,погода плохая боюсь выезжать отмени визит на утро пожалуйста,booking,cancel,False,normal,False,,False,,contextual,grok_variation,seed_294
var_seed_294_f817bd,другая клиника ближе передумал идти к вам отмените слот,booking,cancel,False,normal,False,,False,,contextual,grok_variation,seed_294
var_seed_294_5a5f65,не смогу прийти завтра,booking,cancel,False,normal,False,,False,,normal,grok_variation,seed_294
var_seed_295_cfed18,отмените запись,booking,cancel,False,normal,False,,False,,hurried,grok_variation,seed_295
var_seed_295_1c3c6e,заболел не смогу в среду отмените мою запись на приём,booking,cancel,False,normal,False,,False,,contextual,grok_variation,seed_295
var_seed_295_526ca2,уезжаю срочно в отпуск нужно отменить на следующую неделю,booking,cancel,False,normal,False,,False,,contextual,grok_variation,seed_295
var_seed_295_c6aa1c,на работе задержка отмените приём на пятницу для жены,booking,cancel,False,normal,False,,False,,contextual,grok_variation,seed_295
var_seed_295_53b089,хочу отменить запись на завтра,booking,cancel,False,normal,False,,False,,normal,grok_variation,seed_295
var_seed_296_546b5b,не приду,booking,cancel,False,normal,False,,False,,hurried,grok_variation,seed_296
var_seed_296_c5358d,ребёнок температурит не сможем завтра прийти отмените пожалуйста,booking,cancel,False,normal,False,,False,,contextual,grok_variation,seed_296
var_seed_296_5311a9,сессия сдвинулась не вырвусь в четверг снимите меня с записи,booking,cancel,False,normal,False,,False,,contextual,grok_variation,seed_296
var_seed_296_b7734e,отмените мою запись на завтра,booking,cancel,False,normal,False,,False,,normal,grok_variation,seed_296
var_seed_296_f9863e,снимите с приёма пожалуйста,booking,cancel,False,normal,False,,False,,normal,grok_variation,seed_296
var_seed_297_aa589b,отмените дочку,booking,cancel,False,normal,False,,False,,hurried,grok_variation,seed_297
var_seed_297_595279,ребёнка не приведу,booking,cancel,False,normal,False,,False,,hurried,grok_variation,seed_297
var_seed_297_fea87c,отмена записи малыша,booking,cancel,False,normal,False,,False,,hurried,grok_variation,seed_297
var_seed_297_cee7ae,сын простудился отмените его запись на завтра не пойдём,booking,cancel,False,normal,False,,False,,contextual,grok_variation,seed_297
var_seed_297_fe5b6b,внука записывали а он кашляет сильно отмените нам на вечер,booking,cancel,False,normal,False,,False,,contextual,grok_variation,seed_297
var_seed_297_a0fc74,нужно отменить запись ребёнка,booking,cancel,False,normal,False,,False,,normal,grok_variation,seed_297
var_seed_297_29ceb2,отмените приём дочки пожалуйста,booking,cancel,False,normal,False,,False,,normal,grok_variation,seed_297
var_seed_297_85e5f1,запись сына отменить,booking,cancel,False,normal,False,,False,,normal,grok_variation,seed_297
var_seed_298_bd929a,отмените лечение,booking,cancel,False,normal,False,,False,,hurried,grok_variation,seed_298
var_seed_298_a28efd,не хочу лечить,booking,cancel,False,normal,False,,False,,hurried,grok_variation,seed_298
var_seed_298_3ab2cc,отмена приёма,booking,cancel,False,normal,False,,False,,hurried,grok_variation,seed_298
var_seed_298_5e9d1f,ребёнку 6 лет назначили лечение но он плачет отказываемся отмените запись,booking,cancel,False,normal,False,,False,,contextual,grok_variation,seed_298
var_seed_298_6c1940,записывался на лечение зуба но на работе командировка отмените пожалуйста мою очередь,booking,cancel,False,normal,False,,False,,contextual,grok_variation,seed_298
var_seed_298_4615b6,у мамы лечение завтра но давление подскочило не сможет прийти откажитесь от записи,booking,cancel,False,normal,False,,False,,contextual,grok_variation,seed_298
var_seed_298_147db4,начиталась отзывов про осложнения после такого лечения боюсь передумала отменить всё,booking,cancel,False,normal,False,,False,,contextual,grok_variation,seed_298
var_seed_298_385796,хочу отменить лечение,booking,cancel,False,normal,False,,False,,normal,grok_variation,seed_298
var_seed_298_834ed6,прошу отказаться от приёма,booking,cancel,False,normal,False,,False,,normal,grok_variation,seed_298
var_seed_298_fa2ec8,нужно отменить запись на лечение,booking,cancel,False,normal,False,,False,,normal,grok_variation,seed_298
var_seed_300_6e0e4c,отмена,booking,cancel,False,normal,False,,False,,hurried,grok_variation,seed_300
var_seed_300_43cc9e,заболела не смогу завтра к вам отмените запись,booking,cancel,False,normal,False,,False,,contextual,grok_variation,seed_300
var_seed_300_bc0249,уехал внезапно отменяю приём на этой неделе,booking,cancel,False,normal,False,,False,,contextual,grok_variation,seed_300
var_seed_300_157bb7,семья передумала пока не будем лечить отмените всё,booking,cancel,False,normal,False,,False,,contextual,grok_variation,seed_300
var_seed_300_01c872,отмените мою запись,booking,cancel,False,normal,False,,False,,normal,grok_variation,seed_300
var_seed_301_d6b037,отменте запиь срочно,booking,cancel,False,normal,False,,False,,hurried,grok_variation,seed_301
var_seed_301_548681,ребёнку плохо не придём завтра на 10 утра отмените нас,booking,cancel,False,normal,False,,False,,contextual,grok_variation,seed_301
var_seed_301_efbd2f,поезд опоздал на сутки не вышло приехать снимите меня,booking,cancel,False,normal,False,,False,,contextual,grok_variation,seed_301
var_seed_301_85017c,пожалуйста отмените запись на завтра,booking,cancel,False,normal,False,,False,,normal,grok_variation,seed_301
var_seed_301_a1845b,нужно снять с расписания,booking,cancel,False,normal,False,,False,,normal,grok_variation,seed_301
var_seed_301_65f275,отменить мой приём,booking,cancel,False,normal,False,,False,,normal,grok_variation,seed_301
var_seed_302_0f18e0,отмените не приду,booking,cancel,False,normal,False,,False,,hurried,grok_variation,seed_302
var_seed_302_4c038b,не завалюсь сегодня,booking,cancel,False,normal,False,,False,,hurried,grok_variation,seed_302
var_seed_302_b5f0ed,заболела не смогу завтра к вам прийти отмените мою запись,booking,cancel,False,normal,False,,False,,contextual,grok_variation,seed_302
var_seed_302_edbd05,у дочки температура не придем в пятницу пожалуйста отмените,booking,cancel,False,normal,False,,False,,contextual,grok_variation,seed_302
var_seed_302_fb6178,отмените запись на завтра,booking,cancel,False,normal,False,,False,,normal,grok_variation,seed_302
var_seed_304_85ad49,не приду,booking,cancel,False,normal,False,,False,,hurried,grok_variation,seed_304
var_seed_304_3fe513,заболел не смогу к вам на завтрашний приём отмените мою запись,booking,cancel,False,normal,False,,False,,contextual,grok_variation,seed_304
var_seed_304_3b27a6,в командировку уезжаю срочно не приду на приём в пятницу снимите меня,booking,cancel,False,normal,False,,False,,contextual,grok_variation,seed_304
var_seed_304_d67c0f,не смогу прийти отмените запись,booking,cancel,False,normal,False,,False,,normal,grok_variation,seed_304
var_seed_306_27f08f,отмена записи,booking,cancel,False,normal,False,,False,,hurried,grok_variation,seed_306
var_seed_306_e0df0c,снимите запиь,booking,cancel,False,normal,False,,False,,hurried,grok_variation,seed_306
var_seed_306_b743fa,ребёнку 6 лет заболел не пойдём завтра отмените нашу запись,booking,cancel,False,normal,False,,False,,contextual,grok_variation,seed_306
var_seed_306_0c2a7f,сам плохо себя чувствую не смогу прийти снимите визит на вторник,booking,cancel,False,normal,False,,False,,contextual,grok_variation,seed_306
var_seed_306_47c60a,дочка боится врача решила не идти отмените запись на утро,booking,cancel,False,normal,False,,False,,contextual,grok_variation,seed_306
var_seed_306_92318c,прошу отменить запись,booking,cancel,False,normal,False,,False,,normal,grok_variation,seed_306
var_seed_306_427747,нужно снять приём,booking,cancel,False,normal,False,,False,,normal,grok_variation,seed_306
var_seed_307_864663,не приду,booking,cancel,False,normal,False,,False,,hurried,grok_variation,seed_307
var_seed_307_a8fe08,не смогу,booking,cancel,False,normal,False,,False,,hurried,grok_variation,seed_307
var_seed_307_9fa487,ребёнку плохо не придём завтра отмените нашу запись плиз,booking,cancel,False,normal,False,,False,,contextual,grok_variation,seed_307
var_seed_307_e03858,отмените запись на завтра пожалуйста,booking,cancel,False,normal,False,,False,,normal,grok_variation,seed_307
var_seed_307_7b6e62,не выйдет прийти извините,booking,cancel,False,normal,False,,False,,normal,grok_variation,seed_307
var_seed_308_e7effc,отмените срочно уезжаю,booking,cancel,False,normal,False,,False,,hurried,grok_variation,seed_308
var_seed_308_704919,ребёнок заболел не сможем завтра отмените запись нашу,booking,cancel,False,normal,False,,False,,contextual,grok_variation,seed_308
var_seed_308_12eb60,отмените запись на завтра,booking,cancel,False,normal,False,,False,,normal,grok_variation,seed_308
var_seed_309_9bf75c,отмена,booking,cancel,False,normal,False,,False,,hurried,grok_variation,seed_309
var_seed_309_e2ff79,отмените меня,booking,cancel,False,normal,False,,False,,hurried,grok_variation,seed_309
var_seed_309_530030,ребёнок температурит не придём завтра отмените запись,booking,cancel,False,normal,False,,False,,contextual,grok_variation,seed_309
var_seed_309_d29054,другая клиника ближе переносить не надо отмените мою,booking,cancel,False,normal,False,,False,,contextual,grok_variation,seed_309
var_seed_309_781451,хочу отменить запись,booking,cancel,False,normal,False,,False,,normal,grok_variation,seed_309
var_seed_310_ea81ee,отмените иду в др,booking,cancel,False,normal,False,,False,,hurried,grok_variation,seed_310
var_seed_310_d073c8,не иду к вам,booking,cancel,False,normal,False,,False,,hurried,grok_variation,seed_310
var_seed_310_a5f6eb,пойду к конкурентам,booking,cancel,False,normal,False,,False,,hurried,grok_variation,seed_310
var_seed_310_c89b20,отмените запись нашла дешевле в соседней клинике завтра не приду,booking,cancel,False,normal,False,,False,,contextual,grok_variation,seed_310
var_seed_310_691185,не смогу к вам прочитал отзывы плохие иду в другую отмените на пятницу,booking,cancel,False,normal,False,,False,,contextual,grok_variation,seed_310
var_seed_310_4952f5,ребенку нашли другого врача в поликлинике отмените нашу запись на вторник,booking,cancel,False,normal,False,,False,,contextual,grok_variation,seed_310
var_seed_310_927a91,муж сказал что в другой дешевле пойду туда отмените мою на среду,booking,cancel,False,normal,False,,False,,contextual,grok_variation,seed_310
var_seed_310_e037ef,отмените запись пойду в другую клинику,booking,cancel,False,normal,False,,False,,normal,grok_variation,seed_310
var_seed_310_3fbb7c,нужно отменить иду к конкурентам,booking,cancel,False,normal,False,,False,,normal,grok_variation,seed_310
var_seed_312_bef2c5,отмените запись,booking,cancel,False,normal,False,,False,,hurried,grok_variation,seed_312
var_seed_312_36a0c1,заболела не могу в пятницу прийти отмените мою запись пожалуйста,booking,cancel,False,normal,False,,False,,contextual,grok_variation,seed_312
var_seed_312_03957d,отмените мою запись на завтра,booking,cancel,False,normal,False,,False,,normal,grok_variation,seed_312
var_seed_313_4b92f2,снимите меня,booking,cancel,False,normal,False,,False,,hurried,grok_variation,seed_313
var_seed_313_472d55,заболел не успеваю на приём сегодня снимите запись пожалуйста,booking,cancel,False,normal,False,,False,,contextual,grok_variation,seed_313
var_seed_313_bcc128,дочка в садик не отдадут из за кашля снимите нас,booking,cancel,False,normal,False,,False,,contextual,grok_variation,seed_313
var_seed_313_89e16b,отмените запись на завтра,booking,cancel,False,normal,False,,False,,normal,grok_variation,seed_313
var_seed_313_bcc01f,пожалуйста отмените меня,booking,cancel,False,normal,False,,False,,normal,grok_variation,seed_313
var_seed_314_561dde,отмените обе зп,booking,cancel,False,normal,False,,False,,hurried,grok_variation,seed_314
var_seed_314_d0cac6,отмена двух,booking,cancel,False,normal,False,,False,,hurried,grok_variation,seed_314
var_seed_314_5b3aac,не приду оба раза,booking,cancel,False,normal,False,,False,,hurried,grok_variation,seed_314
var_seed_314_1441ef,заболела не успею на две записи отмените срочно,booking,cancel,False,normal,False,,False,,contextual,grok_variation,seed_314
var_seed_314_356b2d,уезжаю в командировку отмените обе мои записи на этой неделе,booking,cancel,False,normal,False,,False,,contextual,grok_variation,seed_314
var_seed_314_8a6e20,на работе аврал не смогу прийти два раза отмените пожалуйста,booking,cancel,False,normal,False,,False,,contextual,grok_variation,seed_314
var_seed_314_cba021,отмените две записи,booking,cancel,False,normal,False,,False,,normal,grok_variation,seed_314
var_seed_314_f94f69,нужно отменить два приёма,booking,cancel,False,normal,False,,False,,normal,grok_variation,seed_314
var_seed_315_fc438b,отмена,booking,cancel,False,normal,False,,False,,hurried,grok_variation,seed_315
var_seed_315_559ca4,отмените пж,booking,cancel,False,normal,False,,False,,hurried,grok_variation,seed_315
var_seed_315_5fdff7,заболела отмените запись на завтра не смогу дойти,booking,cancel,False,normal,False,,False,,contextual,grok_variation,seed_315
var_seed_315_459d5a,на работе завал передумал не надо отменяйте приём,booking,cancel,False,normal,False,,False,,contextual,grok_variation,seed_315
var_seed_315_90d528,ребёнок боится врача лучше отложим отмените на вечер,booking,cancel,False,normal,False,,False,,contextual,grok_variation,seed_315
var_seed_315_cc85fd,отмените запись пожалуйста,booking,cancel,False,normal,False,,False,,normal,grok_variation,seed_315
var_seed_316_a63810,чё за погода,unsupported,offtopic,False,normal,True,,False,,hurried,grok_variation,seed_316
var_seed_316_3eacb0,погода как,unsupported,offtopic,False,normal,True,,False,,hurried,grok_variation,seed_316
var_seed_316_23622f,дождь щас,unsupported,offtopic,False,normal,True,,False,,hurried,grok_variation,seed_316
var_seed_316_67ee0a,выхожу из дома а дождь хлещет зонтик забыл какая на часик вперёд,unsupported,offtopic,False,normal,True,,False,,contextual,grok_variation,seed_316
var_seed_316_9b4d77,ребёнку 6 лет спрашивает какая погода можно в парк после обеда сходить,unsupported,offtopic,False,normal,True,,False,,contextual,grok_variation,seed_316
var_seed_316_4796a2,на велике катался вчера солнце сегодня пасмурно чё за ерунда с погодой,unsupported,offtopic,False,normal,True,,False,,contextual,grok_variation,seed_316
var_seed_316_012d93,на работу бегу смотрю лужи везде прогноз какой на вечер дайте,unsupported,offtopic,False,normal,True,,False,,contextual,grok_variation,seed_316
var_seed_316_dbec55,подскажите погоду сегодня,unsupported,offtopic,False,normal,True,,False,,normal,grok_variation,seed_316
var_seed_316_b08fa7,какая сейчас погода в городе,unsupported,offtopic,False,normal,True,,False,,normal,grok_variation,seed_316
var_seed_316_fa2925,интересует прогноз на день,unsupported,offtopic,False,normal,True,,False,,normal,grok_variation,seed_316
var_seed_317_148601,анекдот давай,unsupported,offtopic,False,normal,True,,False,,hurried,grok_variation,seed_317
var_seed_317_6850c7,расскажи шутку,unsupported,offtopic,False,normal,True,,False,,hurried,grok_variation,seed_317
var_seed_317_abfa4e,шутку плз чот,unsupported,offtopic,False,normal,True,,False,,hurried,grok_variation,seed_317
var_seed_317_75ad27,сижу жду приёма у стоматолога скучно анекдот расскажи,unsupported,offtopic,False,normal,True,,False,,contextual,grok_variation,seed_317
var_seed_317_75a2f0,ребёнок в очереди капризничает давай анекдот чтоб развеселить,unsupported,offtopic,False,normal,True,,False,,contextual,grok_variation,seed_317
var_seed_317_945870,на перерыве в обед зашёл к вам в чат кинь анекдот смешной,unsupported,offtopic,False,normal,True,,False,,contextual,grok_variation,seed_317
var_seed_317_5781d4,другая клиника заставила ждать час а у вас анекдот давай пока,unsupported,offtopic,False,normal,True,,False,,contextual,grok_variation,seed_317
var_seed_317_ab78ca,можешь анекдот рассказать,unsupported,offtopic,False,normal,True,,False,,normal,grok_variation,seed_317
var_seed_317_6a1f97,есть шутка какая-нибудь,unsupported,offtopic,False,normal,True,,False,,normal,grok_variation,seed_317
var_seed_318_93957f,кто президиент,unsupported,offtopic,False,normal,True,,False,,hurried,grok_variation,seed_318
var_seed_318_7a2d9e,президент кто,unsupported,offtopic,False,normal,True,,False,,hurried,grok_variation,seed_318
var_seed_318_64dceb,сижу в очереди час уже кто президент россии чтобы не заскучать,unsupported,offtopic,False,normal,True,,False,,contextual,grok_variation,seed_318
var_seed_318_800849,ребёнку 6 лет задала вопрос кто президент а сама не знаю помогите,unsupported,offtopic,False,normal,True,,False,,contextual,grok_variation,seed_318
var_seed_318_d7bbb0,на работе коллега поспорил кто президент вспомнил вашу клинику спросил,unsupported,offtopic,False,normal,True,,False,,contextual,grok_variation,seed_318
var_seed_318_e6fdf9,вечером телевизор смотрел путаюсь кто нынче президент уточните,unsupported,offtopic,False,normal,True,,False,,contextual,grok_variation,seed_318
var_seed_318_f224a9,кто сейчас президент россии,unsupported,offtopic,False,normal,True,,False,,normal,grok_variation,seed_318
var_seed_318_0b31f3,подскажите кто президент,unsupported,offtopic,False,normal,True,,False,,normal,grok_variation,seed_318
var_seed_319_5fa4b4,пиццу закажи,unsupported,offtopic,False,normal,True,,False,,hurried,grok_variation,seed_319
var_seed_319_707eeb,пицу мне срочно,unsupported,offtopic,False,normal,True,,False,,hurried,grok_variation,seed_319
var_seed_319_4dbc0a,давай пиццу чот,unsupported,offtopic,False,normal,True,,False,,hurried,grok_variation,seed_319
var_seed_319_3e8e50,голодный после смены закажи пиццу с сыром доставь в клинику,unsupported,offtopic,False,normal,True,,False,,contextual,grok_variation,seed_319
var_seed_319_858887,дочке нравится пицца закажи маленькую пока ждём свою очередь,unsupported,offtopic,False,normal,True,,False,,contextual,grok_variation,seed_319
var_seed_319_f6aa52,вчера пробовал вашу пиццу мало закажи побольше пепперони,unsupported,offtopic,False,normal,True,,False,,contextual,grok_variation,seed_319
var_seed_319_d3d52c,друзья в гостях все хотят пиццу закажи разные начинки быстро,unsupported,offtopic,False,normal,True,,False,,contextual,grok_variation,seed_319
var_seed_319_32e639,закажи пиццу маргариту,unsupported,offtopic,False,normal,True,,False,,normal,grok_variation,seed_319
var_seed_319_d9d575,пиццу можно заказать,unsupported,offtopic,False,normal,True,,False,,normal,grok_variation,seed_319
var_seed_319_ebfcac,хочу пиццу доставь,unsupported,offtopic,False,normal,True,,False,,normal,grok_variation,seed_319
var_seed_320_ab37b7,переведи на англиский,unsupported,offtopic,False,normal,True,,False,,hurried,grok_variation,seed_320
var_seed_320_73f5f8,на англ текст чё,unsupported,offtopic,False,normal,True,,False,,hurried,grok_variation,seed_320
var_seed_320_03bdfa,переведи фразу англ,unsupported,offtopic,False,normal,True,,False,,hurried,grok_variation,seed_320
var_seed_320_5416b5,студент я сессия переведи доклад на английский дедлайн завтра горят нервы,unsupported,offtopic,False,normal,True,,False,,contextual,grok_variation,seed_320
var_seed_320_f83284,ребёнку 6 лет мультики на англ смотрит переведи ему диалог из сериала,unsupported,offtopic,False,normal,True,,False,,contextual,grok_variation,seed_320
var_seed_320_8a581d,на работе письмо боссу на енглийский срочно переведи абзац этот сам не тяну,unsupported,offtopic,False,normal,True,,False,,contextual,grok_variation,seed_320
var_seed_320_8f1711,подскажите перевод на английский,unsupported,offtopic,False,normal,True,,False,,normal,grok_variation,seed_320
var_seed_321_bfaf1e,чё как,unsupported,offtopic,False,normal,True,,False,,hurried,grok_variation,seed_321
var_seed_321_461dfe,как сам,unsupported,offtopic,False,normal,True,,False,,hurried,grok_variation,seed_321
var_seed_321_31ee83,привет как жизнь,unsupported,offtopic,False,normal,True,,False,,hurried,grok_variation,seed_321
var_seed_321_386cb6,сижу на работе в обеденный перерыв чот скучно как у вас дела сегодня,unsupported,offtopic,False,normal,True,,False,,contextual,grok_variation,seed_321
var_seed_321_d61524,дочка спит дома наконецто могу початить как настроение у команды клиники,unsupported,offtopic,False,normal,True,,False,,contextual,grok_variation,seed_321
var_seed_321_7b8a9a,едем в отпуск через час волнуюсь билеты купили как погода у вас там,unsupported,offtopic,False,normal,True,,False,,contextual,grok_variation,seed_321
var_seed_321_693cfe,смотрю сериал второй день не отрываясь как ваши выходные прошли,unsupported,offtopic,False,normal,True,,False,,contextual,grok_variation,seed_321
var_seed_321_693d3c,как настроение сегодня,unsupported,offtopic,False,normal,True,,False,,normal,grok_variation,seed_321
var_seed_321_00b388,расскажите как дела у вас,unsupported,offtopic,False,normal,True,,False,,normal,grok_variation,seed_321
var_seed_321_5df97c,всё ок как ваша погода,unsupported,offtopic,False,normal,True,,False,,normal,grok_variation,seed_321
var_seed_322_ad560e,напиш стишок,unsupported,offtopic,False,normal,True,,False,,hurried,grok_variation,seed_322
var_seed_322_797f67,стих давай,unsupported,offtopic,False,normal,True,,False,,hurried,grok_variation,seed_322
var_seed_322_06d6dd,сочини стих,unsupported,offtopic,False,normal,True,,False,,hurried,grok_variation,seed_322
var_seed_322_19acc2,сижу в очереди к врачу скучно напиши мне короткое стихотворение,unsupported,offtopic,False,normal,True,,False,,contextual,grok_variation,seed_322
var_seed_322_9f74bb,дочка уснула жду приёма время тянулки напишите стишок смешной,unsupported,offtopic,False,normal,True,,False,,contextual,grok_variation,seed_322
var_seed_322_89503b,на работе обед напиши стих чтобы настроение поднять,unsupported,offtopic,False,normal,True,,False,,contextual,grok_variation,seed_322
var_seed_322_a9910c,в автобусе еду к вам дождь моросит сочини стихотворение про погоду,unsupported,offtopic,False,normal,True,,False,,contextual,grok_variation,seed_322
var_seed_322_0cd585,напишите стихотворение пожалуйста,unsupported,offtopic,False,normal,True,,False,,normal,grok_variation,seed_322
var_seed_322_b4e891,можно стишок от вас,unsupported,offtopic,False,normal,True,,False,,normal,grok_variation,seed_322
var_seed_322_eb9582,хочу стих почитать,unsupported,offtopic,False,normal,True,,False,,normal,grok_variation,seed_322
var_seed_323_5157ab,апокалипсис когда чот,unsupported,offtopic,False,normal,True,,False,,hurried,grok_variation,seed_323
var_seed_323_e5d304,конец мира скока,unsupported,offtopic,False,normal,True,,False,,hurried,grok_variation,seed_323
var_seed_323_948bbe,чё конец света бро,unsupported,offtopic,False,normal,True,,False,,hurried,grok_variation,seed_323
var_seed_323_19b3a6,сижу в очереди скучно конец света когда чтоб не томиться,unsupported,offtopic,False,normal,True,,False,,contextual,grok_variation,seed_323
var_seed_323_95137a,ребенку в садике наплели про конец света правда скоро будет,unsupported,offtopic,False,normal,True,,False,,contextual,grok_variation,seed_323
var_seed_323_e7e597,вчера телек смотрел комета летит конец мира чот паника,unsupported,offtopic,False,normal,True,,False,,contextual,grok_variation,seed_323
var_seed_323_174209,на работе все шепчутся конец света из за политики когда начнется,unsupported,offtopic,False,normal,True,,False,,contextual,grok_variation,seed_323
var_seed_323_1a1a90,когда конец света интересно,unsupported,offtopic,False,normal,True,,False,,normal,grok_variation,seed_323
var_seed_323_e42a7c,а апокалипсис когда ждать,unsupported,offtopic,False,normal,True,,False,,normal,grok_variation,seed_323
var_seed_324_a328bf,ты живой чё,unsupported,offtopic,False,normal,True,,False,,hurried,grok_variation,seed_324
var_seed_324_99061b,бот или человек,unsupported,offtopic,False,normal,True,,False,,hurried,grok_variation,seed_324
var_seed_324_af2019,живой отвечай,unsupported,offtopic,False,normal,True,,False,,hurried,grok_variation,seed_324
var_seed_324_f13404,сижу жду уже полчаса ты живой или завис чот,unsupported,offtopic,False,normal,True,,False,,contextual,grok_variation,seed_324
var_seed_324_d53a5f,ребёнок уснул пишу ночью а ты молчишь живой ли там вообще,unsupported,offtopic,False,normal,True,,False,,contextual,grok_variation,seed_324
var_seed_324_8577aa,на работе тайком с телефона строчу ты живой отвечай быстрее,unsupported,offtopic,False,normal,True,,False,,contextual,grok_variation,seed_324
var_seed_324_790be5,вчера вечером писал не ответил сегодня тоже живой или нет,unsupported,offtopic,False,normal,True,,False,,contextual,grok_variation,seed_324
var_seed_324_7acd21,ты живой человек или программа какая,unsupported,offtopic,False,normal,True,,False,,normal,grok_variation,seed_324
var_seed_324_d3a683,живой ли отвечай пожалуйста,unsupported,offtopic,False,normal,True,,False,,normal,grok_variation,seed_324
var_seed_324_7c8755,ты там живой вообще,unsupported,offtopic,False,normal,True,,False,,normal,grok_variation,seed_324
var_seed_325_a63bf8,фильм посоветуй,unsupported,offtopic,False,normal,True,,False,,hurried,grok_variation,seed_325
var_seed_325_6264ff,кино чё хорошее,unsupported,offtopic,False,normal,True,,False,,hurried,grok_variation,seed_325
var_seed_325_d772ba,рекомендуй фим,unsupported,offtopic,False,normal,True,,False,,hurried,grok_variation,seed_325
var_seed_325_b79730,сижу в пробке вечером свободен посоветуй крутой фильм посмотреть дома,unsupported,offtopic,False,normal,True,,False,,contextual,grok_variation,seed_325
var_seed_325_4577b1,ребёнку 6 лет нужен мультик посоветуй что-то смешное и не страшное,unsupported,offtopic,False,normal,True,,False,,contextual,grok_variation,seed_325
var_seed_325_ca7e64,давно не ходил в кино посоветуй новинку лёгкую на вечер после работы,unsupported,offtopic,False,normal,True,,False,,contextual,grok_variation,seed_325
var_seed_325_41d1d1,другу на день рождения подарок фильм скачай посоветуй комедию свежую,unsupported,offtopic,False,normal,True,,False,,contextual,grok_variation,seed_325
var_seed_325_665c90,какой фильм посмотреть,unsupported,offtopic,False,normal,True,,False,,normal,grok_variation,seed_325
var_seed_326_1b1116,ты бот,unsupported,offtopic,False,normal,True,,False,,hurried,grok_variation,seed_326
var_seed_326_9cdafe,робот чё,unsupported,offtopic,False,normal,True,,False,,hurried,grok_variation,seed_326
var_seed_326_0781d7,ты машина,unsupported,offtopic,False,normal,True,,False,,hurried,grok_variation,seed_326
var_seed_326_479927,сижу в пробке пишу чат ты робот или живой отвечаешь так быстро,unsupported,offtopic,False,normal,True,,False,,contextual,grok_variation,seed_326
var_seed_326_1d43c1,дочка спит решил спросить ты тут бот сидишь или человек из клиники,unsupported,offtopic,False,normal,True,,False,,contextual,grok_variation,seed_326
var_seed_326_c01f07,на обеде скучно написал а ты робот наверное отвечаешь моментом,unsupported,offtopic,False,normal,True,,False,,contextual,grok_variation,seed_326
var_seed_326_92e1c9,вчера вечером писал сегодня проверяю ты чатбот или оператор живой,unsupported,offtopic,False,normal,True,,False,,contextual,grok_variation,seed_326
var_seed_326_41266d,ты искусственный интеллект,unsupported,offtopic,False,normal,True,,False,,normal,grok_variation,seed_326
var_seed_326_6f16bb,бот ты или человек,unsupported,offtopic,False,normal,True,,False,,normal,grok_variation,seed_326
var_seed_326_c6bc4f,робот отвечаешь быстро,unsupported,offtopic,False,normal,True,,False,,normal,grok_variation,seed_326
var_seed_330_f98f1d,где поесть рядом,unsupported,offtopic,False,normal,True,,False,,hurried,grok_variation,seed_330
var_seed_330_2d8a35,кафе чё есть,unsupported,offtopic,False,normal,True,,False,,hurried,grok_variation,seed_330
var_seed_330_7e3e8d,голодный где жрать,unsupported,offtopic,False,normal,True,,False,,hurried,grok_variation,seed_330
var_seed_330_7f0413,приехал к вам с утра а есть нечего где столовая или кафе поблизости,unsupported,offtopic,False,normal,True,,False,,contextual,grok_variation,seed_330
var_seed_330_1fdc43,ребёнок плачет хочет есть сижу в очереди подскажите где поесть рядом быстро,unsupported,offtopic,False,normal,True,,False,,contextual,grok_variation,seed_330
var_seed_330_fb5714,долго ехал до клиники проголодался можно где-то перекусить в пешей доступности,unsupported,offtopic,False,normal,True,,False,,contextual,grok_variation,seed_330
var_seed_330_925705,ждал приём полчаса теперь есть охота что посоветуете поесть около вас,unsupported,offtopic,False,normal,True,,False,,contextual,grok_variation,seed_330
var_seed_330_cfad06,где кафе рядом с клиникой,unsupported,offtopic,False,normal,True,,False,,normal,grok_variation,seed_330
var_seed_330_444e08,подскажите места поесть поблизости,unsupported,offtopic,False,normal,True,,False,,normal,grok_variation,seed_330
var_seed_330_d386ce,есть рестораны рядом,unsupported,offtopic,False,normal,True,,False,,normal,grok_variation,seed_330
var_seed_331_9a08a9,аптека рядом чот?,unsupported,offtopic,False,normal,True,,False,,hurried,grok_variation,seed_331
var_seed_331_a7e42c,пришел на прием а таблетки кончились аптека недалеко от вас какая,unsupported,offtopic,False,normal,True,,False,,contextual,grok_variation,seed_331
var_seed_331_af06de,с мамой в клинике сижу она лекарство забыла аптека поблизости подскажите,unsupported,offtopic,False,normal,True,,False,,contextual,grok_variation,seed_331
var_seed_331_4b1b26,заболел зуб ждал очереди а валерьянку надо срочно аптека рядом,unsupported,offtopic,False,normal,True,,False,,contextual,grok_variation,seed_331
var_seed_331_7bd85c,работаю неподалеку зашел к вам аптека где-то близко есть,unsupported,offtopic,False,normal,True,,False,,contextual,grok_variation,seed_331
var_seed_331_8c5a13,аптека поблизости от клиники есть,unsupported,offtopic,False,normal,True,,False,,normal,grok_variation,seed_331
var_seed_331_a9bf09,подскажите где аптека рядом,unsupported,offtopic,False,normal,True,,False,,normal,grok_variation,seed_331
var_seed_332_625f75,скока лет работаешь,unsupported,offtopic,False,normal,True,,False,,hurried,grok_variation,seed_332
var_seed_332_7c9de9,давно тут сидишь,unsupported,offtopic,False,normal,True,,False,,hurried,grok_variation,seed_332
var_seed_332_7e4d42,стаж у тебя чё,unsupported,offtopic,False,normal,True,,False,,hurried,grok_variation,seed_332
var_seed_332_93c824,сижу в очереди к врачу а ты сколько лет уже в чате клиники отвечаешь людям,unsupported,offtopic,False,normal,True,,False,,contextual,grok_variation,seed_332
var_seed_332_d99238,ребёнку чистили зубки вчера а ты сколько времени ботом тут работаешь интересно,unsupported,offtopic,False,normal,True,,False,,contextual,grok_variation,seed_332
var_seed_332_06b4d7,на работе скучно пишу вам сколько лет уже ваш чат существует отвечаете пациентам,unsupported,offtopic,False,normal,True,,False,,contextual,grok_variation,seed_332
var_seed_332_b358b9,раньше была другая клиника там бот стаж спрашивал а у вас сколько лет работаете,unsupported,offtopic,False,normal,True,,False,,contextual,grok_variation,seed_332
var_seed_332_efc3da,подскажите сколько лет стаж,unsupported,offtopic,False,normal,True,,False,,normal,grok_variation,seed_332
var_seed_332_4d67cd,сколько времени ты здесь работаешь,unsupported,offtopic,False,normal,True,,False,,normal,grok_variation,seed_332
var_seed_332_a81585,давно ли работаешь в чате,unsupported,offtopic,False,normal,True,,False,,normal,grok_variation,seed_332
var_seed_333_523c3e,зубик нарисуй,unsupported,offtopic,False,normal,True,,False,,hurried,grok_variation,seed_333
var_seed_333_2f7847,нарис зуб чот,unsupported,offtopic,False,normal,True,,False,,hurried,grok_variation,seed_333
var_seed_333_08c6e9,картинку зуба кинь,unsupported,offtopic,False,normal,True,,False,,hurried,grok_variation,seed_333
var_seed_333_a66086,сижу в очереди скучно нарисуй зубик смешной чтоб время прошло,unsupported,offtopic,False,normal,True,,False,,contextual,grok_variation,seed_333
var_seed_333_7915c7,ребёнку 6 лет зубы болят покажи нарисованный зуб красивый чтоб не боялся,unsupported,offtopic,False,normal,True,,False,,contextual,grok_variation,seed_333
var_seed_333_8fc11f,на работе перерыв нарисуй зуб с улыбкой для аватарки в чате,unsupported,offtopic,False,normal,True,,False,,contextual,grok_variation,seed_333
var_seed_333_0c6b73,вчера смотрел видео про зубы нарисуй такой здоровый зуб яркий,unsupported,offtopic,False,normal,True,,False,,contextual,grok_variation,seed_333
var_seed_333_1626b8,можешь нарисовать зуб,unsupported,offtopic,False,normal,True,,False,,normal,grok_variation,seed_333
var_seed_333_85c292,нарисуй картинку зубика,unsupported,offtopic,False,normal,True,,False,,normal,grok_variation,seed_333
var_seed_334_47c283,давай поиграем,unsupported,offtopic,False,normal,True,,False,,hurried,grok_variation,seed_334
var_seed_334_4304c8,в игру?,unsupported,offtopic,False,normal,True,,False,,hurried,grok_variation,seed_334
var_seed_334_7e4e13,сижу в очереди к стоматологу давай поиграем в ассоциации чтоб не скучно,unsupported,offtopic,False,normal,True,,False,,contextual,grok_variation,seed_334
var_seed_334_0c6649,дочка рядом плачет от страха поиграем с ней в угадайку пока ждём,unsupported,offtopic,False,normal,True,,False,,contextual,grok_variation,seed_334
var_seed_334_2b979a,на работе перерыв взял зашёл к вам чат поиграем в города быстро,unsupported,offtopic,False,normal,True,,False,,contextual,grok_variation,seed_334
var_seed_334_b2b081,бабушка рядом спит а мне скучно давай в слова поиграем,unsupported,offtopic,False,normal,True,,False,,contextual,grok_variation,seed_334
var_seed_334_776c76,поиграем в чём-нибудь?,unsupported,offtopic,False,normal,True,,False,,normal,grok_variation,seed_334
var_seed_334_1ae61e,давай поиграем пока жду,unsupported,offtopic,False,normal,True,,False,,normal,grok_variation,seed_334
var_seed_334_c624a1,хочешь поиграть?,unsupported,offtopic,False,normal,True,,False,,normal,grok_variation,seed_334
var_seed_349_761b4f,это стоматология,faq,clinic_info,False,normal,False,,False,,hurried,grok_variation,seed_349
var_seed_349_c6bd36,стоматология здесь?,faq,clinic_info,False,normal,False,,False,,hurried,grok_variation,seed_349
var_seed_349_c33c4a,вы стоматологи,faq,clinic_info,False,normal,False,,False,,hurried,grok_variation,seed_349
var_seed_349_fdd460,звонил по номеру попал в чат это стоматологическая клиника,faq,clinic_info,False,normal,False,,False,,contextual,grok_variation,seed_349
var_seed_349_fbbaa1,привет друг посоветовал номер это ваша стоматология или перепутал,faq,clinic_info,False,normal,False,,False,,contextual,grok_variation,seed_349
var_seed_349_73f0b8,нашёл в интернете ваш чат это стоматология правда,faq,clinic_info,False,normal,False,,False,,contextual,grok_variation,seed_349
var_seed_349_2441fc,ребёнок боится зубов попал сюда это стомат клиника,faq,clinic_info,False,normal,False,,False,,contextual,grok_variation,seed_349
var_seed_349_2c1cff,это чат стоматологии?,faq,clinic_info,False,normal,False,,False,,normal,grok_variation,seed_349
var_seed_349_b766c2,подтвердите это стоматологическая клиника,faq,clinic_info,False,normal,False,,False,,normal,grok_variation,seed_349
var_seed_349_613884,здрасьте вы стоматологи?,faq,clinic_info,False,normal,False,,False,,normal,grok_variation,seed_349
var_seed_396_0a2632,клиника отстой,unsupported,feedback,False,normal,False,,True,,hurried,grok_variation,seed_396
var_seed_396_70a4de,ужас полный,unsupported,feedback,False,normal,False,,True,,hurried,grok_variation,seed_396
var_seed_396_3e27b4,кошмар один,unsupported,feedback,False,normal,False,,True,,hurried,grok_variation,seed_396
var_seed_396_8f62dd,привела дочку вчера ждали час врач даже не улыбнулся ребёнок теперь боится зубов,unsupported,feedback,False,normal,False,,True,,contextual,grok_variation,seed_396
var_seed_396_5932fb,на работе срочно пошёл к вам потерял время врач опоздал и грубо всё сделал,unsupported,feedback,False,normal,False,,True,,contextual,grok_variation,seed_396
var_seed_396_7605fe,читала отзывы пришла а тут грязно инструменты не стерильные страшно стало,unsupported,feedback,False,normal,False,,True,,contextual,grok_variation,seed_396
var_seed_396_0f20c4,мужа водила пломбу поставили а она на следующий день выпала деньги на ветер,unsupported,feedback,False,normal,False,,True,,contextual,grok_variation,seed_396
var_seed_396_d69ecd,очень разочарован клиникой,unsupported,feedback,False,normal,False,,True,,normal,grok_variation,seed_396
var_seed_396_634a65,плохое обслуживание у вас,unsupported,feedback,False,normal,False,,True,,normal,grok_variation,seed_396
var_seed_396_6b37ba,не доволен приёмом был,unsupported,feedback,False,normal,False,,True,,normal,grok_variation,seed_396
var_seed_397_a29ec8,спс супер,unsupported,feedback,False,normal,False,,True,,hurried,grok_variation,seed_397
var_seed_397_ae1cf8,всё ок спс,unsupported,feedback,False,normal,False,,True,,hurried,grok_variation,seed_397
var_seed_397_ba2848,класс спасибо,unsupported,feedback,False,normal,False,,True,,hurried,grok_variation,seed_397
var_seed_397_d06b06,пришли вчера с сыном всё прошло на ура без капризов теперь улыбается,unsupported,feedback,False,normal,False,,True,,contextual,grok_variation,seed_397
var_seed_397_2a45d6,деловой визит сегодня быстро приняли всё чисто и вежливо вернусь,unsupported,feedback,False,normal,False,,True,,contextual,grok_variation,seed_397
var_seed_397_070716,бабушка хвалила вас после приёма спит спокойно спасибо за заботу,unsupported,feedback,False,normal,False,,True,,contextual,grok_variation,seed_397
var_seed_397_d0cc8b,на свадьбе сестры заметил разницу зубы блестят все отметили,unsupported,feedback,False,normal,False,,True,,contextual,grok_variation,seed_397
var_seed_397_e44fc0,всё отлично спасибо,unsupported,feedback,False,normal,False,,True,,normal,grok_variation,seed_397
var_seed_397_a7a5ea,спасибо большое,unsupported,feedback,False,normal,False,,True,,normal,grok_variation,seed_397
var_seed_397_1b7163,получилось хорошо,unsupported,feedback,False,normal,False,,True,,normal,grok_variation,seed_397
var_seed_398_3f4660,врач хам,unsupported,feedback,False,normal,False,,True,,hurried,grok_variation,seed_398
var_seed_398_24f9f2,стоматолог напортачил,unsupported,feedback,False,normal,False,,True,,hurried,grok_variation,seed_398
var_seed_398_4b1637,водила дочку к вашему врачу а он ей кричал и зуб криво запломбировал ребёнок теперь боится,unsupported,feedback,False,normal,False,,True,,contextual,grok_variation,seed_398
var_seed_398_10d837,вчера был у врача на удалении камня он меня не дослушал сразу полез сверлить больно было и неряшливо,unsupported,feedback,False,normal,False,,True,,contextual,grok_variation,seed_398
var_seed_398_d33a5c,пришёл срочно зуб чинить врач опоздал на полчаса и сделал всё на коленке теперь опять болит,unsupported,feedback,False,normal,False,,True,,contextual,grok_variation,seed_398
var_seed_398_73d58d,на работе был у вашего стоматолога он грубо обращался и пломбу поставил кривую чот стыдно,unsupported,feedback,False,normal,False,,True,,contextual,grok_variation,seed_398
var_seed_398_abb25a,не понравился врач,unsupported,feedback,False,normal,False,,True,,normal,grok_variation,seed_398
var_seed_398_f62f7c,жалоба на доктора,unsupported,feedback,False,normal,False,,True,,normal,grok_variation,seed_398
var_seed_399_9d3d3f,долго ждал очереди,unsupported,feedback,False,normal,False,,True,,hurried,grok_variation,seed_399
var_seed_399_b944ab,очередь адская,unsupported,feedback,False,normal,False,,True,,hurried,grok_variation,seed_399
var_seed_399_d1a2c6,ждал час зря,unsupported,feedback,False,normal,False,,True,,hurried,grok_variation,seed_399
var_seed_399_8fdc1c,пришел с сыном 6 лет ждал 50 минут ребенок уже ноет и плачет,unsupported,feedback,False,normal,False,,True,,contextual,grok_variation,seed_399
var_seed_399_e7b5af,на работе перерыв взял а тут очередь на полчаса опоздал из за вас,unsupported,feedback,False,normal,False,,True,,contextual,grok_variation,seed_399
var_seed_399_c00592,старик я ноги болят стою в очереди час жду когда позовут,unsupported,feedback,False,normal,False,,True,,contextual,grok_variation,seed_399
var_seed_399_876162,с работы после смены пришел усталая а очередь огромная сижу нервничаю,unsupported,feedback,False,normal,False,,True,,contextual,grok_variation,seed_399
var_seed_399_40f494,очередь большая ждать долго,unsupported,feedback,False,normal,False,,True,,normal,grok_variation,seed_399
var_seed_399_78f9f1,ждал в очереди минут 45,unsupported,feedback,False,normal,False,,True,,normal,grok_variation,seed_399
var_seed_399_4c0f74,неудобно долго ожидать,unsupported,feedback,False,normal,False,,True,,normal,grok_variation,seed_399
var_seed_400_8bc715,крутая клиника,unsupported,feedback,False,normal,False,,True,,hurried,grok_variation,seed_400
var_seed_400_bad81a,всем советую вас,unsupported,feedback,False,normal,False,,True,,hurried,grok_variation,seed_400
var_seed_400_7c4b9f,топ рекомендую,unsupported,feedback,False,normal,False,,True,,hurried,grok_variation,seed_400
var_seed_400_5e2ec9,дочке зуб лечили вчера без слёз теперь подругам мамам всем скажу про вас,unsupported,feedback,False,normal,False,,True,,contextual,grok_variation,seed_400
var_seed_400_3b1cb5,был на чистке камень сняли зубы как новые соседям расскажу иди к ним,unsupported,feedback,False,normal,False,,True,,contextual,grok_variation,seed_400
var_seed_400_90eede,боялась пломбу ставить читала хоррор но врач супер теперь всем хвалю вашу клинику,unsupported,feedback,False,normal,False,,True,,contextual,grok_variation,seed_400
var_seed_400_d2f35a,давно хотел камень убрать сходил всё быстро и без боли друзьям посоветую,unsupported,feedback,False,normal,False,,True,,contextual,grok_variation,seed_400
var_seed_400_f06764,хорошая клиника всем нравиться,unsupported,feedback,False,normal,False,,True,,normal,grok_variation,seed_400
var_seed_400_c1beb7,доволен посоветую знакомым,unsupported,feedback,False,normal,False,,True,,normal,grok_variation,seed_400
var_seed_400_2b60dc,отлично поработали рекомендую,unsupported,feedback,False,normal,False,,True,,normal,grok_variation,seed_400
var_seed_401_174ca6,сервис отстой,unsupported,feedback,False,normal,False,,True,,hurried,grok_variation,seed_401
var_seed_401_8dbbe0,ужас какой сервис,unsupported,feedback,False,normal,False,,True,,hurried,grok_variation,seed_401
var_seed_401_699aae,фигня полная,unsupported,feedback,False,normal,False,,True,,hurried,grok_variation,seed_401
var_seed_401_78430f,вчера ждал полтора часа в очереди а меня даже не позвали,unsupported,feedback,False,normal,False,,True,,contextual,grok_variation,seed_401
var_seed_401_f3a192,ребёнку 6 лет пришлось час просидеть пока врач не вышел плакал весь,unsupported,feedback,False,normal,False,,True,,contextual,grok_variation,seed_401
var_seed_401_d0a9d0,на работе срочно а тут очередь километровая и никто не предупредил,unsupported,feedback,False,normal,False,,True,,contextual,grok_variation,seed_401
var_seed_401_d7cd45,администратор хамила когда спросил про время сказал чтоб ждал молча,unsupported,feedback,False,normal,False,,True,,contextual,grok_variation,seed_401
var_seed_401_6e88a4,сервис плохой,unsupported,feedback,False,normal,False,,True,,normal,grok_variation,seed_401
var_seed_401_372f33,не устраивает обслуживание,unsupported,feedback,False,normal,False,,True,,normal,grok_variation,seed_401
var_seed_402_a3bec6,супер вылечили,unsupported,feedback,False,normal,False,,True,,hurried,grok_variation,seed_402
var_seed_402_d6f279,классно всё,unsupported,feedback,False,normal,False,,True,,hurried,grok_variation,seed_402
var_seed_402_05ce4c,была вчера ставили пломбу на жевательный зуб ни капли боли осталась довольна,unsupported,feedback,False,normal,False,,True,,contextual,grok_variation,seed_402
var_seed_402_15192d,ребёнку 6 лет чистили камень с зубов он даже не пикнул теперь улыбается во весь рот,unsupported,feedback,False,normal,False,,True,,contextual,grok_variation,seed_402
var_seed_402_3a7878,приходил мужу дырку в зубе заделали быстро на работе теперь жуёт нормально спасибо,unsupported,feedback,False,normal,False,,True,,contextual,grok_variation,seed_402
var_seed_402_29bcb1,давно боялась к стоматологу после старого опыта а тут вылечили передний зуб без нервов идеально,unsupported,feedback,False,normal,False,,True,,contextual,grok_variation,seed_402
var_seed_402_995717,лечение прошло отлично,unsupported,feedback,False,normal,False,,True,,normal,grok_variation,seed_402
var_seed_402_cb03f8,всё понравилось в клинике,unsupported,feedback,False,normal,False,,True,,normal,grok_variation,seed_402
var_seed_402_d59ea6,хороший результат получила,unsupported,feedback,False,normal,False,,True,,normal,grok_variation,seed_402
var_seed_403_8d8767,врач нахамил,unsupported,feedback,False,normal,False,,True,,hurried,grok_variation,seed_403
var_seed_403_f4ca39,грубый доктор,unsupported,feedback,False,normal,False,,True,,hurried,grok_variation,seed_403
var_seed_403_2e6484,пришел вчера на прием а врач грубо разговаривал не дослушал даже,unsupported,feedback,False,normal,False,,True,,contextual,grok_variation,seed_403
var_seed_403_8929e1,дочке 6 лет делали осмотр врач был грубый ребенок теперь боится,unsupported,feedback,False,normal,False,,True,,contextual,grok_variation,seed_403
var_seed_403_cd4ef2,мужу ставили пломбу доктор весь время грубил настроение испортил,unsupported,feedback,False,normal,False,,True,,contextual,grok_variation,seed_403
var_seed_403_abb0e5,на работе рекомендовали вас а врач нагрубил больше не приду,unsupported,feedback,False,normal,False,,True,,contextual,grok_variation,seed_403
var_seed_403_1acc50,врач вел себя некультурно,unsupported,feedback,False,normal,False,,True,,normal,grok_variation,seed_403
var_seed_403_380f26,доктор был невежлив на приеме,unsupported,feedback,False,normal,False,,True,,normal,grok_variation,seed_403
var_seed_404_77f15b,топ клиника,unsupported,feedback,False,normal,False,,True,,hurried,grok_variation,seed_404
var_seed_404_ffca80,вы лучшие,unsupported,feedback,False,normal,False,,True,,hurried,grok_variation,seed_404
var_seed_404_e4da71,супер у вас,unsupported,feedback,False,normal,False,,True,,hurried,grok_variation,seed_404
var_seed_404_f2e663,был вчера все на высоте персонал внимательный вернусь еще,unsupported,feedback,False,normal,False,,True,,contextual,grok_variation,seed_404
var_seed_404_70f16b,с дочкой ходили пломбу ставили без капризов рекомендую всем мамам,unsupported,feedback,False,normal,False,,True,,contextual,grok_variation,seed_404
var_seed_404_39ac81,давно хотел похвалить у вас чисто уютно врачи профи спасибо,unsupported,feedback,False,normal,False,,True,,contextual,grok_variation,seed_404
var_seed_404_881efa,после визита к вам только положительные эмоции в городе лучше нет,unsupported,feedback,False,normal,False,,True,,contextual,grok_variation,seed_404
var_seed_404_67065a,отличная клиника в городе,unsupported,feedback,False,normal,False,,True,,normal,grok_variation,seed_404
var_seed_404_9dc718,ваша клиника лучшая спасибо,unsupported,feedback,False,normal,False,,True,,normal,grok_variation,seed_404
var_seed_405_36caee,не позвонили как обещали,unsupported,feedback,False,normal,False,,True,,hurried,grok_variation,seed_405
var_seed_405_b18baf,где звонок ваш,unsupported,feedback,False,normal,False,,True,,hurried,grok_variation,seed_405
var_seed_405_1d8ebd,вчера звонил просил перезвонить по времени а никто не вышел на связь жду уже день,unsupported,feedback,False,normal,False,,True,,contextual,grok_variation,seed_405
var_seed_405_89a7aa,на работе сказал перезвоните подтвердить время а до сих пор молчок потерял полдня,unsupported,feedback,False,normal,False,,True,,contextual,grok_variation,seed_405
var_seed_405_7e5011,пожилой я плохо слышу звонил уточнить а обещали перезвонить никто не позвонил обидно,unsupported,feedback,False,normal,False,,True,,contextual,grok_variation,seed_405
var_seed_405_1c8b0a,не перезвонили по договорённости,unsupported,feedback,False,normal,False,,True,,normal,grok_variation,seed_405
var_seed_405_c5a227,ожидал звонка но нет,unsupported,feedback,False,normal,False,,True,,normal,grok_variation,seed_405
var_seed_405_7cc4c6,сказали позвонят а не дозвонились,unsupported,feedback,False,normal,False,,True,,normal,grok_variation,seed_405
var_seed_407_2bd296,разочарование полное,unsupported,feedback,False,normal,False,,True,,hurried,grok_variation,seed_407
var_seed_407_438f29,облом полный,unsupported,feedback,False,normal,False,,True,,hurried,grok_variation,seed_407
var_seed_407_ae9b38,пришли вчера ждали полтора часа в итоге ничего не сделали,unsupported,feedback,False,normal,False,,True,,contextual,grok_variation,seed_407
var_seed_407_d30e20,дочке 6 лет поставили пломбу а она на следующий день выпала зря потратили время,unsupported,feedback,False,normal,False,,True,,contextual,grok_variation,seed_407
var_seed_407_bf6f25,заплатили кучу денег за чистку а зубы все равно желтые,unsupported,feedback,False,normal,False,,True,,contextual,grok_variation,seed_407
var_seed_407_2d16bd,врач грубо говорил и не объяснил толком что делал,unsupported,feedback,False,normal,False,,True,,contextual,grok_variation,seed_407
var_seed_407_fb75c4,очень разочарован вашей работой,unsupported,feedback,False,normal,False,,True,,normal,grok_variation,seed_407
var_seed_407_0a426d,не оправдали ожиданий,unsupported,feedback,False,normal,False,,True,,normal,grok_variation,seed_407
var_seed_407_bbe577,сервис на нуле,unsupported,feedback,False,normal,False,,True,,normal,grok_variation,seed_407
var_seed_408_eb9e44,админ грубит,unsupported,feedback,False,normal,False,,True,,hurried,grok_variation,seed_408
var_seed_408_12f2d5,хамит на ресепшене,unsupported,feedback,False,normal,False,,True,,hurried,grok_variation,seed_408
var_seed_408_1aeeb5,администраторша невоспитанная,unsupported,feedback,False,normal,False,,True,,hurried,grok_variation,seed_408
var_seed_408_7d5011,привела дочку на осмотр администратор накричала что опоздали на 5 мин кошмар,unsupported,feedback,False,normal,False,,True,,contextual,grok_variation,seed_408
var_seed_408_e191a4,на работе позвонил уточнить админ отрезала трубку хамит без причины,unsupported,feedback,False,normal,False,,True,,contextual,grok_variation,seed_408
var_seed_408_76467b,вчера был у вас администратор встретила как врага грубо ответила на вопрос,unsupported,feedback,False,normal,False,,True,,contextual,grok_variation,seed_408
var_seed_408_b0762e,администратор ведет себя некультурно,unsupported,feedback,False,normal,False,,True,,normal,grok_variation,seed_408
var_seed_408_0cfdea,не понравилось отношение администратора,unsupported,feedback,False,normal,False,,True,,normal,grok_variation,seed_408
var_seed_408_47d1be,грубость от администратора на входе,unsupported,feedback,False,normal,False,,True,,normal,grok_variation,seed_408
var_seed_409_6055fa,спасиб доктору зуб ок,unsupported,feedback,False,normal,False,,True,,hurried,grok_variation,seed_409
var_seed_409_c3d681,врач супер не ноет,unsupported,feedback,False,normal,False,,True,,hurried,grok_variation,seed_409
var_seed_409_c6dc84,спасибо не болит теперь,unsupported,feedback,False,normal,False,,True,,hurried,grok_variation,seed_409
var_seed_409_f4a2db,доктор вчера зуб подлатал сегодня ем яблоки без боли спасиб большое,unsupported,feedback,False,normal,False,,True,,contextual,grok_variation,seed_409
var_seed_409_b2cc4d,у дочки дырку залатали она радуется жует конфеты нормально благодарю,unsupported,feedback,False,normal,False,,True,,contextual,grok_variation,seed_409
var_seed_409_2c7778,на работе зуб ныл после приёма у вас тишина полная рекомендую всем,unsupported,feedback,False,normal,False,,True,,contextual,grok_variation,seed_409
var_seed_409_dc1401,давно мучился с зубом доктор всё поправил теперь сплю спокойно спасиб,unsupported,feedback,False,normal,False,,True,,contextual,grok_variation,seed_409
var_seed_409_59228d,благодарю врача зуб не беспокоит,unsupported,feedback,False,normal,False,,True,,normal,grok_variation,seed_409
var_seed_409_ba3225,доктор молодец проблема решена,unsupported,feedback,False,normal,False,,True,,normal,grok_variation,seed_409
var_seed_410_2d8f59,жалоба на врача,unsupported,feedback,False,normal,False,,True,,hurried,grok_variation,seed_410
var_seed_410_fba042,отстой полный,unsupported,feedback,False,normal,False,,True,,hurried,grok_variation,seed_410
var_seed_410_7b8cbe,ужас клиника,unsupported,feedback,False,normal,False,,True,,hurried,grok_variation,seed_410
var_seed_410_de8b81,пришел вчера на удаление зуба ждал два часа врач даже не извинился,unsupported,feedback,False,normal,False,,True,,contextual,grok_variation,seed_410
var_seed_410_550a6b,мне пенсионеру сделали пломбу она вывалилась через неделю на что трачу пенсию,unsupported,feedback,False,normal,False,,True,,contextual,grok_variation,seed_410
var_seed_410_3d313c,не понравился прием,unsupported,feedback,False,normal,False,,True,,normal,grok_variation,seed_410
var_seed_410_6d2c57,хочу недовольство высказать,unsupported,feedback,False,normal,False,,True,,normal,grok_variation,seed_410
var_seed_411_5e1cee,карту мою потеряли,unsupported,feedback,False,normal,False,,True,,hurried,grok_variation,seed_411
var_seed_411_342d7d,где моя карта чё,unsupported,feedback,False,normal,False,,True,,hurried,grok_variation,seed_411
var_seed_411_d0a482,пришёл сегодня а мою карту потеряли чё за фигня такая,unsupported,feedback,False,normal,False,,True,,contextual,grok_variation,seed_411
var_seed_411_a06369,был вчера с сыном на приёме а сегодня карту мою нигде не могут найти,unsupported,feedback,False,normal,False,,True,,contextual,grok_variation,seed_411
var_seed_411_b4003b,на работе карту оставил а теперь говорят потеряли уже неделю жду,unsupported,feedback,False,normal,False,,True,,contextual,grok_variation,seed_411
var_seed_411_ea9b31,вчера пломбу ставили карту сдали а сегодня её нет нигде,unsupported,feedback,False,normal,False,,True,,contextual,grok_variation,seed_411
var_seed_411_346437,мою карту потеряли,unsupported,feedback,False,normal,False,,True,,normal,grok_variation,seed_411
var_seed_411_119427,карта пропала у вас,unsupported,feedback,False,normal,False,,True,,normal,grok_variation,seed_411
var_seed_412_7adfea,супер врачи,unsupported,feedback,False,normal,False,,True,,hurried,grok_variation,seed_412
var_seed_412_e298ee,классные спецы,unsupported,feedback,False,normal,False,,True,,hurried,grok_variation,seed_412
var_seed_412_ff18bf,отличные стоматологи,unsupported,feedback,False,normal,False,,True,,hurried,grok_variation,seed_412
var_seed_412_20459c,был вчера лечили зуб без боли и быстро всем доволен спасибо,unsupported,feedback,False,normal,False,,True,,contextual,grok_variation,seed_412
var_seed_412_ffbfbd,привели дочку 6 лет первый раз боялись а врач молодец всё аккуратно сделал,unsupported,feedback,False,normal,False,,True,,contextual,grok_variation,seed_412
var_seed_412_ac96c9,на работе порекомендовали сходил вырвал зуб за 20 мин супер сервис,unsupported,feedback,False,normal,False,,True,,contextual,grok_variation,seed_412
var_seed_412_a79fda,давно хотел отбелить сходил результат огонь рекомендую всем,unsupported,feedback,False,normal,False,,True,,contextual,grok_variation,seed_412
var_seed_412_42942c,хорошие специалисты у вас,unsupported,feedback,False,normal,False,,True,,normal,grok_variation,seed_412
var_seed_412_043f68,врачи на высоте спасибо,unsupported,feedback,False,normal,False,,True,,normal,grok_variation,seed_412
var_seed_412_6ede7d,понравилось обслуживание,unsupported,feedback,False,normal,False,,True,,normal,grok_variation,seed_412
var_seed_413_cb109e,после вас хуже болит,anamnesis,complaint,False,normal,False,,True,,hurried,grok_variation,seed_413
var_seed_413_e8fd46,лечение ухудшило чот,anamnesis,complaint,False,normal,False,,True,,hurried,grok_variation,seed_413
var_seed_413_6e02f7,стало хуже после чистки,anamnesis,complaint,False,normal,False,,True,,hurried,grok_variation,seed_413
var_seed_413_15a062,ребёнку пломбу поставили вчера а сегодня дырка ноет сильнее плачет помагите,anamnesis,complaint,False,normal,False,,True,,contextual,grok_variation,seed_413
var_seed_413_e9b291,у вас камень счистили а теперь зубы стреляют от холодного раньше не было,anamnesis,complaint,False,normal,False,,True,,contextual,grok_variation,seed_413
var_seed_413_48df2e,сходил на чистку в пятницу десны кровят и болят на работе неудобно,anamnesis,complaint,False,normal,False,,True,,contextual,grok_variation,seed_413
var_seed_413_f306f8,после пломбы зуб раздуло и ноет читала в инете может нерв погибнуть страшно,anamnesis,complaint,False,normal,False,,True,,contextual,grok_variation,seed_413
var_seed_413_717e87,после приёма зуб ноет сильнее,anamnesis,complaint,False,normal,False,,True,,normal,grok_variation,seed_413
var_seed_413_004b73,состояние хуже после лечения,anamnesis,complaint,False,normal,False,,True,,normal,grok_variation,seed_413
var_seed_413_6de7f0,пломба не помогла болит как раньше,anamnesis,complaint,False,normal,False,,True,,normal,grok_variation,seed_413
var_seed_414_378b6e,уютно у вас,unsupported,feedback,False,normal,False,,True,,hurried,grok_variation,seed_414
var_seed_414_53367a,приятно сижу,unsupported,feedback,False,normal,False,,True,,hurried,grok_variation,seed_414
var_seed_414_2964b4,привела сына зубки глянуть ребенку понравилось все такое теплое не боялся,unsupported,feedback,False,normal,False,,True,,contextual,grok_variation,seed_414
var_seed_414_2e3c78,зашел вчера пломбу чинили чисто уютно музыка тихая персонал улыбнулся прям расслабился,unsupported,feedback,False,normal,False,,True,,contextual,grok_variation,seed_414
var_seed_414_de2dff,впервые попал такая милота везде цветочки свет мягкий сидишь как дома ждешь,unsupported,feedback,False,normal,False,,True,,contextual,grok_variation,seed_414
var_seed_414_960d67,на обеде заскочил камень снимали атмосфера супер не шумно все спокойно круто,unsupported,feedback,False,normal,False,,True,,contextual,grok_variation,seed_414
var_seed_414_5a28d9,клиника классная,unsupported,feedback,False,normal,False,,True,,normal,grok_variation,seed_414
var_seed_414_51630a,все уютно чисто,unsupported,feedback,False,normal,False,,True,,normal,grok_variation,seed_414
var_seed_414_20e939,нравится у вас атмосфера,unsupported,feedback,False,normal,False,,True,,normal,grok_variation,seed_414
